experiment,variant,controller_mode,mpc_model,nn_model,terrain,path,speed_mps,bumpiness,seed,run_dir,status,rc,wall_s,sim_s,rt_factor,diag_csv,collision_csv,shield_csv,n_samples,rms_cte_m,max_abs_cte_m,mean_abs_cte_m,mean_speed_mps,p95_speed_mps,speed_ratio,mean_solve_ms,p99_solve_ms,progress_m,final_x_m,final_y_m,collisions,collision_source,near_misses,min_clearance_m,intervention_rate_pct,filter_solve_ms,mean_abs_dsteer,mean_abs_dthrottle,notes,extra_sim_diag_csv,extra_controller_tire_force_truth_rows
mpc_tire_model_sweep,pacejka_oracle,standard,pacejka-oracle,tire_force_static,clay,sinusoidal,5.0,0,100,/home/ksha/Documents/sbel/offroad-control/benchmarking/results/mpc_tire_model_sweep_calibrated_20260828_002629/raw/0000_pacejka_oracle_clay_sinusoidal_v5_b0_s100,ok,0,19.131932735443115,15.0,0.99,/home/ksha/Documents/sbel/offroad-control/benchmarking/results/mpc_tire_model_sweep_calibrated_20260828_002629/raw/0000_pacejka_oracle_clay_sinusoidal_v5_b0_s100/20260828_002630_344812_clay_sinusoidal_acados_pacejka-oracle/diag_clay_sinusoidal_acados_pacejka-oracle.csv,,,1248,0.12367610537900348,0.504544,0.09444574238227146,3.534619944598338,5.161699999999999,0.7069239889196676,2.457900641025641,3.7053,123.29938779046313,47.314931,1.491183,0,chrono_body_contact,0,,,,,,,,0
mpc_tire_model_sweep,pacejka_oracle,standard,pacejka-oracle,tire_force_static,clay,sinusoidal,5.0,0,101,/home/ksha/Documents/sbel/offroad-control/benchmarking/results/mpc_tire_model_sweep_calibrated_20260828_002629/raw/0001_pacejka_oracle_clay_sinusoidal_v5_b0_s101,ok,0,19.167044639587402,15.0,0.99,/home/ksha/Documents/sbel/offroad-control/benchmarking/results/mpc_tire_model_sweep_calibrated_20260828_002629/raw/0001_pacejka_oracle_clay_sinusoidal_v5_b0_s101/20260828_002649_487772_clay_sinusoidal_acados_pacejka-oracle/diag_clay_sinusoidal_acados_pacejka-oracle.csv,,,1247,0.11942945375699181,0.534123,0.09118149861495844,3.5012171745152356,5.1394,0.7002434349030471,2.5035445068163593,3.53,118.87511200760225,47.035965,1.669681,0,chrono_body_contact,0,,,,,,,,0
mpc_tire_model_sweep,pacejka_oracle,standard,pacejka-oracle,tire_force_static,clay,sinusoidal,5.0,0,102,/home/ksha/Documents/sbel/offroad-control/benchmarking/results/mpc_tire_model_sweep_calibrated_20260828_002629/raw/0002_pacejka_oracle_clay_sinusoidal_v5_b0_s102,ok,0,19.16015386581421,15.0,0.99,/home/ksha/Documents/sbel/offroad-control/benchmarking/results/mpc_tire_model_sweep_calibrated_20260828_002629/raw/0002_pacejka_oracle_clay_sinusoidal_v5_b0_s102/20260828_002708_676184_clay_sinusoidal_acados_pacejka-oracle/diag_clay_sinusoidal_acados_pacejka-oracle.csv,,,1248,0.15841720793758948,0.644045,0.1126495650969529,3.6734409972299176,5.17753,0.7346881994459835,2.5206089743589746,3.73,124.89887858341291,49.093496,0.985201,0,chrono_body_contact,0,,,,,,,,0
mpc_tire_model_sweep,pacejka_oracle,standard,pacejka-oracle,tire_force_static,clay,sinusoidal,5.0,0,103,/home/ksha/Documents/sbel/offroad-control/benchmarking/results/mpc_tire_model_sweep_calibrated_20260828_002629/raw/0003_pacejka_oracle_clay_sinusoidal_v5_b0_s103,ok,0,19.169541835784912,15.0,0.99,/home/ksha/Documents/sbel/offroad-control/benchmarking/results/mpc_tire_model_sweep_calibrated_20260828_002629/raw/0003_pacejka_oracle_clay_sinusoidal_v5_b0_s103/20260828_002727_875816_clay_sinusoidal_acados_pacejka-oracle/diag_clay_sinusoidal_acados_pacejka-oracle.csv,,,1248,0.12525416616186455,0.5294,0.09347943951985227,3.5485755309325944,5.176749999999999,0.7097151061865189,2.5719551282051283,3.6853,122.44759038491723,47.454144,1.520221,0,chrono_body_contact,0,,,,,,,,0
mpc_tire_model_sweep,pacejka_oracle,standard,pacejka-oracle,tire_force_static,clay,sinusoidal,5.0,0,104,/home/ksha/Documents/sbel/offroad-control/benchmarking/results/mpc_tire_model_sweep_calibrated_20260828_002629/raw/0004_pacejka_oracle_clay_sinusoidal_v5_b0_s104,ok,0,19.17677593231201,15.0,0.99,/home/ksha/Documents/sbel/offroad-control/benchmarking/results/mpc_tire_model_sweep_calibrated_20260828_002629/raw/0004_pacejka_oracle_clay_sinusoidal_v5_b0_s104/20260828_002747_040763_clay_sinusoidal_acados_pacejka-oracle/diag_clay_sinusoidal_acados_pacejka-oracle.csv,,,1248,0.1520758615298502,0.654206,0.11159039519852261,3.6151059095106186,5.1973199999999995,0.7230211819021237,2.5101923076923076,3.8970999999999982,123.2424854475851,48.418931,1.197979,0,chrono_body_contact,0,,,,,,,,0
mpc_tire_model_sweep,pacejka_oracle,standard,pacejka-oracle,tire_force_static,clay,sinusoidal,5.0,4,100,/home/ksha/Documents/sbel/offroad-control/benchmarking/results/mpc_tire_model_sweep_calibrated_20260828_002629/raw/0005_pacejka_oracle_clay_sinusoidal_v5_b4_s100,ok,0,19.417612075805664,15.0,0.99,/home/ksha/Documents/sbel/offroad-control/benchmarking/results/mpc_tire_model_sweep_calibrated_20260828_002629/raw/0005_pacejka_oracle_clay_sinusoidal_v5_b4_s100/20260828_002806_251712_clay_sinusoidal_acados_pacejka-oracle/diag_clay_sinusoidal_acados_pacejka-oracle.csv,,,1248,0.14069901371831486,0.524665,0.1085098624192059,3.5763970452446907,5.11391,0.7152794090489382,2.499591346153846,3.71,123.5397044075299,47.860483,1.296456,0,chrono_body_contact,0,,,,,,,,0
mpc_tire_model_sweep,pacejka_oracle,standard,pacejka-oracle,tire_force_static,clay,sinusoidal,5.0,4,101,/home/ksha/Documents/sbel/offroad-control/benchmarking/results/mpc_tire_model_sweep_calibrated_20260828_002629/raw/0006_pacejka_oracle_clay_sinusoidal_v5_b4_s101,ok,0,19.358970165252686,15.0,0.99,/home/ksha/Documents/sbel/offroad-control/benchmarking/results/mpc_tire_model_sweep_calibrated_20260828_002629/raw/0006_pacejka_oracle_clay_sinusoidal_v5_b4_s101/20260828_002825_682749_clay_sinusoidal_acados_pacejka-oracle/diag_clay_sinusoidal_acados_pacejka-oracle.csv,,,1247,0.1512266061643336,0.643276,0.11216837396121884,3.5999750692520776,5.137099999999999,0.7199950138504155,2.9359582999198075,4.6,119.33680609934427,48.331826,1.287692,0,chrono_body_contact,0,,,,,,,,0
mpc_tire_model_sweep,pacejka_oracle,standard,pacejka-oracle,tire_force_static,clay,sinusoidal,5.0,4,102,/home/ksha/Documents/sbel/offroad-control/benchmarking/results/mpc_tire_model_sweep_calibrated_20260828_002629/raw/0007_pacejka_oracle_clay_sinusoidal_v5_b4_s102,ok,0,19.377203941345215,15.0,0.99,/home/ksha/Documents/sbel/offroad-control/benchmarking/results/mpc_tire_model_sweep_calibrated_20260828_002629/raw/0007_pacejka_oracle_clay_sinusoidal_v5_b4_s102/20260828_002845_054041_clay_sinusoidal_acados_pacejka-oracle/diag_clay_sinusoidal_acados_pacejka-oracle.csv,,,1248,0.15291211409907754,0.678483,0.11457961403508772,3.5839291782086797,5.14786,0.7167858356417359,2.538573717948718,3.6252999999999997,124.58649626802062,47.97085,1.430907,0,chrono_body_contact,0,,,,,,,,0
mpc_tire_model_sweep,pacejka_oracle,standard,pacejka-oracle,tire_force_static,clay,sinusoidal,5.0,4,103,/home/ksha/Documents/sbel/offroad-control/benchmarking/results/mpc_tire_model_sweep_calibrated_20260828_002629/raw/0008_pacejka_oracle_clay_sinusoidal_v5_b4_s103,ok,0,19.40569019317627,15.0,0.99,/home/ksha/Documents/sbel/offroad-control/benchmarking/results/mpc_tire_model_sweep_calibrated_20260828_002629/raw/0008_pacejka_oracle_clay_sinusoidal_v5_b4_s103/20260828_002904_447995_clay_sinusoidal_acados_pacejka-oracle/diag_clay_sinusoidal_acados_pacejka-oracle.csv,,,1248,0.14191897195360278,0.572731,0.10606648014773777,3.5960087719298244,5.09199,0.7192017543859649,2.488934294871795,3.67,122.61475681991757,48.195303,1.277223,0,chrono_body_contact,0,,,,,,,,0
mpc_tire_model_sweep,pacejka_oracle,standard,pacejka-oracle,tire_force_static,clay,sinusoidal,5.0,4,104,/home/ksha/Documents/sbel/offroad-control/benchmarking/results/mpc_tire_model_sweep_calibrated_20260828_002629/raw/0009_pacejka_oracle_clay_sinusoidal_v5_b4_s104,ok,0,19.35372495651245,15.0,0.99,/home/ksha/Documents/sbel/offroad-control/benchmarking/results/mpc_tire_model_sweep_calibrated_20260828_002629/raw/0009_pacejka_oracle_clay_sinusoidal_v5_b4_s104/20260828_002923_861076_clay_sinusoidal_acados_pacejka-oracle/diag_clay_sinusoidal_acados_pacejka-oracle.csv,,,1247,0.15030077370319903,0.636123,0.11173392613111728,3.595083471837489,5.16247,0.7190166943674978,2.5709943865276665,3.6754,123.03338784981122,48.198552,1.282955,0,chrono_body_contact,0,,,,,,,,0
mpc_tire_model_sweep,pacejka_oracle,standard,pacejka-oracle,tire_force_static,clay,sinusoidal,5.0,8,100,/home/ksha/Documents/sbel/offroad-control/benchmarking/results/mpc_tire_model_sweep_calibrated_20260828_002629/raw/0010_pacejka_oracle_clay_sinusoidal_v5_b8_s100,ok,0,19.467880964279175,15.0,0.99,/home/ksha/Documents/sbel/offroad-control/benchmarking/results/mpc_tire_model_sweep_calibrated_20260828_002629/raw/0010_pacejka_oracle_clay_sinusoidal_v5_b8_s100/20260828_002943_239528_clay_sinusoidal_acados_pacejka-oracle/diag_clay_sinusoidal_acados_pacejka-oracle.csv,,,1248,0.13357839523279777,0.43433,0.10233028254847645,3.3696639889196676,5.20353,0.6739327977839336,2.507147435897436,3.7,122.69302765718405,44.885946,1.873686,0,chrono_body_contact,0,,,,,,,,0
mpc_tire_model_sweep,pacejka_oracle,standard,pacejka-oracle,tire_force_static,clay,sinusoidal,5.0,8,101,/home/ksha/Documents/sbel/offroad-control/benchmarking/results/mpc_tire_model_sweep_calibrated_20260828_002629/raw/0011_pacejka_oracle_clay_sinusoidal_v5_b8_s101,ok,0,19.45725440979004,15.0,0.99,/home/ksha/Documents/sbel/offroad-control/benchmarking/results/mpc_tire_model_sweep_calibrated_20260828_002629/raw/0011_pacejka_oracle_clay_sinusoidal_v5_b8_s101/20260828_003002_728681_clay_sinusoidal_acados_pacejka-oracle/diag_clay_sinusoidal_acados_pacejka-oracle.csv,,,1248,0.13251731192103372,0.481611,0.10019563896583564,3.361726131117267,5.177899999999999,0.6723452262234534,2.449903846153846,3.58,118.31166066476354,44.97703,1.997338,0,chrono_body_contact,0,,,,,,,,0
mpc_tire_model_sweep,pacejka_oracle,standard,pacejka-oracle,tire_force_static,clay,sinusoidal,5.0,8,102,/home/ksha/Documents/sbel/offroad-control/benchmarking/results/mpc_tire_model_sweep_calibrated_20260828_002629/raw/0012_pacejka_oracle_clay_sinusoidal_v5_b8_s102,ok,0,19.45685076713562,15.0,0.99,/home/ksha/Documents/sbel/offroad-control/benchmarking/results/mpc_tire_model_sweep_calibrated_20260828_002629/raw/0012_pacejka_oracle_clay_sinusoidal_v5_b8_s102/20260828_003022_193955_clay_sinusoidal_acados_pacejka-oracle/diag_clay_sinusoidal_acados_pacejka-oracle.csv,,,1248,0.129656115060212,0.45624,0.09915887072945523,3.3779262234533705,5.254579999999999,0.675585244690674,2.485136217948718,3.5905999999999993,123.67455898082707,45.049247,1.976251,0,chrono_body_contact,0,,,,,,,,0
mpc_tire_model_sweep,pacejka_oracle,standard,pacejka-oracle,tire_force_static,clay,sinusoidal,5.0,8,103,/home/ksha/Documents/sbel/offroad-control/benchmarking/results/mpc_tire_model_sweep_calibrated_20260828_002629/raw/0013_pacejka_oracle_clay_sinusoidal_v5_b8_s103,ok,0,19.455023288726807,15.0,0.99,/home/ksha/Documents/sbel/offroad-control/benchmarking/results/mpc_tire_model_sweep_calibrated_20260828_002629/raw/0013_pacejka_oracle_clay_sinusoidal_v5_b8_s103/20260828_003041_669831_clay_sinusoidal_acados_pacejka-oracle/diag_clay_sinusoidal_acados_pacejka-oracle.csv,,,1248,0.14284727143801285,0.505462,0.10641423822714682,3.354843674976916,5.2278,0.6709687349953832,2.535072115384615,3.9,121.77281609632252,44.804603,2.014568,0,chrono_body_contact,0,,,,,,,,0
mpc_tire_model_sweep,pacejka_oracle,standard,pacejka-oracle,tire_force_static,clay,sinusoidal,5.0,8,104,/home/ksha/Documents/sbel/offroad-control/benchmarking/results/mpc_tire_model_sweep_calibrated_20260828_002629/raw/0014_pacejka_oracle_clay_sinusoidal_v5_b8_s104,ok,0,19.50968909263611,15.0,0.99,/home/ksha/Documents/sbel/offroad-control/benchmarking/results/mpc_tire_model_sweep_calibrated_20260828_002629/raw/0014_pacejka_oracle_clay_sinusoidal_v5_b8_s104/20260828_003101_153615_clay_sinusoidal_acados_pacejka-oracle/diag_clay_sinusoidal_acados_pacejka-oracle.csv,,,1248,0.13997764710406257,0.477027,0.10614700923361034,3.3397356417359187,5.26549,0.6679471283471837,2.563028846153846,3.87,122.04917679816208,44.618535,1.920443,0,chrono_body_contact,0,,,,,,,,0
mpc_tire_model_sweep,pacejka_oracle,standard,pacejka-oracle,tire_force_static,clay,sinusoidal,7.0,0,100,/home/ksha/Documents/sbel/offroad-control/benchmarking/results/mpc_tire_model_sweep_calibrated_20260828_002629/raw/0015_pacejka_oracle_clay_sinusoidal_v7_b0_s100,ok,0,19.165061712265015,15.0,0.99,/home/ksha/Documents/sbel/offroad-control/benchmarking/results/mpc_tire_model_sweep_calibrated_20260828_002629/raw/0015_pacejka_oracle_clay_sinusoidal_v7_b0_s100/20260828_003120_678464_clay_sinusoidal_acados_pacejka-oracle/diag_clay_sinusoidal_acados_pacejka-oracle.csv,,,1248,0.684480327174566,2.266589,0.37932859464450597,4.250607017543859,6.23353,0.607229573934837,3.278741987179487,6.144299999999991,127.64458161497848,56.406855,-0.260831,0,chrono_body_contact,0,,,,,,,,0
mpc_tire_model_sweep,pacejka_oracle,standard,pacejka-oracle,tire_force_static,clay,sinusoidal,7.0,0,101,/home/ksha/Documents/sbel/offroad-control/benchmarking/results/mpc_tire_model_sweep_calibrated_20260828_002629/raw/0016_pacejka_oracle_clay_sinusoidal_v7_b0_s101,ok,0,19.16868495941162,15.0,0.99,/home/ksha/Documents/sbel/offroad-control/benchmarking/results/mpc_tire_model_sweep_calibrated_20260828_002629/raw/0016_pacejka_oracle_clay_sinusoidal_v7_b0_s101/20260828_003139_858365_clay_sinusoidal_acados_pacejka-oracle/diag_clay_sinusoidal_acados_pacejka-oracle.csv,,,1248,0.6307998280519944,2.139259,0.3554744090489381,4.163263619575254,6.1165199999999995,0.5947519456536077,3.3504647435897437,8.125999999999994,123.07552902402574,55.39451,0.028318,0,chrono_body_contact,0,,,,,,,,0
mpc_tire_model_sweep,pacejka_oracle,standard,pacejka-oracle,tire_force_static,clay,sinusoidal,7.0,0,102,/home/ksha/Documents/sbel/offroad-control/benchmarking/results/mpc_tire_model_sweep_calibrated_20260828_002629/raw/0017_pacejka_oracle_clay_sinusoidal_v7_b0_s102,ok,0,19.173938512802124,15.0,0.99,/home/ksha/Documents/sbel/offroad-control/benchmarking/results/mpc_tire_model_sweep_calibrated_20260828_002629/raw/0017_pacejka_oracle_clay_sinusoidal_v7_b0_s102/20260828_003159_045120_clay_sinusoidal_acados_pacejka-oracle/diag_clay_sinusoidal_acados_pacejka-oracle.csv,,,1248,0.651040954271758,2.090386,0.3706768060941828,4.208717820867959,6.0660099999999995,0.601245402981137,3.3590785256410256,7.005299999999999,128.33725239083793,55.893186,-0.237186,0,chrono_body_contact,0,,,,,,,,0
mpc_tire_model_sweep,pacejka_oracle,standard,pacejka-oracle,tire_force_static,clay,sinusoidal,7.0,0,103,/home/ksha/Documents/sbel/offroad-control/benchmarking/results/mpc_tire_model_sweep_calibrated_20260828_002629/raw/0018_pacejka_oracle_clay_sinusoidal_v7_b0_s103,ok,0,19.170534372329712,15.0,0.99,/home/ksha/Documents/sbel/offroad-control/benchmarking/results/mpc_tire_model_sweep_calibrated_20260828_002629/raw/0018_pacejka_oracle_clay_sinusoidal_v7_b0_s103/20260828_003218_233075_clay_sinusoidal_acados_pacejka-oracle/diag_clay_sinusoidal_acados_pacejka-oracle.csv,,,1248,0.6322840702165416,2.128875,0.35293921975992604,4.180672114496768,6.18001,0.5972388734995383,4.0791025641025636,8.857799999999994,126.42138300857903,55.611993,-0.047299,0,chrono_body_contact,0,,,,,,,,0
mpc_tire_model_sweep,pacejka_oracle,standard,pacejka-oracle,tire_force_static,clay,sinusoidal,7.0,0,104,/home/ksha/Documents/sbel/offroad-control/benchmarking/results/mpc_tire_model_sweep_calibrated_20260828_002629/raw/0019_pacejka_oracle_clay_sinusoidal_v7_b0_s104,ok,0,19.17329239845276,15.0,0.99,/home/ksha/Documents/sbel/offroad-control/benchmarking/results/mpc_tire_model_sweep_calibrated_20260828_002629/raw/0019_pacejka_oracle_clay_sinusoidal_v7_b0_s104/20260828_003237_455047_clay_sinusoidal_acados_pacejka-oracle/diag_clay_sinusoidal_acados_pacejka-oracle.csv,,,1248,0.6318551103559713,2.231188,0.34349990397045244,4.1225132040627885,6.17364,0.5889304577232555,3.313966346153846,7.510699999999995,126.5939557955538,54.841107,0.278372,0,chrono_body_contact,0,,,,,,,,0
mpc_tire_model_sweep,pacejka_oracle,standard,pacejka-oracle,tire_force_static,clay,sinusoidal,7.0,4,100,/home/ksha/Documents/sbel/offroad-control/benchmarking/results/mpc_tire_model_sweep_calibrated_20260828_002629/raw/0020_pacejka_oracle_clay_sinusoidal_v7_b4_s100,ok,0,19.41432476043701,15.0,0.99,/home/ksha/Documents/sbel/offroad-control/benchmarking/results/mpc_tire_model_sweep_calibrated_20260828_002629/raw/0020_pacejka_oracle_clay_sinusoidal_v7_b4_s100/20260828_003256_640873_clay_sinusoidal_acados_pacejka-oracle/diag_clay_sinusoidal_acados_pacejka-oracle.csv,,,1247,0.6998957580622693,2.353,0.39427762326869803,4.1876567867036005,6.10365,0.5982366838148001,3.948476343223737,8.251399999999984,127.27527685287414,55.672679,-0.038015,0,chrono_body_contact,0,,,,,,,,0
mpc_tire_model_sweep,pacejka_oracle,standard,pacejka-oracle,tire_force_static,clay,sinusoidal,7.0,4,101,/home/ksha/Documents/sbel/offroad-control/benchmarking/results/mpc_tire_model_sweep_calibrated_20260828_002629/raw/0021_pacejka_oracle_clay_sinusoidal_v7_b4_s101,ok,0,19.422967672348022,15.0,0.99,/home/ksha/Documents/sbel/offroad-control/benchmarking/results/mpc_tire_model_sweep_calibrated_20260828_002629/raw/0021_pacejka_oracle_clay_sinusoidal_v7_b4_s101/20260828_003316_085823_clay_sinusoidal_acados_pacejka-oracle/diag_clay_sinusoidal_acados_pacejka-oracle.csv,,,1248,0.6372540553937251,2.07885,0.36622290858725765,4.199250600184672,6.099959999999999,0.5998929428835246,3.3357772435897437,7.019799999999982,123.25689216861707,55.967131,-0.204974,0,chrono_body_contact,0,,,,,,,,0
mpc_tire_model_sweep,pacejka_oracle,standard,pacejka-oracle,tire_force_static,clay,sinusoidal,7.0,4,102,/home/ksha/Documents/sbel/offroad-control/benchmarking/results/mpc_tire_model_sweep_calibrated_20260828_002629/raw/0022_pacejka_oracle_clay_sinusoidal_v7_b4_s102,ok,0,19.415610551834106,15.0,0.99,/home/ksha/Documents/sbel/offroad-control/benchmarking/results/mpc_tire_model_sweep_calibrated_20260828_002629/raw/0022_pacejka_oracle_clay_sinusoidal_v7_b4_s102/20260828_003335_501943_clay_sinusoidal_acados_pacejka-oracle/diag_clay_sinusoidal_acados_pacejka-oracle.csv,,,1248,0.6083687302940188,2.042567,0.3404209510618652,4.126430378578024,6.0103,0.5894900540825748,4.088685897435898,8.783599999999996,128.00024790656937,54.886928,0.085443,0,chrono_body_contact,0,,,,,,,,0
mpc_tire_model_sweep,pacejka_oracle,standard,pacejka-oracle,tire_force_static,clay,sinusoidal,7.0,4,103,/home/ksha/Documents/sbel/offroad-control/benchmarking/results/mpc_tire_model_sweep_calibrated_20260828_002629/raw/0023_pacejka_oracle_clay_sinusoidal_v7_b4_s103,ok,0,19.364685535430908,15.0,0.99,/home/ksha/Documents/sbel/offroad-control/benchmarking/results/mpc_tire_model_sweep_calibrated_20260828_002629/raw/0023_pacejka_oracle_clay_sinusoidal_v7_b4_s103/20260828_003354_940232_clay_sinusoidal_acados_pacejka-oracle/diag_clay_sinusoidal_acados_pacejka-oracle.csv,,,1248,0.5895882505616877,1.967128,0.34777236749769164,4.186706740535549,6.07871,0.5981009629336499,3.799807692307692,9.017799999999994,126.38104660275405,55.772825,-0.340032,0,chrono_body_contact,0,,,,,,,,0
mpc_tire_model_sweep,pacejka_oracle,standard,pacejka-oracle,tire_force_static,clay,sinusoidal,7.0,4,104,/home/ksha/Documents/sbel/offroad-control/benchmarking/results/mpc_tire_model_sweep_calibrated_20260828_002629/raw/0024_pacejka_oracle_clay_sinusoidal_v7_b4_s104,ok,0,19.35603141784668,15.0,0.99,/home/ksha/Documents/sbel/offroad-control/benchmarking/results/mpc_tire_model_sweep_calibrated_20260828_002629/raw/0024_pacejka_oracle_clay_sinusoidal_v7_b4_s104/20260828_003414_307386_clay_sinusoidal_acados_pacejka-oracle/diag_clay_sinusoidal_acados_pacejka-oracle.csv,,,1248,0.6466968680659098,2.144149,0.36732905447830105,4.180324469067405,6.055289999999999,0.5971892098667722,3.254775641025641,6.8894999999999955,126.80218458581294,55.637076,-0.183953,0,chrono_body_contact,0,,,,,,,,0
mpc_tire_model_sweep,pacejka_oracle,standard,pacejka-oracle,tire_force_static,clay,sinusoidal,7.0,8,100,/home/ksha/Documents/sbel/offroad-control/benchmarking/results/mpc_tire_model_sweep_calibrated_20260828_002629/raw/0025_pacejka_oracle_clay_sinusoidal_v7_b8_s100,ok,0,19.505972385406494,15.0,0.99,/home/ksha/Documents/sbel/offroad-control/benchmarking/results/mpc_tire_model_sweep_calibrated_20260828_002629/raw/0025_pacejka_oracle_clay_sinusoidal_v7_b8_s100/20260828_003433_688172_clay_sinusoidal_acados_pacejka-oracle/diag_clay_sinusoidal_acados_pacejka-oracle.csv,,,1248,0.4873526126973048,1.87093,0.301852379501385,3.8670255771006463,5.88584,0.5524322253000923,3.2092708333333335,5.572999999999997,125.63877920072653,51.5075,1.180915,0,chrono_body_contact,0,,,,,,,,0
mpc_tire_model_sweep,pacejka_oracle,standard,pacejka-oracle,tire_force_static,clay,sinusoidal,7.0,8,101,/home/ksha/Documents/sbel/offroad-control/benchmarking/results/mpc_tire_model_sweep_calibrated_20260828_002629/raw/0026_pacejka_oracle_clay_sinusoidal_v7_b8_s101,ok,0,19.50294804573059,15.0,0.99,/home/ksha/Documents/sbel/offroad-control/benchmarking/results/mpc_tire_model_sweep_calibrated_20260828_002629/raw/0026_pacejka_oracle_clay_sinusoidal_v7_b8_s101/20260828_003453_251161_clay_sinusoidal_acados_pacejka-oracle/diag_clay_sinusoidal_acados_pacejka-oracle.csv,,,1248,0.5321261506119523,2.167858,0.32912638873499545,3.895229639889197,6.05566,0.5564613771270281,3.2943349358974356,7.477099999999998,121.57708708533819,52.036285,1.354358,0,chrono_body_contact,0,,,,,,,,0
mpc_tire_model_sweep,pacejka_oracle,standard,pacejka-oracle,tire_force_static,clay,sinusoidal,7.0,8,102,/home/ksha/Documents/sbel/offroad-control/benchmarking/results/mpc_tire_model_sweep_calibrated_20260828_002629/raw/0027_pacejka_oracle_clay_sinusoidal_v7_b8_s102,ok,0,19.521628618240356,15.0,0.99,/home/ksha/Documents/sbel/offroad-control/benchmarking/results/mpc_tire_model_sweep_calibrated_20260828_002629/raw/0027_pacejka_oracle_clay_sinusoidal_v7_b8_s102/20260828_003512_731149_clay_sinusoidal_acados_pacejka-oracle/diag_clay_sinusoidal_acados_pacejka-oracle.csv,,,1248,0.5282114781974425,2.179953,0.316459730378578,3.896074792243767,6.06968,0.556582113177681,4.071971153846154,9.377699999999997,126.99351040888826,51.872257,1.417012,0,chrono_body_contact,0,,,,,,,,0
mpc_tire_model_sweep,pacejka_oracle,standard,pacejka-oracle,tire_force_static,clay,sinusoidal,7.0,8,103,/home/ksha/Documents/sbel/offroad-control/benchmarking/results/mpc_tire_model_sweep_calibrated_20260828_002629/raw/0028_pacejka_oracle_clay_sinusoidal_v7_b8_s103,ok,0,19.50848078727722,15.0,0.99,/home/ksha/Documents/sbel/offroad-control/benchmarking/results/mpc_tire_model_sweep_calibrated_20260828_002629/raw/0028_pacejka_oracle_clay_sinusoidal_v7_b8_s103/20260828_003532_275356_clay_sinusoidal_acados_pacejka-oracle/diag_clay_sinusoidal_acados_pacejka-oracle.csv,,,1248,0.5325794605150418,2.154749,0.3231961865189289,3.90779972299169,5.969599999999999,0.5582571032845272,3.3631650641025637,7.227699999999997,125.10143372096294,52.146965,1.246749,0,chrono_body_contact,0,,,,,,,,0
mpc_tire_model_sweep,pacejka_oracle,standard,pacejka-oracle,tire_force_static,clay,sinusoidal,7.0,8,104,/home/ksha/Documents/sbel/offroad-control/benchmarking/results/mpc_tire_model_sweep_calibrated_20260828_002629/raw/0029_pacejka_oracle_clay_sinusoidal_v7_b8_s104,ok,0,19.468610525131226,15.0,0.99,/home/ksha/Documents/sbel/offroad-control/benchmarking/results/mpc_tire_model_sweep_calibrated_20260828_002629/raw/0029_pacejka_oracle_clay_sinusoidal_v7_b8_s104/20260828_003551_794222_clay_sinusoidal_acados_pacejka-oracle/diag_clay_sinusoidal_acados_pacejka-oracle.csv,,,1248,0.5677846925429111,2.16165,0.34057901569713755,3.9547918744228996,6.02724,0.5649702677746999,3.170072115384615,5.5259999999999945,125.68492998372301,52.691308,1.07235,0,chrono_body_contact,0,,,,,,,,0
mpc_tire_model_sweep,pacejka_oracle,standard,pacejka-oracle,tire_force_static,clay,sinusoidal,9.0,0,100,/home/ksha/Documents/sbel/offroad-control/benchmarking/results/mpc_tire_model_sweep_calibrated_20260828_002629/raw/0030_pacejka_oracle_clay_sinusoidal_v9_b0_s100,ok,0,19.17093849182129,15.0,0.99,/home/ksha/Documents/sbel/offroad-control/benchmarking/results/mpc_tire_model_sweep_calibrated_20260828_002629/raw/0030_pacejka_oracle_clay_sinusoidal_v9_b0_s100/20260828_003611_292235_clay_sinusoidal_acados_pacejka-oracle/diag_clay_sinusoidal_acados_pacejka-oracle.csv,,,1248,0.7139947251330042,2.357236,0.40047272576177284,4.254891228070176,6.28019,0.47276569200779733,3.4077964743589746,8.472399999999997,127.75128601972607,56.477468,-0.212966,0,chrono_body_contact,0,,,,,,,,0
mpc_tire_model_sweep,pacejka_oracle,standard,pacejka-oracle,tire_force_static,clay,sinusoidal,9.0,0,101,/home/ksha/Documents/sbel/offroad-control/benchmarking/results/mpc_tire_model_sweep_calibrated_20260828_002629/raw/0031_pacejka_oracle_clay_sinusoidal_v9_b0_s101,ok,0,19.16577386856079,15.0,0.99,/home/ksha/Documents/sbel/offroad-control/benchmarking/results/mpc_tire_model_sweep_calibrated_20260828_002629/raw/0031_pacejka_oracle_clay_sinusoidal_v9_b0_s101/20260828_003630_480694_clay_sinusoidal_acados_pacejka-oracle/diag_clay_sinusoidal_acados_pacejka-oracle.csv,,,1248,0.752224338737098,2.392462,0.41034415050784856,4.269885226223454,6.2615799999999995,0.47443169180260597,3.3269150641025638,7.068999999999992,123.71939500276883,56.810252,-0.114326,0,chrono_body_contact,0,,,,,,,,0
mpc_tire_model_sweep,pacejka_oracle,standard,pacejka-oracle,tire_force_static,clay,sinusoidal,9.0,0,102,/home/ksha/Documents/sbel/offroad-control/benchmarking/results/mpc_tire_model_sweep_calibrated_20260828_002629/raw/0032_pacejka_oracle_clay_sinusoidal_v9_b0_s102,ok,0,19.180090188980103,15.0,0.99,/home/ksha/Documents/sbel/offroad-control/benchmarking/results/mpc_tire_model_sweep_calibrated_20260828_002629/raw/0032_pacejka_oracle_clay_sinusoidal_v9_b0_s102/20260828_003649_659606_clay_sinusoidal_acados_pacejka-oracle/diag_clay_sinusoidal_acados_pacejka-oracle.csv,,,1248,0.700844887462712,2.265427,0.3965851606648199,4.297701569713758,6.33959,0.477522396634862,3.452852564102564,6.91,129.091265726507,57.120272,-0.331918,0,chrono_body_contact,0,,,,,,,,0
mpc_tire_model_sweep,pacejka_oracle,standard,pacejka-oracle,tire_force_static,clay,sinusoidal,9.0,0,103,/home/ksha/Documents/sbel/offroad-control/benchmarking/results/mpc_tire_model_sweep_calibrated_20260828_002629/raw/0033_pacejka_oracle_clay_sinusoidal_v9_b0_s103,ok,0,19.163012981414795,15.0,0.99,/home/ksha/Documents/sbel/offroad-control/benchmarking/results/mpc_tire_model_sweep_calibrated_20260828_002629/raw/0033_pacejka_oracle_clay_sinusoidal_v9_b0_s103/20260828_003708_860956_clay_sinusoidal_acados_pacejka-oracle/diag_clay_sinusoidal_acados_pacejka-oracle.csv,,,1248,0.7066944483294958,2.324306,0.38749460757156046,4.25575189289012,6.22361,0.4728613214322356,3.3818269230769227,7.333099999999993,126.84690236627765,56.476622,-0.164811,0,chrono_body_contact,0,,,,,,,,0
mpc_tire_model_sweep,pacejka_oracle,standard,pacejka-oracle,tire_force_static,clay,sinusoidal,9.0,0,104,/home/ksha/Documents/sbel/offroad-control/benchmarking/results/mpc_tire_model_sweep_calibrated_20260828_002629/raw/0034_pacejka_oracle_clay_sinusoidal_v9_b0_s104,ok,0,19.16251540184021,15.0,0.99,/home/ksha/Documents/sbel/offroad-control/benchmarking/results/mpc_tire_model_sweep_calibrated_20260828_002629/raw/0034_pacejka_oracle_clay_sinusoidal_v9_b0_s104/20260828_003728_052345_clay_sinusoidal_acados_pacejka-oracle/diag_clay_sinusoidal_acados_pacejka-oracle.csv,,,1247,0.6762247907308341,2.248129,0.3731738965835642,4.176870267774699,6.1635,0.46409669641941104,3.5019887730553325,7.687399999999989,126.8566415458474,55.502295,0.062009,0,chrono_body_contact,0,,,,,,,,0
mpc_tire_model_sweep,pacejka_oracle,standard,pacejka-oracle,tire_force_static,clay,sinusoidal,9.0,4,100,/home/ksha/Documents/sbel/offroad-control/benchmarking/results/mpc_tire_model_sweep_calibrated_20260828_002629/raw/0035_pacejka_oracle_clay_sinusoidal_v9_b4_s100,ok,0,19.377686500549316,15.0,0.99,/home/ksha/Documents/sbel/offroad-control/benchmarking/results/mpc_tire_model_sweep_calibrated_20260828_002629/raw/0035_pacejka_oracle_clay_sinusoidal_v9_b4_s100/20260828_003747_221581_clay_sinusoidal_acados_pacejka-oracle/diag_clay_sinusoidal_acados_pacejka-oracle.csv,,,1247,0.7618301380133613,2.475854,0.434906025854109,4.3282765466297315,6.24886,0.4809196162921924,3.53121090617482,7.38,128.00495417813306,57.582185,-0.482741,0,chrono_body_contact,0,,,,,,,,0
mpc_tire_model_sweep,pacejka_oracle,standard,pacejka-oracle,tire_force_static,clay,sinusoidal,9.0,4,101,/home/ksha/Documents/sbel/offroad-control/benchmarking/results/mpc_tire_model_sweep_calibrated_20260828_002629/raw/0036_pacejka_oracle_clay_sinusoidal_v9_b4_s101,ok,0,19.363677978515625,15.0,0.99,/home/ksha/Documents/sbel/offroad-control/benchmarking/results/mpc_tire_model_sweep_calibrated_20260828_002629/raw/0036_pacejka_oracle_clay_sinusoidal_v9_b4_s101/20260828_003806_617877_clay_sinusoidal_acados_pacejka-oracle/diag_clay_sinusoidal_acados_pacejka-oracle.csv,,,1248,0.6609758324152023,2.112272,0.37569898430286247,4.273027977839335,6.4269099999999995,0.4747808864265928,3.275729166666667,6.903599999999996,123.81337851196892,57.010062,-0.385366,0,chrono_body_contact,0,,,,,,,,0
mpc_tire_model_sweep,pacejka_oracle,standard,pacejka-oracle,tire_force_static,clay,sinusoidal,9.0,4,102,/home/ksha/Documents/sbel/offroad-control/benchmarking/results/mpc_tire_model_sweep_calibrated_20260828_002629/raw/0037_pacejka_oracle_clay_sinusoidal_v9_b4_s102,ok,0,19.359172105789185,15.0,0.99,/home/ksha/Documents/sbel/offroad-control/benchmarking/results/mpc_tire_model_sweep_calibrated_20260828_002629/raw/0037_pacejka_oracle_clay_sinusoidal_v9_b4_s102/20260828_003826_000692_clay_sinusoidal_acados_pacejka-oracle/diag_clay_sinusoidal_acados_pacejka-oracle.csv,,,1247,0.762231214461674,2.450982,0.42468309048938135,4.258383748845798,6.28479,0.47315374987175535,3.4602405773857257,7.81,128.87191246923285,56.629531,0.007686,0,chrono_body_contact,0,,,,,,,,0
mpc_tire_model_sweep,pacejka_oracle,standard,pacejka-oracle,tire_force_static,clay,sinusoidal,9.0,4,103,/home/ksha/Documents/sbel/offroad-control/benchmarking/results/mpc_tire_model_sweep_calibrated_20260828_002629/raw/0038_pacejka_oracle_clay_sinusoidal_v9_b4_s103,ok,0,19.371272563934326,15.0,0.99,/home/ksha/Documents/sbel/offroad-control/benchmarking/results/mpc_tire_model_sweep_calibrated_20260828_002629/raw/0038_pacejka_oracle_clay_sinusoidal_v9_b4_s103/20260828_003845_383078_clay_sinusoidal_acados_pacejka-oracle/diag_clay_sinusoidal_acados_pacejka-oracle.csv,,,1248,0.7566772286796345,2.495711,0.4191161698984302,4.300665281625116,6.31924,0.4778516979583462,3.304599358974359,6.805299999999999,127.15625357364429,57.295902,-0.219063,0,chrono_body_contact,0,,,,,,,,0
mpc_tire_model_sweep,pacejka_oracle,standard,pacejka-oracle,tire_force_static,clay,sinusoidal,9.0,4,104,/home/ksha/Documents/sbel/offroad-control/benchmarking/results/mpc_tire_model_sweep_calibrated_20260828_002629/raw/0039_pacejka_oracle_clay_sinusoidal_v9_b4_s104,ok,0,19.358100652694702,15.0,0.99,/home/ksha/Documents/sbel/offroad-control/benchmarking/results/mpc_tire_model_sweep_calibrated_20260828_002629/raw/0039_pacejka_oracle_clay_sinusoidal_v9_b4_s104/20260828_003904_764739_clay_sinusoidal_acados_pacejka-oracle/diag_clay_sinusoidal_acados_pacejka-oracle.csv,,,1248,0.7413154698106504,2.440313,0.41747262788550327,4.2601528162511535,6.2465,0.47335031291679486,3.3012019230769227,6.152399999999998,127.40131820275818,56.719797,-0.196279,0,chrono_body_contact,0,,,,,,,,0
mpc_tire_model_sweep,pacejka_oracle,standard,pacejka-oracle,tire_force_static,clay,sinusoidal,9.0,8,100,/home/ksha/Documents/sbel/offroad-control/benchmarking/results/mpc_tire_model_sweep_calibrated_20260828_002629/raw/0040_pacejka_oracle_clay_sinusoidal_v9_b8_s100,ok,0,19.47543740272522,15.0,0.99,/home/ksha/Documents/sbel/offroad-control/benchmarking/results/mpc_tire_model_sweep_calibrated_20260828_002629/raw/0040_pacejka_oracle_clay_sinusoidal_v9_b8_s100/20260828_003924_140529_clay_sinusoidal_acados_pacejka-oracle/diag_clay_sinusoidal_acados_pacejka-oracle.csv,,,1248,0.5205642463525163,2.029849,0.31079771745152357,3.9544246537396126,6.10542,0.4393805170821792,3.1277323717948713,5.094799999999996,126.20325006970023,52.681723,0.935705,0,chrono_body_contact,0,,,,,,,,0
mpc_tire_model_sweep,pacejka_oracle,standard,pacejka-oracle,tire_force_static,clay,sinusoidal,9.0,8,101,/home/ksha/Documents/sbel/offroad-control/benchmarking/results/mpc_tire_model_sweep_calibrated_20260828_002629/raw/0041_pacejka_oracle_clay_sinusoidal_v9_b8_s101,ok,0,19.463528394699097,15.0,0.99,/home/ksha/Documents/sbel/offroad-control/benchmarking/results/mpc_tire_model_sweep_calibrated_20260828_002629/raw/0041_pacejka_oracle_clay_sinusoidal_v9_b8_s101/20260828_003943_638920_clay_sinusoidal_acados_pacejka-oracle/diag_clay_sinusoidal_acados_pacejka-oracle.csv,,,1248,0.6008892010924284,2.401299,0.3586013915050785,3.981050230840258,6.12806,0.4423389145378065,3.2139423076923075,6.110199999999963,122.1499392253026,53.185378,1.142699,0,chrono_body_contact,0,,,,,,,,0
mpc_tire_model_sweep,pacejka_oracle,standard,pacejka-oracle,tire_force_static,clay,sinusoidal,9.0,8,102,/home/ksha/Documents/sbel/offroad-control/benchmarking/results/mpc_tire_model_sweep_calibrated_20260828_002629/raw/0042_pacejka_oracle_clay_sinusoidal_v9_b8_s102,ok,0,19.47428607940674,15.0,0.99,/home/ksha/Documents/sbel/offroad-control/benchmarking/results/mpc_tire_model_sweep_calibrated_20260828_002629/raw/0042_pacejka_oracle_clay_sinusoidal_v9_b8_s102/20260828_004003_119040_clay_sinusoidal_acados_pacejka-oracle/diag_clay_sinusoidal_acados_pacejka-oracle.csv,,,1248,0.5967989429781674,2.26978,0.3513037211449676,4.06888624192059,6.23928,0.45209847132451003,3.931282051282051,9.020099999999996,127.91880216089584,54.213821,0.650371,0,chrono_body_contact,0,,,,,,,,0
mpc_tire_model_sweep,pacejka_oracle,standard,pacejka-oracle,tire_force_static,clay,sinusoidal,9.0,8,103,/home/ksha/Documents/sbel/offroad-control/benchmarking/results/mpc_tire_model_sweep_calibrated_20260828_002629/raw/0043_pacejka_oracle_clay_sinusoidal_v9_b8_s103,ok,0,19.481378078460693,15.0,0.99,/home/ksha/Documents/sbel/offroad-control/benchmarking/results/mpc_tire_model_sweep_calibrated_20260828_002629/raw/0043_pacejka_oracle_clay_sinusoidal_v9_b8_s103/20260828_004022_620509_clay_sinusoidal_acados_pacejka-oracle/diag_clay_sinusoidal_acados_pacejka-oracle.csv,,,1248,0.5712697376654821,2.2021,0.34450948568790396,3.9374002770083107,6.0543700000000005,0.43748891966759007,3.278958333333333,5.632399999999998,125.39314596927895,52.496219,1.195098,0,chrono_body_contact,0,,,,,,,,0
mpc_tire_model_sweep,pacejka_oracle,standard,pacejka-oracle,tire_force_static,clay,sinusoidal,9.0,8,104,/home/ksha/Documents/sbel/offroad-control/benchmarking/results/mpc_tire_model_sweep_calibrated_20260828_002629/raw/0044_pacejka_oracle_clay_sinusoidal_v9_b8_s104,ok,0,19.53096652030945,15.0,0.99,/home/ksha/Documents/sbel/offroad-control/benchmarking/results/mpc_tire_model_sweep_calibrated_20260828_002629/raw/0044_pacejka_oracle_clay_sinusoidal_v9_b8_s104/20260828_004042_116889_clay_sinusoidal_acados_pacejka-oracle/diag_clay_sinusoidal_acados_pacejka-oracle.csv,,,1248,0.5717208830555622,2.257273,0.3380640424746076,3.956737950138504,6.142769999999999,0.4396375500153893,3.2816105769230766,7.780599999999999,125.80284120302808,52.779787,1.123555,0,chrono_body_contact,0,,,,,,,,0
mpc_tire_model_sweep,pacejka_oracle,standard,pacejka-oracle,tire_force_static,clay,lane_change,5.0,0,100,/home/ksha/Documents/sbel/offroad-control/benchmarking/results/mpc_tire_model_sweep_calibrated_20260828_002629/raw/0045_pacejka_oracle_clay_lane_change_v5_b0_s100,ok,0,19.174649238586426,15.0,0.99,/home/ksha/Documents/sbel/offroad-control/benchmarking/results/mpc_tire_model_sweep_calibrated_20260828_002629/raw/0045_pacejka_oracle_clay_lane_change_v5_b0_s100/20260828_004101_669073_clay_lane_change_acados_pacejka-oracle/diag_clay_lane_change_acados_pacejka-oracle.csv,,,1248,0.07419762017366126,0.3037,0.05547543674976916,4.59067516158818,5.07846,0.918135032317636,1.658974358974359,2.885899999999999,127.87431630470326,63.163854,2.973307,0,chrono_body_contact,0,,,,,,,,0
mpc_tire_model_sweep,pacejka_oracle,standard,pacejka-oracle,tire_force_static,clay,lane_change,5.0,0,101,/home/ksha/Documents/sbel/offroad-control/benchmarking/results/mpc_tire_model_sweep_calibrated_20260828_002629/raw/0046_pacejka_oracle_clay_lane_change_v5_b0_s101,ok,0,19.17973279953003,15.0,0.99,/home/ksha/Documents/sbel/offroad-control/benchmarking/results/mpc_tire_model_sweep_calibrated_20260828_002629/raw/0046_pacejka_oracle_clay_lane_change_v5_b0_s101/20260828_004120_862386_clay_lane_change_acados_pacejka-oracle/diag_clay_lane_change_acados_pacejka-oracle.csv,,,1248,0.07491272103069366,0.296692,0.05703558541089566,4.6164055401662045,5.0779000000000005,0.9232811080332409,1.8809695512820515,2.91,123.84736990579876,63.70942,3.043961,0,chrono_body_contact,0,,,,,,,,0
mpc_tire_model_sweep,pacejka_oracle,standard,pacejka-oracle,tire_force_static,clay,lane_change,5.0,0,102,/home/ksha/Documents/sbel/offroad-control/benchmarking/results/mpc_tire_model_sweep_calibrated_20260828_002629/raw/0047_pacejka_oracle_clay_lane_change_v5_b0_s102,ok,0,19.134382009506226,15.0,0.99,/home/ksha/Documents/sbel/offroad-control/benchmarking/results/mpc_tire_model_sweep_calibrated_20260828_002629/raw/0047_pacejka_oracle_clay_lane_change_v5_b0_s102/20260828_004140_054810_clay_lane_change_acados_pacejka-oracle/diag_clay_lane_change_acados_pacejka-oracle.csv,,,1247,0.08358042461197814,0.3314,0.059904916897506925,4.629598984302863,5.07669,0.9259197968605726,1.7776904570970327,3.68,128.96047957379545,63.699337,3.071712,0,chrono_body_contact,0,,,,,,,,0
mpc_tire_model_sweep,pacejka_oracle,standard,pacejka-oracle,tire_force_static,clay,lane_change,5.0,0,103,/home/ksha/Documents/sbel/offroad-control/benchmarking/results/mpc_tire_model_sweep_calibrated_20260828_002629/raw/0048_pacejka_oracle_clay_lane_change_v5_b0_s103,ok,0,19.18270516395569,15.0,0.99,/home/ksha/Documents/sbel/offroad-control/benchmarking/results/mpc_tire_model_sweep_calibrated_20260828_002629/raw/0048_pacejka_oracle_clay_lane_change_v5_b0_s103/20260828_004159_211680_clay_lane_change_acados_pacejka-oracle/diag_clay_lane_change_acados_pacejka-oracle.csv,,,1248,0.07783769807963299,0.30143,0.057964770083102496,4.6203157894736835,5.01704,0.9240631578947367,1.6981971153846156,2.8664999999999985,127.26362149027072,63.653041,3.046449,0,chrono_body_contact,0,,,,,,,,0
mpc_tire_model_sweep,pacejka_oracle,standard,pacejka-oracle,tire_force_static,clay,lane_change,5.0,0,104,/home/ksha/Documents/sbel/offroad-control/benchmarking/results/mpc_tire_model_sweep_calibrated_20260828_002629/raw/0049_pacejka_oracle_clay_lane_change_v5_b0_s104,ok,0,19.18651270866394,15.0,0.99,/home/ksha/Documents/sbel/offroad-control/benchmarking/results/mpc_tire_model_sweep_calibrated_20260828_002629/raw/0049_pacejka_oracle_clay_lane_change_v5_b0_s104/20260828_004218_411045_clay_lane_change_acados_pacejka-oracle/diag_clay_lane_change_acados_pacejka-oracle.csv,,,1247,0.07053138516782155,0.292461,0.05343298799630655,4.637893444136657,5.10703,0.9275786888273314,1.7454611066559744,3.6954,127.78778141782533,63.886739,2.995183,0,chrono_body_contact,0,,,,,,,,0
mpc_tire_model_sweep,pacejka_oracle,standard,pacejka-oracle,tire_force_static,clay,lane_change,5.0,4,100,/home/ksha/Documents/sbel/offroad-control/benchmarking/results/mpc_tire_model_sweep_calibrated_20260828_002629/raw/0050_pacejka_oracle_clay_lane_change_v5_b4_s100,ok,0,19.379536628723145,15.0,0.99,/home/ksha/Documents/sbel/offroad-control/benchmarking/results/mpc_tire_model_sweep_calibrated_20260828_002629/raw/0050_pacejka_oracle_clay_lane_change_v5_b4_s100/20260828_004237_627143_clay_lane_change_acados_pacejka-oracle/diag_clay_lane_change_acados_pacejka-oracle.csv,,,1247,0.09823490313523459,0.415473,0.06618701015697137,4.567080424746076,5.03908,0.9134160849492152,1.7188692862870893,3.37,127.64672471972196,62.861485,2.972904,0,chrono_body_contact,0,,,,,,,,0
mpc_tire_model_sweep,pacejka_oracle,standard,pacejka-oracle,tire_force_static,clay,lane_change,5.0,4,101,/home/ksha/Documents/sbel/offroad-control/benchmarking/results/mpc_tire_model_sweep_calibrated_20260828_002629/raw/0051_pacejka_oracle_clay_lane_change_v5_b4_s101,ok,0,19.329091548919678,15.0,0.99,/home/ksha/Documents/sbel/offroad-control/benchmarking/results/mpc_tire_model_sweep_calibrated_20260828_002629/raw/0051_pacejka_oracle_clay_lane_change_v5_b4_s101/20260828_004257_037595_clay_lane_change_acados_pacejka-oracle/diag_clay_lane_change_acados_pacejka-oracle.csv,,,1248,0.09555297867543389,0.392023,0.06682192336103417,4.540805447830102,4.9938,0.9081610895660204,1.8714903846153845,3.0105999999999993,123.40890313323415,62.75067,3.044284,0,chrono_body_contact,0,,,,,,,,0
mpc_tire_model_sweep,pacejka_oracle,standard,pacejka-oracle,tire_force_static,clay,lane_change,5.0,4,102,/home/ksha/Documents/sbel/offroad-control/benchmarking/results/mpc_tire_model_sweep_calibrated_20260828_002629/raw/0052_pacejka_oracle_clay_lane_change_v5_b4_s102,ok,0,19.432708501815796,15.0,0.99,/home/ksha/Documents/sbel/offroad-control/benchmarking/results/mpc_tire_model_sweep_calibrated_20260828_002629/raw/0052_pacejka_oracle_clay_lane_change_v5_b4_s102/20260828_004316_376645_clay_lane_change_acados_pacejka-oracle/diag_clay_lane_change_acados_pacejka-oracle.csv,,,1248,0.0943623809043771,0.379004,0.06481213111726686,4.587196860572484,5.09683,0.9174393721144968,2.0383333333333336,3.112399999999998,128.72093535579654,63.212601,3.072722,0,chrono_body_contact,0,,,,,,,,0
mpc_tire_model_sweep,pacejka_oracle,standard,pacejka-oracle,tire_force_static,clay,lane_change,5.0,4,103,/home/ksha/Documents/sbel/offroad-control/benchmarking/results/mpc_tire_model_sweep_calibrated_20260828_002629/raw/0053_pacejka_oracle_clay_lane_change_v5_b4_s103,ok,0,19.327645540237427,15.0,0.99,/home/ksha/Documents/sbel/offroad-control/benchmarking/results/mpc_tire_model_sweep_calibrated_20260828_002629/raw/0053_pacejka_oracle_clay_lane_change_v5_b4_s103/20260828_004335_825732_clay_lane_change_acados_pacejka-oracle/diag_clay_lane_change_acados_pacejka-oracle.csv,,,1248,0.09856026431462712,0.40155,0.06749071837488459,4.629848014773777,5.09958,0.9259696029547554,1.7335016025641028,3.1764999999999985,127.36804549228299,63.817205,3.047929,0,chrono_body_contact,0,,,,,,,,0
mpc_tire_model_sweep,pacejka_oracle,standard,pacejka-oracle,tire_force_static,clay,lane_change,5.0,4,104,/home/ksha/Documents/sbel/offroad-control/benchmarking/results/mpc_tire_model_sweep_calibrated_20260828_002629/raw/0054_pacejka_oracle_clay_lane_change_v5_b4_s104,ok,0,19.336204528808594,15.0,0.99,/home/ksha/Documents/sbel/offroad-control/benchmarking/results/mpc_tire_model_sweep_calibrated_20260828_002629/raw/0054_pacejka_oracle_clay_lane_change_v5_b4_s104/20260828_004355_175428_clay_lane_change_acados_pacejka-oracle/diag_clay_lane_change_acados_pacejka-oracle.csv,,,1248,0.09520835867564394,0.41264,0.0647024487534626,4.588562696214219,5.01918,0.9177125392428438,1.7070272435897436,3.1052999999999997,127.55671149649201,63.303318,2.993988,0,chrono_body_contact,0,,,,,,,,0
mpc_tire_model_sweep,pacejka_oracle,standard,pacejka-oracle,tire_force_static,clay,lane_change,5.0,8,100,/home/ksha/Documents/sbel/offroad-control/benchmarking/results/mpc_tire_model_sweep_calibrated_20260828_002629/raw/0055_pacejka_oracle_clay_lane_change_v5_b8_s100,ok,0,19.4909405708313,15.0,0.99,/home/ksha/Documents/sbel/offroad-control/benchmarking/results/mpc_tire_model_sweep_calibrated_20260828_002629/raw/0055_pacejka_oracle_clay_lane_change_v5_b8_s100/20260828_004414_526967_clay_lane_change_acados_pacejka-oracle/diag_clay_lane_change_acados_pacejka-oracle.csv,,,1248,0.06183149745158419,0.222861,0.04927459741458911,4.603367128347184,5.13153,0.9206734256694368,1.857051282051282,2.8852999999999995,127.88906049523808,62.870026,2.992734,0,chrono_body_contact,0,,,,,,,,0
mpc_tire_model_sweep,pacejka_oracle,standard,pacejka-oracle,tire_force_static,clay,lane_change,5.0,8,101,/home/ksha/Documents/sbel/offroad-control/benchmarking/results/mpc_tire_model_sweep_calibrated_20260828_002629/raw/0056_pacejka_oracle_clay_lane_change_v5_b8_s101,ok,0,19.48892068862915,15.0,0.99,/home/ksha/Documents/sbel/offroad-control/benchmarking/results/mpc_tire_model_sweep_calibrated_20260828_002629/raw/0056_pacejka_oracle_clay_lane_change_v5_b8_s101/20260828_004434_036293_clay_lane_change_acados_pacejka-oracle/diag_clay_lane_change_acados_pacejka-oracle.csv,,,1248,0.06522813657311202,0.216104,0.052146730378578025,4.571479409048939,5.1460799999999995,0.9142958818097877,1.6692548076923082,2.8452999999999995,123.54378196919221,62.644629,3.063798,0,chrono_body_contact,0,,,,,,,,0
mpc_tire_model_sweep,pacejka_oracle,standard,pacejka-oracle,tire_force_static,clay,lane_change,5.0,8,102,/home/ksha/Documents/sbel/offroad-control/benchmarking/results/mpc_tire_model_sweep_calibrated_20260828_002629/raw/0057_pacejka_oracle_clay_lane_change_v5_b8_s102,ok,0,19.43856978416443,15.0,0.99,/home/ksha/Documents/sbel/offroad-control/benchmarking/results/mpc_tire_model_sweep_calibrated_20260828_002629/raw/0057_pacejka_oracle_clay_lane_change_v5_b8_s102/20260828_004453_547607_clay_lane_change_acados_pacejka-oracle/diag_clay_lane_change_acados_pacejka-oracle.csv,,,1248,0.06417797225843197,0.197306,0.051442173591874425,4.612497691597414,5.166659999999999,0.9224995383194828,1.6617628205128205,2.8052999999999995,128.87725621742499,63.029188,3.085482,0,chrono_body_contact,0,,,,,,,,0
mpc_tire_model_sweep,pacejka_oracle,standard,pacejka-oracle,tire_force_static,clay,lane_change,5.0,8,103,/home/ksha/Documents/sbel/offroad-control/benchmarking/results/mpc_tire_model_sweep_calibrated_20260828_002629/raw/0058_pacejka_oracle_clay_lane_change_v5_b8_s103,ok,0,19.43690776824951,15.0,0.99,/home/ksha/Documents/sbel/offroad-control/benchmarking/results/mpc_tire_model_sweep_calibrated_20260828_002629/raw/0058_pacejka_oracle_clay_lane_change_v5_b8_s103/20260828_004513_013830_clay_lane_change_acados_pacejka-oracle/diag_clay_lane_change_acados_pacejka-oracle.csv,,,1248,0.06476082320067288,0.216327,0.05104671837488458,4.516943213296399,4.9892199999999995,0.9033886426592798,1.6640785256410253,2.85,126.68564786844064,61.861696,3.075315,0,chrono_body_contact,0,,,,,,,,0
mpc_tire_model_sweep,pacejka_oracle,standard,pacejka-oracle,tire_force_static,clay,lane_change,5.0,8,104,/home/ksha/Documents/sbel/offroad-control/benchmarking/results/mpc_tire_model_sweep_calibrated_20260828_002629/raw/0059_pacejka_oracle_clay_lane_change_v5_b8_s104,ok,0,19.486815929412842,15.0,0.99,/home/ksha/Documents/sbel/offroad-control/benchmarking/results/mpc_tire_model_sweep_calibrated_20260828_002629/raw/0059_pacejka_oracle_clay_lane_change_v5_b8_s104/20260828_004532_476461_clay_lane_change_acados_pacejka-oracle/diag_clay_lane_change_acados_pacejka-oracle.csv,,,1248,0.06366657690958513,0.249984,0.05074484487534626,4.552601385041552,5.09419,0.9105202770083103,1.6553605769230768,2.81,127.42892970951965,62.33215,3.016846,0,chrono_body_contact,0,,,,,,,,0
mpc_tire_model_sweep,pacejka_oracle,standard,pacejka-oracle,tire_force_static,clay,lane_change,7.0,0,100,/home/ksha/Documents/sbel/offroad-control/benchmarking/results/mpc_tire_model_sweep_calibrated_20260828_002629/raw/0060_pacejka_oracle_clay_lane_change_v7_b0_s100,ok,0,19.137577533721924,15.0,0.99,/home/ksha/Documents/sbel/offroad-control/benchmarking/results/mpc_tire_model_sweep_calibrated_20260828_002629/raw/0060_pacejka_oracle_clay_lane_change_v7_b0_s100/20260828_004551_989291_clay_lane_change_acados_pacejka-oracle/diag_clay_lane_change_acados_pacejka-oracle.csv,,,1248,0.08370896495495078,0.278326,0.06431942289935365,6.060645521698984,7.54953,0.8658065030998549,2.2918669871794872,3.9205999999999994,137.7326479633001,82.361442,2.956925,0,chrono_body_contact,0,,,,,,,,0
mpc_tire_model_sweep,pacejka_oracle,standard,pacejka-oracle,tire_force_static,clay,lane_change,7.0,0,101,/home/ksha/Documents/sbel/offroad-control/benchmarking/results/mpc_tire_model_sweep_calibrated_20260828_002629/raw/0061_pacejka_oracle_clay_lane_change_v7_b0_s101,ok,0,19.136014461517334,15.0,0.99,/home/ksha/Documents/sbel/offroad-control/benchmarking/results/mpc_tire_model_sweep_calibrated_20260828_002629/raw/0061_pacejka_oracle_clay_lane_change_v7_b0_s101/20260828_004611_147434_clay_lane_change_acados_pacejka-oracle/diag_clay_lane_change_acados_pacejka-oracle.csv,,,1248,0.09145953848264768,0.328335,0.0683771837488458,6.052117359187442,7.52462,0.8645881941696346,2.2434615384615384,3.8452999999999995,133.74996233701395,82.462898,3.048205,0,chrono_body_contact,0,,,,,,,,0
mpc_tire_model_sweep,pacejka_oracle,standard,pacejka-oracle,tire_force_static,clay,lane_change,7.0,0,102,/home/ksha/Documents/sbel/offroad-control/benchmarking/results/mpc_tire_model_sweep_calibrated_20260828_002629/raw/0062_pacejka_oracle_clay_lane_change_v7_b0_s102,ok,0,19.137351036071777,15.0,0.99,/home/ksha/Documents/sbel/offroad-control/benchmarking/results/mpc_tire_model_sweep_calibrated_20260828_002629/raw/0062_pacejka_oracle_clay_lane_change_v7_b0_s102/20260828_004630_287710_clay_lane_change_acados_pacejka-oracle/diag_clay_lane_change_acados_pacejka-oracle.csv,,,1248,0.09286175346778028,0.31621,0.06958173868882733,6.0808104339796865,7.52001,0.8686872048542409,2.26849358974359,3.8252999999999995,139.34537630281596,82.671683,3.063039,0,chrono_body_contact,0,,,,,,,,0
mpc_tire_model_sweep,pacejka_oracle,standard,pacejka-oracle,tire_force_static,clay,lane_change,7.0,0,103,/home/ksha/Documents/sbel/offroad-control/benchmarking/results/mpc_tire_model_sweep_calibrated_20260828_002629/raw/0063_pacejka_oracle_clay_lane_change_v7_b0_s103,ok,0,19.134790182113647,15.0,0.99,/home/ksha/Documents/sbel/offroad-control/benchmarking/results/mpc_tire_model_sweep_calibrated_20260828_002629/raw/0063_pacejka_oracle_clay_lane_change_v7_b0_s103/20260828_004649_454944_clay_lane_change_acados_pacejka-oracle/diag_clay_lane_change_acados_pacejka-oracle.csv,,,1248,0.08093092388250323,0.26111,0.06201045337026777,6.044767959372114,7.49037,0.8635382799103021,3.002564102564103,5.045299999999999,137.17765418534933,82.263657,3.054192,0,chrono_body_contact,0,,,,,,,,0
mpc_tire_model_sweep,pacejka_oracle,standard,pacejka-oracle,tire_force_static,clay,lane_change,7.0,0,104,/home/ksha/Documents/sbel/offroad-control/benchmarking/results/mpc_tire_model_sweep_calibrated_20260828_002629/raw/0064_pacejka_oracle_clay_lane_change_v7_b0_s104,ok,0,19.13841700553894,15.0,0.99,/home/ksha/Documents/sbel/offroad-control/benchmarking/results/mpc_tire_model_sweep_calibrated_20260828_002629/raw/0064_pacejka_oracle_clay_lane_change_v7_b0_s104/20260828_004708_604316_clay_lane_change_acados_pacejka-oracle/diag_clay_lane_change_acados_pacejka-oracle.csv,,,1248,0.09413027264235409,0.354383,0.06920656417359188,6.06372216066482,7.52079,0.8662460229521172,2.3745833333333333,4.11,137.63895835508362,82.523994,2.949036,0,chrono_body_contact,0,,,,,,,,0
mpc_tire_model_sweep,pacejka_oracle,standard,pacejka-oracle,tire_force_static,clay,lane_change,7.0,4,100,/home/ksha/Documents/sbel/offroad-control/benchmarking/results/mpc_tire_model_sweep_calibrated_20260828_002629/raw/0065_pacejka_oracle_clay_lane_change_v7_b4_s100,ok,0,19.333417892456055,15.0,0.99,/home/ksha/Documents/sbel/offroad-control/benchmarking/results/mpc_tire_model_sweep_calibrated_20260828_002629/raw/0065_pacejka_oracle_clay_lane_change_v7_b4_s100/20260828_004727_764629_clay_lane_change_acados_pacejka-oracle/diag_clay_lane_change_acados_pacejka-oracle.csv,,,1248,0.10347728445046248,0.395297,0.07374248476454294,6.033057710064635,7.361389999999999,0.8618653871520907,2.274751602564103,3.85,137.50908647536798,82.102672,2.97163,0,chrono_body_contact,0,,,,,,,,0
mpc_tire_model_sweep,pacejka_oracle,standard,pacejka-oracle,tire_force_static,clay,lane_change,7.0,4,101,/home/ksha/Documents/sbel/offroad-control/benchmarking/results/mpc_tire_model_sweep_calibrated_20260828_002629/raw/0066_pacejka_oracle_clay_lane_change_v7_b4_s101,ok,0,19.330167531967163,15.0,0.99,/home/ksha/Documents/sbel/offroad-control/benchmarking/results/mpc_tire_model_sweep_calibrated_20260828_002629/raw/0066_pacejka_oracle_clay_lane_change_v7_b4_s101/20260828_004747_114776_clay_lane_change_acados_pacejka-oracle/diag_clay_lane_change_acados_pacejka-oracle.csv,,,1248,0.10670133779676173,0.409538,0.07498639242843952,6.040994829178208,7.49239,0.8629992613111727,2.252083333333333,3.775899999999999,133.68122622179175,82.408747,3.060082,0,chrono_body_contact,0,,,,,,,,0
mpc_tire_model_sweep,pacejka_oracle,standard,pacejka-oracle,tire_force_static,clay,lane_change,7.0,4,102,/home/ksha/Documents/sbel/offroad-control/benchmarking/results/mpc_tire_model_sweep_calibrated_20260828_002629/raw/0067_pacejka_oracle_clay_lane_change_v7_b4_s102,ok,0,19.33771800994873,15.0,0.99,/home/ksha/Documents/sbel/offroad-control/benchmarking/results/mpc_tire_model_sweep_calibrated_20260828_002629/raw/0067_pacejka_oracle_clay_lane_change_v7_b4_s102/20260828_004806_462481_clay_lane_change_acados_pacejka-oracle/diag_clay_lane_change_acados_pacejka-oracle.csv,,,1248,0.10693091229355801,0.399804,0.07499128070175438,6.091821975992612,7.502190000000001,0.8702602822846589,2.2477964743589745,3.660599999999999,139.43491668026243,82.914334,3.071311,0,chrono_body_contact,0,,,,,,,,0
mpc_tire_model_sweep,pacejka_oracle,standard,pacejka-oracle,tire_force_static,clay,lane_change,7.0,4,103,/home/ksha/Documents/sbel/offroad-control/benchmarking/results/mpc_tire_model_sweep_calibrated_20260828_002629/raw/0068_pacejka_oracle_clay_lane_change_v7_b4_s103,ok,0,19.33335518836975,15.0,0.99,/home/ksha/Documents/sbel/offroad-control/benchmarking/results/mpc_tire_model_sweep_calibrated_20260828_002629/raw/0068_pacejka_oracle_clay_lane_change_v7_b4_s103/20260828_004825_826787_clay_lane_change_acados_pacejka-oracle/diag_clay_lane_change_acados_pacejka-oracle.csv,,,1248,0.10221228042507596,0.383641,0.07184538781163435,6.058992059095106,7.49081,0.8655702941564437,2.2609455128205127,3.7852999999999994,137.30558723068623,82.538204,3.064586,0,chrono_body_contact,0,,,,,,,,0
mpc_tire_model_sweep,pacejka_oracle,standard,pacejka-oracle,tire_force_static,clay,lane_change,7.0,4,104,/home/ksha/Documents/sbel/offroad-control/benchmarking/results/mpc_tire_model_sweep_calibrated_20260828_002629/raw/0069_pacejka_oracle_clay_lane_change_v7_b4_s104,ok,0,19.337950706481934,15.0,0.99,/home/ksha/Documents/sbel/offroad-control/benchmarking/results/mpc_tire_model_sweep_calibrated_20260828_002629/raw/0069_pacejka_oracle_clay_lane_change_v7_b4_s104/20260828_004845_174972_clay_lane_change_acados_pacejka-oracle/diag_clay_lane_change_acados_pacejka-oracle.csv,,,1248,0.10489280234031871,0.412386,0.07392117082179132,6.05690729455217,7.41779,0.86527247065031,2.2726923076923073,3.9064999999999985,137.57994562867594,82.532276,2.963897,0,chrono_body_contact,0,,,,,,,,0
mpc_tire_model_sweep,pacejka_oracle,standard,pacejka-oracle,tire_force_static,clay,lane_change,7.0,8,100,/home/ksha/Documents/sbel/offroad-control/benchmarking/results/mpc_tire_model_sweep_calibrated_20260828_002629/raw/0070_pacejka_oracle_clay_lane_change_v7_b8_s100,ok,0,19.486666679382324,15.0,0.99,/home/ksha/Documents/sbel/offroad-control/benchmarking/results/mpc_tire_model_sweep_calibrated_20260828_002629/raw/0070_pacejka_oracle_clay_lane_change_v7_b8_s100/20260828_004904_542954_clay_lane_change_acados_pacejka-oracle/diag_clay_lane_change_acados_pacejka-oracle.csv,,,1248,0.07367432090311132,0.267416,0.05811065466297322,5.894310064635272,7.376939999999999,0.842044294947896,2.928429487179487,4.74,136.6927505995344,79.72204,2.973719,0,chrono_body_contact,0,,,,,,,,0
mpc_tire_model_sweep,pacejka_oracle,standard,pacejka-oracle,tire_force_static,clay,lane_change,7.0,8,101,/home/ksha/Documents/sbel/offroad-control/benchmarking/results/mpc_tire_model_sweep_calibrated_20260828_002629/raw/0071_pacejka_oracle_clay_lane_change_v7_b8_s101,ok,0,19.485784769058228,15.0,0.99,/home/ksha/Documents/sbel/offroad-control/benchmarking/results/mpc_tire_model_sweep_calibrated_20260828_002629/raw/0071_pacejka_oracle_clay_lane_change_v7_b8_s101/20260828_004924_047271_clay_lane_change_acados_pacejka-oracle/diag_clay_lane_change_acados_pacejka-oracle.csv,,,1248,0.07312036180751225,0.242887,0.05810235918744228,5.909038873499539,7.367749999999998,0.8441484104999342,2.2959375,4.055299999999999,132.81636702678298,80.152412,3.04076,0,chrono_body_contact,0,,,,,,,,0
mpc_tire_model_sweep,pacejka_oracle,standard,pacejka-oracle,tire_force_static,clay,lane_change,7.0,8,102,/home/ksha/Documents/sbel/offroad-control/benchmarking/results/mpc_tire_model_sweep_calibrated_20260828_002629/raw/0072_pacejka_oracle_clay_lane_change_v7_b8_s102,ok,0,19.48387360572815,15.0,0.99,/home/ksha/Documents/sbel/offroad-control/benchmarking/results/mpc_tire_model_sweep_calibrated_20260828_002629/raw/0072_pacejka_oracle_clay_lane_change_v7_b8_s102/20260828_004943_551704_clay_lane_change_acados_pacejka-oracle/diag_clay_lane_change_acados_pacejka-oracle.csv,,,1248,0.0759990893456704,0.263822,0.05962767959372114,5.943351615881811,7.41052,0.8490502308402588,2.3059294871794873,3.8164999999999987,138.37855424123165,80.44185,3.048765,0,chrono_body_contact,0,,,,,,,,0
mpc_tire_model_sweep,pacejka_oracle,standard,pacejka-oracle,tire_force_static,clay,lane_change,7.0,8,103,/home/ksha/Documents/sbel/offroad-control/benchmarking/results/mpc_tire_model_sweep_calibrated_20260828_002629/raw/0073_pacejka_oracle_clay_lane_change_v7_b8_s103,ok,0,19.484739780426025,15.0,0.99,/home/ksha/Documents/sbel/offroad-control/benchmarking/results/mpc_tire_model_sweep_calibrated_20260828_002629/raw/0073_pacejka_oracle_clay_lane_change_v7_b8_s103/20260828_005003_052953_clay_lane_change_acados_pacejka-oracle/diag_clay_lane_change_acados_pacejka-oracle.csv,,,1248,0.07472122161839895,0.241152,0.058340094182825486,5.968735364727609,7.4472700000000005,0.8526764806753727,2.756081730769231,5.06,136.82252683436212,80.819578,3.037086,0,chrono_body_contact,0,,,,,,,,0
mpc_tire_model_sweep,pacejka_oracle,standard,pacejka-oracle,tire_force_static,clay,lane_change,7.0,8,104,/home/ksha/Documents/sbel/offroad-control/benchmarking/results/mpc_tire_model_sweep_calibrated_20260828_002629/raw/0074_pacejka_oracle_clay_lane_change_v7_b8_s104,ok,0,19.48440647125244,15.0,0.99,/home/ksha/Documents/sbel/offroad-control/benchmarking/results/mpc_tire_model_sweep_calibrated_20260828_002629/raw/0074_pacejka_oracle_clay_lane_change_v7_b8_s104/20260828_005022_556517_clay_lane_change_acados_pacejka-oracle/diag_clay_lane_change_acados_pacejka-oracle.csv,,,1248,0.07254389051208746,0.263148,0.05690639889196676,5.938916251154201,7.44547,0.848416607307743,2.9453605769230773,4.875299999999999,137.02596604137372,80.440841,3.00371,0,chrono_body_contact,0,,,,,,,,0
mpc_tire_model_sweep,pacejka_oracle,standard,pacejka-oracle,tire_force_static,clay,lane_change,9.0,0,100,/home/ksha/Documents/sbel/offroad-control/benchmarking/results/mpc_tire_model_sweep_calibrated_20260828_002629/raw/0075_pacejka_oracle_clay_lane_change_v9_b0_s100,ok,0,19.133886098861694,15.0,0.99,/home/ksha/Documents/sbel/offroad-control/benchmarking/results/mpc_tire_model_sweep_calibrated_20260828_002629/raw/0075_pacejka_oracle_clay_lane_change_v9_b0_s100/20260828_005042_070049_clay_lane_change_acados_pacejka-oracle/diag_clay_lane_change_acados_pacejka-oracle.csv,,,1248,0.25677502787527473,0.751223,0.17320679501385042,6.432536565096953,8.43969,0.7147262850107725,3.2208974358974363,5.835299999999999,140.8322522446276,87.187893,3.594819,0,chrono_body_contact,0,,,,,,,,0
mpc_tire_model_sweep,pacejka_oracle,standard,pacejka-oracle,tire_force_static,clay,lane_change,9.0,0,101,/home/ksha/Documents/sbel/offroad-control/benchmarking/results/mpc_tire_model_sweep_calibrated_20260828_002629/raw/0076_pacejka_oracle_clay_lane_change_v9_b0_s101,ok,0,19.13461399078369,15.0,0.99,/home/ksha/Documents/sbel/offroad-control/benchmarking/results/mpc_tire_model_sweep_calibrated_20260828_002629/raw/0076_pacejka_oracle_clay_lane_change_v9_b0_s101/20260828_005101_244019_clay_lane_change_acados_pacejka-oracle/diag_clay_lane_change_acados_pacejka-oracle.csv,,,1248,0.2671493841422485,0.948082,0.17085558818097876,6.464581717451523,8.52844,0.7182868574946136,3.5907692307692307,5.55,137.3054685188488,87.786979,2.172339,0,chrono_body_contact,0,,,,,,,,0
mpc_tire_model_sweep,pacejka_oracle,standard,pacejka-oracle,tire_force_static,clay,lane_change,9.0,0,102,/home/ksha/Documents/sbel/offroad-control/benchmarking/results/mpc_tire_model_sweep_calibrated_20260828_002629/raw/0077_pacejka_oracle_clay_lane_change_v9_b0_s102,ok,0,19.13624858856201,15.0,0.99,/home/ksha/Documents/sbel/offroad-control/benchmarking/results/mpc_tire_model_sweep_calibrated_20260828_002629/raw/0077_pacejka_oracle_clay_lane_change_v9_b0_s102/20260828_005120_382929_clay_lane_change_acados_pacejka-oracle/diag_clay_lane_change_acados_pacejka-oracle.csv,,,1248,0.2230894497234264,0.653743,0.15190472299168978,6.444626777469991,8.49285,0.7160696419411101,2.829591346153846,4.53,142.5990808263652,87.400432,2.45868,0,chrono_body_contact,0,,,,,,,,0
mpc_tire_model_sweep,pacejka_oracle,standard,pacejka-oracle,tire_force_static,clay,lane_change,9.0,0,103,/home/ksha/Documents/sbel/offroad-control/benchmarking/results/mpc_tire_model_sweep_calibrated_20260828_002629/raw/0078_pacejka_oracle_clay_lane_change_v9_b0_s103,ok,0,19.13632321357727,15.0,0.99,/home/ksha/Documents/sbel/offroad-control/benchmarking/results/mpc_tire_model_sweep_calibrated_20260828_002629/raw/0078_pacejka_oracle_clay_lane_change_v9_b0_s103/20260828_005139_536711_clay_lane_change_acados_pacejka-oracle/diag_clay_lane_change_acados_pacejka-oracle.csv,,,1248,0.28865988415315685,0.986563,0.18572401754385967,6.454696860572484,8.55356,0.7171885400636093,2.894831730769231,4.555299999999999,140.8038870875565,87.565152,3.934272,0,chrono_body_contact,0,,,,,,,,0
mpc_tire_model_sweep,pacejka_oracle,standard,pacejka-oracle,tire_force_static,clay,lane_change,9.0,0,104,/home/ksha/Documents/sbel/offroad-control/benchmarking/results/mpc_tire_model_sweep_calibrated_20260828_002629/raw/0079_pacejka_oracle_clay_lane_change_v9_b0_s104,ok,0,19.132789611816406,15.0,0.99,/home/ksha/Documents/sbel/offroad-control/benchmarking/results/mpc_tire_model_sweep_calibrated_20260828_002629/raw/0079_pacejka_oracle_clay_lane_change_v9_b0_s104/20260828_005158_696512_clay_lane_change_acados_pacejka-oracle/diag_clay_lane_change_acados_pacejka-oracle.csv,,,1248,0.2880774534121322,0.909285,0.18725813850415512,6.458718928901201,8.523839999999998,0.7176354365445778,2.8037259615384618,4.421199999999999,141.0285807269587,87.632257,2.133625,0,chrono_body_contact,0,,,,,,,,0
mpc_tire_model_sweep,pacejka_oracle,standard,pacejka-oracle,tire_force_static,clay,lane_change,9.0,4,100,/home/ksha/Documents/sbel/offroad-control/benchmarking/results/mpc_tire_model_sweep_calibrated_20260828_002629/raw/0080_pacejka_oracle_clay_lane_change_v9_b4_s100,ok,0,19.33961272239685,15.0,0.99,/home/ksha/Documents/sbel/offroad-control/benchmarking/results/mpc_tire_model_sweep_calibrated_20260828_002629/raw/0080_pacejka_oracle_clay_lane_change_v9_b4_s100/20260828_005217_845894_clay_lane_change_acados_pacejka-oracle/diag_clay_lane_change_acados_pacejka-oracle.csv,,,1247,0.2989656499364474,0.934336,0.1962681126500462,6.441059095106186,8.46486,0.7156732327895763,2.951234963913392,4.590799999999999,140.90688206949102,87.380328,3.888924,0,chrono_body_contact,0,,,,,,,,0
mpc_tire_model_sweep,pacejka_oracle,standard,pacejka-oracle,tire_force_static,clay,lane_change,9.0,4,101,/home/ksha/Documents/sbel/offroad-control/benchmarking/results/mpc_tire_model_sweep_calibrated_20260828_002629/raw/0081_pacejka_oracle_clay_lane_change_v9_b4_s101,ok,0,19.334758281707764,15.0,0.99,/home/ksha/Documents/sbel/offroad-control/benchmarking/results/mpc_tire_model_sweep_calibrated_20260828_002629/raw/0081_pacejka_oracle_clay_lane_change_v9_b4_s101/20260828_005237_204391_clay_lane_change_acados_pacejka-oracle/diag_clay_lane_change_acados_pacejka-oracle.csv,,,1248,0.2799610704898565,0.971753,0.18304655216989843,6.435240997229917,8.49236,0.7150267774699908,3.3508253205128207,5.9,137.09310219738188,87.54681,2.150562,0,chrono_body_contact,0,,,,,,,,0
mpc_tire_model_sweep,pacejka_oracle,standard,pacejka-oracle,tire_force_static,clay,lane_change,9.0,4,102,/home/ksha/Documents/sbel/offroad-control/benchmarking/results/mpc_tire_model_sweep_calibrated_20260828_002629/raw/0082_pacejka_oracle_clay_lane_change_v9_b4_s102,ok,0,19.333638668060303,15.0,0.99,/home/ksha/Documents/sbel/offroad-control/benchmarking/results/mpc_tire_model_sweep_calibrated_20260828_002629/raw/0082_pacejka_oracle_clay_lane_change_v9_b4_s102/20260828_005256_562615_clay_lane_change_acados_pacejka-oracle/diag_clay_lane_change_acados_pacejka-oracle.csv,,,1248,0.2847504514434675,0.9555,0.1853166140350877,6.467809787626963,8.53075,0.7186455319585514,2.8944070512820517,4.721199999999999,142.76476266088096,87.811618,2.149197,0,chrono_body_contact,0,,,,,,,,0
mpc_tire_model_sweep,pacejka_oracle,standard,pacejka-oracle,tire_force_static,clay,lane_change,9.0,4,103,/home/ksha/Documents/sbel/offroad-control/benchmarking/results/mpc_tire_model_sweep_calibrated_20260828_002629/raw/0083_pacejka_oracle_clay_lane_change_v9_b4_s103,ok,0,19.336721897125244,15.0,0.99,/home/ksha/Documents/sbel/offroad-control/benchmarking/results/mpc_tire_model_sweep_calibrated_20260828_002629/raw/0083_pacejka_oracle_clay_lane_change_v9_b4_s103/20260828_005315_915622_clay_lane_change_acados_pacejka-oracle/diag_clay_lane_change_acados_pacejka-oracle.csv,,,1247,0.29467149927852154,1.018688,0.19067840904893812,6.45120240073869,8.50056,0.7168002667487433,3.6707137129109864,5.57,140.61115395103644,87.613533,3.968268,0,chrono_body_contact,0,,,,,,,,0
mpc_tire_model_sweep,pacejka_oracle,standard,pacejka-oracle,tire_force_static,clay,lane_change,9.0,4,104,/home/ksha/Documents/sbel/offroad-control/benchmarking/results/mpc_tire_model_sweep_calibrated_20260828_002629/raw/0084_pacejka_oracle_clay_lane_change_v9_b4_s104,ok,0,19.338486671447754,15.0,0.99,/home/ksha/Documents/sbel/offroad-control/benchmarking/results/mpc_tire_model_sweep_calibrated_20260828_002629/raw/0084_pacejka_oracle_clay_lane_change_v9_b4_s104/20260828_005335_272582_clay_lane_change_acados_pacejka-oracle/diag_clay_lane_change_acados_pacejka-oracle.csv,,,1248,0.30644623203859267,0.971477,0.200209081255771,6.472783933518005,8.51553,0.7191982148353339,2.919407051282051,4.6,141.12051263592528,87.95126,2.071242,0,chrono_body_contact,0,,,,,,,,0
mpc_tire_model_sweep,pacejka_oracle,standard,pacejka-oracle,tire_force_static,clay,lane_change,9.0,8,100,/home/ksha/Documents/sbel/offroad-control/benchmarking/results/mpc_tire_model_sweep_calibrated_20260828_002629/raw/0085_pacejka_oracle_clay_lane_change_v9_b8_s100,ok,0,19.532535076141357,15.0,0.99,/home/ksha/Documents/sbel/offroad-control/benchmarking/results/mpc_tire_model_sweep_calibrated_20260828_002629/raw/0085_pacejka_oracle_clay_lane_change_v9_b8_s100/20260828_005354_644518_clay_lane_change_acados_pacejka-oracle/diag_clay_lane_change_acados_pacejka-oracle.csv,,,1248,0.222435002862963,0.79438,0.1340238319482918,6.243686057248383,8.04101,0.6937428952498204,2.7698397435897433,4.555299999999999,139.44383280022575,84.256729,3.496367,0,chrono_body_contact,0,,,,,,,,0
mpc_tire_model_sweep,pacejka_oracle,standard,pacejka-oracle,tire_force_static,clay,lane_change,9.0,8,101,/home/ksha/Documents/sbel/offroad-control/benchmarking/results/mpc_tire_model_sweep_calibrated_20260828_002629/raw/0086_pacejka_oracle_clay_lane_change_v9_b8_s101,ok,0,19.48306441307068,15.0,0.99,/home/ksha/Documents/sbel/offroad-control/benchmarking/results/mpc_tire_model_sweep_calibrated_20260828_002629/raw/0086_pacejka_oracle_clay_lane_change_v9_b8_s101/20260828_005414_214092_clay_lane_change_acados_pacejka-oracle/diag_clay_lane_change_acados_pacejka-oracle.csv,,,1248,0.17534513672665092,0.6728,0.11034112650046167,6.240519390581717,8.073459999999999,0.6933910433979685,2.722972756410256,4.53,135.42764487157797,84.491336,3.388965,0,chrono_body_contact,0,,,,,,,,0
mpc_tire_model_sweep,pacejka_oracle,standard,pacejka-oracle,tire_force_static,clay,lane_change,9.0,8,102,/home/ksha/Documents/sbel/offroad-control/benchmarking/results/mpc_tire_model_sweep_calibrated_20260828_002629/raw/0087_pacejka_oracle_clay_lane_change_v9_b8_s102,ok,0,19.4316565990448,15.0,0.99,/home/ksha/Documents/sbel/offroad-control/benchmarking/results/mpc_tire_model_sweep_calibrated_20260828_002629/raw/0087_pacejka_oracle_clay_lane_change_v9_b8_s102/20260828_005433_684516_clay_lane_change_acados_pacejka-oracle/diag_clay_lane_change_acados_pacejka-oracle.csv,,,1247,0.22752666864238644,0.79288,0.13703323268698062,6.234327054478301,8.04615,0.6927030060531446,2.887546110665598,4.62,140.904339227021,84.187246,3.629897,0,chrono_body_contact,0,,,,,,,,0
mpc_tire_model_sweep,pacejka_oracle,standard,pacejka-oracle,tire_force_static,clay,lane_change,9.0,8,103,/home/ksha/Documents/sbel/offroad-control/benchmarking/results/mpc_tire_model_sweep_calibrated_20260828_002629/raw/0088_pacejka_oracle_clay_lane_change_v9_b8_s103,ok,0,19.482788801193237,15.0,0.99,/home/ksha/Documents/sbel/offroad-control/benchmarking/results/mpc_tire_model_sweep_calibrated_20260828_002629/raw/0088_pacejka_oracle_clay_lane_change_v9_b8_s103/20260828_005453_152094_clay_lane_change_acados_pacejka-oracle/diag_clay_lane_change_acados_pacejka-oracle.csv,,,1248,0.25475743624003155,0.877764,0.1482708457987073,6.233112003693445,8.03875,0.6925680004103828,2.715721153846154,4.27,139.0790399542716,84.237925,3.474805,0,chrono_body_contact,0,,,,,,,,0
mpc_tire_model_sweep,pacejka_oracle,standard,pacejka-oracle,tire_force_static,clay,lane_change,9.0,8,104,/home/ksha/Documents/sbel/offroad-control/benchmarking/results/mpc_tire_model_sweep_calibrated_20260828_002629/raw/0089_pacejka_oracle_clay_lane_change_v9_b8_s104,ok,0,19.43651795387268,15.0,0.99,/home/ksha/Documents/sbel/offroad-control/benchmarking/results/mpc_tire_model_sweep_calibrated_20260828_002629/raw/0089_pacejka_oracle_clay_lane_change_v9_b8_s104/20260828_005512_638947_clay_lane_change_acados_pacejka-oracle/diag_clay_lane_change_acados_pacejka-oracle.csv,,,1248,0.17465762642512875,0.709169,0.10747062788550323,6.24869621421976,8.06021,0.6942995793577511,2.6755208333333336,4.3652999999999995,139.54887396837893,84.499384,3.30648,0,chrono_body_contact,0,,,,,,,,0
mpc_tire_model_sweep,pacejka_oracle,standard,pacejka-oracle,tire_force_static,clay,right_left,5.0,0,100,/home/ksha/Documents/sbel/offroad-control/benchmarking/results/mpc_tire_model_sweep_calibrated_20260828_002629/raw/0090_pacejka_oracle_clay_right_left_v5_b0_s100,ok,0,19.133222341537476,15.0,0.99,/home/ksha/Documents/sbel/offroad-control/benchmarking/results/mpc_tire_model_sweep_calibrated_20260828_002629/raw/0090_pacejka_oracle_clay_right_left_v5_b0_s100/20260828_005532_099725_clay_right_left_acados_pacejka-oracle/diag_clay_right_left_acados_pacejka-oracle.csv,,,1248,0.3289553418150628,1.343088,0.2090205595567867,4.078373961218836,5.1274299999999995,0.8156747922437673,3.574519230769231,9.980599999999999,125.58014191040776,30.207849,-30.642632,0,chrono_body_contact,0,,,,,,,,0
mpc_tire_model_sweep,pacejka_oracle,standard,pacejka-oracle,tire_force_static,clay,right_left,5.0,0,101,/home/ksha/Documents/sbel/offroad-control/benchmarking/results/mpc_tire_model_sweep_calibrated_20260828_002629/raw/0091_pacejka_oracle_clay_right_left_v5_b0_s101,ok,0,19.12818217277527,15.0,0.99,/home/ksha/Documents/sbel/offroad-control/benchmarking/results/mpc_tire_model_sweep_calibrated_20260828_002629/raw/0091_pacejka_oracle_clay_right_left_v5_b0_s101/20260828_005551_262019_clay_right_left_acados_pacejka-oracle/diag_clay_right_left_acados_pacejka-oracle.csv,,,1248,0.31460396350360736,1.255341,0.20361617913204064,4.153009141274238,5.040819999999999,0.8306018282548475,3.3848717948717946,7.970599999999999,121.79742524847322,31.622129,-31.214437,0,chrono_body_contact,0,,,,,,,,0
mpc_tire_model_sweep,pacejka_oracle,standard,pacejka-oracle,tire_force_static,clay,right_left,5.0,0,102,/home/ksha/Documents/sbel/offroad-control/benchmarking/results/mpc_tire_model_sweep_calibrated_20260828_002629/raw/0092_pacejka_oracle_clay_right_left_v5_b0_s102,ok,0,19.13566279411316,15.0,0.99,/home/ksha/Documents/sbel/offroad-control/benchmarking/results/mpc_tire_model_sweep_calibrated_20260828_002629/raw/0092_pacejka_oracle_clay_right_left_v5_b0_s102/20260828_005610_397792_clay_right_left_acados_pacejka-oracle/diag_clay_right_left_acados_pacejka-oracle.csv,,,1247,0.2983698927547145,1.173057,0.20249262234533702,4.136563619575254,5.0978699999999995,0.8273127239150508,3.5358380112269443,8.816199999999998,126.79028521866292,31.409532,-30.999612,0,chrono_body_contact,0,,,,,,,,0
mpc_tire_model_sweep,pacejka_oracle,standard,pacejka-oracle,tire_force_static,clay,right_left,5.0,0,103,/home/ksha/Documents/sbel/offroad-control/benchmarking/results/mpc_tire_model_sweep_calibrated_20260828_002629/raw/0093_pacejka_oracle_clay_right_left_v5_b0_s103,ok,0,19.13160467147827,15.0,0.99,/home/ksha/Documents/sbel/offroad-control/benchmarking/results/mpc_tire_model_sweep_calibrated_20260828_002629/raw/0093_pacejka_oracle_clay_right_left_v5_b0_s103/20260828_005629_580132_clay_right_left_acados_pacejka-oracle/diag_clay_right_left_acados_pacejka-oracle.csv,,,1248,0.31797691038717857,1.123971,0.2180470101569714,4.083401754385965,5.14066,0.8166803508771929,3.5294711538461536,9.32,125.0740925538034,30.601814,-30.52652,0,chrono_body_contact,0,,,,,,,,0
mpc_tire_model_sweep,pacejka_oracle,standard,pacejka-oracle,tire_force_static,clay,right_left,5.0,0,104,/home/ksha/Documents/sbel/offroad-control/benchmarking/results/mpc_tire_model_sweep_calibrated_20260828_002629/raw/0094_pacejka_oracle_clay_right_left_v5_b0_s104,ok,0,19.131211280822754,15.0,0.99,/home/ksha/Documents/sbel/offroad-control/benchmarking/results/mpc_tire_model_sweep_calibrated_20260828_002629/raw/0094_pacejka_oracle_clay_right_left_v5_b0_s104/20260828_005648_702731_clay_right_left_acados_pacejka-oracle/diag_clay_right_left_acados_pacejka-oracle.csv,,,1248,0.29716213474017505,1.144526,0.2019694358264081,4.124683656509696,5.05633,0.8249367313019391,4.17633814102564,8.742199999999979,125.90026570656102,31.305015,-30.989664,0,chrono_body_contact,0,,,,,,,,0
mpc_tire_model_sweep,pacejka_oracle,standard,pacejka-oracle,tire_force_static,clay,right_left,5.0,4,100,/home/ksha/Documents/sbel/offroad-control/benchmarking/results/mpc_tire_model_sweep_calibrated_20260828_002629/raw/0095_pacejka_oracle_clay_right_left_v5_b4_s100,ok,0,19.35965323448181,15.0,0.99,/home/ksha/Documents/sbel/offroad-control/benchmarking/results/mpc_tire_model_sweep_calibrated_20260828_002629/raw/0095_pacejka_oracle_clay_right_left_v5_b4_s100/20260828_005707_858410_clay_right_left_acados_pacejka-oracle/diag_clay_right_left_acados_pacejka-oracle.csv,,,1248,0.3193610676000296,1.270613,0.21695550969529087,4.073760664819945,5.10396,0.814752132963989,3.6339182692307688,10.046599999999994,125.50305457063112,30.305743,-30.568689,0,chrono_body_contact,0,,,,,,,,0
mpc_tire_model_sweep,pacejka_oracle,standard,pacejka-oracle,tire_force_static,clay,right_left,5.0,4,101,/home/ksha/Documents/sbel/offroad-control/benchmarking/results/mpc_tire_model_sweep_calibrated_20260828_002629/raw/0096_pacejka_oracle_clay_right_left_v5_b4_s101,ok,0,19.407953023910522,15.0,0.99,/home/ksha/Documents/sbel/offroad-control/benchmarking/results/mpc_tire_model_sweep_calibrated_20260828_002629/raw/0096_pacejka_oracle_clay_right_left_v5_b4_s101/20260828_005727_239052_clay_right_left_acados_pacejka-oracle/diag_clay_right_left_acados_pacejka-oracle.csv,,,1248,0.30798067775023186,1.073445,0.21862375992613112,4.144342843951986,5.091539999999999,0.8288685687903972,4.0352644230769235,10.631799999999998,121.80224540860804,31.897,-31.151142,0,chrono_body_contact,0,,,,,,,,0
mpc_tire_model_sweep,pacejka_oracle,standard,pacejka-oracle,tire_force_static,clay,right_left,5.0,4,102,/home/ksha/Documents/sbel/offroad-control/benchmarking/results/mpc_tire_model_sweep_calibrated_20260828_002629/raw/0097_pacejka_oracle_clay_right_left_v5_b4_s102,ok,0,19.36351466178894,15.0,0.99,/home/ksha/Documents/sbel/offroad-control/benchmarking/results/mpc_tire_model_sweep_calibrated_20260828_002629/raw/0097_pacejka_oracle_clay_right_left_v5_b4_s102/20260828_005746_671302_clay_right_left_acados_pacejka-oracle/diag_clay_right_left_acados_pacejka-oracle.csv,,,1248,0.286472044101121,1.038414,0.20403763342566944,4.097716989843029,5.08248,0.8195433979686058,3.6091346153846153,9.207099999999999,126.62460358921135,31.032194,-30.674734,0,chrono_body_contact,0,,,,,,,,0
mpc_tire_model_sweep,pacejka_oracle,standard,pacejka-oracle,tire_force_static,clay,right_left,5.0,4,103,/home/ksha/Documents/sbel/offroad-control/benchmarking/results/mpc_tire_model_sweep_calibrated_20260828_002629/raw/0098_pacejka_oracle_clay_right_left_v5_b4_s103,ok,0,19.36043119430542,15.0,0.99,/home/ksha/Documents/sbel/offroad-control/benchmarking/results/mpc_tire_model_sweep_calibrated_20260828_002629/raw/0098_pacejka_oracle_clay_right_left_v5_b4_s103/20260828_005806_045247_clay_right_left_acados_pacejka-oracle/diag_clay_right_left_acados_pacejka-oracle.csv,,,1248,0.3051606576241352,0.977698,0.21464767220683287,4.075515974145891,5.123489999999999,0.8151031948291783,4.018165064102564,9.870299999999986,124.99572647341046,30.725405,-30.449798,0,chrono_body_contact,0,,,,,,,,0
mpc_tire_model_sweep,pacejka_oracle,standard,pacejka-oracle,tire_force_static,clay,right_left,5.0,4,104,/home/ksha/Documents/sbel/offroad-control/benchmarking/results/mpc_tire_model_sweep_calibrated_20260828_002629/raw/0099_pacejka_oracle_clay_right_left_v5_b4_s104,ok,0,19.357100009918213,15.0,0.99,/home/ksha/Documents/sbel/offroad-control/benchmarking/results/mpc_tire_model_sweep_calibrated_20260828_002629/raw/0099_pacejka_oracle_clay_right_left_v5_b4_s104/20260828_005825_425808_clay_right_left_acados_pacejka-oracle/diag_clay_right_left_acados_pacejka-oracle.csv,,,1248,0.2978747081111237,0.95313,0.2137727192982456,4.147631763619576,5.05855,0.8295263527239152,3.6274919871794875,9.753099999999993,125.99283978187353,32.075917,-31.170946,0,chrono_body_contact,0,,,,,,,,0
mpc_tire_model_sweep,pacejka_oracle,standard,pacejka-oracle,tire_force_static,clay,right_left,5.0,8,100,/home/ksha/Documents/sbel/offroad-control/benchmarking/results/mpc_tire_model_sweep_calibrated_20260828_002629/raw/0100_pacejka_oracle_clay_right_left_v5_b8_s100,ok,0,19.50597310066223,15.0,0.99,/home/ksha/Documents/sbel/offroad-control/benchmarking/results/mpc_tire_model_sweep_calibrated_20260828_002629/raw/0100_pacejka_oracle_clay_right_left_v5_b8_s100/20260828_005844_816713_clay_right_left_acados_pacejka-oracle/diag_clay_right_left_acados_pacejka-oracle.csv,,,1248,0.3659315035140959,1.396717,0.21318419390581714,4.1080024930747925,5.1487,0.8216004986149585,3.4420272435897434,6.773799999999988,125.79063702274007,30.215323,-30.686774,0,chrono_body_contact,0,,,,,,,,0
mpc_tire_model_sweep,pacejka_oracle,standard,pacejka-oracle,tire_force_static,clay,right_left,5.0,8,101,/home/ksha/Documents/sbel/offroad-control/benchmarking/results/mpc_tire_model_sweep_calibrated_20260828_002629/raw/0101_pacejka_oracle_clay_right_left_v5_b8_s101,ok,0,19.465014934539795,15.0,0.99,/home/ksha/Documents/sbel/offroad-control/benchmarking/results/mpc_tire_model_sweep_calibrated_20260828_002629/raw/0101_pacejka_oracle_clay_right_left_v5_b8_s101/20260828_005904_328232_clay_right_left_acados_pacejka-oracle/diag_clay_right_left_acados_pacejka-oracle.csv,,,1248,0.33635205209135904,1.27947,0.19541974515235458,4.118067590027701,5.21741,0.8236135180055403,3.3321474358974363,8.124199999999997,121.65600023005497,30.767166,-30.834347,0,chrono_body_contact,0,,,,,,,,0
mpc_tire_model_sweep,pacejka_oracle,standard,pacejka-oracle,tire_force_static,clay,right_left,5.0,8,102,/home/ksha/Documents/sbel/offroad-control/benchmarking/results/mpc_tire_model_sweep_calibrated_20260828_002629/raw/0102_pacejka_oracle_clay_right_left_v5_b8_s102,ok,0,19.468366861343384,15.0,0.99,/home/ksha/Documents/sbel/offroad-control/benchmarking/results/mpc_tire_model_sweep_calibrated_20260828_002629/raw/0102_pacejka_oracle_clay_right_left_v5_b8_s102/20260828_005923_809278_clay_right_left_acados_pacejka-oracle/diag_clay_right_left_acados_pacejka-oracle.csv,,,1248,0.3150124851038317,1.295231,0.186245188365651,4.201549122807017,5.19487,0.8403098245614034,3.4643669871794875,8.69,127.13228416614439,31.899504,-31.42547,0,chrono_body_contact,0,,,,,,,,0
mpc_tire_model_sweep,pacejka_oracle,standard,pacejka-oracle,tire_force_static,clay,right_left,5.0,8,103,/home/ksha/Documents/sbel/offroad-control/benchmarking/results/mpc_tire_model_sweep_calibrated_20260828_002629/raw/0103_pacejka_oracle_clay_right_left_v5_b8_s103,ok,0,19.46737837791443,15.0,0.99,/home/ksha/Documents/sbel/offroad-control/benchmarking/results/mpc_tire_model_sweep_calibrated_20260828_002629/raw/0103_pacejka_oracle_clay_right_left_v5_b8_s103/20260828_005943_302664_clay_right_left_acados_pacejka-oracle/diag_clay_right_left_acados_pacejka-oracle.csv,,,1248,0.32788548115702865,1.201081,0.19656938227146814,4.115147368421053,5.221509999999999,0.8230294736842106,3.528341346153846,8.893599999999996,125.17574494053507,30.660531,-30.700191,0,chrono_body_contact,0,,,,,,,,0
mpc_tire_model_sweep,pacejka_oracle,standard,pacejka-oracle,tire_force_static,clay,right_left,5.0,8,104,/home/ksha/Documents/sbel/offroad-control/benchmarking/results/mpc_tire_model_sweep_calibrated_20260828_002629/raw/0104_pacejka_oracle_clay_right_left_v5_b8_s104,ok,0,19.514877319335938,15.0,0.99,/home/ksha/Documents/sbel/offroad-control/benchmarking/results/mpc_tire_model_sweep_calibrated_20260828_002629/raw/0104_pacejka_oracle_clay_right_left_v5_b8_s104/20260828_010002_783494_clay_right_left_acados_pacejka-oracle/diag_clay_right_left_acados_pacejka-oracle.csv,,,1248,0.3118710071866802,1.285888,0.18835150323176364,4.184520867959373,5.230639999999998,0.8369041735918745,3.494711538461539,8.781299999999995,126.25103352673065,31.789782,-31.380737,0,chrono_body_contact,0,,,,,,,,0
mpc_tire_model_sweep,pacejka_oracle,standard,pacejka-oracle,tire_force_static,clay,right_left,7.0,0,100,/home/ksha/Documents/sbel/offroad-control/benchmarking/results/mpc_tire_model_sweep_calibrated_20260828_002629/raw/0105_pacejka_oracle_clay_right_left_v7_b0_s100,ok,0,19.166064739227295,15.0,0.99,/home/ksha/Documents/sbel/offroad-control/benchmarking/results/mpc_tire_model_sweep_calibrated_20260828_002629/raw/0105_pacejka_oracle_clay_right_left_v7_b0_s100/20260828_010022_319354_clay_right_left_acados_pacejka-oracle/diag_clay_right_left_acados_pacejka-oracle.csv,,,1248,0.49904380546284177,1.619896,0.3236928402585411,4.274919021237304,5.39637,0.6107027173196149,4.007115384615385,10.4153,126.87154554035936,34.983515,-32.27638,0,chrono_body_contact,0,,,,,,,,0
mpc_tire_model_sweep,pacejka_oracle,standard,pacejka-oracle,tire_force_static,clay,right_left,7.0,0,101,/home/ksha/Documents/sbel/offroad-control/benchmarking/results/mpc_tire_model_sweep_calibrated_20260828_002629/raw/0106_pacejka_oracle_clay_right_left_v7_b0_s101,ok,0,19.167147397994995,15.0,0.99,/home/ksha/Documents/sbel/offroad-control/benchmarking/results/mpc_tire_model_sweep_calibrated_20260828_002629/raw/0106_pacejka_oracle_clay_right_left_v7_b0_s101/20260828_010041_505721_clay_right_left_acados_pacejka-oracle/diag_clay_right_left_acados_pacejka-oracle.csv,,,1248,0.46765942315258846,1.621604,0.312774972299169,4.3124215143120965,5.33795,0.6160602163302995,3.9717227564102564,9.6953,123.09586414346302,35.183615,-32.503319,0,chrono_body_contact,0,,,,,,,,0
mpc_tire_model_sweep,pacejka_oracle,standard,pacejka-oracle,tire_force_static,clay,right_left,7.0,0,102,/home/ksha/Documents/sbel/offroad-control/benchmarking/results/mpc_tire_model_sweep_calibrated_20260828_002629/raw/0107_pacejka_oracle_clay_right_left_v7_b0_s102,ok,0,19.16953992843628,15.0,0.99,/home/ksha/Documents/sbel/offroad-control/benchmarking/results/mpc_tire_model_sweep_calibrated_20260828_002629/raw/0107_pacejka_oracle_clay_right_left_v7_b0_s102/20260828_010100_705614_clay_right_left_acados_pacejka-oracle/diag_clay_right_left_acados_pacejka-oracle.csv,,,1248,0.48623097615625943,1.463651,0.3185938301015697,4.298282917820868,5.400549999999999,0.6140404168315525,3.974407051282051,10.260699999999995,128.10553730015937,35.093457,-32.318374,0,chrono_body_contact,0,,,,,,,,0
mpc_tire_model_sweep,pacejka_oracle,standard,pacejka-oracle,tire_force_static,clay,right_left,7.0,0,103,/home/ksha/Documents/sbel/offroad-control/benchmarking/results/mpc_tire_model_sweep_calibrated_20260828_002629/raw/0108_pacejka_oracle_clay_right_left_v7_b0_s103,ok,0,19.177491188049316,15.0,0.99,/home/ksha/Documents/sbel/offroad-control/benchmarking/results/mpc_tire_model_sweep_calibrated_20260828_002629/raw/0108_pacejka_oracle_clay_right_left_v7_b0_s103/20260828_010119_887154_clay_right_left_acados_pacejka-oracle/diag_clay_right_left_acados_pacejka-oracle.csv,,,1248,0.6100498664554052,1.733012,0.38793324746075714,4.434240443213296,5.35349,0.6334629204590423,3.9898637820512817,10.412999999999997,126.96543151046265,37.983831,-32.633485,0,chrono_body_contact,0,,,,,,,,0
mpc_tire_model_sweep,pacejka_oracle,standard,pacejka-oracle,tire_force_static,clay,right_left,7.0,0,104,/home/ksha/Documents/sbel/offroad-control/benchmarking/results/mpc_tire_model_sweep_calibrated_20260828_002629/raw/0109_pacejka_oracle_clay_right_left_v7_b0_s104,ok,0,19.165039777755737,15.0,0.99,/home/ksha/Documents/sbel/offroad-control/benchmarking/results/mpc_tire_model_sweep_calibrated_20260828_002629/raw/0109_pacejka_oracle_clay_right_left_v7_b0_s104/20260828_010139_074937_clay_right_left_acados_pacejka-oracle/diag_clay_right_left_acados_pacejka-oracle.csv,,,1248,0.4405693235068113,1.518265,0.29330153370267775,4.2786048938134815,5.38563,0.611229270544783,3.918165064102564,10.151899999999994,127.39166256911749,34.487387,-32.419289,0,chrono_body_contact,0,,,,,,,,0
mpc_tire_model_sweep,pacejka_oracle,standard,pacejka-oracle,tire_force_static,clay,right_left,7.0,4,100,/home/ksha/Documents/sbel/offroad-control/benchmarking/results/mpc_tire_model_sweep_calibrated_20260828_002629/raw/0110_pacejka_oracle_clay_right_left_v7_b4_s100,ok,0,19.415011882781982,15.0,0.99,/home/ksha/Documents/sbel/offroad-control/benchmarking/results/mpc_tire_model_sweep_calibrated_20260828_002629/raw/0110_pacejka_oracle_clay_right_left_v7_b4_s100/20260828_010158_270489_clay_right_left_acados_pacejka-oracle/diag_clay_right_left_acados_pacejka-oracle.csv,,,1248,0.5546090278936366,1.868548,0.35782681255771004,4.320868144044321,5.35859,0.6172668777206173,4.625616987179487,11.054799999999997,127.01895130740874,35.267943,-32.81198,0,chrono_body_contact,0,,,,,,,,0
mpc_tire_model_sweep,pacejka_oracle,standard,pacejka-oracle,tire_force_static,clay,right_left,7.0,4,101,/home/ksha/Documents/sbel/offroad-control/benchmarking/results/mpc_tire_model_sweep_calibrated_20260828_002629/raw/0111_pacejka_oracle_clay_right_left_v7_b4_s101,ok,0,19.411725997924805,15.0,0.99,/home/ksha/Documents/sbel/offroad-control/benchmarking/results/mpc_tire_model_sweep_calibrated_20260828_002629/raw/0111_pacejka_oracle_clay_right_left_v7_b4_s101/20260828_010217_702508_clay_right_left_acados_pacejka-oracle/diag_clay_right_left_acados_pacejka-oracle.csv,,,1248,0.5484451620851999,1.622993,0.3592188864265928,4.325580886426593,5.33123,0.6179401266323704,4.077516025641025,10.471299999999994,123.18189262748437,36.087718,-32.535713,0,chrono_body_contact,0,,,,,,,,0
mpc_tire_model_sweep,pacejka_oracle,standard,pacejka-oracle,tire_force_static,clay,right_left,7.0,4,102,/home/ksha/Documents/sbel/offroad-control/benchmarking/results/mpc_tire_model_sweep_calibrated_20260828_002629/raw/0112_pacejka_oracle_clay_right_left_v7_b4_s102,ok,0,19.37245512008667,15.0,0.99,/home/ksha/Documents/sbel/offroad-control/benchmarking/results/mpc_tire_model_sweep_calibrated_20260828_002629/raw/0112_pacejka_oracle_clay_right_left_v7_b4_s102/20260828_010237_118775_clay_right_left_acados_pacejka-oracle/diag_clay_right_left_acados_pacejka-oracle.csv,,,1248,0.6888369566169488,2.193556,0.4255797082179132,4.337703231763619,5.447559999999999,0.6196718902519456,4.03386217948718,9.761299999999995,128.37381136709195,36.68108,-32.579487,0,chrono_body_contact,0,,,,,,,,0
mpc_tire_model_sweep,pacejka_oracle,standard,pacejka-oracle,tire_force_static,clay,right_left,7.0,4,103,/home/ksha/Documents/sbel/offroad-control/benchmarking/results/mpc_tire_model_sweep_calibrated_20260828_002629/raw/0113_pacejka_oracle_clay_right_left_v7_b4_s103,ok,0,19.362286806106567,15.0,0.99,/home/ksha/Documents/sbel/offroad-control/benchmarking/results/mpc_tire_model_sweep_calibrated_20260828_002629/raw/0113_pacejka_oracle_clay_right_left_v7_b4_s103/20260828_010256_509843_clay_right_left_acados_pacejka-oracle/diag_clay_right_left_acados_pacejka-oracle.csv,,,1248,0.6040626592094882,1.812111,0.38891447368421056,4.3409239150507855,5.30952,0.6201319878643979,3.948717948717949,8.831199999999999,126.55943250998607,36.42903,-32.510707,0,chrono_body_contact,0,,,,,,,,0
mpc_tire_model_sweep,pacejka_oracle,standard,pacejka-oracle,tire_force_static,clay,right_left,7.0,4,104,/home/ksha/Documents/sbel/offroad-control/benchmarking/results/mpc_tire_model_sweep_calibrated_20260828_002629/raw/0114_pacejka_oracle_clay_right_left_v7_b4_s104,ok,0,19.430773496627808,15.0,0.99,/home/ksha/Documents/sbel/offroad-control/benchmarking/results/mpc_tire_model_sweep_calibrated_20260828_002629/raw/0114_pacejka_oracle_clay_right_left_v7_b4_s104/20260828_010315_891645_clay_right_left_acados_pacejka-oracle/diag_clay_right_left_acados_pacejka-oracle.csv,,,1248,0.5269804542012064,1.666789,0.3423317331486611,4.285003416435826,5.295719999999999,0.612143345205118,3.9911538461538454,9.918399999999993,127.41911879550295,34.835416,-32.445473,0,chrono_body_contact,0,,,,,,,,0
mpc_tire_model_sweep,pacejka_oracle,standard,pacejka-oracle,tire_force_static,clay,right_left,7.0,8,100,/home/ksha/Documents/sbel/offroad-control/benchmarking/results/mpc_tire_model_sweep_calibrated_20260828_002629/raw/0115_pacejka_oracle_clay_right_left_v7_b8_s100,ok,0,19.482088804244995,15.0,0.99,/home/ksha/Documents/sbel/offroad-control/benchmarking/results/mpc_tire_model_sweep_calibrated_20260828_002629/raw/0115_pacejka_oracle_clay_right_left_v7_b8_s100/20260828_010335_343409_clay_right_left_acados_pacejka-oracle/diag_clay_right_left_acados_pacejka-oracle.csv,,,1247,0.43480885821636844,1.667198,0.2696212871652816,4.298487996306556,5.51305,0.6140697137580794,3.9166238973536487,9.854799999999996,126.93920385168497,34.080743,-32.48801,0,chrono_body_contact,0,,,,,,,,0
mpc_tire_model_sweep,pacejka_oracle,standard,pacejka-oracle,tire_force_static,clay,right_left,7.0,8,101,/home/ksha/Documents/sbel/offroad-control/benchmarking/results/mpc_tire_model_sweep_calibrated_20260828_002629/raw/0116_pacejka_oracle_clay_right_left_v7_b8_s101,ok,0,19.528568267822266,15.0,0.99,/home/ksha/Documents/sbel/offroad-control/benchmarking/results/mpc_tire_model_sweep_calibrated_20260828_002629/raw/0116_pacejka_oracle_clay_right_left_v7_b8_s101/20260828_010354_850018_clay_right_left_acados_pacejka-oracle/diag_clay_right_left_acados_pacejka-oracle.csv,,,1248,0.41292128793154764,1.732451,0.24814185133887348,4.315708771929824,5.45658,0.6165298245614034,3.78608173076923,9.437699999999998,123.07709658800984,34.577116,-32.553531,0,chrono_body_contact,0,,,,,,,,0
mpc_tire_model_sweep,pacejka_oracle,standard,pacejka-oracle,tire_force_static,clay,right_left,7.0,8,102,/home/ksha/Documents/sbel/offroad-control/benchmarking/results/mpc_tire_model_sweep_calibrated_20260828_002629/raw/0117_pacejka_oracle_clay_right_left_v7_b8_s102,ok,0,19.53331446647644,15.0,0.99,/home/ksha/Documents/sbel/offroad-control/benchmarking/results/mpc_tire_model_sweep_calibrated_20260828_002629/raw/0117_pacejka_oracle_clay_right_left_v7_b8_s102/20260828_010414_387617_clay_right_left_acados_pacejka-oracle/diag_clay_right_left_acados_pacejka-oracle.csv,,,1248,0.4026522064521821,1.667744,0.24527737950138503,4.306289566020315,5.4557,0.6151842237171878,3.8393189102564103,9.3906,128.09307834260386,34.375877,-32.454669,0,chrono_body_contact,0,,,,,,,,0
mpc_tire_model_sweep,pacejka_oracle,standard,pacejka-oracle,tire_force_static,clay,right_left,7.0,8,103,/home/ksha/Documents/sbel/offroad-control/benchmarking/results/mpc_tire_model_sweep_calibrated_20260828_002629/raw/0118_pacejka_oracle_clay_right_left_v7_b8_s103,ok,0,19.483895540237427,15.0,0.99,/home/ksha/Documents/sbel/offroad-control/benchmarking/results/mpc_tire_model_sweep_calibrated_20260828_002629/raw/0118_pacejka_oracle_clay_right_left_v7_b8_s103/20260828_010433_944110_clay_right_left_acados_pacejka-oracle/diag_clay_right_left_acados_pacejka-oracle.csv,,,1248,0.33038358777896043,1.214448,0.2113717811634349,4.165975069252077,5.41808,0.5951392956074396,4.392780448717949,10.55749999999998,125.82589017921876,32.217922,-31.475961,0,chrono_body_contact,0,,,,,,,,0
mpc_tire_model_sweep,pacejka_oracle,standard,pacejka-oracle,tire_force_static,clay,right_left,7.0,8,104,/home/ksha/Documents/sbel/offroad-control/benchmarking/results/mpc_tire_model_sweep_calibrated_20260828_002629/raw/0119_pacejka_oracle_clay_right_left_v7_b8_s104,ok,0,19.53279423713684,15.0,0.99,/home/ksha/Documents/sbel/offroad-control/benchmarking/results/mpc_tire_model_sweep_calibrated_20260828_002629/raw/0119_pacejka_oracle_clay_right_left_v7_b8_s104/20260828_010453_447952_clay_right_left_acados_pacejka-oracle/diag_clay_right_left_acados_pacejka-oracle.csv,,,1248,0.3937973055582095,1.428503,0.2416033582640813,4.2423326869806095,5.53229,0.6060475267115156,3.9052243589743583,9.431199999999999,127.29935751247253,34.076182,-32.235803,0,chrono_body_contact,0,,,,,,,,0
mpc_tire_model_sweep,pacejka_oracle,standard,pacejka-oracle,tire_force_static,clay,right_left,9.0,0,100,/home/ksha/Documents/sbel/offroad-control/benchmarking/results/mpc_tire_model_sweep_calibrated_20260828_002629/raw/0120_pacejka_oracle_clay_right_left_v9_b0_s100,ok,0,19.181621551513672,15.0,0.99,/home/ksha/Documents/sbel/offroad-control/benchmarking/results/mpc_tire_model_sweep_calibrated_20260828_002629/raw/0120_pacejka_oracle_clay_right_left_v9_b0_s100/20260828_010512_995805_clay_right_left_acados_pacejka-oracle/diag_clay_right_left_acados_pacejka-oracle.csv,,,1248,0.5913923627451483,1.805551,0.3767845521698985,4.348615327793167,5.45857,0.4831794808659075,4.50457532051282,10.361199999999998,127.1481010225051,36.207498,-32.726425,0,chrono_body_contact,0,,,,,,,,0
mpc_tire_model_sweep,pacejka_oracle,standard,pacejka-oracle,tire_force_static,clay,right_left,9.0,0,101,/home/ksha/Documents/sbel/offroad-control/benchmarking/results/mpc_tire_model_sweep_calibrated_20260828_002629/raw/0121_pacejka_oracle_clay_right_left_v9_b0_s101,ok,0,19.17947030067444,15.0,0.99,/home/ksha/Documents/sbel/offroad-control/benchmarking/results/mpc_tire_model_sweep_calibrated_20260828_002629/raw/0121_pacejka_oracle_clay_right_left_v9_b0_s101/20260828_010532_189981_clay_right_left_acados_pacejka-oracle/diag_clay_right_left_acados_pacejka-oracle.csv,,,1248,0.49052186117823815,1.614441,0.30889115512465376,4.26896537396122,5.4907900000000005,0.4743294859956911,3.99948717948718,9.941799999999999,123.12263703812891,35.256775,-32.237232,0,chrono_body_contact,0,,,,,,,,0
mpc_tire_model_sweep,pacejka_oracle,standard,pacejka-oracle,tire_force_static,clay,right_left,9.0,0,102,/home/ksha/Documents/sbel/offroad-control/benchmarking/results/mpc_tire_model_sweep_calibrated_20260828_002629/raw/0122_pacejka_oracle_clay_right_left_v9_b0_s102,ok,0,19.133572101593018,15.0,0.99,/home/ksha/Documents/sbel/offroad-control/benchmarking/results/mpc_tire_model_sweep_calibrated_20260828_002629/raw/0122_pacejka_oracle_clay_right_left_v9_b0_s102/20260828_010551_390201_clay_right_left_acados_pacejka-oracle/diag_clay_right_left_acados_pacejka-oracle.csv,,,1248,0.40585955624108855,1.461057,0.26784554478301015,4.25099325946445,5.4667699999999995,0.4723325843849389,3.836698717948718,9.521199999999999,128.0138056476743,34.097504,-32.193704,0,chrono_body_contact,0,,,,,,,,0
mpc_tire_model_sweep,pacejka_oracle,standard,pacejka-oracle,tire_force_static,clay,right_left,9.0,0,103,/home/ksha/Documents/sbel/offroad-control/benchmarking/results/mpc_tire_model_sweep_calibrated_20260828_002629/raw/0123_pacejka_oracle_clay_right_left_v9_b0_s103,ok,0,19.1323721408844,15.0,0.99,/home/ksha/Documents/sbel/offroad-control/benchmarking/results/mpc_tire_model_sweep_calibrated_20260828_002629/raw/0123_pacejka_oracle_clay_right_left_v9_b0_s103/20260828_010610_534929_clay_right_left_acados_pacejka-oracle/diag_clay_right_left_acados_pacejka-oracle.csv,,,1248,0.8067190592513804,2.347621,0.48314010249307476,4.469404616805171,5.55042,0.4966005129783524,3.8725961538461537,9.817699999999997,127.32414082641931,39.147542,-32.832139,0,chrono_body_contact,0,,,,,,,,0
mpc_tire_model_sweep,pacejka_oracle,standard,pacejka-oracle,tire_force_static,clay,right_left,9.0,0,104,/home/ksha/Documents/sbel/offroad-control/benchmarking/results/mpc_tire_model_sweep_calibrated_20260828_002629/raw/0124_pacejka_oracle_clay_right_left_v9_b0_s104,ok,0,19.18411374092102,15.0,0.99,/home/ksha/Documents/sbel/offroad-control/benchmarking/results/mpc_tire_model_sweep_calibrated_20260828_002629/raw/0124_pacejka_oracle_clay_right_left_v9_b0_s104/20260828_010629_681828_clay_right_left_acados_pacejka-oracle/diag_clay_right_left_acados_pacejka-oracle.csv,,,1248,0.5201259950351375,1.572679,0.3318070701754386,4.300600923361034,5.4708,0.4778445470401149,3.882419871794872,9.670599999999999,127.59926728665819,35.714791,-32.429859,0,chrono_body_contact,0,,,,,,,,0
mpc_tire_model_sweep,pacejka_oracle,standard,pacejka-oracle,tire_force_static,clay,right_left,9.0,4,100,/home/ksha/Documents/sbel/offroad-control/benchmarking/results/mpc_tire_model_sweep_calibrated_20260828_002629/raw/0125_pacejka_oracle_clay_right_left_v9_b4_s100,ok,0,19.37978982925415,15.0,0.99,/home/ksha/Documents/sbel/offroad-control/benchmarking/results/mpc_tire_model_sweep_calibrated_20260828_002629/raw/0125_pacejka_oracle_clay_right_left_v9_b4_s100/20260828_010648_889714_clay_right_left_acados_pacejka-oracle/diag_clay_right_left_acados_pacejka-oracle.csv,,,1248,0.7765788028445121,2.382203,0.47210983841181897,4.390193259464451,5.54057,0.48779925105160565,3.9302884615384617,9.809499999999996,127.40802863331152,37.996122,-32.764903,0,chrono_body_contact,0,,,,,,,,0
mpc_tire_model_sweep,pacejka_oracle,standard,pacejka-oracle,tire_force_static,clay,right_left,9.0,4,101,/home/ksha/Documents/sbel/offroad-control/benchmarking/results/mpc_tire_model_sweep_calibrated_20260828_002629/raw/0126_pacejka_oracle_clay_right_left_v9_b4_s101,ok,0,19.431000232696533,15.0,0.99,/home/ksha/Documents/sbel/offroad-control/benchmarking/results/mpc_tire_model_sweep_calibrated_20260828_002629/raw/0126_pacejka_oracle_clay_right_left_v9_b4_s101/20260828_010708_298424_clay_right_left_acados_pacejka-oracle/diag_clay_right_left_acados_pacejka-oracle.csv,,,1247,0.6045207783792429,1.810849,0.38268886426592796,4.330537303785781,5.428699999999999,0.48117081153175345,3.940521251002406,8.559399999999997,123.12621320388209,36.409554,-32.628494,0,chrono_body_contact,0,,,,,,,,0
mpc_tire_model_sweep,pacejka_oracle,standard,pacejka-oracle,tire_force_static,clay,right_left,9.0,4,102,/home/ksha/Documents/sbel/offroad-control/benchmarking/results/mpc_tire_model_sweep_calibrated_20260828_002629/raw/0127_pacejka_oracle_clay_right_left_v9_b4_s102,ok,0,19.330217838287354,15.0,0.99,/home/ksha/Documents/sbel/offroad-control/benchmarking/results/mpc_tire_model_sweep_calibrated_20260828_002629/raw/0127_pacejka_oracle_clay_right_left_v9_b4_s102/20260828_010727_732745_clay_right_left_acados_pacejka-oracle/diag_clay_right_left_acados_pacejka-oracle.csv,,,1247,0.8096960737139308,2.501978,0.4891656260387811,4.366646352723915,5.52197,0.485182928080435,4.003704891740177,9.380799999999999,128.58534931416128,37.934725,-32.405124,0,chrono_body_contact,0,,,,,,,,0
mpc_tire_model_sweep,pacejka_oracle,standard,pacejka-oracle,tire_force_static,clay,right_left,9.0,4,103,/home/ksha/Documents/sbel/offroad-control/benchmarking/results/mpc_tire_model_sweep_calibrated_20260828_002629/raw/0128_pacejka_oracle_clay_right_left_v9_b4_s103,ok,0,19.334112405776978,15.0,0.99,/home/ksha/Documents/sbel/offroad-control/benchmarking/results/mpc_tire_model_sweep_calibrated_20260828_002629/raw/0128_pacejka_oracle_clay_right_left_v9_b4_s103/20260828_010747_086048_clay_right_left_acados_pacejka-oracle/diag_clay_right_left_acados_pacejka-oracle.csv,,,1248,0.493967127231339,1.648656,0.3157625724838412,4.293514773776547,5.45592,0.47705719708628297,3.94068108974359,9.703599999999996,126.51628198120446,35.117897,-32.609478,0,chrono_body_contact,0,,,,,,,,0
mpc_tire_model_sweep,pacejka_oracle,standard,pacejka-oracle,tire_force_static,clay,right_left,9.0,4,104,/home/ksha/Documents/sbel/offroad-control/benchmarking/results/mpc_tire_model_sweep_calibrated_20260828_002629/raw/0129_pacejka_oracle_clay_right_left_v9_b4_s104,ok,0,19.379441499710083,15.0,0.99,/home/ksha/Documents/sbel/offroad-control/benchmarking/results/mpc_tire_model_sweep_calibrated_20260828_002629/raw/0129_pacejka_oracle_clay_right_left_v9_b4_s104/20260828_010806_440630_clay_right_left_acados_pacejka-oracle/diag_clay_right_left_acados_pacejka-oracle.csv,,,1248,0.7465723303297706,2.367277,0.4510853407202216,4.364596121883657,5.5324,0.48495512465373963,3.8967467948717944,9.806499999999998,127.86478948193698,37.836905,-32.621422,0,chrono_body_contact,0,,,,,,,,0
mpc_tire_model_sweep,pacejka_oracle,standard,pacejka-oracle,tire_force_static,clay,right_left,9.0,8,100,/home/ksha/Documents/sbel/offroad-control/benchmarking/results/mpc_tire_model_sweep_calibrated_20260828_002629/raw/0130_pacejka_oracle_clay_right_left_v9_b8_s100,ok,0,19.481670379638672,15.0,0.99,/home/ksha/Documents/sbel/offroad-control/benchmarking/results/mpc_tire_model_sweep_calibrated_20260828_002629/raw/0130_pacejka_oracle_clay_right_left_v9_b8_s100/20260828_010825_831635_clay_right_left_acados_pacejka-oracle/diag_clay_right_left_acados_pacejka-oracle.csv,,,1248,0.3537250460588965,1.498491,0.21705472022160666,4.235191228070176,5.44301,0.47057680311890837,3.804519230769231,10.267799999999994,126.62804004709301,33.363951,-32.142676,0,chrono_body_contact,0,,,,,,,,0
mpc_tire_model_sweep,pacejka_oracle,standard,pacejka-oracle,tire_force_static,clay,right_left,9.0,8,101,/home/ksha/Documents/sbel/offroad-control/benchmarking/results/mpc_tire_model_sweep_calibrated_20260828_002629/raw/0131_pacejka_oracle_clay_right_left_v9_b8_s101,ok,0,19.436400651931763,15.0,0.99,/home/ksha/Documents/sbel/offroad-control/benchmarking/results/mpc_tire_model_sweep_calibrated_20260828_002629/raw/0131_pacejka_oracle_clay_right_left_v9_b8_s101/20260828_010845_341195_clay_right_left_acados_pacejka-oracle/diag_clay_right_left_acados_pacejka-oracle.csv,,,1248,0.33924738245056174,1.456325,0.21030126592797788,4.185794459833795,5.46379,0.4650882733148661,3.828509615384615,10.562999999999997,122.41521615638463,32.568876,-31.731596,0,chrono_body_contact,0,,,,,,,,0
mpc_tire_model_sweep,pacejka_oracle,standard,pacejka-oracle,tire_force_static,clay,right_left,9.0,8,102,/home/ksha/Documents/sbel/offroad-control/benchmarking/results/mpc_tire_model_sweep_calibrated_20260828_002629/raw/0132_pacejka_oracle_clay_right_left_v9_b8_s102,ok,0,19.477140426635742,15.0,0.99,/home/ksha/Documents/sbel/offroad-control/benchmarking/results/mpc_tire_model_sweep_calibrated_20260828_002629/raw/0132_pacejka_oracle_clay_right_left_v9_b8_s102/20260828_010904_794029_clay_right_left_acados_pacejka-oracle/diag_clay_right_left_acados_pacejka-oracle.csv,,,1248,0.38439433889745184,1.466335,0.24485304616805167,4.243912373037858,5.4687399999999995,0.4715458192264287,3.72395032051282,9.55,127.89891917259098,33.462528,-32.078569,0,chrono_body_contact,0,,,,,,,,0
mpc_tire_model_sweep,pacejka_oracle,standard,pacejka-oracle,tire_force_static,clay,right_left,9.0,8,103,/home/ksha/Documents/sbel/offroad-control/benchmarking/results/mpc_tire_model_sweep_calibrated_20260828_002629/raw/0133_pacejka_oracle_clay_right_left_v9_b8_s103,ok,0,19.433610677719116,15.0,0.99,/home/ksha/Documents/sbel/offroad-control/benchmarking/results/mpc_tire_model_sweep_calibrated_20260828_002629/raw/0133_pacejka_oracle_clay_right_left_v9_b8_s103/20260828_010924_279231_clay_right_left_acados_pacejka-oracle/diag_clay_right_left_acados_pacejka-oracle.csv,,,1248,0.3631284387148961,1.425145,0.22311112650046167,4.2322004616805176,5.5031,0.4702444957422797,3.754919871794872,10.219499999999996,126.14218421658639,33.719872,-32.145042,0,chrono_body_contact,0,,,,,,,,0
mpc_tire_model_sweep,pacejka_oracle,standard,pacejka-oracle,tire_force_static,clay,right_left,9.0,8,104,/home/ksha/Documents/sbel/offroad-control/benchmarking/results/mpc_tire_model_sweep_calibrated_20260828_002629/raw/0134_pacejka_oracle_clay_right_left_v9_b8_s104,ok,0,19.48309326171875,15.0,0.99,/home/ksha/Documents/sbel/offroad-control/benchmarking/results/mpc_tire_model_sweep_calibrated_20260828_002629/raw/0134_pacejka_oracle_clay_right_left_v9_b8_s104/20260828_010943_732467_clay_right_left_acados_pacejka-oracle/diag_clay_right_left_acados_pacejka-oracle.csv,,,1248,0.449613411029019,1.646741,0.2740333915050785,4.30627783933518,5.4754700000000005,0.47847531548168665,3.8567788461538464,9.702999999999998,127.5762583149442,34.751246,-32.583641,0,chrono_body_contact,0,,,,,,,,0
mpc_tire_model_sweep,pacejka_oracle,standard,pacejka-oracle,tire_force_static,dirt,sinusoidal,5.0,0,100,/home/ksha/Documents/sbel/offroad-control/benchmarking/results/mpc_tire_model_sweep_calibrated_20260828_002629/raw/0135_pacejka_oracle_dirt_sinusoidal_v5_b0_s100,ok,0,19.13425922393799,15.0,0.99,/home/ksha/Documents/sbel/offroad-control/benchmarking/results/mpc_tire_model_sweep_calibrated_20260828_002629/raw/0135_pacejka_oracle_dirt_sinusoidal_v5_b0_s100/20260828_011003_233537_dirt_sinusoidal_acados_pacejka-oracle/diag_dirt_sinusoidal_acados_pacejka-oracle.csv,,,1248,0.1473171412316463,0.477681,0.11801134441366574,3.6863734995383197,5.225179999999999,0.7372746999076639,2.131690705128205,3.5005999999999995,124.04529691517605,48.953922,0.612271,0,chrono_body_contact,0,,,,,,,,0
mpc_tire_model_sweep,pacejka_oracle,standard,pacejka-oracle,tire_force_static,dirt,sinusoidal,5.0,0,101,/home/ksha/Documents/sbel/offroad-control/benchmarking/results/mpc_tire_model_sweep_calibrated_20260828_002629/raw/0136_pacejka_oracle_dirt_sinusoidal_v5_b0_s101,ok,0,19.135693073272705,15.0,0.99,/home/ksha/Documents/sbel/offroad-control/benchmarking/results/mpc_tire_model_sweep_calibrated_20260828_002629/raw/0136_pacejka_oracle_dirt_sinusoidal_v5_b0_s101/20260828_011022_392541_dirt_sinusoidal_acados_pacejka-oracle/diag_dirt_sinusoidal_acados_pacejka-oracle.csv,,,1248,0.1479670558503896,0.392283,0.1184784949215143,3.6973467220683287,5.1993599999999995,0.7394693444136657,2.242315705128205,3.5105999999999993,119.9404419051733,49.335985,0.559351,0,chrono_body_contact,0,,,,,,,,0
mpc_tire_model_sweep,pacejka_oracle,standard,pacejka-oracle,tire_force_static,dirt,sinusoidal,5.0,0,102,/home/ksha/Documents/sbel/offroad-control/benchmarking/results/mpc_tire_model_sweep_calibrated_20260828_002629/raw/0137_pacejka_oracle_dirt_sinusoidal_v5_b0_s102,ok,0,19.184011697769165,15.0,0.99,/home/ksha/Documents/sbel/offroad-control/benchmarking/results/mpc_tire_model_sweep_calibrated_20260828_002629/raw/0137_pacejka_oracle_dirt_sinusoidal_v5_b0_s102/20260828_011041_541389_dirt_sinusoidal_acados_pacejka-oracle/diag_dirt_sinusoidal_acados_pacejka-oracle.csv,,,1248,0.1511725835324309,0.432248,0.12244219667590027,3.6453216989843034,5.22921,0.7290643397968607,2.1599439102564104,3.2652999999999994,124.94219092182144,48.523294,0.92475,0,chrono_body_contact,0,,,,,,,,0
mpc_tire_model_sweep,pacejka_oracle,standard,pacejka-oracle,tire_force_static,dirt,sinusoidal,5.0,0,103,/home/ksha/Documents/sbel/offroad-control/benchmarking/results/mpc_tire_model_sweep_calibrated_20260828_002629/raw/0138_pacejka_oracle_dirt_sinusoidal_v5_b0_s103,ok,0,19.18057942390442,15.0,0.99,/home/ksha/Documents/sbel/offroad-control/benchmarking/results/mpc_tire_model_sweep_calibrated_20260828_002629/raw/0138_pacejka_oracle_dirt_sinusoidal_v5_b0_s103/20260828_011100_737766_dirt_sinusoidal_acados_pacejka-oracle/diag_dirt_sinusoidal_acados_pacejka-oracle.csv,,,1248,0.15107589805075494,0.429393,0.12195769252077561,3.5965513388734993,5.21558,0.7193102677746999,2.8559775641025644,4.375299999999999,122.8082085554357,47.934413,1.185332,0,chrono_body_contact,0,,,,,,,,0
mpc_tire_model_sweep,pacejka_oracle,standard,pacejka-oracle,tire_force_static,dirt,sinusoidal,5.0,0,104,/home/ksha/Documents/sbel/offroad-control/benchmarking/results/mpc_tire_model_sweep_calibrated_20260828_002629/raw/0139_pacejka_oracle_dirt_sinusoidal_v5_b0_s104,ok,0,19.13596773147583,15.0,0.99,/home/ksha/Documents/sbel/offroad-control/benchmarking/results/mpc_tire_model_sweep_calibrated_20260828_002629/raw/0139_pacejka_oracle_dirt_sinusoidal_v5_b0_s104/20260828_011119_941271_dirt_sinusoidal_acados_pacejka-oracle/diag_dirt_sinusoidal_acados_pacejka-oracle.csv,,,1248,0.1531594385312621,0.471799,0.12389742012927053,3.7600495844875343,5.21857,0.7520099168975068,2.6845272435897436,4.180599999999999,123.86345073777224,50.051691,0.110189,0,chrono_body_contact,0,,,,,,,,0
mpc_tire_model_sweep,pacejka_oracle,standard,pacejka-oracle,tire_force_static,dirt,sinusoidal,5.0,4,100,/home/ksha/Documents/sbel/offroad-control/benchmarking/results/mpc_tire_model_sweep_calibrated_20260828_002629/raw/0140_pacejka_oracle_dirt_sinusoidal_v5_b4_s100,ok,0,19.331178188323975,15.0,0.99,/home/ksha/Documents/sbel/offroad-control/benchmarking/results/mpc_tire_model_sweep_calibrated_20260828_002629/raw/0140_pacejka_oracle_dirt_sinusoidal_v5_b4_s100/20260828_011139_095964_dirt_sinusoidal_acados_pacejka-oracle/diag_dirt_sinusoidal_acados_pacejka-oracle.csv,,,1248,0.14601973893930906,0.446002,0.1162648568790397,3.5564061865189287,5.17136,0.7112812373037858,2.1306971153846157,3.2805999999999993,123.50991159659192,47.431016,1.313423,0,chrono_body_contact,0,,,,,,,,0
mpc_tire_model_sweep,pacejka_oracle,standard,pacejka-oracle,tire_force_static,dirt,sinusoidal,5.0,4,101,/home/ksha/Documents/sbel/offroad-control/benchmarking/results/mpc_tire_model_sweep_calibrated_20260828_002629/raw/0141_pacejka_oracle_dirt_sinusoidal_v5_b4_s101,ok,0,19.390398740768433,15.0,0.99,/home/ksha/Documents/sbel/offroad-control/benchmarking/results/mpc_tire_model_sweep_calibrated_20260828_002629/raw/0141_pacejka_oracle_dirt_sinusoidal_v5_b4_s101/20260828_011158_452544_dirt_sinusoidal_acados_pacejka-oracle/diag_dirt_sinusoidal_acados_pacejka-oracle.csv,,,1248,0.15598820216443046,0.417101,0.12396332594644507,3.6286634349030473,5.12998,0.7257326869806094,2.1838141025641025,3.3805999999999994,119.76826601404821,48.469949,0.976662,0,chrono_body_contact,0,,,,,,,,0
mpc_tire_model_sweep,pacejka_oracle,standard,pacejka-oracle,tire_force_static,dirt,sinusoidal,5.0,4,102,/home/ksha/Documents/sbel/offroad-control/benchmarking/results/mpc_tire_model_sweep_calibrated_20260828_002629/raw/0142_pacejka_oracle_dirt_sinusoidal_v5_b4_s102,ok,0,19.381124019622803,15.0,0.99,/home/ksha/Documents/sbel/offroad-control/benchmarking/results/mpc_tire_model_sweep_calibrated_20260828_002629/raw/0142_pacejka_oracle_dirt_sinusoidal_v5_b4_s102/20260828_011217_864398_dirt_sinusoidal_acados_pacejka-oracle/diag_dirt_sinusoidal_acados_pacejka-oracle.csv,,,1248,0.15093543527445255,0.434528,0.12252715050784858,3.5776737765466295,5.117369999999998,0.7155347553093259,2.1393509615384616,3.1252999999999997,124.64690750905051,47.725232,1.269438,0,chrono_body_contact,0,,,,,,,,0
mpc_tire_model_sweep,pacejka_oracle,standard,pacejka-oracle,tire_force_static,dirt,sinusoidal,5.0,4,103,/home/ksha/Documents/sbel/offroad-control/benchmarking/results/mpc_tire_model_sweep_calibrated_20260828_002629/raw/0143_pacejka_oracle_dirt_sinusoidal_v5_b4_s103,ok,0,19.382667541503906,15.0,0.99,/home/ksha/Documents/sbel/offroad-control/benchmarking/results/mpc_tire_model_sweep_calibrated_20260828_002629/raw/0143_pacejka_oracle_dirt_sinusoidal_v5_b4_s103/20260828_011237_268026_dirt_sinusoidal_acados_pacejka-oracle/diag_dirt_sinusoidal_acados_pacejka-oracle.csv,,,1248,0.1552287329084826,0.453522,0.12522133702677749,3.6994577100646353,5.21059,0.7398915420129271,2.842588141025641,4.25,123.19381907648057,49.193226,0.605806,0,chrono_body_contact,0,,,,,,,,0
mpc_tire_model_sweep,pacejka_oracle,standard,pacejka-oracle,tire_force_static,dirt,sinusoidal,5.0,4,104,/home/ksha/Documents/sbel/offroad-control/benchmarking/results/mpc_tire_model_sweep_calibrated_20260828_002629/raw/0144_pacejka_oracle_dirt_sinusoidal_v5_b4_s104,ok,0,19.336883068084717,15.0,0.99,/home/ksha/Documents/sbel/offroad-control/benchmarking/results/mpc_tire_model_sweep_calibrated_20260828_002629/raw/0144_pacejka_oracle_dirt_sinusoidal_v5_b4_s104/20260828_011256_672368_dirt_sinusoidal_acados_pacejka-oracle/diag_dirt_sinusoidal_acados_pacejka-oracle.csv,,,1248,0.15249035586741122,0.45358,0.12084459187442291,3.6368041551246537,5.190939999999999,0.7273608310249308,2.1430528846153845,3.310599999999999,123.41072186139128,48.540335,0.857869,0,chrono_body_contact,0,,,,,,,,0
mpc_tire_model_sweep,pacejka_oracle,standard,pacejka-oracle,tire_force_static,dirt,sinusoidal,5.0,8,100,/home/ksha/Documents/sbel/offroad-control/benchmarking/results/mpc_tire_model_sweep_calibrated_20260828_002629/raw/0145_pacejka_oracle_dirt_sinusoidal_v5_b8_s100,ok,0,19.490062475204468,15.0,0.99,/home/ksha/Documents/sbel/offroad-control/benchmarking/results/mpc_tire_model_sweep_calibrated_20260828_002629/raw/0145_pacejka_oracle_dirt_sinusoidal_v5_b8_s100/20260828_011316_028831_dirt_sinusoidal_acados_pacejka-oracle/diag_dirt_sinusoidal_acados_pacejka-oracle.csv,,,1248,0.1539914508623861,0.494231,0.12229417820867959,3.7172792243767314,5.260759999999999,0.7434558448753463,2.5147435897435892,4.260599999999999,124.15245623743115,49.355355,0.451342,0,chrono_body_contact,0,,,,,,,,0
mpc_tire_model_sweep,pacejka_oracle,standard,pacejka-oracle,tire_force_static,dirt,sinusoidal,5.0,8,101,/home/ksha/Documents/sbel/offroad-control/benchmarking/results/mpc_tire_model_sweep_calibrated_20260828_002629/raw/0146_pacejka_oracle_dirt_sinusoidal_v5_b8_s101,ok,0,19.490286111831665,15.0,0.99,/home/ksha/Documents/sbel/offroad-control/benchmarking/results/mpc_tire_model_sweep_calibrated_20260828_002629/raw/0146_pacejka_oracle_dirt_sinusoidal_v5_b8_s101/20260828_011335_539502_dirt_sinusoidal_acados_pacejka-oracle/diag_dirt_sinusoidal_acados_pacejka-oracle.csv,,,1248,0.15725628210509748,0.416168,0.12637705263157895,3.8039256694367496,5.3265400000000005,0.7607851338873499,2.3010176282051282,3.6052999999999997,120.16720968962585,50.519234,-0.010956,0,chrono_body_contact,0,,,,,,,,0
mpc_tire_model_sweep,pacejka_oracle,standard,pacejka-oracle,tire_force_static,dirt,sinusoidal,5.0,8,102,/home/ksha/Documents/sbel/offroad-control/benchmarking/results/mpc_tire_model_sweep_calibrated_20260828_002629/raw/0147_pacejka_oracle_dirt_sinusoidal_v5_b8_s102,ok,0,19.487077951431274,15.0,0.99,/home/ksha/Documents/sbel/offroad-control/benchmarking/results/mpc_tire_model_sweep_calibrated_20260828_002629/raw/0147_pacejka_oracle_dirt_sinusoidal_v5_b8_s102/20260828_011355_050456_dirt_sinusoidal_acados_pacejka-oracle/diag_dirt_sinusoidal_acados_pacejka-oracle.csv,,,1248,0.1543469152979472,0.450615,0.12436241458910434,3.606603970452447,5.34556,0.7213207940904894,2.197411858974359,3.2505999999999995,124.80243812344645,47.796319,1.275126,0,chrono_body_contact,0,,,,,,,,0
mpc_tire_model_sweep,pacejka_oracle,standard,pacejka-oracle,tire_force_static,dirt,sinusoidal,5.0,8,103,/home/ksha/Documents/sbel/offroad-control/benchmarking/results/mpc_tire_model_sweep_calibrated_20260828_002629/raw/0148_pacejka_oracle_dirt_sinusoidal_v5_b8_s103,ok,0,19.483789443969727,15.0,0.99,/home/ksha/Documents/sbel/offroad-control/benchmarking/results/mpc_tire_model_sweep_calibrated_20260828_002629/raw/0148_pacejka_oracle_dirt_sinusoidal_v5_b8_s103/20260828_011414_562026_dirt_sinusoidal_acados_pacejka-oracle/diag_dirt_sinusoidal_acados_pacejka-oracle.csv,,,1248,0.1608240730212519,0.502179,0.12996094736842104,3.8510122807017546,5.33521,0.7702024561403509,2.194054487179487,3.46,123.4776810645008,50.833599,-0.232148,0,chrono_body_contact,0,,,,,,,,0
mpc_tire_model_sweep,pacejka_oracle,standard,pacejka-oracle,tire_force_static,dirt,sinusoidal,5.0,8,104,/home/ksha/Documents/sbel/offroad-control/benchmarking/results/mpc_tire_model_sweep_calibrated_20260828_002629/raw/0149_pacejka_oracle_dirt_sinusoidal_v5_b8_s104,ok,0,19.48687982559204,15.0,0.99,/home/ksha/Documents/sbel/offroad-control/benchmarking/results/mpc_tire_model_sweep_calibrated_20260828_002629/raw/0149_pacejka_oracle_dirt_sinusoidal_v5_b8_s104/20260828_011434_067997_dirt_sinusoidal_acados_pacejka-oracle/diag_dirt_sinusoidal_acados_pacejka-oracle.csv,,,1248,0.15674310409568956,0.402403,0.12366856048014772,3.5981581717451525,5.29,0.7196316343490305,2.1664823717948716,3.27,123.19597314947417,47.813099,1.209108,0,chrono_body_contact,0,,,,,,,,0
mpc_tire_model_sweep,pacejka_oracle,standard,pacejka-oracle,tire_force_static,dirt,sinusoidal,7.0,0,100,/home/ksha/Documents/sbel/offroad-control/benchmarking/results/mpc_tire_model_sweep_calibrated_20260828_002629/raw/0150_pacejka_oracle_dirt_sinusoidal_v7_b0_s100,ok,0,19.137139320373535,15.0,0.99,/home/ksha/Documents/sbel/offroad-control/benchmarking/results/mpc_tire_model_sweep_calibrated_20260828_002629/raw/0150_pacejka_oracle_dirt_sinusoidal_v7_b0_s100/20260828_011453_572629_dirt_sinusoidal_acados_pacejka-oracle/diag_dirt_sinusoidal_acados_pacejka-oracle.csv,,,1248,0.6386565285565678,1.966897,0.40108859279778397,4.397313296398892,6.792529999999999,0.6281876137712702,2.644815705128205,4.1511999999999984,128.8196522959698,57.333955,-1.48133,0,chrono_body_contact,0,,,,,,,,0
mpc_tire_model_sweep,pacejka_oracle,standard,pacejka-oracle,tire_force_static,dirt,sinusoidal,7.0,0,101,/home/ksha/Documents/sbel/offroad-control/benchmarking/results/mpc_tire_model_sweep_calibrated_20260828_002629/raw/0151_pacejka_oracle_dirt_sinusoidal_v7_b0_s101,ok,0,19.13365650177002,15.0,0.99,/home/ksha/Documents/sbel/offroad-control/benchmarking/results/mpc_tire_model_sweep_calibrated_20260828_002629/raw/0151_pacejka_oracle_dirt_sinusoidal_v7_b0_s101/20260828_011512_728237_dirt_sinusoidal_acados_pacejka-oracle/diag_dirt_sinusoidal_acados_pacejka-oracle.csv,,,1248,0.6054775982169451,1.832664,0.3799947746999077,4.387030101569715,6.7534399999999986,0.6267185859385307,2.6182211538461537,3.9652999999999996,124.53898097381459,57.425098,-1.533399,0,chrono_body_contact,0,,,,,,,,0
mpc_tire_model_sweep,pacejka_oracle,standard,pacejka-oracle,tire_force_static,dirt,sinusoidal,7.0,0,102,/home/ksha/Documents/sbel/offroad-control/benchmarking/results/mpc_tire_model_sweep_calibrated_20260828_002629/raw/0152_pacejka_oracle_dirt_sinusoidal_v7_b0_s102,ok,0,19.190125226974487,15.0,0.99,/home/ksha/Documents/sbel/offroad-control/benchmarking/results/mpc_tire_model_sweep_calibrated_20260828_002629/raw/0152_pacejka_oracle_dirt_sinusoidal_v7_b0_s102/20260828_011531_884721_dirt_sinusoidal_acados_pacejka-oracle/diag_dirt_sinusoidal_acados_pacejka-oracle.csv,,,1248,0.6558322844739397,2.046436,0.4077490969529086,4.383164542936288,6.745909999999999,0.6261663632766126,2.623894230769231,4.0005999999999995,129.85486189177368,57.26731,-1.277918,0,chrono_body_contact,0,,,,,,,,0
mpc_tire_model_sweep,pacejka_oracle,standard,pacejka-oracle,tire_force_static,dirt,sinusoidal,7.0,0,103,/home/ksha/Documents/sbel/offroad-control/benchmarking/results/mpc_tire_model_sweep_calibrated_20260828_002629/raw/0153_pacejka_oracle_dirt_sinusoidal_v7_b0_s103,ok,0,19.135568141937256,15.0,0.99,/home/ksha/Documents/sbel/offroad-control/benchmarking/results/mpc_tire_model_sweep_calibrated_20260828_002629/raw/0153_pacejka_oracle_dirt_sinusoidal_v7_b0_s103/20260828_011551_097498_dirt_sinusoidal_acados_pacejka-oracle/diag_dirt_sinusoidal_acados_pacejka-oracle.csv,,,1248,0.5548223230588079,1.75431,0.3538511440443213,4.318856232686981,6.538819999999999,0.6169794618124259,2.598116987179487,3.9758999999999993,127.25835503678866,56.468017,-1.396492,0,chrono_body_contact,0,,,,,,,,0
mpc_tire_model_sweep,pacejka_oracle,standard,pacejka-oracle,tire_force_static,dirt,sinusoidal,7.0,0,104,/home/ksha/Documents/sbel/offroad-control/benchmarking/results/mpc_tire_model_sweep_calibrated_20260828_002629/raw/0154_pacejka_oracle_dirt_sinusoidal_v7_b0_s104,ok,0,19.136160850524902,15.0,0.99,/home/ksha/Documents/sbel/offroad-control/benchmarking/results/mpc_tire_model_sweep_calibrated_20260828_002629/raw/0154_pacejka_oracle_dirt_sinusoidal_v7_b0_s104/20260828_011610_243602_dirt_sinusoidal_acados_pacejka-oracle/diag_dirt_sinusoidal_acados_pacejka-oracle.csv,,,1248,0.5719045569685862,1.768437,0.3588654496768236,4.306390858725761,6.64126,0.6151986941036801,2.6274519230769235,3.99,127.81188295508673,56.403575,-1.315785,0,chrono_body_contact,0,,,,,,,,0
mpc_tire_model_sweep,pacejka_oracle,standard,pacejka-oracle,tire_force_static,dirt,sinusoidal,7.0,4,100,/home/ksha/Documents/sbel/offroad-control/benchmarking/results/mpc_tire_model_sweep_calibrated_20260828_002629/raw/0155_pacejka_oracle_dirt_sinusoidal_v7_b4_s100,ok,0,19.38708186149597,15.0,0.99,/home/ksha/Documents/sbel/offroad-control/benchmarking/results/mpc_tire_model_sweep_calibrated_20260828_002629/raw/0155_pacejka_oracle_dirt_sinusoidal_v7_b4_s100/20260828_011629_397025_dirt_sinusoidal_acados_pacejka-oracle/diag_dirt_sinusoidal_acados_pacejka-oracle.csv,,,1248,0.6411955682615392,1.943404,0.4016910101569714,4.382313111726686,6.77615,0.6260447302466694,3.15443108974359,4.875299999999999,128.74938085750773,57.179386,-1.438497,0,chrono_body_contact,0,,,,,,,,0
mpc_tire_model_sweep,pacejka_oracle,standard,pacejka-oracle,tire_force_static,dirt,sinusoidal,7.0,4,101,/home/ksha/Documents/sbel/offroad-control/benchmarking/results/mpc_tire_model_sweep_calibrated_20260828_002629/raw/0156_pacejka_oracle_dirt_sinusoidal_v7_b4_s101,ok,0,19.33223271369934,15.0,0.99,/home/ksha/Documents/sbel/offroad-control/benchmarking/results/mpc_tire_model_sweep_calibrated_20260828_002629/raw/0156_pacejka_oracle_dirt_sinusoidal_v7_b4_s101/20260828_011648_805103_dirt_sinusoidal_acados_pacejka-oracle/diag_dirt_sinusoidal_acados_pacejka-oracle.csv,,,1248,0.6331593611065532,1.934652,0.3927501458910434,4.258019667590027,6.617809999999999,0.6082885239414324,3.09056891025641,5.0005999999999995,124.09612946510418,55.846279,-0.740613,0,chrono_body_contact,0,,,,,,,,0
mpc_tire_model_sweep,pacejka_oracle,standard,pacejka-oracle,tire_force_static,dirt,sinusoidal,7.0,4,102,/home/ksha/Documents/sbel/offroad-control/benchmarking/results/mpc_tire_model_sweep_calibrated_20260828_002629/raw/0157_pacejka_oracle_dirt_sinusoidal_v7_b4_s102,ok,0,19.339076280593872,15.0,0.99,/home/ksha/Documents/sbel/offroad-control/benchmarking/results/mpc_tire_model_sweep_calibrated_20260828_002629/raw/0157_pacejka_oracle_dirt_sinusoidal_v7_b4_s102/20260828_011708_159600_dirt_sinusoidal_acados_pacejka-oracle/diag_dirt_sinusoidal_acados_pacejka-oracle.csv,,,1248,0.5886168130069777,1.773967,0.3788611154201293,4.428299076638966,6.772899999999999,0.6326141538055666,2.8379727564102564,4.9258999999999995,129.88196872242872,57.884579,-1.790321,0,chrono_body_contact,0,,,,,,,,0
mpc_tire_model_sweep,pacejka_oracle,standard,pacejka-oracle,tire_force_static,dirt,sinusoidal,7.0,4,103,/home/ksha/Documents/sbel/offroad-control/benchmarking/results/mpc_tire_model_sweep_calibrated_20260828_002629/raw/0158_pacejka_oracle_dirt_sinusoidal_v7_b4_s103,ok,0,19.3842613697052,15.0,0.99,/home/ksha/Documents/sbel/offroad-control/benchmarking/results/mpc_tire_model_sweep_calibrated_20260828_002629/raw/0158_pacejka_oracle_dirt_sinusoidal_v7_b4_s103/20260828_011727_525830_dirt_sinusoidal_acados_pacejka-oracle/diag_dirt_sinusoidal_acados_pacejka-oracle.csv,,,1248,0.6612438409708785,2.016191,0.4101705632502309,4.375198337950138,6.71228,0.6250283339928769,3.3131410256410256,5.17,127.80469721792666,57.247086,-1.269022,0,chrono_body_contact,0,,,,,,,,0
mpc_tire_model_sweep,pacejka_oracle,standard,pacejka-oracle,tire_force_static,dirt,sinusoidal,7.0,4,104,/home/ksha/Documents/sbel/offroad-control/benchmarking/results/mpc_tire_model_sweep_calibrated_20260828_002629/raw/0159_pacejka_oracle_dirt_sinusoidal_v7_b4_s104,ok,0,19.388622760772705,15.0,0.99,/home/ksha/Documents/sbel/offroad-control/benchmarking/results/mpc_tire_model_sweep_calibrated_20260828_002629/raw/0159_pacejka_oracle_dirt_sinusoidal_v7_b4_s104/20260828_011746_920703_dirt_sinusoidal_acados_pacejka-oracle/diag_dirt_sinusoidal_acados_pacejka-oracle.csv,,,1248,0.5448182434901204,1.667126,0.35030091228070176,4.306840443213296,6.631969999999999,0.6152629204590422,3.3401041666666673,4.93,127.81232989219387,56.377712,-1.476513,0,chrono_body_contact,0,,,,,,,,0
mpc_tire_model_sweep,pacejka_oracle,standard,pacejka-oracle,tire_force_static,dirt,sinusoidal,7.0,8,100,/home/ksha/Documents/sbel/offroad-control/benchmarking/results/mpc_tire_model_sweep_calibrated_20260828_002629/raw/0160_pacejka_oracle_dirt_sinusoidal_v7_b8_s100,ok,0,19.486457347869873,15.0,0.99,/home/ksha/Documents/sbel/offroad-control/benchmarking/results/mpc_tire_model_sweep_calibrated_20260828_002629/raw/0160_pacejka_oracle_dirt_sinusoidal_v7_b8_s100/20260828_011806_323737_dirt_sinusoidal_acados_pacejka-oracle/diag_dirt_sinusoidal_acados_pacejka-oracle.csv,,,1247,0.5404872700951807,1.652269,0.35795923453370265,4.487665835641735,6.6091500000000005,0.6410951193773907,2.7670970328789095,4.126199999999999,128.9227506345012,58.366533,-2.172379,0,chrono_body_contact,0,,,,,,,,0
mpc_tire_model_sweep,pacejka_oracle,standard,pacejka-oracle,tire_force_static,dirt,sinusoidal,7.0,8,101,/home/ksha/Documents/sbel/offroad-control/benchmarking/results/mpc_tire_model_sweep_calibrated_20260828_002629/raw/0161_pacejka_oracle_dirt_sinusoidal_v7_b8_s101,ok,0,19.48989200592041,15.0,0.99,/home/ksha/Documents/sbel/offroad-control/benchmarking/results/mpc_tire_model_sweep_calibrated_20260828_002629/raw/0161_pacejka_oracle_dirt_sinusoidal_v7_b8_s101/20260828_011825_848823_dirt_sinusoidal_acados_pacejka-oracle/diag_dirt_sinusoidal_acados_pacejka-oracle.csv,,,1248,0.5583076705342829,1.733502,0.361495108956602,4.360283564173592,6.468249999999999,0.6228976520247989,2.6429567307692308,3.94,124.05389117716531,56.825649,-1.43326,0,chrono_body_contact,0,,,,,,,,0
mpc_tire_model_sweep,pacejka_oracle,standard,pacejka-oracle,tire_force_static,dirt,sinusoidal,7.0,8,102,/home/ksha/Documents/sbel/offroad-control/benchmarking/results/mpc_tire_model_sweep_calibrated_20260828_002629/raw/0162_pacejka_oracle_dirt_sinusoidal_v7_b8_s102,ok,0,19.48465085029602,15.0,0.99,/home/ksha/Documents/sbel/offroad-control/benchmarking/results/mpc_tire_model_sweep_calibrated_20260828_002629/raw/0162_pacejka_oracle_dirt_sinusoidal_v7_b8_s102/20260828_011845_356089_dirt_sinusoidal_acados_pacejka-oracle/diag_dirt_sinusoidal_acados_pacejka-oracle.csv,,,1248,0.5156472850256367,1.595944,0.340280513388735,4.316402493074792,6.48683,0.6166289275821131,2.6152483974358973,3.791199999999999,129.13782032315132,56.223016,-1.424137,0,chrono_body_contact,0,,,,,,,,0
mpc_tire_model_sweep,pacejka_oracle,standard,pacejka-oracle,tire_force_static,dirt,sinusoidal,7.0,8,103,/home/ksha/Documents/sbel/offroad-control/benchmarking/results/mpc_tire_model_sweep_calibrated_20260828_002629/raw/0163_pacejka_oracle_dirt_sinusoidal_v7_b8_s103,ok,0,19.49204707145691,15.0,0.99,/home/ksha/Documents/sbel/offroad-control/benchmarking/results/mpc_tire_model_sweep_calibrated_20260828_002629/raw/0163_pacejka_oracle_dirt_sinusoidal_v7_b8_s103/20260828_011904_858475_dirt_sinusoidal_acados_pacejka-oracle/diag_dirt_sinusoidal_acados_pacejka-oracle.csv,,,1248,0.5512394490797798,1.723682,0.35547701662049863,4.365302770083103,6.554029999999999,0.6236146814404433,2.6232852564102567,3.8752999999999997,127.48221603431213,57.022999,-1.531066,0,chrono_body_contact,0,,,,,,,,0
mpc_tire_model_sweep,pacejka_oracle,standard,pacejka-oracle,tire_force_static,dirt,sinusoidal,7.0,8,104,/home/ksha/Documents/sbel/offroad-control/benchmarking/results/mpc_tire_model_sweep_calibrated_20260828_002629/raw/0164_pacejka_oracle_dirt_sinusoidal_v7_b8_s104,ok,0,19.485928773880005,15.0,0.99,/home/ksha/Documents/sbel/offroad-control/benchmarking/results/mpc_tire_model_sweep_calibrated_20260828_002629/raw/0164_pacejka_oracle_dirt_sinusoidal_v7_b8_s104/20260828_011924_374143_dirt_sinusoidal_acados_pacejka-oracle/diag_dirt_sinusoidal_acados_pacejka-oracle.csv,,,1248,0.5383994948092717,1.681351,0.35869640443213296,4.525416805170822,6.622889999999999,0.6464881150244032,3.4351522435897435,5.276499999999999,128.8063708180738,58.95452,-2.311558,0,chrono_body_contact,0,,,,,,,,0
mpc_tire_model_sweep,pacejka_oracle,standard,pacejka-oracle,tire_force_static,dirt,sinusoidal,9.0,0,100,/home/ksha/Documents/sbel/offroad-control/benchmarking/results/mpc_tire_model_sweep_calibrated_20260828_002629/raw/0165_pacejka_oracle_dirt_sinusoidal_v9_b0_s100,ok,0,19.18076753616333,15.0,0.99,/home/ksha/Documents/sbel/offroad-control/benchmarking/results/mpc_tire_model_sweep_calibrated_20260828_002629/raw/0165_pacejka_oracle_dirt_sinusoidal_v9_b0_s100/20260828_011943_881631_dirt_sinusoidal_acados_pacejka-oracle/diag_dirt_sinusoidal_acados_pacejka-oracle.csv,,,1248,0.6670893872602306,2.064816,0.41572913388735,4.561285595567867,7.0088099999999995,0.5068095106186519,2.712491987179487,4.205899999999999,129.6909322315068,59.471934,-1.998474,0,chrono_body_contact,0,,,,,,,,0
mpc_tire_model_sweep,pacejka_oracle,standard,pacejka-oracle,tire_force_static,dirt,sinusoidal,9.0,0,101,/home/ksha/Documents/sbel/offroad-control/benchmarking/results/mpc_tire_model_sweep_calibrated_20260828_002629/raw/0166_pacejka_oracle_dirt_sinusoidal_v9_b0_s101,ok,0,19.15853261947632,15.0,0.99,/home/ksha/Documents/sbel/offroad-control/benchmarking/results/mpc_tire_model_sweep_calibrated_20260828_002629/raw/0166_pacejka_oracle_dirt_sinusoidal_v9_b0_s101/20260828_012003_080622_dirt_sinusoidal_acados_pacejka-oracle/diag_dirt_sinusoidal_acados_pacejka-oracle.csv,,,1248,0.6935621234130247,2.059692,0.4295615420129271,4.580683010156971,7.07165,0.5089647789063301,3.3367788461538463,5.345299999999999,125.70838379676341,59.911739,-1.925415,0,chrono_body_contact,0,,,,,,,,0
mpc_tire_model_sweep,pacejka_oracle,standard,pacejka-oracle,tire_force_static,dirt,sinusoidal,9.0,0,102,/home/ksha/Documents/sbel/offroad-control/benchmarking/results/mpc_tire_model_sweep_calibrated_20260828_002629/raw/0167_pacejka_oracle_dirt_sinusoidal_v9_b0_s102,ok,0,19.170365571975708,15.0,0.99,/home/ksha/Documents/sbel/offroad-control/benchmarking/results/mpc_tire_model_sweep_calibrated_20260828_002629/raw/0167_pacejka_oracle_dirt_sinusoidal_v9_b0_s102/20260828_012022_251192_dirt_sinusoidal_acados_pacejka-oracle/diag_dirt_sinusoidal_acados_pacejka-oracle.csv,,,1248,0.7189543908173915,2.173401,0.4359397913204063,4.4727136657433055,6.912909999999999,0.4969681850825895,2.6724599358974364,4.095299999999999,130.24790340458827,58.422439,-1.364957,0,chrono_body_contact,0,,,,,,,,0
mpc_tire_model_sweep,pacejka_oracle,standard,pacejka-oracle,tire_force_static,dirt,sinusoidal,9.0,0,103,/home/ksha/Documents/sbel/offroad-control/benchmarking/results/mpc_tire_model_sweep_calibrated_20260828_002629/raw/0168_pacejka_oracle_dirt_sinusoidal_v9_b0_s103,ok,0,19.164403438568115,15.0,0.99,/home/ksha/Documents/sbel/offroad-control/benchmarking/results/mpc_tire_model_sweep_calibrated_20260828_002629/raw/0168_pacejka_oracle_dirt_sinusoidal_v9_b0_s103/20260828_012041_464812_dirt_sinusoidal_acados_pacejka-oracle/diag_dirt_sinusoidal_acados_pacejka-oracle.csv,,,1248,0.6499737484661952,1.99274,0.40122888088642655,4.454039150507849,6.83069,0.4948932389453165,2.6707211538461544,4.09,128.14338946530728,58.239196,-1.616386,0,chrono_body_contact,0,,,,,,,,0
mpc_tire_model_sweep,pacejka_oracle,standard,pacejka-oracle,tire_force_static,dirt,sinusoidal,9.0,0,104,/home/ksha/Documents/sbel/offroad-control/benchmarking/results/mpc_tire_model_sweep_calibrated_20260828_002629/raw/0169_pacejka_oracle_dirt_sinusoidal_v9_b0_s104,ok,0,19.175262928009033,15.0,0.99,/home/ksha/Documents/sbel/offroad-control/benchmarking/results/mpc_tire_model_sweep_calibrated_20260828_002629/raw/0169_pacejka_oracle_dirt_sinusoidal_v9_b0_s104/20260828_012100_622744_dirt_sinusoidal_acados_pacejka-oracle/diag_dirt_sinusoidal_acados_pacejka-oracle.csv,,,1248,0.6974486001391819,2.143353,0.4320168005540166,4.542298430286242,6.9770199999999996,0.5046998255873603,2.692844551282051,4.125899999999999,129.19981139308493,59.359321,-1.837976,0,chrono_body_contact,0,,,,,,,,0
mpc_tire_model_sweep,pacejka_oracle,standard,pacejka-oracle,tire_force_static,dirt,sinusoidal,9.0,4,100,/home/ksha/Documents/sbel/offroad-control/benchmarking/results/mpc_tire_model_sweep_calibrated_20260828_002629/raw/0170_pacejka_oracle_dirt_sinusoidal_v9_b4_s100,ok,0,19.40070152282715,15.0,0.99,/home/ksha/Documents/sbel/offroad-control/benchmarking/results/mpc_tire_model_sweep_calibrated_20260828_002629/raw/0170_pacejka_oracle_dirt_sinusoidal_v9_b4_s100/20260828_012119_823692_dirt_sinusoidal_acados_pacejka-oracle/diag_dirt_sinusoidal_acados_pacejka-oracle.csv,,,1247,0.7264200391374837,2.272991,0.43765563342566943,4.374372206832872,6.82662,0.48604135631476353,2.813135525260625,4.120799999999999,128.74661026643565,57.156762,-1.062532,0,chrono_body_contact,0,,,,,,,,0
mpc_tire_model_sweep,pacejka_oracle,standard,pacejka-oracle,tire_force_static,dirt,sinusoidal,9.0,4,101,/home/ksha/Documents/sbel/offroad-control/benchmarking/results/mpc_tire_model_sweep_calibrated_20260828_002629/raw/0171_pacejka_oracle_dirt_sinusoidal_v9_b4_s101,ok,0,19.380826234817505,15.0,0.99,/home/ksha/Documents/sbel/offroad-control/benchmarking/results/mpc_tire_model_sweep_calibrated_20260828_002629/raw/0171_pacejka_oracle_dirt_sinusoidal_v9_b4_s101/20260828_012139_263136_dirt_sinusoidal_acados_pacejka-oracle/diag_dirt_sinusoidal_acados_pacejka-oracle.csv,,,1248,0.7015584961890673,2.183448,0.4114869898430286,4.212306832871652,6.650779999999998,0.4680340925412947,3.175745192307692,5.171199999999999,123.97830429185854,55.333706,-0.016856,0,chrono_body_contact,0,,,,,,,,0
mpc_tire_model_sweep,pacejka_oracle,standard,pacejka-oracle,tire_force_static,dirt,sinusoidal,9.0,4,102,/home/ksha/Documents/sbel/offroad-control/benchmarking/results/mpc_tire_model_sweep_calibrated_20260828_002629/raw/0172_pacejka_oracle_dirt_sinusoidal_v9_b4_s102,ok,0,19.358214139938354,15.0,0.99,/home/ksha/Documents/sbel/offroad-control/benchmarking/results/mpc_tire_model_sweep_calibrated_20260828_002629/raw/0172_pacejka_oracle_dirt_sinusoidal_v9_b4_s102/20260828_012158_648192_dirt_sinusoidal_acados_pacejka-oracle/diag_dirt_sinusoidal_acados_pacejka-oracle.csv,,,1248,0.7295264503177787,2.204429,0.44434126223453374,4.378350046168052,6.81176,0.48648333846311687,2.710945512820513,4.125299999999999,129.9802364721872,57.213779,-0.976562,0,chrono_body_contact,0,,,,,,,,0
mpc_tire_model_sweep,pacejka_oracle,standard,pacejka-oracle,tire_force_static,dirt,sinusoidal,9.0,4,103,/home/ksha/Documents/sbel/offroad-control/benchmarking/results/mpc_tire_model_sweep_calibrated_20260828_002629/raw/0173_pacejka_oracle_dirt_sinusoidal_v9_b4_s103,ok,0,19.364739179611206,15.0,0.99,/home/ksha/Documents/sbel/offroad-control/benchmarking/results/mpc_tire_model_sweep_calibrated_20260828_002629/raw/0173_pacejka_oracle_dirt_sinusoidal_v9_b4_s103/20260828_012218_010466_dirt_sinusoidal_acados_pacejka-oracle/diag_dirt_sinusoidal_acados_pacejka-oracle.csv,,,1248,0.7621647851979763,2.282909,0.45965413942751615,4.515167959372115,6.96052,0.5016853288191239,2.7041426282051284,4.815899999999999,128.58480296155992,59.072482,-1.417095,0,chrono_body_contact,0,,,,,,,,0
mpc_tire_model_sweep,pacejka_oracle,standard,pacejka-oracle,tire_force_static,dirt,sinusoidal,9.0,4,104,/home/ksha/Documents/sbel/offroad-control/benchmarking/results/mpc_tire_model_sweep_calibrated_20260828_002629/raw/0174_pacejka_oracle_dirt_sinusoidal_v9_b4_s104,ok,0,19.3599750995636,15.0,0.99,/home/ksha/Documents/sbel/offroad-control/benchmarking/results/mpc_tire_model_sweep_calibrated_20260828_002629/raw/0174_pacejka_oracle_dirt_sinusoidal_v9_b4_s104/20260828_012237_401352_dirt_sinusoidal_acados_pacejka-oracle/diag_dirt_sinusoidal_acados_pacejka-oracle.csv,,,1248,0.6972495286174795,2.096563,0.43060904062788546,4.400978855032318,6.830909999999999,0.48899765055914646,2.653084935897436,4.005299999999999,128.5102166072543,57.619493,-1.322033,0,chrono_body_contact,0,,,,,,,,0
mpc_tire_model_sweep,pacejka_oracle,standard,pacejka-oracle,tire_force_static,dirt,sinusoidal,9.0,8,100,/home/ksha/Documents/sbel/offroad-control/benchmarking/results/mpc_tire_model_sweep_calibrated_20260828_002629/raw/0175_pacejka_oracle_dirt_sinusoidal_v9_b8_s100,ok,0,19.513407945632935,15.0,0.99,/home/ksha/Documents/sbel/offroad-control/benchmarking/results/mpc_tire_model_sweep_calibrated_20260828_002629/raw/0175_pacejka_oracle_dirt_sinusoidal_v9_b8_s100/20260828_012256_797327_dirt_sinusoidal_acados_pacejka-oracle/diag_dirt_sinusoidal_acados_pacejka-oracle.csv,,,1247,0.6667515261083913,2.05575,0.4131481163434903,4.360093998153277,6.654699999999999,0.48445488868369746,2.755493183640738,3.8415999999999983,128.5239879529152,56.900856,-1.073634,0,chrono_body_contact,0,,,,,,,,0
mpc_tire_model_sweep,pacejka_oracle,standard,pacejka-oracle,tire_force_static,dirt,sinusoidal,9.0,8,101,/home/ksha/Documents/sbel/offroad-control/benchmarking/results/mpc_tire_model_sweep_calibrated_20260828_002629/raw/0176_pacejka_oracle_dirt_sinusoidal_v9_b8_s101,ok,0,19.466973781585693,15.0,0.99,/home/ksha/Documents/sbel/offroad-control/benchmarking/results/mpc_tire_model_sweep_calibrated_20260828_002629/raw/0176_pacejka_oracle_dirt_sinusoidal_v9_b8_s101/20260828_012316_308675_dirt_sinusoidal_acados_pacejka-oracle/diag_dirt_sinusoidal_acados_pacejka-oracle.csv,,,1248,0.6079942593490212,1.903755,0.3843181588180979,4.339273222530009,6.577,0.482141469170001,2.838125,5.005299999999999,124.07160643715643,56.675749,-1.10934,0,chrono_body_contact,0,,,,,,,,0
mpc_tire_model_sweep,pacejka_oracle,standard,pacejka-oracle,tire_force_static,dirt,sinusoidal,9.0,8,102,/home/ksha/Documents/sbel/offroad-control/benchmarking/results/mpc_tire_model_sweep_calibrated_20260828_002629/raw/0177_pacejka_oracle_dirt_sinusoidal_v9_b8_s102,ok,0,19.462367296218872,15.0,0.99,/home/ksha/Documents/sbel/offroad-control/benchmarking/results/mpc_tire_model_sweep_calibrated_20260828_002629/raw/0177_pacejka_oracle_dirt_sinusoidal_v9_b8_s102/20260828_012335_800409_dirt_sinusoidal_acados_pacejka-oracle/diag_dirt_sinusoidal_acados_pacejka-oracle.csv,,,1248,0.6472241394219144,2.028623,0.4024426278855033,4.259162419205909,6.57203,0.47324026880065656,2.6970512820512815,4.030599999999999,129.24428962595073,55.556809,-0.462415,0,chrono_body_contact,0,,,,,,,,0
mpc_tire_model_sweep,pacejka_oracle,standard,pacejka-oracle,tire_force_static,dirt,sinusoidal,9.0,8,103,/home/ksha/Documents/sbel/offroad-control/benchmarking/results/mpc_tire_model_sweep_calibrated_20260828_002629/raw/0178_pacejka_oracle_dirt_sinusoidal_v9_b8_s103,ok,0,19.478511095046997,15.0,0.99,/home/ksha/Documents/sbel/offroad-control/benchmarking/results/mpc_tire_model_sweep_calibrated_20260828_002629/raw/0178_pacejka_oracle_dirt_sinusoidal_v9_b8_s103/20260828_012355_286971_dirt_sinusoidal_acados_pacejka-oracle/diag_dirt_sinusoidal_acados_pacejka-oracle.csv,,,1248,0.6741242184100832,2.013467,0.4281191385041551,4.506083102493075,6.70974,0.5006759002770083,2.774831730769231,4.1206,128.2914740990306,58.710093,-1.653443,0,chrono_body_contact,0,,,,,,,,0
mpc_tire_model_sweep,pacejka_oracle,standard,pacejka-oracle,tire_force_static,dirt,sinusoidal,9.0,8,104,/home/ksha/Documents/sbel/offroad-control/benchmarking/results/mpc_tire_model_sweep_calibrated_20260828_002629/raw/0179_pacejka_oracle_dirt_sinusoidal_v9_b8_s104,ok,0,19.524505615234375,15.0,0.99,/home/ksha/Documents/sbel/offroad-control/benchmarking/results/mpc_tire_model_sweep_calibrated_20260828_002629/raw/0179_pacejka_oracle_dirt_sinusoidal_v9_b8_s104/20260828_012414_765399_dirt_sinusoidal_acados_pacejka-oracle/diag_dirt_sinusoidal_acados_pacejka-oracle.csv,,,1248,0.6340250073984014,1.96566,0.39894432132963986,4.3910297322253005,6.64565,0.48789219246947785,2.6675160256410257,3.9805999999999995,128.25592366731976,57.488409,-1.360718,0,chrono_body_contact,0,,,,,,,,0
mpc_tire_model_sweep,pacejka_oracle,standard,pacejka-oracle,tire_force_static,dirt,lane_change,5.0,0,100,/home/ksha/Documents/sbel/offroad-control/benchmarking/results/mpc_tire_model_sweep_calibrated_20260828_002629/raw/0180_pacejka_oracle_dirt_lane_change_v5_b0_s100,ok,0,19.131422996520996,15.0,0.99,/home/ksha/Documents/sbel/offroad-control/benchmarking/results/mpc_tire_model_sweep_calibrated_20260828_002629/raw/0180_pacejka_oracle_dirt_lane_change_v5_b0_s100/20260828_012434_333468_dirt_lane_change_acados_pacejka-oracle/diag_dirt_lane_change_acados_pacejka-oracle.csv,,,1248,0.06893208855344365,0.245495,0.05414539796860572,4.78469353647276,5.170029999999999,0.9569387072945521,1.636706730769231,2.85,129.12555525639775,66.500279,2.969837,0,chrono_body_contact,0,,,,,,,,0
mpc_tire_model_sweep,pacejka_oracle,standard,pacejka-oracle,tire_force_static,dirt,lane_change,5.0,0,101,/home/ksha/Documents/sbel/offroad-control/benchmarking/results/mpc_tire_model_sweep_calibrated_20260828_002629/raw/0181_pacejka_oracle_dirt_lane_change_v5_b0_s101,ok,0,19.139040231704712,15.0,0.99,/home/ksha/Documents/sbel/offroad-control/benchmarking/results/mpc_tire_model_sweep_calibrated_20260828_002629/raw/0181_pacejka_oracle_dirt_lane_change_v5_b0_s101/20260828_012453_464127_dirt_lane_change_acados_pacejka-oracle/diag_dirt_lane_change_acados_pacejka-oracle.csv,,,1248,0.06807878910179015,0.255018,0.05390796860572483,4.749129824561404,5.08259,0.9498259649122808,1.9171955128205127,2.8552999999999997,124.83246783451727,66.238698,3.043538,0,chrono_body_contact,0,,,,,,,,0
mpc_tire_model_sweep,pacejka_oracle,standard,pacejka-oracle,tire_force_static,dirt,lane_change,5.0,0,102,/home/ksha/Documents/sbel/offroad-control/benchmarking/results/mpc_tire_model_sweep_calibrated_20260828_002629/raw/0182_pacejka_oracle_dirt_lane_change_v5_b0_s102,ok,0,19.140920639038086,15.0,0.99,/home/ksha/Documents/sbel/offroad-control/benchmarking/results/mpc_tire_model_sweep_calibrated_20260828_002629/raw/0182_pacejka_oracle_dirt_lane_change_v5_b0_s102/20260828_012512_628284_dirt_lane_change_acados_pacejka-oracle/diag_dirt_lane_change_acados_pacejka-oracle.csv,,,1248,0.07105693141777018,0.261959,0.055080566943674976,4.746109879963066,5.12363,0.9492219759926132,1.637628205128205,2.85,129.81314118939167,66.011114,3.070115,0,chrono_body_contact,0,,,,,,,,0
mpc_tire_model_sweep,pacejka_oracle,standard,pacejka-oracle,tire_force_static,dirt,lane_change,5.0,0,103,/home/ksha/Documents/sbel/offroad-control/benchmarking/results/mpc_tire_model_sweep_calibrated_20260828_002629/raw/0183_pacejka_oracle_dirt_lane_change_v5_b0_s103,ok,0,19.182429552078247,15.0,0.99,/home/ksha/Documents/sbel/offroad-control/benchmarking/results/mpc_tire_model_sweep_calibrated_20260828_002629/raw/0183_pacejka_oracle_dirt_lane_change_v5_b0_s103/20260828_012531_793449_dirt_lane_change_acados_pacejka-oracle/diag_dirt_lane_change_acados_pacejka-oracle.csv,,,1248,0.06984910415462794,0.218473,0.05483453370267775,4.807679593721145,5.118499999999999,0.9615359187442291,1.7716025641025641,2.89,128.48446162556414,66.908534,3.048562,0,chrono_body_contact,0,,,,,,,,0
mpc_tire_model_sweep,pacejka_oracle,standard,pacejka-oracle,tire_force_static,dirt,lane_change,5.0,0,104,/home/ksha/Documents/sbel/offroad-control/benchmarking/results/mpc_tire_model_sweep_calibrated_20260828_002629/raw/0184_pacejka_oracle_dirt_lane_change_v5_b0_s104,ok,0,19.134503841400146,15.0,0.99,/home/ksha/Documents/sbel/offroad-control/benchmarking/results/mpc_tire_model_sweep_calibrated_20260828_002629/raw/0184_pacejka_oracle_dirt_lane_change_v5_b0_s104/20260828_012550_994003_dirt_lane_change_acados_pacejka-oracle/diag_dirt_lane_change_acados_pacejka-oracle.csv,,,1248,0.06889566895490767,0.242433,0.0536886999076639,4.775112465373961,5.184929999999999,0.9550224930747921,1.6311618589743588,2.8552999999999997,128.70515224891068,66.485683,2.988748,0,chrono_body_contact,0,,,,,,,,0
mpc_tire_model_sweep,pacejka_oracle,standard,pacejka-oracle,tire_force_static,dirt,lane_change,5.0,4,100,/home/ksha/Documents/sbel/offroad-control/benchmarking/results/mpc_tire_model_sweep_calibrated_20260828_002629/raw/0185_pacejka_oracle_dirt_lane_change_v5_b4_s100,ok,0,19.426215410232544,15.0,0.99,/home/ksha/Documents/sbel/offroad-control/benchmarking/results/mpc_tire_model_sweep_calibrated_20260828_002629/raw/0185_pacejka_oracle_dirt_lane_change_v5_b4_s100/20260828_012610_148432_dirt_lane_change_acados_pacejka-oracle/diag_dirt_lane_change_acados_pacejka-oracle.csv,,,1248,0.06854308070067364,0.241483,0.05390196860572484,4.6879719298245615,5.0935,0.9375943859649123,1.6429647435897436,2.8852999999999995,128.60040958236226,65.406768,2.971111,0,chrono_body_contact,0,,,,,,,,0
mpc_tire_model_sweep,pacejka_oracle,standard,pacejka-oracle,tire_force_static,dirt,lane_change,5.0,4,101,/home/ksha/Documents/sbel/offroad-control/benchmarking/results/mpc_tire_model_sweep_calibrated_20260828_002629/raw/0186_pacejka_oracle_dirt_lane_change_v5_b4_s101,ok,0,19.342028617858887,15.0,0.99,/home/ksha/Documents/sbel/offroad-control/benchmarking/results/mpc_tire_model_sweep_calibrated_20260828_002629/raw/0186_pacejka_oracle_dirt_lane_change_v5_b4_s101/20260828_012629_610484_dirt_lane_change_acados_pacejka-oracle/diag_dirt_lane_change_acados_pacejka-oracle.csv,,,1248,0.06995532487969737,0.264372,0.05491099261311173,4.735127793167128,5.11528,0.9470255586334255,1.6422996794871796,2.8052999999999995,124.78924303438279,66.230182,3.038883,0,chrono_body_contact,0,,,,,,,,0
mpc_tire_model_sweep,pacejka_oracle,standard,pacejka-oracle,tire_force_static,dirt,lane_change,5.0,4,102,/home/ksha/Documents/sbel/offroad-control/benchmarking/results/mpc_tire_model_sweep_calibrated_20260828_002629/raw/0187_pacejka_oracle_dirt_lane_change_v5_b4_s102,ok,0,19.334656953811646,15.0,0.99,/home/ksha/Documents/sbel/offroad-control/benchmarking/results/mpc_tire_model_sweep_calibrated_20260828_002629/raw/0187_pacejka_oracle_dirt_lane_change_v5_b4_s102/20260828_012648_975889_dirt_lane_change_acados_pacejka-oracle/diag_dirt_lane_change_acados_pacejka-oracle.csv,,,1248,0.07115774320679003,0.250453,0.05506389381348107,4.734854478301016,5.08956,0.9469708956602032,1.64375,2.8452999999999995,129.7899223293155,66.056062,3.063457,0,chrono_body_contact,0,,,,,,,,0
mpc_tire_model_sweep,pacejka_oracle,standard,pacejka-oracle,tire_force_static,dirt,lane_change,5.0,4,103,/home/ksha/Documents/sbel/offroad-control/benchmarking/results/mpc_tire_model_sweep_calibrated_20260828_002629/raw/0188_pacejka_oracle_dirt_lane_change_v5_b4_s103,ok,0,19.38170576095581,15.0,0.99,/home/ksha/Documents/sbel/offroad-control/benchmarking/results/mpc_tire_model_sweep_calibrated_20260828_002629/raw/0188_pacejka_oracle_dirt_lane_change_v5_b4_s103/20260828_012708_318386_dirt_lane_change_acados_pacejka-oracle/diag_dirt_lane_change_acados_pacejka-oracle.csv,,,1248,0.07069963236245659,0.223113,0.055652866112650044,4.727084210526316,5.076689999999999,0.9454168421052632,1.6473237179487177,2.86,128.03342179543768,66.017642,3.045944,0,chrono_body_contact,0,,,,,,,,0
mpc_tire_model_sweep,pacejka_oracle,standard,pacejka-oracle,tire_force_static,dirt,lane_change,5.0,4,104,/home/ksha/Documents/sbel/offroad-control/benchmarking/results/mpc_tire_model_sweep_calibrated_20260828_002629/raw/0189_pacejka_oracle_dirt_lane_change_v5_b4_s104,ok,0,19.394131422042847,15.0,0.99,/home/ksha/Documents/sbel/offroad-control/benchmarking/results/mpc_tire_model_sweep_calibrated_20260828_002629/raw/0189_pacejka_oracle_dirt_lane_change_v5_b4_s104/20260828_012727_722526_dirt_lane_change_acados_pacejka-oracle/diag_dirt_lane_change_acados_pacejka-oracle.csv,,,1247,0.06898875476332422,0.237366,0.053669504155124656,4.770935457063712,5.16339,0.9541870914127424,1.7194226142742581,3.6453999999999995,128.68727503715004,66.587539,2.986189,0,chrono_body_contact,0,,,,,,,,0
mpc_tire_model_sweep,pacejka_oracle,standard,pacejka-oracle,tire_force_static,dirt,lane_change,5.0,8,100,/home/ksha/Documents/sbel/offroad-control/benchmarking/results/mpc_tire_model_sweep_calibrated_20260828_002629/raw/0190_pacejka_oracle_dirt_lane_change_v5_b8_s100,ok,0,19.443671941757202,15.0,0.99,/home/ksha/Documents/sbel/offroad-control/benchmarking/results/mpc_tire_model_sweep_calibrated_20260828_002629/raw/0190_pacejka_oracle_dirt_lane_change_v5_b8_s100/20260828_012747_129282_dirt_lane_change_acados_pacejka-oracle/diag_dirt_lane_change_acados_pacejka-oracle.csv,,,1248,0.0702996280134284,0.231315,0.05551228347183748,4.614489658356417,5.13379,0.9228979316712834,1.659543269230769,2.8252999999999995,128.1103880411133,63.963356,2.984184,0,chrono_body_contact,0,,,,,,,,0
mpc_tire_model_sweep,pacejka_oracle,standard,pacejka-oracle,tire_force_static,dirt,lane_change,5.0,8,101,/home/ksha/Documents/sbel/offroad-control/benchmarking/results/mpc_tire_model_sweep_calibrated_20260828_002629/raw/0191_pacejka_oracle_dirt_lane_change_v5_b8_s101,ok,0,19.524744510650635,15.0,0.99,/home/ksha/Documents/sbel/offroad-control/benchmarking/results/mpc_tire_model_sweep_calibrated_20260828_002629/raw/0191_pacejka_oracle_dirt_lane_change_v5_b8_s101/20260828_012806_592266_dirt_lane_change_acados_pacejka-oracle/diag_dirt_lane_change_acados_pacejka-oracle.csv,,,1248,0.0708296330129216,0.220575,0.05644066204986149,4.5656038781163435,5.12649,0.9131207756232687,1.8860576923076924,2.81,123.68349604571512,63.535144,3.055988,0,chrono_body_contact,0,,,,,,,,0
mpc_tire_model_sweep,pacejka_oracle,standard,pacejka-oracle,tire_force_static,dirt,lane_change,5.0,8,102,/home/ksha/Documents/sbel/offroad-control/benchmarking/results/mpc_tire_model_sweep_calibrated_20260828_002629/raw/0192_pacejka_oracle_dirt_lane_change_v5_b8_s102,ok,0,19.531192779541016,15.0,0.99,/home/ksha/Documents/sbel/offroad-control/benchmarking/results/mpc_tire_model_sweep_calibrated_20260828_002629/raw/0192_pacejka_oracle_dirt_lane_change_v5_b8_s102/20260828_012826_140334_dirt_lane_change_acados_pacejka-oracle/diag_dirt_lane_change_acados_pacejka-oracle.csv,,,1248,0.07186494878999206,0.246307,0.05697113665743306,4.563231578947368,5.08639,0.9126463157894736,2.1019951923076925,3.39,128.65478355285933,63.335012,3.079542,0,chrono_body_contact,0,,,,,,,,0
mpc_tire_model_sweep,pacejka_oracle,standard,pacejka-oracle,tire_force_static,dirt,lane_change,5.0,8,103,/home/ksha/Documents/sbel/offroad-control/benchmarking/results/mpc_tire_model_sweep_calibrated_20260828_002629/raw/0193_pacejka_oracle_dirt_lane_change_v5_b8_s103,ok,0,19.439616680145264,15.0,0.99,/home/ksha/Documents/sbel/offroad-control/benchmarking/results/mpc_tire_model_sweep_calibrated_20260828_002629/raw/0193_pacejka_oracle_dirt_lane_change_v5_b8_s103/20260828_012845_691727_dirt_lane_change_acados_pacejka-oracle/diag_dirt_lane_change_acados_pacejka-oracle.csv,,,1248,0.06995754661811983,0.210755,0.05522194182825485,4.611313665743306,5.0795,0.9222627331486611,2.0755448717948717,2.9953,127.26201989304684,64.060967,3.059337,0,chrono_body_contact,0,,,,,,,,0
mpc_tire_model_sweep,pacejka_oracle,standard,pacejka-oracle,tire_force_static,dirt,lane_change,5.0,8,104,/home/ksha/Documents/sbel/offroad-control/benchmarking/results/mpc_tire_model_sweep_calibrated_20260828_002629/raw/0194_pacejka_oracle_dirt_lane_change_v5_b8_s104,ok,0,19.531522274017334,15.0,0.99,/home/ksha/Documents/sbel/offroad-control/benchmarking/results/mpc_tire_model_sweep_calibrated_20260828_002629/raw/0194_pacejka_oracle_dirt_lane_change_v5_b8_s104/20260828_012905_152948_dirt_lane_change_acados_pacejka-oracle/diag_dirt_lane_change_acados_pacejka-oracle.csv,,,1248,0.0700536690351098,0.26011,0.05500476915974146,4.63697322253001,5.15,0.927394644506002,1.6710576923076923,3.0352999999999994,127.88155441800009,64.388227,3.000546,0,chrono_body_contact,0,,,,,,,,0
mpc_tire_model_sweep,pacejka_oracle,standard,pacejka-oracle,tire_force_static,dirt,lane_change,7.0,0,100,/home/ksha/Documents/sbel/offroad-control/benchmarking/results/mpc_tire_model_sweep_calibrated_20260828_002629/raw/0195_pacejka_oracle_dirt_lane_change_v7_b0_s100,ok,0,19.173433303833008,15.0,0.99,/home/ksha/Documents/sbel/offroad-control/benchmarking/results/mpc_tire_model_sweep_calibrated_20260828_002629/raw/0195_pacejka_oracle_dirt_lane_change_v7_b0_s100/20260828_012924_708556_dirt_lane_change_acados_pacejka-oracle/diag_dirt_lane_change_acados_pacejka-oracle.csv,,,1248,0.09745806510290007,0.351838,0.07101006648199447,5.980918836565097,7.5486699999999995,0.8544169766521568,2.7952003205128206,4.6953,137.91729531024333,82.103013,2.943934,0,chrono_body_contact,0,,,,,,,,0
mpc_tire_model_sweep,pacejka_oracle,standard,pacejka-oracle,tire_force_static,dirt,lane_change,7.0,0,101,/home/ksha/Documents/sbel/offroad-control/benchmarking/results/mpc_tire_model_sweep_calibrated_20260828_002629/raw/0196_pacejka_oracle_dirt_lane_change_v7_b0_s101,ok,0,19.1738338470459,15.0,0.99,/home/ksha/Documents/sbel/offroad-control/benchmarking/results/mpc_tire_model_sweep_calibrated_20260828_002629/raw/0196_pacejka_oracle_dirt_lane_change_v7_b0_s101/20260828_012943_900540_dirt_lane_change_acados_pacejka-oracle/diag_dirt_lane_change_acados_pacejka-oracle.csv,,,1247,0.10151884238789108,0.380909,0.07379225023084025,5.9622662049861495,7.4907,0.8517523149980214,2.9816198877305533,4.9154,133.66185980450769,82.047119,3.049634,0,chrono_body_contact,0,,,,,,,,0
mpc_tire_model_sweep,pacejka_oracle,standard,pacejka-oracle,tire_force_static,dirt,lane_change,7.0,0,102,/home/ksha/Documents/sbel/offroad-control/benchmarking/results/mpc_tire_model_sweep_calibrated_20260828_002629/raw/0197_pacejka_oracle_dirt_lane_change_v7_b0_s102,ok,0,19.138381481170654,15.0,0.99,/home/ksha/Documents/sbel/offroad-control/benchmarking/results/mpc_tire_model_sweep_calibrated_20260828_002629/raw/0197_pacejka_oracle_dirt_lane_change_v7_b0_s102/20260828_013003_094403_dirt_lane_change_acados_pacejka-oracle/diag_dirt_lane_change_acados_pacejka-oracle.csv,,,1247,0.10226880908415444,0.357645,0.07612004524469067,5.976718836565096,7.5585,0.8538169766521566,2.4612109061748195,4.7554,139.48128141450735,82.083367,3.055393,0,chrono_body_contact,0,,,,,,,,0
mpc_tire_model_sweep,pacejka_oracle,standard,pacejka-oracle,tire_force_static,dirt,lane_change,7.0,0,103,/home/ksha/Documents/sbel/offroad-control/benchmarking/results/mpc_tire_model_sweep_calibrated_20260828_002629/raw/0198_pacejka_oracle_dirt_lane_change_v7_b0_s103,ok,0,19.141467809677124,15.0,0.99,/home/ksha/Documents/sbel/offroad-control/benchmarking/results/mpc_tire_model_sweep_calibrated_20260828_002629/raw/0198_pacejka_oracle_dirt_lane_change_v7_b0_s103/20260828_013022_255452_dirt_lane_change_acados_pacejka-oracle/diag_dirt_lane_change_acados_pacejka-oracle.csv,,,1248,0.10279218982754035,0.37708,0.07503283194829179,5.975661495844876,7.55455,0.8536659279778395,2.208645833333333,4.085899999999999,137.20640127531487,82.114543,3.039791,0,chrono_body_contact,0,,,,,,,,0
mpc_tire_model_sweep,pacejka_oracle,standard,pacejka-oracle,tire_force_static,dirt,lane_change,7.0,0,104,/home/ksha/Documents/sbel/offroad-control/benchmarking/results/mpc_tire_model_sweep_calibrated_20260828_002629/raw/0199_pacejka_oracle_dirt_lane_change_v7_b0_s104,ok,0,19.13391876220703,15.0,0.99,/home/ksha/Documents/sbel/offroad-control/benchmarking/results/mpc_tire_model_sweep_calibrated_20260828_002629/raw/0199_pacejka_oracle_dirt_lane_change_v7_b0_s104/20260828_013041_414648_dirt_lane_change_acados_pacejka-oracle/diag_dirt_lane_change_acados_pacejka-oracle.csv,,,1248,0.10055484974155462,0.410328,0.073424432132964,5.966723822714681,7.470469999999999,0.8523891175306687,2.313285256410256,4.16,137.334681558238,82.031584,2.999797,0,chrono_body_contact,0,,,,,,,,0
mpc_tire_model_sweep,pacejka_oracle,standard,pacejka-oracle,tire_force_static,dirt,lane_change,7.0,4,100,/home/ksha/Documents/sbel/offroad-control/benchmarking/results/mpc_tire_model_sweep_calibrated_20260828_002629/raw/0200_pacejka_oracle_dirt_lane_change_v7_b4_s100,ok,0,19.341548204421997,15.0,0.99,/home/ksha/Documents/sbel/offroad-control/benchmarking/results/mpc_tire_model_sweep_calibrated_20260828_002629/raw/0200_pacejka_oracle_dirt_lane_change_v7_b4_s100/20260828_013100_566452_dirt_lane_change_acados_pacejka-oracle/diag_dirt_lane_change_acados_pacejka-oracle.csv,,,1248,0.10001879378907827,0.338009,0.07354165927977838,5.980624099722992,7.458759999999999,0.8543748713889989,2.17036858974359,3.910599999999999,137.84335180179892,82.225375,2.969027,0,chrono_body_contact,0,,,,,,,,0
mpc_tire_model_sweep,pacejka_oracle,standard,pacejka-oracle,tire_force_static,dirt,lane_change,7.0,4,101,/home/ksha/Documents/sbel/offroad-control/benchmarking/results/mpc_tire_model_sweep_calibrated_20260828_002629/raw/0201_pacejka_oracle_dirt_lane_change_v7_b4_s101,ok,0,19.342087745666504,15.0,0.99,/home/ksha/Documents/sbel/offroad-control/benchmarking/results/mpc_tire_model_sweep_calibrated_20260828_002629/raw/0201_pacejka_oracle_dirt_lane_change_v7_b4_s101/20260828_013119_923997_dirt_lane_change_acados_pacejka-oracle/diag_dirt_lane_change_acados_pacejka-oracle.csv,,,1248,0.10267089748139123,0.360671,0.0752126592797784,5.945641643582641,7.46398,0.8493773776546629,2.2534455128205124,3.9953,133.67502000555112,81.980699,3.061034,0,chrono_body_contact,0,,,,,,,,0
mpc_tire_model_sweep,pacejka_oracle,standard,pacejka-oracle,tire_force_static,dirt,lane_change,7.0,4,102,/home/ksha/Documents/sbel/offroad-control/benchmarking/results/mpc_tire_model_sweep_calibrated_20260828_002629/raw/0202_pacejka_oracle_dirt_lane_change_v7_b4_s102,ok,0,19.388746738433838,15.0,0.99,/home/ksha/Documents/sbel/offroad-control/benchmarking/results/mpc_tire_model_sweep_calibrated_20260828_002629/raw/0202_pacejka_oracle_dirt_lane_change_v7_b4_s102/20260828_013139_297268_dirt_lane_change_acados_pacejka-oracle/diag_dirt_lane_change_acados_pacejka-oracle.csv,,,1248,0.10646122134448213,0.36929,0.07880867959372115,5.982766389658356,7.45594,0.8546809128083366,2.1771634615384614,3.7417999999999982,139.41251659057565,82.307925,3.070557,0,chrono_body_contact,0,,,,,,,,0
mpc_tire_model_sweep,pacejka_oracle,standard,pacejka-oracle,tire_force_static,dirt,lane_change,7.0,4,103,/home/ksha/Documents/sbel/offroad-control/benchmarking/results/mpc_tire_model_sweep_calibrated_20260828_002629/raw/0203_pacejka_oracle_dirt_lane_change_v7_b4_s103,ok,0,19.387693405151367,15.0,0.99,/home/ksha/Documents/sbel/offroad-control/benchmarking/results/mpc_tire_model_sweep_calibrated_20260828_002629/raw/0203_pacejka_oracle_dirt_lane_change_v7_b4_s103/20260828_013158_720002_dirt_lane_change_acados_pacejka-oracle/diag_dirt_lane_change_acados_pacejka-oracle.csv,,,1248,0.10870476298907338,0.382386,0.08006893351800555,5.976652631578947,7.58174,0.8538075187969925,2.218758012820513,3.8,137.4759077451812,82.272635,3.05771,0,chrono_body_contact,0,,,,,,,,0
mpc_tire_model_sweep,pacejka_oracle,standard,pacejka-oracle,tire_force_static,dirt,lane_change,7.0,4,104,/home/ksha/Documents/sbel/offroad-control/benchmarking/results/mpc_tire_model_sweep_calibrated_20260828_002629/raw/0204_pacejka_oracle_dirt_lane_change_v7_b4_s104,ok,0,19.338796615600586,15.0,0.99,/home/ksha/Documents/sbel/offroad-control/benchmarking/results/mpc_tire_model_sweep_calibrated_20260828_002629/raw/0204_pacejka_oracle_dirt_lane_change_v7_b4_s104/20260828_013218_110188_dirt_lane_change_acados_pacejka-oracle/diag_dirt_lane_change_acados_pacejka-oracle.csv,,,1248,0.10444367748973986,0.412562,0.0767840055401662,5.967884949215143,7.446079999999999,0.8525549927450203,2.185416666666667,3.68,137.35831554196125,82.187557,3.005615,0,chrono_body_contact,0,,,,,,,,0
mpc_tire_model_sweep,pacejka_oracle,standard,pacejka-oracle,tire_force_static,dirt,lane_change,7.0,8,100,/home/ksha/Documents/sbel/offroad-control/benchmarking/results/mpc_tire_model_sweep_calibrated_20260828_002629/raw/0205_pacejka_oracle_dirt_lane_change_v7_b8_s100,ok,0,19.48614192008972,15.0,0.99,/home/ksha/Documents/sbel/offroad-control/benchmarking/results/mpc_tire_model_sweep_calibrated_20260828_002629/raw/0205_pacejka_oracle_dirt_lane_change_v7_b8_s100/20260828_013237_475465_dirt_lane_change_acados_pacejka-oracle/diag_dirt_lane_change_acados_pacejka-oracle.csv,,,1248,0.10313939175795235,0.371089,0.07493733056325023,5.992436011080332,7.413679999999999,0.8560622872971902,2.202171474358974,3.520599999999999,137.41595987405898,81.921165,2.92312,0,chrono_body_contact,0,,,,,,,,0
mpc_tire_model_sweep,pacejka_oracle,standard,pacejka-oracle,tire_force_static,dirt,lane_change,7.0,8,101,/home/ksha/Documents/sbel/offroad-control/benchmarking/results/mpc_tire_model_sweep_calibrated_20260828_002629/raw/0206_pacejka_oracle_dirt_lane_change_v7_b8_s101,ok,0,19.43855929374695,15.0,0.99,/home/ksha/Documents/sbel/offroad-control/benchmarking/results/mpc_tire_model_sweep_calibrated_20260828_002629/raw/0206_pacejka_oracle_dirt_lane_change_v7_b8_s101/20260828_013256_975366_dirt_lane_change_acados_pacejka-oracle/diag_dirt_lane_change_acados_pacejka-oracle.csv,,,1248,0.1036644923801045,0.411094,0.07553809602954756,5.990224469067405,7.37294,0.855746352723915,2.4071955128205125,4.7753,133.39184750857405,82.095623,3.002119,0,chrono_body_contact,0,,,,,,,,0
mpc_tire_model_sweep,pacejka_oracle,standard,pacejka-oracle,tire_force_static,dirt,lane_change,7.0,8,102,/home/ksha/Documents/sbel/offroad-control/benchmarking/results/mpc_tire_model_sweep_calibrated_20260828_002629/raw/0207_pacejka_oracle_dirt_lane_change_v7_b8_s102,ok,0,19.489497184753418,15.0,0.99,/home/ksha/Documents/sbel/offroad-control/benchmarking/results/mpc_tire_model_sweep_calibrated_20260828_002629/raw/0207_pacejka_oracle_dirt_lane_change_v7_b8_s102/20260828_013316_433255_dirt_lane_change_acados_pacejka-oracle/diag_dirt_lane_change_acados_pacejka-oracle.csv,,,1248,0.10749935658753532,0.373217,0.07958464727608495,6.019050877192982,7.499479999999999,0.8598644110275689,2.7795592948717944,5.045299999999999,139.30826463620497,82.327663,3.01179,0,chrono_body_contact,0,,,,,,,,0
mpc_tire_model_sweep,pacejka_oracle,standard,pacejka-oracle,tire_force_static,dirt,lane_change,7.0,8,103,/home/ksha/Documents/sbel/offroad-control/benchmarking/results/mpc_tire_model_sweep_calibrated_20260828_002629/raw/0208_pacejka_oracle_dirt_lane_change_v7_b8_s103,ok,0,19.438748359680176,15.0,0.99,/home/ksha/Documents/sbel/offroad-control/benchmarking/results/mpc_tire_model_sweep_calibrated_20260828_002629/raw/0208_pacejka_oracle_dirt_lane_change_v7_b8_s103/20260828_013335_945555_dirt_lane_change_acados_pacejka-oracle/diag_dirt_lane_change_acados_pacejka-oracle.csv,,,1248,0.11293318340605751,0.395245,0.08186183102493075,6.002027977839335,7.4509799999999995,0.8574325682627622,2.2264743589743587,3.96,137.17925118760098,82.161446,2.984958,0,chrono_body_contact,0,,,,,,,,0
mpc_tire_model_sweep,pacejka_oracle,standard,pacejka-oracle,tire_force_static,dirt,lane_change,7.0,8,104,/home/ksha/Documents/sbel/offroad-control/benchmarking/results/mpc_tire_model_sweep_calibrated_20260828_002629/raw/0209_pacejka_oracle_dirt_lane_change_v7_b8_s104,ok,0,19.436948537826538,15.0,0.99,/home/ksha/Documents/sbel/offroad-control/benchmarking/results/mpc_tire_model_sweep_calibrated_20260828_002629/raw/0209_pacejka_oracle_dirt_lane_change_v7_b8_s104/20260828_013355_401832_dirt_lane_change_acados_pacejka-oracle/diag_dirt_lane_change_acados_pacejka-oracle.csv,,,1248,0.11107054097911954,0.418351,0.07901254478301016,5.996392336103416,7.39351,0.8566274765862023,2.2131650641025638,3.8664999999999985,137.27675386342042,82.095622,2.950767,0,chrono_body_contact,0,,,,,,,,0
mpc_tire_model_sweep,pacejka_oracle,standard,pacejka-oracle,tire_force_static,dirt,lane_change,9.0,0,100,/home/ksha/Documents/sbel/offroad-control/benchmarking/results/mpc_tire_model_sweep_calibrated_20260828_002629/raw/0210_pacejka_oracle_dirt_lane_change_v9_b0_s100,ok,0,19.13760018348694,15.0,0.99,/home/ksha/Documents/sbel/offroad-control/benchmarking/results/mpc_tire_model_sweep_calibrated_20260828_002629/raw/0210_pacejka_oracle_dirt_lane_change_v9_b0_s100/20260828_013414_873307_dirt_lane_change_acados_pacejka-oracle/diag_dirt_lane_change_acados_pacejka-oracle.csv,,,1248,0.12055838788789966,0.392706,0.08534372114496769,6.16978162511542,8.74249,0.6855312916794911,2.4032772435897436,3.8352999999999997,140.70783657946117,84.544814,2.94696,0,chrono_body_contact,0,,,,,,,,0
mpc_tire_model_sweep,pacejka_oracle,standard,pacejka-oracle,tire_force_static,dirt,lane_change,9.0,0,101,/home/ksha/Documents/sbel/offroad-control/benchmarking/results/mpc_tire_model_sweep_calibrated_20260828_002629/raw/0211_pacejka_oracle_dirt_lane_change_v9_b0_s101,ok,0,19.135132312774658,15.0,0.99,/home/ksha/Documents/sbel/offroad-control/benchmarking/results/mpc_tire_model_sweep_calibrated_20260828_002629/raw/0211_pacejka_oracle_dirt_lane_change_v9_b0_s101/20260828_013434_023199_dirt_lane_change_acados_pacejka-oracle/diag_dirt_lane_change_acados_pacejka-oracle.csv,,,1248,0.12075235079625486,0.434167,0.08442795383194829,6.1838297322253,8.77097,0.6870921924694778,2.4033573717948715,3.8605999999999994,136.65701084450058,84.952102,3.034054,0,chrono_body_contact,0,,,,,,,,0
mpc_tire_model_sweep,pacejka_oracle,standard,pacejka-oracle,tire_force_static,dirt,lane_change,9.0,0,102,/home/ksha/Documents/sbel/offroad-control/benchmarking/results/mpc_tire_model_sweep_calibrated_20260828_002629/raw/0212_pacejka_oracle_dirt_lane_change_v9_b0_s102,ok,0,19.140692472457886,15.0,0.99,/home/ksha/Documents/sbel/offroad-control/benchmarking/results/mpc_tire_model_sweep_calibrated_20260828_002629/raw/0212_pacejka_oracle_dirt_lane_change_v9_b0_s102/20260828_013453_180045_dirt_lane_change_acados_pacejka-oracle/diag_dirt_lane_change_acados_pacejka-oracle.csv,,,1247,0.12361308101252119,0.439768,0.0879855706371191,6.177306278855032,8.79642,0.6863673643172258,2.5215637530072175,4.1754,142.28985119310903,84.727156,3.050559,0,chrono_body_contact,0,,,,,,,,0
mpc_tire_model_sweep,pacejka_oracle,standard,pacejka-oracle,tire_force_static,dirt,lane_change,9.0,0,103,/home/ksha/Documents/sbel/offroad-control/benchmarking/results/mpc_tire_model_sweep_calibrated_20260828_002629/raw/0213_pacejka_oracle_dirt_lane_change_v9_b0_s103,ok,0,19.134447813034058,15.0,0.99,/home/ksha/Documents/sbel/offroad-control/benchmarking/results/mpc_tire_model_sweep_calibrated_20260828_002629/raw/0213_pacejka_oracle_dirt_lane_change_v9_b0_s103/20260828_013512_341887_dirt_lane_change_acados_pacejka-oracle/diag_dirt_lane_change_acados_pacejka-oracle.csv,,,1248,0.12470193513223407,0.456256,0.08741427608494921,6.18184136657433,8.798699999999998,0.6868712629527034,2.402676282051282,3.8252999999999995,140.3063279467402,84.829959,3.049719,0,chrono_body_contact,0,,,,,,,,0
mpc_tire_model_sweep,pacejka_oracle,standard,pacejka-oracle,tire_force_static,dirt,lane_change,9.0,0,104,/home/ksha/Documents/sbel/offroad-control/benchmarking/results/mpc_tire_model_sweep_calibrated_20260828_002629/raw/0214_pacejka_oracle_dirt_lane_change_v9_b0_s104,ok,0,19.139320850372314,15.0,0.99,/home/ksha/Documents/sbel/offroad-control/benchmarking/results/mpc_tire_model_sweep_calibrated_20260828_002629/raw/0214_pacejka_oracle_dirt_lane_change_v9_b0_s104/20260828_013531_494038_dirt_lane_change_acados_pacejka-oracle/diag_dirt_lane_change_acados_pacejka-oracle.csv,,,1248,0.12194721197068385,0.483379,0.08542463988919669,6.167132963988919,8.76643,0.6852369959987689,2.4189022435897436,3.9353,140.1780972400456,84.645832,2.986876,0,chrono_body_contact,0,,,,,,,,0
mpc_tire_model_sweep,pacejka_oracle,standard,pacejka-oracle,tire_force_static,dirt,lane_change,9.0,4,100,/home/ksha/Documents/sbel/offroad-control/benchmarking/results/mpc_tire_model_sweep_calibrated_20260828_002629/raw/0215_pacejka_oracle_dirt_lane_change_v9_b4_s100,ok,0,19.381765842437744,15.0,0.99,/home/ksha/Documents/sbel/offroad-control/benchmarking/results/mpc_tire_model_sweep_calibrated_20260828_002629/raw/0215_pacejka_oracle_dirt_lane_change_v9_b4_s100/20260828_013550_660197_dirt_lane_change_acados_pacejka-oracle/diag_dirt_lane_change_acados_pacejka-oracle.csv,,,1248,0.12235855196786291,0.405226,0.08693317913204063,6.191369529085873,8.78259,0.6879299476762081,2.515040064102564,4.067099999999998,140.99155574025514,84.994909,2.946226,0,chrono_body_contact,0,,,,,,,,0
mpc_tire_model_sweep,pacejka_oracle,standard,pacejka-oracle,tire_force_static,dirt,lane_change,9.0,4,101,/home/ksha/Documents/sbel/offroad-control/benchmarking/results/mpc_tire_model_sweep_calibrated_20260828_002629/raw/0216_pacejka_oracle_dirt_lane_change_v9_b4_s101,ok,0,19.51655626296997,15.0,0.99,/home/ksha/Documents/sbel/offroad-control/benchmarking/results/mpc_tire_model_sweep_calibrated_20260828_002629/raw/0216_pacejka_oracle_dirt_lane_change_v9_b4_s101/20260828_013610_136557_dirt_lane_change_acados_pacejka-oracle/diag_dirt_lane_change_acados_pacejka-oracle.csv,,,1247,0.12430286642107964,0.436934,0.08720694182825484,6.174534072022162,8.74798,0.6860593413357958,2.586134723336006,4.6254,136.60304705408225,84.973497,3.04444,0,chrono_body_contact,0,,,,,,,,0
mpc_tire_model_sweep,pacejka_oracle,standard,pacejka-oracle,tire_force_static,dirt,lane_change,9.0,4,102,/home/ksha/Documents/sbel/offroad-control/benchmarking/results/mpc_tire_model_sweep_calibrated_20260828_002629/raw/0217_pacejka_oracle_dirt_lane_change_v9_b4_s102,ok,0,19.47835087776184,15.0,0.99,/home/ksha/Documents/sbel/offroad-control/benchmarking/results/mpc_tire_model_sweep_calibrated_20260828_002629/raw/0217_pacejka_oracle_dirt_lane_change_v9_b4_s102/20260828_013629_665023_dirt_lane_change_acados_pacejka-oracle/diag_dirt_lane_change_acados_pacejka-oracle.csv,,,1247,0.1246375922074757,0.433698,0.0889759104339797,6.187962696214219,8.79856,0.6875514106904688,2.6156776263031274,4.676199999999999,142.35098351647838,84.984794,3.041372,0,chrono_body_contact,0,,,,,,,,0
mpc_tire_model_sweep,pacejka_oracle,standard,pacejka-oracle,tire_force_static,dirt,lane_change,9.0,4,103,/home/ksha/Documents/sbel/offroad-control/benchmarking/results/mpc_tire_model_sweep_calibrated_20260828_002629/raw/0218_pacejka_oracle_dirt_lane_change_v9_b4_s103,ok,0,19.34064769744873,15.0,0.99,/home/ksha/Documents/sbel/offroad-control/benchmarking/results/mpc_tire_model_sweep_calibrated_20260828_002629/raw/0218_pacejka_oracle_dirt_lane_change_v9_b4_s103/20260828_013649_097814_dirt_lane_change_acados_pacejka-oracle/diag_dirt_lane_change_acados_pacejka-oracle.csv,,,1248,0.1266818356279992,0.442783,0.090423783933518,6.172056879039705,8.76617,0.6857840976710783,2.4317467948717946,3.82,140.20254520940682,84.839396,3.070144,0,chrono_body_contact,0,,,,,,,,0
mpc_tire_model_sweep,pacejka_oracle,standard,pacejka-oracle,tire_force_static,dirt,lane_change,9.0,4,104,/home/ksha/Documents/sbel/offroad-control/benchmarking/results/mpc_tire_model_sweep_calibrated_20260828_002629/raw/0219_pacejka_oracle_dirt_lane_change_v9_b4_s104,ok,0,19.381152629852295,15.0,0.99,/home/ksha/Documents/sbel/offroad-control/benchmarking/results/mpc_tire_model_sweep_calibrated_20260828_002629/raw/0219_pacejka_oracle_dirt_lane_change_v9_b4_s104/20260828_013708_454422_dirt_lane_change_acados_pacejka-oracle/diag_dirt_lane_change_acados_pacejka-oracle.csv,,,1248,0.12648500480437544,0.487893,0.08914689289012004,6.187380609418282,8.77795,0.6874867343798091,2.4221875,3.8552999999999997,140.31601103494165,85.050304,3.001164,0,chrono_body_contact,0,,,,,,,,0
mpc_tire_model_sweep,pacejka_oracle,standard,pacejka-oracle,tire_force_static,dirt,lane_change,9.0,8,100,/home/ksha/Documents/sbel/offroad-control/benchmarking/results/mpc_tire_model_sweep_calibrated_20260828_002629/raw/0220_pacejka_oracle_dirt_lane_change_v9_b8_s100,ok,0,19.487780809402466,15.0,0.99,/home/ksha/Documents/sbel/offroad-control/benchmarking/results/mpc_tire_model_sweep_calibrated_20260828_002629/raw/0220_pacejka_oracle_dirt_lane_change_v9_b8_s100/20260828_013727_869952_dirt_lane_change_acados_pacejka-oracle/diag_dirt_lane_change_acados_pacejka-oracle.csv,,,1248,0.12970059338074963,0.432702,0.08970911911357342,6.189457248384119,8.34568,0.6877174720426799,2.892051282051282,4.805899999999999,140.02875051063953,84.520751,2.970938,0,chrono_body_contact,0,,,,,,,,0
mpc_tire_model_sweep,pacejka_oracle,standard,pacejka-oracle,tire_force_static,dirt,lane_change,9.0,8,101,/home/ksha/Documents/sbel/offroad-control/benchmarking/results/mpc_tire_model_sweep_calibrated_20260828_002629/raw/0221_pacejka_oracle_dirt_lane_change_v9_b8_s101,ok,0,19.484946250915527,15.0,0.99,/home/ksha/Documents/sbel/offroad-control/benchmarking/results/mpc_tire_model_sweep_calibrated_20260828_002629/raw/0221_pacejka_oracle_dirt_lane_change_v9_b8_s101/20260828_013747_376924_dirt_lane_change_acados_pacejka-oracle/diag_dirt_lane_change_acados_pacejka-oracle.csv,,,1248,0.12875782254566093,0.467948,0.08968624930747922,6.191062788550323,8.34184,0.6878958653944803,2.526923076923077,4.096499999999999,135.7814506578771,84.754401,3.048236,0,chrono_body_contact,0,,,,,,,,0
mpc_tire_model_sweep,pacejka_oracle,standard,pacejka-oracle,tire_force_static,dirt,lane_change,9.0,8,102,/home/ksha/Documents/sbel/offroad-control/benchmarking/results/mpc_tire_model_sweep_calibrated_20260828_002629/raw/0222_pacejka_oracle_dirt_lane_change_v9_b8_s102,ok,0,19.478781700134277,15.0,0.99,/home/ksha/Documents/sbel/offroad-control/benchmarking/results/mpc_tire_model_sweep_calibrated_20260828_002629/raw/0222_pacejka_oracle_dirt_lane_change_v9_b8_s102/20260828_013806_882807_dirt_lane_change_acados_pacejka-oracle/diag_dirt_lane_change_acados_pacejka-oracle.csv,,,1248,0.1278351547928153,0.461502,0.08981359556786704,6.190547922437673,8.30621,0.6878386580486304,2.45926282051282,3.9,141.42008668621366,84.598644,3.099008,0,chrono_body_contact,0,,,,,,,,0
mpc_tire_model_sweep,pacejka_oracle,standard,pacejka-oracle,tire_force_static,dirt,lane_change,9.0,8,103,/home/ksha/Documents/sbel/offroad-control/benchmarking/results/mpc_tire_model_sweep_calibrated_20260828_002629/raw/0223_pacejka_oracle_dirt_lane_change_v9_b8_s103,ok,0,19.43797206878662,15.0,0.99,/home/ksha/Documents/sbel/offroad-control/benchmarking/results/mpc_tire_model_sweep_calibrated_20260828_002629/raw/0223_pacejka_oracle_dirt_lane_change_v9_b8_s103/20260828_013826_367325_dirt_lane_change_acados_pacejka-oracle/diag_dirt_lane_change_acados_pacejka-oracle.csv,,,1248,0.1321775793019622,0.467305,0.09319028162511542,6.189403693444136,8.378,0.6877115214937929,3.120040064102564,4.8,139.31685606594192,84.648593,3.072168,0,chrono_body_contact,0,,,,,,,,0
mpc_tire_model_sweep,pacejka_oracle,standard,pacejka-oracle,tire_force_static,dirt,lane_change,9.0,8,104,/home/ksha/Documents/sbel/offroad-control/benchmarking/results/mpc_tire_model_sweep_calibrated_20260828_002629/raw/0224_pacejka_oracle_dirt_lane_change_v9_b8_s104,ok,0,19.440481662750244,15.0,0.99,/home/ksha/Documents/sbel/offroad-control/benchmarking/results/mpc_tire_model_sweep_calibrated_20260828_002629/raw/0224_pacejka_oracle_dirt_lane_change_v9_b8_s104/20260828_013845_826866_dirt_lane_change_acados_pacejka-oracle/diag_dirt_lane_change_acados_pacejka-oracle.csv,,,1248,0.13580902593546634,0.523795,0.09335375992613112,6.187669344413665,8.33619,0.6875188160459628,2.475104166666667,3.88,139.4795804563177,84.594571,2.989446,0,chrono_body_contact,0,,,,,,,,0
mpc_tire_model_sweep,pacejka_oracle,standard,pacejka-oracle,tire_force_static,dirt,right_left,5.0,0,100,/home/ksha/Documents/sbel/offroad-control/benchmarking/results/mpc_tire_model_sweep_calibrated_20260828_002629/raw/0225_pacejka_oracle_dirt_right_left_v5_b0_s100,ok,0,19.13783836364746,15.0,0.99,/home/ksha/Documents/sbel/offroad-control/benchmarking/results/mpc_tire_model_sweep_calibrated_20260828_002629/raw/0225_pacejka_oracle_dirt_right_left_v5_b0_s100/20260828_013905_285814_dirt_right_left_acados_pacejka-oracle/diag_dirt_right_left_acados_pacejka-oracle.csv,,,1248,0.39690653932892184,1.330133,0.24184843951985224,4.5463965835641735,5.03739,0.9092793167128347,3.381883012820513,4.5752999999999995,127.87269712819803,38.23291,-32.214414,0,chrono_body_contact,0,,,,,,,,0
mpc_tire_model_sweep,pacejka_oracle,standard,pacejka-oracle,tire_force_static,dirt,right_left,5.0,0,101,/home/ksha/Documents/sbel/offroad-control/benchmarking/results/mpc_tire_model_sweep_calibrated_20260828_002629/raw/0226_pacejka_oracle_dirt_right_left_v5_b0_s101,ok,0,19.13391923904419,15.0,0.99,/home/ksha/Documents/sbel/offroad-control/benchmarking/results/mpc_tire_model_sweep_calibrated_20260828_002629/raw/0226_pacejka_oracle_dirt_right_left_v5_b0_s101/20260828_013924_452648_dirt_right_left_acados_pacejka-oracle/diag_dirt_right_left_acados_pacejka-oracle.csv,,,1248,0.4156774884546146,1.353713,0.2502212345337027,4.552170544783011,5.05533,0.9104341089566022,2.6806810897435898,3.7258999999999993,124.30637989977349,38.523941,-32.209693,0,chrono_body_contact,0,,,,,,,,0
mpc_tire_model_sweep,pacejka_oracle,standard,pacejka-oracle,tire_force_static,dirt,right_left,5.0,0,102,/home/ksha/Documents/sbel/offroad-control/benchmarking/results/mpc_tire_model_sweep_calibrated_20260828_002629/raw/0227_pacejka_oracle_dirt_right_left_v5_b0_s102,ok,0,19.138718128204346,15.0,0.99,/home/ksha/Documents/sbel/offroad-control/benchmarking/results/mpc_tire_model_sweep_calibrated_20260828_002629/raw/0227_pacejka_oracle_dirt_right_left_v5_b0_s102/20260828_013943_598394_dirt_right_left_acados_pacejka-oracle/diag_dirt_right_left_acados_pacejka-oracle.csv,,,1248,0.4202544304363483,1.382138,0.25554218282548474,4.581509695290858,5.116169999999999,0.9163019390581717,2.7289583333333334,3.8052999999999995,129.35700587048626,38.7677,-32.171998,0,chrono_body_contact,0,,,,,,,,0
mpc_tire_model_sweep,pacejka_oracle,standard,pacejka-oracle,tire_force_static,dirt,right_left,5.0,0,103,/home/ksha/Documents/sbel/offroad-control/benchmarking/results/mpc_tire_model_sweep_calibrated_20260828_002629/raw/0228_pacejka_oracle_dirt_right_left_v5_b0_s103,ok,0,19.13733696937561,15.0,0.99,/home/ksha/Documents/sbel/offroad-control/benchmarking/results/mpc_tire_model_sweep_calibrated_20260828_002629/raw/0228_pacejka_oracle_dirt_right_left_v5_b0_s103/20260828_014002_766466_dirt_right_left_acados_pacejka-oracle/diag_dirt_right_left_acados_pacejka-oracle.csv,,,1248,0.4672820901584704,1.511306,0.27631332686980614,4.620137673130194,5.16158,0.9240275346260388,2.7502483974358976,4.5752999999999995,127.96826294066528,39.271004,-32.330831,0,chrono_body_contact,0,,,,,,,,0
mpc_tire_model_sweep,pacejka_oracle,standard,pacejka-oracle,tire_force_static,dirt,right_left,5.0,0,104,/home/ksha/Documents/sbel/offroad-control/benchmarking/results/mpc_tire_model_sweep_calibrated_20260828_002629/raw/0229_pacejka_oracle_dirt_right_left_v5_b0_s104,ok,0,19.134994983673096,15.0,0.99,/home/ksha/Documents/sbel/offroad-control/benchmarking/results/mpc_tire_model_sweep_calibrated_20260828_002629/raw/0229_pacejka_oracle_dirt_right_left_v5_b0_s104/20260828_014021_915927_dirt_right_left_acados_pacejka-oracle/diag_dirt_right_left_acados_pacejka-oracle.csv,,,1248,0.4168351373503881,1.429834,0.25292114496768237,4.547347922437673,5.1055,0.9094695844875347,2.690432692307692,3.8552999999999997,128.243699206605,38.35476,-32.304995,0,chrono_body_contact,0,,,,,,,,0
mpc_tire_model_sweep,pacejka_oracle,standard,pacejka-oracle,tire_force_static,dirt,right_left,5.0,4,100,/home/ksha/Documents/sbel/offroad-control/benchmarking/results/mpc_tire_model_sweep_calibrated_20260828_002629/raw/0230_pacejka_oracle_dirt_right_left_v5_b4_s100,ok,0,19.336594820022583,15.0,0.99,/home/ksha/Documents/sbel/offroad-control/benchmarking/results/mpc_tire_model_sweep_calibrated_20260828_002629/raw/0230_pacejka_oracle_dirt_right_left_v5_b4_s100/20260828_014041_077181_dirt_right_left_acados_pacejka-oracle/diag_dirt_right_left_acados_pacejka-oracle.csv,,,1248,0.41767236874106584,1.466937,0.25046650415512467,4.5224235457063715,5.06096,0.9044847091412743,2.661610576923077,3.67,127.84548181839925,37.984453,-32.374127,0,chrono_body_contact,0,,,,,,,,0
mpc_tire_model_sweep,pacejka_oracle,standard,pacejka-oracle,tire_force_static,dirt,right_left,5.0,4,101,/home/ksha/Documents/sbel/offroad-control/benchmarking/results/mpc_tire_model_sweep_calibrated_20260828_002629/raw/0231_pacejka_oracle_dirt_right_left_v5_b4_s101,ok,0,19.33922028541565,15.0,0.99,/home/ksha/Documents/sbel/offroad-control/benchmarking/results/mpc_tire_model_sweep_calibrated_20260828_002629/raw/0231_pacejka_oracle_dirt_right_left_v5_b4_s101/20260828_014100_424416_dirt_right_left_acados_pacejka-oracle/diag_dirt_right_left_acados_pacejka-oracle.csv,,,1247,0.46485016159418446,1.576381,0.2707610443213296,4.584948107109879,5.16813,0.9169896214219758,2.845589414595028,3.8053999999999997,124.45130395855699,39.02323,-32.438696,0,chrono_body_contact,0,,,,,,,,0
mpc_tire_model_sweep,pacejka_oracle,standard,pacejka-oracle,tire_force_static,dirt,right_left,5.0,4,102,/home/ksha/Documents/sbel/offroad-control/benchmarking/results/mpc_tire_model_sweep_calibrated_20260828_002629/raw/0232_pacejka_oracle_dirt_right_left_v5_b4_s102,ok,0,19.330711603164673,15.0,0.99,/home/ksha/Documents/sbel/offroad-control/benchmarking/results/mpc_tire_model_sweep_calibrated_20260828_002629/raw/0232_pacejka_oracle_dirt_right_left_v5_b4_s102/20260828_014119_785157_dirt_right_left_acados_pacejka-oracle/diag_dirt_right_left_acados_pacejka-oracle.csv,,,1247,0.3840255195466095,1.302825,0.23742559372114494,4.502530840258542,5.07395,0.9005061680517084,2.7880032076984764,3.770799999999999,128.91040679346344,37.870521,-32.14151,0,chrono_body_contact,0,,,,,,,,0
mpc_tire_model_sweep,pacejka_oracle,standard,pacejka-oracle,tire_force_static,dirt,right_left,5.0,4,103,/home/ksha/Documents/sbel/offroad-control/benchmarking/results/mpc_tire_model_sweep_calibrated_20260828_002629/raw/0233_pacejka_oracle_dirt_right_left_v5_b4_s103,ok,0,19.383503675460815,15.0,0.99,/home/ksha/Documents/sbel/offroad-control/benchmarking/results/mpc_tire_model_sweep_calibrated_20260828_002629/raw/0233_pacejka_oracle_dirt_right_left_v5_b4_s103/20260828_014139_145249_dirt_right_left_acados_pacejka-oracle/diag_dirt_right_left_acados_pacejka-oracle.csv,,,1248,0.440312059809447,1.533308,0.26075879224376736,4.558403693444137,5.1583,0.9116807386888274,2.678309294871795,3.7552999999999996,127.65129090939395,38.568482,-32.381763,0,chrono_body_contact,0,,,,,,,,0
mpc_tire_model_sweep,pacejka_oracle,standard,pacejka-oracle,tire_force_static,dirt,right_left,5.0,4,104,/home/ksha/Documents/sbel/offroad-control/benchmarking/results/mpc_tire_model_sweep_calibrated_20260828_002629/raw/0234_pacejka_oracle_dirt_right_left_v5_b4_s104,ok,0,19.386728048324585,15.0,0.99,/home/ksha/Documents/sbel/offroad-control/benchmarking/results/mpc_tire_model_sweep_calibrated_20260828_002629/raw/0234_pacejka_oracle_dirt_right_left_v5_b4_s104/20260828_014158_554948_dirt_right_left_acados_pacejka-oracle/diag_dirt_right_left_acados_pacejka-oracle.csv,,,1248,0.4117636869034151,1.421437,0.2460805318559557,4.52373730378578,5.1069700000000005,0.9047474607571561,3.018669871794872,4.79,128.16689265654475,38.1527,-32.343494,0,chrono_body_contact,0,,,,,,,,0
mpc_tire_model_sweep,pacejka_oracle,standard,pacejka-oracle,tire_force_static,dirt,right_left,5.0,8,100,/home/ksha/Documents/sbel/offroad-control/benchmarking/results/mpc_tire_model_sweep_calibrated_20260828_002629/raw/0235_pacejka_oracle_dirt_right_left_v5_b8_s100,ok,0,19.483285903930664,15.0,0.99,/home/ksha/Documents/sbel/offroad-control/benchmarking/results/mpc_tire_model_sweep_calibrated_20260828_002629/raw/0235_pacejka_oracle_dirt_right_left_v5_b8_s100/20260828_014217_961546_dirt_right_left_acados_pacejka-oracle/diag_dirt_right_left_acados_pacejka-oracle.csv,,,1248,0.39511919978953003,1.572664,0.22440980886426592,4.450178485687903,4.9971000000000005,0.8900356971375807,3.3068830128205127,4.6,127.2637551636378,36.675806,-32.510268,0,chrono_body_contact,0,,,,,,,,0
mpc_tire_model_sweep,pacejka_oracle,standard,pacejka-oracle,tire_force_static,dirt,right_left,5.0,8,101,/home/ksha/Documents/sbel/offroad-control/benchmarking/results/mpc_tire_model_sweep_calibrated_20260828_002629/raw/0236_pacejka_oracle_dirt_right_left_v5_b8_s101,ok,0,19.48787569999695,15.0,0.99,/home/ksha/Documents/sbel/offroad-control/benchmarking/results/mpc_tire_model_sweep_calibrated_20260828_002629/raw/0236_pacejka_oracle_dirt_right_left_v5_b8_s101/20260828_014237_458684_dirt_right_left_acados_pacejka-oracle/diag_dirt_right_left_acados_pacejka-oracle.csv,,,1248,0.35632171700244,1.423511,0.20555687996306554,4.386551246537397,4.95127,0.8773102493074794,2.7870032051282054,4.8153,123.26317762957798,35.984697,-32.313558,0,chrono_body_contact,0,,,,,,,,0
mpc_tire_model_sweep,pacejka_oracle,standard,pacejka-oracle,tire_force_static,dirt,right_left,5.0,8,102,/home/ksha/Documents/sbel/offroad-control/benchmarking/results/mpc_tire_model_sweep_calibrated_20260828_002629/raw/0237_pacejka_oracle_dirt_right_left_v5_b8_s102,ok,0,19.484346628189087,15.0,0.99,/home/ksha/Documents/sbel/offroad-control/benchmarking/results/mpc_tire_model_sweep_calibrated_20260828_002629/raw/0237_pacejka_oracle_dirt_right_left_v5_b8_s102/20260828_014256_987170_dirt_right_left_acados_pacejka-oracle/diag_dirt_right_left_acados_pacejka-oracle.csv,,,1248,0.4005089018171798,1.588425,0.22325265927977844,4.4539713758079404,5.0793099999999995,0.890794275161588,2.631073717948718,3.74,128.48678244169818,36.771106,-32.487093,0,chrono_body_contact,0,,,,,,,,0
mpc_tire_model_sweep,pacejka_oracle,standard,pacejka-oracle,tire_force_static,dirt,right_left,5.0,8,103,/home/ksha/Documents/sbel/offroad-control/benchmarking/results/mpc_tire_model_sweep_calibrated_20260828_002629/raw/0238_pacejka_oracle_dirt_right_left_v5_b8_s103,ok,0,19.484002351760864,15.0,0.99,/home/ksha/Documents/sbel/offroad-control/benchmarking/results/mpc_tire_model_sweep_calibrated_20260828_002629/raw/0238_pacejka_oracle_dirt_right_left_v5_b8_s103/20260828_014316_490292_dirt_right_left_acados_pacejka-oracle/diag_dirt_right_left_acados_pacejka-oracle.csv,,,1248,0.33044014877976857,1.222984,0.19826780794090493,4.372799076638966,4.897289999999998,0.8745598153277931,2.8199358974358972,3.98,126.45305596517301,35.739595,-32.128809,0,chrono_body_contact,0,,,,,,,,0
mpc_tire_model_sweep,pacejka_oracle,standard,pacejka-oracle,tire_force_static,dirt,right_left,5.0,8,104,/home/ksha/Documents/sbel/offroad-control/benchmarking/results/mpc_tire_model_sweep_calibrated_20260828_002629/raw/0239_pacejka_oracle_dirt_right_left_v5_b8_s104,ok,0,19.519291639328003,15.0,0.99,/home/ksha/Documents/sbel/offroad-control/benchmarking/results/mpc_tire_model_sweep_calibrated_20260828_002629/raw/0239_pacejka_oracle_dirt_right_left_v5_b8_s104/20260828_014335_965818_dirt_right_left_acados_pacejka-oracle/diag_dirt_right_left_acados_pacejka-oracle.csv,,,1248,0.3055861901671892,1.202643,0.18358760480147737,4.279678301015697,4.87127,0.8559356602031395,2.673076923076923,3.7652999999999994,126.67356872640937,34.370872,-32.045436,0,chrono_body_contact,0,,,,,,,,0
mpc_tire_model_sweep,pacejka_oracle,standard,pacejka-oracle,tire_force_static,dirt,right_left,7.0,0,100,/home/ksha/Documents/sbel/offroad-control/benchmarking/results/mpc_tire_model_sweep_calibrated_20260828_002629/raw/0240_pacejka_oracle_dirt_right_left_v7_b0_s100,ok,0,19.16061544418335,15.0,0.99,/home/ksha/Documents/sbel/offroad-control/benchmarking/results/mpc_tire_model_sweep_calibrated_20260828_002629/raw/0240_pacejka_oracle_dirt_right_left_v7_b0_s100/20260828_014355_519763_dirt_right_left_acados_pacejka-oracle/diag_dirt_right_left_acados_pacejka-oracle.csv,,,1247,1.9037572141720398,5.334913,0.9545706528162512,5.0900166204986155,5.73787,0.7271452314998023,3.1499358460304734,4.0454,131.16254255992783,42.187644,-36.16213,0,chrono_body_contact,0,,,,,,,,0
mpc_tire_model_sweep,pacejka_oracle,standard,pacejka-oracle,tire_force_static,dirt,right_left,7.0,0,101,/home/ksha/Documents/sbel/offroad-control/benchmarking/results/mpc_tire_model_sweep_calibrated_20260828_002629/raw/0241_pacejka_oracle_dirt_right_left_v7_b0_s101,ok,0,19.158883810043335,15.0,0.99,/home/ksha/Documents/sbel/offroad-control/benchmarking/results/mpc_tire_model_sweep_calibrated_20260828_002629/raw/0241_pacejka_oracle_dirt_right_left_v7_b0_s101/20260828_014414_686769_dirt_right_left_acados_pacejka-oracle/diag_dirt_right_left_acados_pacejka-oracle.csv,,,1248,1.8913446291607539,5.404596,0.9374150203139427,5.060239335180055,5.73947,0.7228913335971507,3.6475721153846155,5.4753,127.42113253870892,41.977753,-36.179357,0,chrono_body_contact,0,,,,,,,,0
mpc_tire_model_sweep,pacejka_oracle,standard,pacejka-oracle,tire_force_static,dirt,right_left,7.0,0,102,/home/ksha/Documents/sbel/offroad-control/benchmarking/results/mpc_tire_model_sweep_calibrated_20260828_002629/raw/0242_pacejka_oracle_dirt_right_left_v7_b0_s102,ok,0,19.161248207092285,15.0,0.99,/home/ksha/Documents/sbel/offroad-control/benchmarking/results/mpc_tire_model_sweep_calibrated_20260828_002629/raw/0242_pacejka_oracle_dirt_right_left_v7_b0_s102/20260828_014433_870562_dirt_right_left_acados_pacejka-oracle/diag_dirt_right_left_acados_pacejka-oracle.csv,,,1248,1.8830756698771993,5.307539,0.9434234589104341,5.09646675900277,5.82555,0.7280666798575386,3.1225240384615387,4.182399999999998,132.5013960224818,42.490924,-36.013502,0,chrono_body_contact,0,,,,,,,,0
mpc_tire_model_sweep,pacejka_oracle,standard,pacejka-oracle,tire_force_static,dirt,right_left,7.0,0,103,/home/ksha/Documents/sbel/offroad-control/benchmarking/results/mpc_tire_model_sweep_calibrated_20260828_002629/raw/0243_pacejka_oracle_dirt_right_left_v7_b0_s103,ok,0,19.16621422767639,15.0,0.99,/home/ksha/Documents/sbel/offroad-control/benchmarking/results/mpc_tire_model_sweep_calibrated_20260828_002629/raw/0243_pacejka_oracle_dirt_right_left_v7_b0_s103/20260828_014453_045866_dirt_right_left_acados_pacejka-oracle/diag_dirt_right_left_acados_pacejka-oracle.csv,,,1248,1.9298187945185192,5.284398,0.9824821902123729,5.138150692520775,5.8378499999999995,0.7340215275029679,3.803197115384615,5.225899999999999,131.20781966200883,43.164272,-35.933693,0,chrono_body_contact,0,,,,,,,,0
mpc_tire_model_sweep,pacejka_oracle,standard,pacejka-oracle,tire_force_static,dirt,right_left,7.0,0,104,/home/ksha/Documents/sbel/offroad-control/benchmarking/results/mpc_tire_model_sweep_calibrated_20260828_002629/raw/0244_pacejka_oracle_dirt_right_left_v7_b0_s104,ok,0,19.16741967201233,15.0,0.99,/home/ksha/Documents/sbel/offroad-control/benchmarking/results/mpc_tire_model_sweep_calibrated_20260828_002629/raw/0244_pacejka_oracle_dirt_right_left_v7_b0_s104/20260828_014512_231364_dirt_right_left_acados_pacejka-oracle/diag_dirt_right_left_acados_pacejka-oracle.csv,,,1248,1.9793486149879842,5.52508,0.99720245521699,5.139849307479224,5.890289999999999,0.7342641867827463,4.004391025641025,5.465299999999999,132.0375753898491,43.207561,-36.17144,0,chrono_body_contact,0,,,,,,,,0
mpc_tire_model_sweep,pacejka_oracle,standard,pacejka-oracle,tire_force_static,dirt,right_left,7.0,4,100,/home/ksha/Documents/sbel/offroad-control/benchmarking/results/mpc_tire_model_sweep_calibrated_20260828_002629/raw/0245_pacejka_oracle_dirt_right_left_v7_b4_s100,ok,0,19.376959323883057,15.0,0.99,/home/ksha/Documents/sbel/offroad-control/benchmarking/results/mpc_tire_model_sweep_calibrated_20260828_002629/raw/0245_pacejka_oracle_dirt_right_left_v7_b4_s100/20260828_014531_419625_dirt_right_left_acados_pacejka-oracle/diag_dirt_right_left_acados_pacejka-oracle.csv,,,1248,2.0314373176646967,5.623511,1.0253104542936287,5.125339427516159,5.799089999999999,0.7321913467880227,3.245232371794872,4.499499999999996,131.4003119697747,42.690875,-36.337022,0,chrono_body_contact,0,,,,,,,,0
mpc_tire_model_sweep,pacejka_oracle,standard,pacejka-oracle,tire_force_static,dirt,right_left,7.0,4,101,/home/ksha/Documents/sbel/offroad-control/benchmarking/results/mpc_tire_model_sweep_calibrated_20260828_002629/raw/0246_pacejka_oracle_dirt_right_left_v7_b4_s101,ok,0,19.41974925994873,15.0,0.99,/home/ksha/Documents/sbel/offroad-control/benchmarking/results/mpc_tire_model_sweep_calibrated_20260828_002629/raw/0246_pacejka_oracle_dirt_right_left_v7_b4_s101/20260828_014550_838026_dirt_right_left_acados_pacejka-oracle/diag_dirt_right_left_acados_pacejka-oracle.csv,,,1247,1.9942531049435743,5.546137,1.0039016315789475,5.130451800554017,5.81604,0.732921685793431,3.368821170809944,4.6254,127.79712501023698,43.038244,-36.189611,0,chrono_body_contact,0,,,,,,,,0
mpc_tire_model_sweep,pacejka_oracle,standard,pacejka-oracle,tire_force_static,dirt,right_left,7.0,4,102,/home/ksha/Documents/sbel/offroad-control/benchmarking/results/mpc_tire_model_sweep_calibrated_20260828_002629/raw/0247_pacejka_oracle_dirt_right_left_v7_b4_s102,ok,0,19.335344791412354,15.0,0.99,/home/ksha/Documents/sbel/offroad-control/benchmarking/results/mpc_tire_model_sweep_calibrated_20260828_002629/raw/0247_pacejka_oracle_dirt_right_left_v7_b4_s102/20260828_014610_254812_dirt_right_left_acados_pacejka-oracle/diag_dirt_right_left_acados_pacejka-oracle.csv,,,1248,1.97345199308761,5.49955,0.9943696048014774,5.118083656509695,5.842779999999999,0.7311548080728135,3.26150641025641,4.350599999999999,132.6526485849447,42.761537,-36.175131,0,chrono_body_contact,0,,,,,,,,0
mpc_tire_model_sweep,pacejka_oracle,standard,pacejka-oracle,tire_force_static,dirt,right_left,7.0,4,103,/home/ksha/Documents/sbel/offroad-control/benchmarking/results/mpc_tire_model_sweep_calibrated_20260828_002629/raw/0248_pacejka_oracle_dirt_right_left_v7_b4_s103,ok,0,19.37725806236267,15.0,0.99,/home/ksha/Documents/sbel/offroad-control/benchmarking/results/mpc_tire_model_sweep_calibrated_20260828_002629/raw/0248_pacejka_oracle_dirt_right_left_v7_b4_s103/20260828_014629_597605_dirt_right_left_acados_pacejka-oracle/diag_dirt_right_left_acados_pacejka-oracle.csv,,,1248,2.0242624454548435,5.646694,1.018592427516159,5.135405170821791,5.8251599999999994,0.7336293101173987,4.035673076923077,5.590599999999999,131.21017717383637,42.986569,-36.259214,0,chrono_body_contact,0,,,,,,,,0
mpc_tire_model_sweep,pacejka_oracle,standard,pacejka-oracle,tire_force_static,dirt,right_left,7.0,4,104,/home/ksha/Documents/sbel/offroad-control/benchmarking/results/mpc_tire_model_sweep_calibrated_20260828_002629/raw/0249_pacejka_oracle_dirt_right_left_v7_b4_s104,ok,0,19.333481311798096,15.0,0.99,/home/ksha/Documents/sbel/offroad-control/benchmarking/results/mpc_tire_model_sweep_calibrated_20260828_002629/raw/0249_pacejka_oracle_dirt_right_left_v7_b4_s104/20260828_014649_004480_dirt_right_left_acados_pacejka-oracle/diag_dirt_right_left_acados_pacejka-oracle.csv,,,1248,1.9916580855543242,5.643193,1.0016179307479223,5.1070204062788545,5.80607,0.7295743437541221,3.2932371794871793,5.294799999999996,131.85643699748795,42.618326,-36.302234,0,chrono_body_contact,0,,,,,,,,0
mpc_tire_model_sweep,pacejka_oracle,standard,pacejka-oracle,tire_force_static,dirt,right_left,7.0,8,100,/home/ksha/Documents/sbel/offroad-control/benchmarking/results/mpc_tire_model_sweep_calibrated_20260828_002629/raw/0250_pacejka_oracle_dirt_right_left_v7_b8_s100,ok,0,19.528937339782715,15.0,0.99,/home/ksha/Documents/sbel/offroad-control/benchmarking/results/mpc_tire_model_sweep_calibrated_20260828_002629/raw/0250_pacejka_oracle_dirt_right_left_v7_b8_s100/20260828_014708_351821_dirt_right_left_acados_pacejka-oracle/diag_dirt_right_left_acados_pacejka-oracle.csv,,,1248,1.732426480495933,4.78352,0.8801788808864266,5.075161588180978,5.8184,0.725023084025854,3.0254487179487177,3.89,130.98118640315607,42.220671,-35.657963,0,chrono_body_contact,0,,,,,,,,0
mpc_tire_model_sweep,pacejka_oracle,standard,pacejka-oracle,tire_force_static,dirt,right_left,7.0,8,101,/home/ksha/Documents/sbel/offroad-control/benchmarking/results/mpc_tire_model_sweep_calibrated_20260828_002629/raw/0251_pacejka_oracle_dirt_right_left_v7_b8_s101,ok,0,19.484206438064575,15.0,0.99,/home/ksha/Documents/sbel/offroad-control/benchmarking/results/mpc_tire_model_sweep_calibrated_20260828_002629/raw/0251_pacejka_oracle_dirt_right_left_v7_b8_s101/20260828_014727_891899_dirt_right_left_acados_pacejka-oracle/diag_dirt_right_left_acados_pacejka-oracle.csv,,,1248,1.7503714662842438,4.838273,0.8874406666666667,5.058257248384118,5.76047,0.7226081783405883,3.050985576923077,4.07,127.22244758276656,42.020857,-35.636973,0,chrono_body_contact,0,,,,,,,,0
mpc_tire_model_sweep,pacejka_oracle,standard,pacejka-oracle,tire_force_static,dirt,right_left,7.0,8,102,/home/ksha/Documents/sbel/offroad-control/benchmarking/results/mpc_tire_model_sweep_calibrated_20260828_002629/raw/0252_pacejka_oracle_dirt_right_left_v7_b8_s102,ok,0,19.47708487510681,15.0,0.99,/home/ksha/Documents/sbel/offroad-control/benchmarking/results/mpc_tire_model_sweep_calibrated_20260828_002629/raw/0252_pacejka_oracle_dirt_right_left_v7_b8_s102/20260828_014747_388961_dirt_right_left_acados_pacejka-oracle/diag_dirt_right_left_acados_pacejka-oracle.csv,,,1247,1.6437651414367878,4.724289,0.8271406740535548,5.010785872576177,5.714779999999999,0.7158265532251681,3.157506014434643,4.380799999999999,131.82637410516196,41.300975,-35.554604,0,chrono_body_contact,0,,,,,,,,0
mpc_tire_model_sweep,pacejka_oracle,standard,pacejka-oracle,tire_force_static,dirt,right_left,7.0,8,103,/home/ksha/Documents/sbel/offroad-control/benchmarking/results/mpc_tire_model_sweep_calibrated_20260828_002629/raw/0253_pacejka_oracle_dirt_right_left_v7_b8_s103,ok,0,19.480247497558594,15.0,0.99,/home/ksha/Documents/sbel/offroad-control/benchmarking/results/mpc_tire_model_sweep_calibrated_20260828_002629/raw/0253_pacejka_oracle_dirt_right_left_v7_b8_s103/20260828_014806_889652_dirt_right_left_acados_pacejka-oracle/diag_dirt_right_left_acados_pacejka-oracle.csv,,,1247,1.6105207603269729,4.650792,0.818097402585411,5.042909972299169,5.78843,0.7204157103284528,3.1369687249398557,4.36,130.3747067479011,42.108296,-35.494966,0,chrono_body_contact,0,,,,,,,,0
mpc_tire_model_sweep,pacejka_oracle,standard,pacejka-oracle,tire_force_static,dirt,right_left,7.0,8,104,/home/ksha/Documents/sbel/offroad-control/benchmarking/results/mpc_tire_model_sweep_calibrated_20260828_002629/raw/0254_pacejka_oracle_dirt_right_left_v7_b8_s104,ok,0,19.47826337814331,15.0,0.99,/home/ksha/Documents/sbel/offroad-control/benchmarking/results/mpc_tire_model_sweep_calibrated_20260828_002629/raw/0254_pacejka_oracle_dirt_right_left_v7_b8_s104/20260828_014826_412484_dirt_right_left_acados_pacejka-oracle/diag_dirt_right_left_acados_pacejka-oracle.csv,,,1248,1.7350835611393152,5.050325,0.8548020554016621,5.018822345337027,5.7415,0.7169746207624323,3.1822916666666665,4.2353,131.25935099187606,41.343144,-35.873208,0,chrono_body_contact,0,,,,,,,,0
mpc_tire_model_sweep,pacejka_oracle,standard,pacejka-oracle,tire_force_static,dirt,right_left,9.0,0,100,/home/ksha/Documents/sbel/offroad-control/benchmarking/results/mpc_tire_model_sweep_calibrated_20260828_002629/raw/0255_pacejka_oracle_dirt_right_left_v9_b0_s100,ok,0,19.13769006729126,15.0,0.99,/home/ksha/Documents/sbel/offroad-control/benchmarking/results/mpc_tire_model_sweep_calibrated_20260828_002629/raw/0255_pacejka_oracle_dirt_right_left_v9_b0_s100/20260828_014845_894744_dirt_right_left_acados_pacejka-oracle/diag_dirt_right_left_acados_pacejka-oracle.csv,,,1248,1.9362049638037775,5.204044,0.995885404432133,5.160070914127424,5.866319999999999,0.5733412126808248,3.2665625,4.520599999999999,131.62487700730807,43.517333,-35.839545,0,chrono_body_contact,0,,,,,,,,0
mpc_tire_model_sweep,pacejka_oracle,standard,pacejka-oracle,tire_force_static,dirt,right_left,9.0,0,101,/home/ksha/Documents/sbel/offroad-control/benchmarking/results/mpc_tire_model_sweep_calibrated_20260828_002629/raw/0256_pacejka_oracle_dirt_right_left_v9_b0_s101,ok,0,19.173754930496216,15.0,0.99,/home/ksha/Documents/sbel/offroad-control/benchmarking/results/mpc_tire_model_sweep_calibrated_20260828_002629/raw/0256_pacejka_oracle_dirt_right_left_v9_b0_s101/20260828_014905_054012_dirt_right_left_acados_pacejka-oracle/diag_dirt_right_left_acados_pacejka-oracle.csv,,,1248,1.9050170170077059,5.311359,0.9600750341643582,5.092732594644505,5.734439999999999,0.5658591771827228,3.953141025641026,5.729499999999996,127.62804864443534,42.52229,-35.879537,0,chrono_body_contact,0,,,,,,,,0
mpc_tire_model_sweep,pacejka_oracle,standard,pacejka-oracle,tire_force_static,dirt,right_left,9.0,0,102,/home/ksha/Documents/sbel/offroad-control/benchmarking/results/mpc_tire_model_sweep_calibrated_20260828_002629/raw/0257_pacejka_oracle_dirt_right_left_v9_b0_s102,ok,0,19.1408429145813,15.0,0.99,/home/ksha/Documents/sbel/offroad-control/benchmarking/results/mpc_tire_model_sweep_calibrated_20260828_002629/raw/0257_pacejka_oracle_dirt_right_left_v9_b0_s102/20260828_014924_243502_dirt_right_left_acados_pacejka-oracle/diag_dirt_right_left_acados_pacejka-oracle.csv,,,1247,1.952029349536406,5.409895,0.9798524182825484,5.11150729455217,5.82095,0.5679452549502411,3.375854049719326,6.2554,132.62913726266737,42.664451,-36.004194,0,chrono_body_contact,0,,,,,,,,0
mpc_tire_model_sweep,pacejka_oracle,standard,pacejka-oracle,tire_force_static,dirt,right_left,9.0,0,103,/home/ksha/Documents/sbel/offroad-control/benchmarking/results/mpc_tire_model_sweep_calibrated_20260828_002629/raw/0258_pacejka_oracle_dirt_right_left_v9_b0_s103,ok,0,19.132662773132324,15.0,0.99,/home/ksha/Documents/sbel/offroad-control/benchmarking/results/mpc_tire_model_sweep_calibrated_20260828_002629/raw/0258_pacejka_oracle_dirt_right_left_v9_b0_s103/20260828_014943_397537_dirt_right_left_acados_pacejka-oracle/diag_dirt_right_left_acados_pacejka-oracle.csv,,,1248,1.9719427687006577,5.287699,1.0161144773776545,5.170630932594645,5.8579799999999995,0.5745145480660717,3.2212019230769227,4.614199999999996,131.44845989942863,43.756792,-35.648583,0,chrono_body_contact,0,,,,,,,,0
mpc_tire_model_sweep,pacejka_oracle,standard,pacejka-oracle,tire_force_static,dirt,right_left,9.0,0,104,/home/ksha/Documents/sbel/offroad-control/benchmarking/results/mpc_tire_model_sweep_calibrated_20260828_002629/raw/0259_pacejka_oracle_dirt_right_left_v9_b0_s104,ok,0,19.173566102981567,15.0,0.99,/home/ksha/Documents/sbel/offroad-control/benchmarking/results/mpc_tire_model_sweep_calibrated_20260828_002629/raw/0259_pacejka_oracle_dirt_right_left_v9_b0_s104/20260828_015002_558985_dirt_right_left_acados_pacejka-oracle/diag_dirt_right_left_acados_pacejka-oracle.csv,,,1248,1.9087621315794872,5.210148,0.9750760304709142,5.142305170821792,5.84368,0.5713672412024213,3.2182532051282053,4.920099999999995,132.1117235754653,43.423146,-35.796661,0,chrono_body_contact,0,,,,,,,,0
mpc_tire_model_sweep,pacejka_oracle,standard,pacejka-oracle,tire_force_static,dirt,right_left,9.0,4,100,/home/ksha/Documents/sbel/offroad-control/benchmarking/results/mpc_tire_model_sweep_calibrated_20260828_002629/raw/0260_pacejka_oracle_dirt_right_left_v9_b4_s100,ok,0,19.378891468048096,15.0,0.99,/home/ksha/Documents/sbel/offroad-control/benchmarking/results/mpc_tire_model_sweep_calibrated_20260828_002629/raw/0260_pacejka_oracle_dirt_right_left_v9_b4_s100/20260828_015021_745448_dirt_right_left_acados_pacejka-oracle/diag_dirt_right_left_acados_pacejka-oracle.csv,,,1247,2.0326816584280367,5.525431,1.0362838116343491,5.141162326869806,5.76002,0.5712402585410896,3.330481154771452,4.870999999999995,131.51916147231356,42.97961,-36.043936,0,chrono_body_contact,0,,,,,,,,0
mpc_tire_model_sweep,pacejka_oracle,standard,pacejka-oracle,tire_force_static,dirt,right_left,9.0,4,101,/home/ksha/Documents/sbel/offroad-control/benchmarking/results/mpc_tire_model_sweep_calibrated_20260828_002629/raw/0261_pacejka_oracle_dirt_right_left_v9_b4_s101,ok,0,19.374982357025146,15.0,0.99,/home/ksha/Documents/sbel/offroad-control/benchmarking/results/mpc_tire_model_sweep_calibrated_20260828_002629/raw/0261_pacejka_oracle_dirt_right_left_v9_b4_s101/20260828_015041_149462_dirt_right_left_acados_pacejka-oracle/diag_dirt_right_left_acados_pacejka-oracle.csv,,,1248,2.041732585796633,5.55107,1.039648433056325,5.151335457063712,5.798,0.5723706063404124,3.2854246794871793,5.145899999999999,128.02197350992085,43.404798,-35.98342,0,chrono_body_contact,0,,,,,,,,0
mpc_tire_model_sweep,pacejka_oracle,standard,pacejka-oracle,tire_force_static,dirt,right_left,9.0,4,102,/home/ksha/Documents/sbel/offroad-control/benchmarking/results/mpc_tire_model_sweep_calibrated_20260828_002629/raw/0262_pacejka_oracle_dirt_right_left_v9_b4_s102,ok,0,19.33115005493164,15.0,0.99,/home/ksha/Documents/sbel/offroad-control/benchmarking/results/mpc_tire_model_sweep_calibrated_20260828_002629/raw/0262_pacejka_oracle_dirt_right_left_v9_b4_s102/20260828_015100_554190_dirt_right_left_acados_pacejka-oracle/diag_dirt_right_left_acados_pacejka-oracle.csv,,,1248,1.9726864388459195,5.110977,1.0413157626962144,5.200123084025854,5.945259999999999,0.5777914537806504,3.2570753205128207,4.7,133.22324059180568,44.060013,-35.378899,0,chrono_body_contact,0,,,,,,,,0
mpc_tire_model_sweep,pacejka_oracle,standard,pacejka-oracle,tire_force_static,dirt,right_left,9.0,4,103,/home/ksha/Documents/sbel/offroad-control/benchmarking/results/mpc_tire_model_sweep_calibrated_20260828_002629/raw/0263_pacejka_oracle_dirt_right_left_v9_b4_s103,ok,0,19.386931657791138,15.0,0.99,/home/ksha/Documents/sbel/offroad-control/benchmarking/results/mpc_tire_model_sweep_calibrated_20260828_002629/raw/0263_pacejka_oracle_dirt_right_left_v9_b4_s103/20260828_015119_936432_dirt_right_left_acados_pacejka-oracle/diag_dirt_right_left_acados_pacejka-oracle.csv,,,1248,2.1439054071682904,5.752829,1.1019280433979686,5.177873407202217,5.81688,0.575319267466913,4.14951923076923,7.2839999999999785,131.50844499431605,43.414704,-36.079536,0,chrono_body_contact,0,,,,,,,,0
mpc_tire_model_sweep,pacejka_oracle,standard,pacejka-oracle,tire_force_static,dirt,right_left,9.0,4,104,/home/ksha/Documents/sbel/offroad-control/benchmarking/results/mpc_tire_model_sweep_calibrated_20260828_002629/raw/0264_pacejka_oracle_dirt_right_left_v9_b4_s104,ok,0,19.386460304260254,15.0,0.99,/home/ksha/Documents/sbel/offroad-control/benchmarking/results/mpc_tire_model_sweep_calibrated_20260828_002629/raw/0264_pacejka_oracle_dirt_right_left_v9_b4_s104/20260828_015139_320686_dirt_right_left_acados_pacejka-oracle/diag_dirt_right_left_acados_pacejka-oracle.csv,,,1247,1.9858871766785007,5.434735,1.0165140101569714,5.12512456140351,5.79113,0.5694582846003899,3.418628708901363,7.201599999999998,131.98625770279023,42.933132,-35.940504,0,chrono_body_contact,0,,,,,,,,0
mpc_tire_model_sweep,pacejka_oracle,standard,pacejka-oracle,tire_force_static,dirt,right_left,9.0,8,100,/home/ksha/Documents/sbel/offroad-control/benchmarking/results/mpc_tire_model_sweep_calibrated_20260828_002629/raw/0265_pacejka_oracle_dirt_right_left_v9_b8_s100,ok,0,19.439944982528687,15.0,0.99,/home/ksha/Documents/sbel/offroad-control/benchmarking/results/mpc_tire_model_sweep_calibrated_20260828_002629/raw/0265_pacejka_oracle_dirt_right_left_v9_b8_s100/20260828_015158_728122_dirt_right_left_acados_pacejka-oracle/diag_dirt_right_left_acados_pacejka-oracle.csv,,,1248,1.7820907888592574,4.668251,0.9264885826408125,5.119769898430287,5.82759,0.5688633220478096,3.1293349358974356,4.2,131.3639268489655,42.771075,-35.274061,0,chrono_body_contact,0,,,,,,,,0
mpc_tire_model_sweep,pacejka_oracle,standard,pacejka-oracle,tire_force_static,dirt,right_left,9.0,8,101,/home/ksha/Documents/sbel/offroad-control/benchmarking/results/mpc_tire_model_sweep_calibrated_20260828_002629/raw/0266_pacejka_oracle_dirt_right_left_v9_b8_s101,ok,0,19.48127555847168,15.0,0.99,/home/ksha/Documents/sbel/offroad-control/benchmarking/results/mpc_tire_model_sweep_calibrated_20260828_002629/raw/0266_pacejka_oracle_dirt_right_left_v9_b8_s101/20260828_015218_174367_dirt_right_left_acados_pacejka-oracle/diag_dirt_right_left_acados_pacejka-oracle.csv,,,1248,1.7275424011020901,4.587217,0.8951690083102491,5.082368144044321,5.81113,0.5647075715604801,3.9086778846153845,5.3706,127.40592695438252,42.529879,-35.148546,0,chrono_body_contact,0,,,,,,,,0
mpc_tire_model_sweep,pacejka_oracle,standard,pacejka-oracle,tire_force_static,dirt,right_left,9.0,8,102,/home/ksha/Documents/sbel/offroad-control/benchmarking/results/mpc_tire_model_sweep_calibrated_20260828_002629/raw/0267_pacejka_oracle_dirt_right_left_v9_b8_s102,ok,0,19.430275678634644,15.0,0.99,/home/ksha/Documents/sbel/offroad-control/benchmarking/results/mpc_tire_model_sweep_calibrated_20260828_002629/raw/0267_pacejka_oracle_dirt_right_left_v9_b8_s102/20260828_015237_672362_dirt_right_left_acados_pacejka-oracle/diag_dirt_right_left_acados_pacejka-oracle.csv,,,1248,1.6954130230975792,4.60334,0.8710157423822714,5.062108494921514,5.79563,0.5624564994357237,3.3488541666666665,4.765299999999999,132.23302810019214,42.135933,-35.294436,0,chrono_body_contact,0,,,,,,,,0
mpc_tire_model_sweep,pacejka_oracle,standard,pacejka-oracle,tire_force_static,dirt,right_left,9.0,8,103,/home/ksha/Documents/sbel/offroad-control/benchmarking/results/mpc_tire_model_sweep_calibrated_20260828_002629/raw/0268_pacejka_oracle_dirt_right_left_v9_b8_s103,ok,0,19.440935611724854,15.0,0.99,/home/ksha/Documents/sbel/offroad-control/benchmarking/results/mpc_tire_model_sweep_calibrated_20260828_002629/raw/0268_pacejka_oracle_dirt_right_left_v9_b8_s103/20260828_015257_122633_dirt_right_left_acados_pacejka-oracle/diag_dirt_right_left_acados_pacejka-oracle.csv,,,1247,1.7403514744141917,4.64804,0.9044297913204062,5.1165270544783015,5.86249,0.5685030060531446,3.1829991980753807,4.27,130.8700392020505,43.090948,-35.303128,0,chrono_body_contact,0,,,,,,,,0
mpc_tire_model_sweep,pacejka_oracle,standard,pacejka-oracle,tire_force_static,dirt,right_left,9.0,8,104,/home/ksha/Documents/sbel/offroad-control/benchmarking/results/mpc_tire_model_sweep_calibrated_20260828_002629/raw/0269_pacejka_oracle_dirt_right_left_v9_b8_s104,ok,0,19.486005067825317,15.0,0.99,/home/ksha/Documents/sbel/offroad-control/benchmarking/results/mpc_tire_model_sweep_calibrated_20260828_002629/raw/0269_pacejka_oracle_dirt_right_left_v9_b8_s104/20260828_015316_590331_dirt_right_left_acados_pacejka-oracle/diag_dirt_right_left_acados_pacejka-oracle.csv,,,1248,1.754837420195988,4.681597,0.9084550313942752,5.108058725761772,5.86219,0.5675620806401969,3.9268349358974364,5.215299999999999,131.91555046826159,42.847713,-35.286936,0,chrono_body_contact,0,,,,,,,,0
mpc_tire_model_sweep,pacejka_oracle,standard,pacejka-oracle,tire_force_static,sand,sinusoidal,5.0,0,100,/home/ksha/Documents/sbel/offroad-control/benchmarking/results/mpc_tire_model_sweep_calibrated_20260828_002629/raw/0270_pacejka_oracle_sand_sinusoidal_v5_b0_s100,ok,0,19.138235569000244,15.0,0.99,/home/ksha/Documents/sbel/offroad-control/benchmarking/results/mpc_tire_model_sweep_calibrated_20260828_002629/raw/0270_pacejka_oracle_sand_sinusoidal_v5_b0_s100/20260828_015336_102463_sand_sinusoidal_acados_pacejka-oracle/diag_sand_sinusoidal_acados_pacejka-oracle.csv,,,1247,0.11372098050786567,0.360285,0.09125938965835642,3.59872945521699,5.113709999999999,0.719745891043398,2.471563753007217,3.9907999999999992,123.33651284241714,47.369793,1.231346,0,chrono_body_contact,0,,,,,,,,0
mpc_tire_model_sweep,pacejka_oracle,standard,pacejka-oracle,tire_force_static,sand,sinusoidal,5.0,0,101,/home/ksha/Documents/sbel/offroad-control/benchmarking/results/mpc_tire_model_sweep_calibrated_20260828_002629/raw/0271_pacejka_oracle_sand_sinusoidal_v5_b0_s101,ok,0,19.133750200271606,15.0,0.99,/home/ksha/Documents/sbel/offroad-control/benchmarking/results/mpc_tire_model_sweep_calibrated_20260828_002629/raw/0271_pacejka_oracle_sand_sinusoidal_v5_b0_s101/20260828_015355_263864_sand_sinusoidal_acados_pacejka-oracle/diag_sand_sinusoidal_acados_pacejka-oracle.csv,,,1248,0.12129766786221637,0.340559,0.09708148845798707,3.7054674053554937,5.13878,0.7410934810710987,2.2006891025641027,4.075899999999999,120.02793752334986,48.903769,0.70125,0,chrono_body_contact,0,,,,,,,,0
mpc_tire_model_sweep,pacejka_oracle,standard,pacejka-oracle,tire_force_static,sand,sinusoidal,5.0,0,102,/home/ksha/Documents/sbel/offroad-control/benchmarking/results/mpc_tire_model_sweep_calibrated_20260828_002629/raw/0272_pacejka_oracle_sand_sinusoidal_v5_b0_s102,ok,0,19.131825923919678,15.0,0.99,/home/ksha/Documents/sbel/offroad-control/benchmarking/results/mpc_tire_model_sweep_calibrated_20260828_002629/raw/0272_pacejka_oracle_sand_sinusoidal_v5_b0_s102/20260828_015414_406232_sand_sinusoidal_acados_pacejka-oracle/diag_sand_sinusoidal_acados_pacejka-oracle.csv,,,1248,0.12244299217549853,0.465883,0.09686768513388735,3.459185964912281,5.14479,0.6918371929824562,2.419310897435897,3.851199999999999,124.07048455063762,45.583202,1.894354,0,chrono_body_contact,0,,,,,,,,0
mpc_tire_model_sweep,pacejka_oracle,standard,pacejka-oracle,tire_force_static,sand,sinusoidal,5.0,0,103,/home/ksha/Documents/sbel/offroad-control/benchmarking/results/mpc_tire_model_sweep_calibrated_20260828_002629/raw/0273_pacejka_oracle_sand_sinusoidal_v5_b0_s103,ok,0,19.140071630477905,15.0,0.99,/home/ksha/Documents/sbel/offroad-control/benchmarking/results/mpc_tire_model_sweep_calibrated_20260828_002629/raw/0273_pacejka_oracle_sand_sinusoidal_v5_b0_s103/20260828_015433_562913_sand_sinusoidal_acados_pacejka-oracle/diag_sand_sinusoidal_acados_pacejka-oracle.csv,,,1248,0.1104869178595939,0.357301,0.0891226057248384,3.449504801477378,5.09413,0.6899009602954755,2.0487099358974357,3.4158999999999993,121.92014301921252,45.528054,1.892369,0,chrono_body_contact,0,,,,,,,,0
mpc_tire_model_sweep,pacejka_oracle,standard,pacejka-oracle,tire_force_static,sand,sinusoidal,5.0,0,104,/home/ksha/Documents/sbel/offroad-control/benchmarking/results/mpc_tire_model_sweep_calibrated_20260828_002629/raw/0274_pacejka_oracle_sand_sinusoidal_v5_b0_s104,ok,0,19.13676619529724,15.0,0.99,/home/ksha/Documents/sbel/offroad-control/benchmarking/results/mpc_tire_model_sweep_calibrated_20260828_002629/raw/0274_pacejka_oracle_sand_sinusoidal_v5_b0_s104/20260828_015452_735569_sand_sinusoidal_acados_pacejka-oracle/diag_sand_sinusoidal_acados_pacejka-oracle.csv,,,1248,0.1074581867857308,0.31209,0.08756310156971375,3.4403749769159737,5.14342,0.6880749953831947,2.0166666666666666,3.25,122.32644308126005,45.484018,1.845347,0,chrono_body_contact,0,,,,,,,,0
mpc_tire_model_sweep,pacejka_oracle,standard,pacejka-oracle,tire_force_static,sand,sinusoidal,5.0,4,100,/home/ksha/Documents/sbel/offroad-control/benchmarking/results/mpc_tire_model_sweep_calibrated_20260828_002629/raw/0275_pacejka_oracle_sand_sinusoidal_v5_b4_s100,ok,0,19.386141061782837,15.0,0.99,/home/ksha/Documents/sbel/offroad-control/benchmarking/results/mpc_tire_model_sweep_calibrated_20260828_002629/raw/0275_pacejka_oracle_sand_sinusoidal_v5_b4_s100/20260828_015511_879499_sand_sinusoidal_acados_pacejka-oracle/diag_sand_sinusoidal_acados_pacejka-oracle.csv,,,1247,0.11318188461248142,0.332283,0.09141764819944598,3.4781554016620495,5.15027,0.69563108033241,2.135838011226945,3.2753999999999994,123.08236959846829,45.840989,1.744732,0,chrono_body_contact,0,,,,,,,,0
mpc_tire_model_sweep,pacejka_oracle,standard,pacejka-oracle,tire_force_static,sand,sinusoidal,5.0,4,101,/home/ksha/Documents/sbel/offroad-control/benchmarking/results/mpc_tire_model_sweep_calibrated_20260828_002629/raw/0276_pacejka_oracle_sand_sinusoidal_v5_b4_s101,ok,0,19.385628938674927,15.0,0.99,/home/ksha/Documents/sbel/offroad-control/benchmarking/results/mpc_tire_model_sweep_calibrated_20260828_002629/raw/0276_pacejka_oracle_sand_sinusoidal_v5_b4_s101/20260828_015531_289008_sand_sinusoidal_acados_pacejka-oracle/diag_sand_sinusoidal_acados_pacejka-oracle.csv,,,1248,0.12562422351242505,0.447627,0.09886073407202216,3.468999630655586,5.13871,0.6937999261311172,2.1791346153846156,3.7453,118.98800521010766,45.919586,1.828835,0,chrono_body_contact,0,,,,,,,,0
mpc_tire_model_sweep,pacejka_oracle,standard,pacejka-oracle,tire_force_static,sand,sinusoidal,5.0,4,102,/home/ksha/Documents/sbel/offroad-control/benchmarking/results/mpc_tire_model_sweep_calibrated_20260828_002629/raw/0277_pacejka_oracle_sand_sinusoidal_v5_b4_s102,ok,0,19.339749097824097,15.0,0.99,/home/ksha/Documents/sbel/offroad-control/benchmarking/results/mpc_tire_model_sweep_calibrated_20260828_002629/raw/0277_pacejka_oracle_sand_sinusoidal_v5_b4_s102/20260828_015550_687265_sand_sinusoidal_acados_pacejka-oracle/diag_sand_sinusoidal_acados_pacejka-oracle.csv,,,1248,0.12232766207035241,0.365125,0.09937400461680518,3.6517695290858727,5.116919999999999,0.7303539058171745,2.08556891025641,3.476499999999999,124.63302262604881,48.180314,1.000253,0,chrono_body_contact,0,,,,,,,,0
mpc_tire_model_sweep,pacejka_oracle,standard,pacejka-oracle,tire_force_static,sand,sinusoidal,5.0,4,103,/home/ksha/Documents/sbel/offroad-control/benchmarking/results/mpc_tire_model_sweep_calibrated_20260828_002629/raw/0278_pacejka_oracle_sand_sinusoidal_v5_b4_s103,ok,0,19.33808970451355,15.0,0.99,/home/ksha/Documents/sbel/offroad-control/benchmarking/results/mpc_tire_model_sweep_calibrated_20260828_002629/raw/0278_pacejka_oracle_sand_sinusoidal_v5_b4_s103/20260828_015610_052327_sand_sinusoidal_acados_pacejka-oracle/diag_sand_sinusoidal_acados_pacejka-oracle.csv,,,1247,0.11141864595642283,0.364258,0.08965574699907664,3.4193015697137583,5.12249,0.6838603139427517,2.1031515637530074,3.4953999999999996,121.835975156691,45.301237,1.960767,0,chrono_body_contact,0,,,,,,,,0
mpc_tire_model_sweep,pacejka_oracle,standard,pacejka-oracle,tire_force_static,sand,sinusoidal,5.0,4,104,/home/ksha/Documents/sbel/offroad-control/benchmarking/results/mpc_tire_model_sweep_calibrated_20260828_002629/raw/0279_pacejka_oracle_sand_sinusoidal_v5_b4_s104,ok,0,19.338390350341797,15.0,0.99,/home/ksha/Documents/sbel/offroad-control/benchmarking/results/mpc_tire_model_sweep_calibrated_20260828_002629/raw/0279_pacejka_oracle_sand_sinusoidal_v5_b4_s104/20260828_015629_410882_sand_sinusoidal_acados_pacejka-oracle/diag_sand_sinusoidal_acados_pacejka-oracle.csv,,,1248,0.1233154842425332,0.383001,0.10000771006463527,3.6761382271468146,5.15196,0.7352276454293629,2.0935576923076926,3.48,123.32584634518187,48.508559,0.790342,0,chrono_body_contact,0,,,,,,,,0
mpc_tire_model_sweep,pacejka_oracle,standard,pacejka-oracle,tire_force_static,sand,sinusoidal,5.0,8,100,/home/ksha/Documents/sbel/offroad-control/benchmarking/results/mpc_tire_model_sweep_calibrated_20260828_002629/raw/0280_pacejka_oracle_sand_sinusoidal_v5_b8_s100,ok,0,19.437117338180542,15.0,0.99,/home/ksha/Documents/sbel/offroad-control/benchmarking/results/mpc_tire_model_sweep_calibrated_20260828_002629/raw/0280_pacejka_oracle_sand_sinusoidal_v5_b8_s100/20260828_015648_774367_sand_sinusoidal_acados_pacejka-oracle/diag_sand_sinusoidal_acados_pacejka-oracle.csv,,,1248,0.1247172004962447,0.392429,0.09784650138504154,3.4000055401662053,5.153289999999998,0.6800011080332411,2.029679487179487,3.1670999999999982,122.69652801279555,44.83068,1.917304,0,chrono_body_contact,0,,,,,,,,0
mpc_tire_model_sweep,pacejka_oracle,standard,pacejka-oracle,tire_force_static,sand,sinusoidal,5.0,8,101,/home/ksha/Documents/sbel/offroad-control/benchmarking/results/mpc_tire_model_sweep_calibrated_20260828_002629/raw/0281_pacejka_oracle_sand_sinusoidal_v5_b8_s101,ok,0,19.485619068145752,15.0,0.99,/home/ksha/Documents/sbel/offroad-control/benchmarking/results/mpc_tire_model_sweep_calibrated_20260828_002629/raw/0281_pacejka_oracle_sand_sinusoidal_v5_b8_s101/20260828_015708_221100_sand_sinusoidal_acados_pacejka-oracle/diag_sand_sinusoidal_acados_pacejka-oracle.csv,,,1248,0.13250260023495392,0.511959,0.10095746722068329,3.3134133887349955,5.147939999999999,0.6626826777469991,2.442924679487179,4.0,118.1007893988481,43.816226,2.124956,0,chrono_body_contact,0,,,,,,,,0
mpc_tire_model_sweep,pacejka_oracle,standard,pacejka-oracle,tire_force_static,sand,sinusoidal,5.0,8,102,/home/ksha/Documents/sbel/offroad-control/benchmarking/results/mpc_tire_model_sweep_calibrated_20260828_002629/raw/0282_pacejka_oracle_sand_sinusoidal_v5_b8_s102,ok,0,19.441187143325806,15.0,0.99,/home/ksha/Documents/sbel/offroad-control/benchmarking/results/mpc_tire_model_sweep_calibrated_20260828_002629/raw/0282_pacejka_oracle_sand_sinusoidal_v5_b8_s102/20260828_015727_719969_sand_sinusoidal_acados_pacejka-oracle/diag_sand_sinusoidal_acados_pacejka-oracle.csv,,,1248,0.13065896213577533,0.398747,0.10633104986149584,3.574268421052632,5.191069999999999,0.7148536842105264,2.1056971153846153,3.25,124.30013890373755,47.219061,1.406048,0,chrono_body_contact,0,,,,,,,,0
mpc_tire_model_sweep,pacejka_oracle,standard,pacejka-oracle,tire_force_static,sand,sinusoidal,5.0,8,103,/home/ksha/Documents/sbel/offroad-control/benchmarking/results/mpc_tire_model_sweep_calibrated_20260828_002629/raw/0283_pacejka_oracle_sand_sinusoidal_v5_b8_s103,ok,0,19.486236095428467,15.0,0.99,/home/ksha/Documents/sbel/offroad-control/benchmarking/results/mpc_tire_model_sweep_calibrated_20260828_002629/raw/0283_pacejka_oracle_sand_sinusoidal_v5_b8_s103/20260828_015747_213653_sand_sinusoidal_acados_pacejka-oracle/diag_sand_sinusoidal_acados_pacejka-oracle.csv,,,1248,0.13724130822666808,0.4738,0.10615993167128347,3.3724035087719297,5.20034,0.6744807017543859,2.0201121794871795,3.2253,121.9310856248664,44.581117,2.053027,0,chrono_body_contact,0,,,,,,,,0
mpc_tire_model_sweep,pacejka_oracle,standard,pacejka-oracle,tire_force_static,sand,sinusoidal,5.0,8,104,/home/ksha/Documents/sbel/offroad-control/benchmarking/results/mpc_tire_model_sweep_calibrated_20260828_002629/raw/0284_pacejka_oracle_sand_sinusoidal_v5_b8_s104,ok,0,19.48841619491577,15.0,0.99,/home/ksha/Documents/sbel/offroad-control/benchmarking/results/mpc_tire_model_sweep_calibrated_20260828_002629/raw/0284_pacejka_oracle_sand_sinusoidal_v5_b8_s104/20260828_015806_698714_sand_sinusoidal_acados_pacejka-oracle/diag_sand_sinusoidal_acados_pacejka-oracle.csv,,,1248,0.1256582887211239,0.42678,0.09830138319482917,3.4058887349953837,5.167279999999999,0.6811777469990767,2.026995192307692,3.21,122.20365703503133,45.036293,1.911139,0,chrono_body_contact,0,,,,,,,,0
mpc_tire_model_sweep,pacejka_oracle,standard,pacejka-oracle,tire_force_static,sand,sinusoidal,7.0,0,100,/home/ksha/Documents/sbel/offroad-control/benchmarking/results/mpc_tire_model_sweep_calibrated_20260828_002629/raw/0285_pacejka_oracle_sand_sinusoidal_v7_b0_s100,ok,0,19.13144016265869,15.0,0.99,/home/ksha/Documents/sbel/offroad-control/benchmarking/results/mpc_tire_model_sweep_calibrated_20260828_002629/raw/0285_pacejka_oracle_sand_sinusoidal_v7_b0_s100/20260828_015826_222353_sand_sinusoidal_acados_pacejka-oracle/diag_sand_sinusoidal_acados_pacejka-oracle.csv,,,1248,0.22034379816294064,0.662688,0.17261121975992613,3.902205540166205,5.50127,0.5574579343094579,2.4323798076923073,3.7352999999999996,125.27777476392157,50.773301,-0.23464,0,chrono_body_contact,0,,,,,,,,0
mpc_tire_model_sweep,pacejka_oracle,standard,pacejka-oracle,tire_force_static,sand,sinusoidal,7.0,0,101,/home/ksha/Documents/sbel/offroad-control/benchmarking/results/mpc_tire_model_sweep_calibrated_20260828_002629/raw/0286_pacejka_oracle_sand_sinusoidal_v7_b0_s101,ok,0,19.133148908615112,15.0,0.99,/home/ksha/Documents/sbel/offroad-control/benchmarking/results/mpc_tire_model_sweep_calibrated_20260828_002629/raw/0286_pacejka_oracle_sand_sinusoidal_v7_b0_s101/20260828_015845_366058_sand_sinusoidal_acados_pacejka-oracle/diag_sand_sinusoidal_acados_pacejka-oracle.csv,,,1248,0.21493899291882657,0.613884,0.1675792862419206,3.6756875346260394,5.4945,0.5250982192322914,2.351538461538462,3.5752999999999995,120.60328135790067,48.269084,1.262305,0,chrono_body_contact,0,,,,,,,,0
mpc_tire_model_sweep,pacejka_oracle,standard,pacejka-oracle,tire_force_static,sand,sinusoidal,7.0,0,102,/home/ksha/Documents/sbel/offroad-control/benchmarking/results/mpc_tire_model_sweep_calibrated_20260828_002629/raw/0287_pacejka_oracle_sand_sinusoidal_v7_b0_s102,ok,0,19.134721517562866,15.0,0.99,/home/ksha/Documents/sbel/offroad-control/benchmarking/results/mpc_tire_model_sweep_calibrated_20260828_002629/raw/0287_pacejka_oracle_sand_sinusoidal_v7_b0_s102/20260828_015904_535529_sand_sinusoidal_acados_pacejka-oracle/diag_sand_sinusoidal_acados_pacejka-oracle.csv,,,1248,0.22013108731937217,0.587986,0.17089867867036013,3.7888615881809784,5.49836,0.5412659411687112,3.060512820512821,4.720599999999999,125.8780242942013,49.475957,0.613329,0,chrono_body_contact,0,,,,,,,,0
mpc_tire_model_sweep,pacejka_oracle,standard,pacejka-oracle,tire_force_static,sand,sinusoidal,7.0,0,103,/home/ksha/Documents/sbel/offroad-control/benchmarking/results/mpc_tire_model_sweep_calibrated_20260828_002629/raw/0288_pacejka_oracle_sand_sinusoidal_v7_b0_s103,ok,0,19.139978647232056,15.0,0.99,/home/ksha/Documents/sbel/offroad-control/benchmarking/results/mpc_tire_model_sweep_calibrated_20260828_002629/raw/0288_pacejka_oracle_sand_sinusoidal_v7_b0_s103/20260828_015923_659766_sand_sinusoidal_acados_pacejka-oracle/diag_sand_sinusoidal_acados_pacejka-oracle.csv,,,1248,0.21875854588523344,0.596717,0.17336215789473683,3.7755808864265927,5.48856,0.5393686980609418,2.4301682692307693,4.47,123.96048398660406,49.371061,0.663159,0,chrono_body_contact,0,,,,,,,,0
mpc_tire_model_sweep,pacejka_oracle,standard,pacejka-oracle,tire_force_static,sand,sinusoidal,7.0,0,104,/home/ksha/Documents/sbel/offroad-control/benchmarking/results/mpc_tire_model_sweep_calibrated_20260828_002629/raw/0289_pacejka_oracle_sand_sinusoidal_v7_b0_s104,ok,0,19.140849113464355,15.0,0.99,/home/ksha/Documents/sbel/offroad-control/benchmarking/results/mpc_tire_model_sweep_calibrated_20260828_002629/raw/0289_pacejka_oracle_sand_sinusoidal_v7_b0_s104/20260828_015942_839135_sand_sinusoidal_acados_pacejka-oracle/diag_sand_sinusoidal_acados_pacejka-oracle.csv,,,1247,0.22173976059415607,0.617152,0.17244395290858724,3.699350969529086,5.50923,0.5284787099327265,2.406423416198878,3.7354,123.94202640289272,48.473734,1.07519,0,chrono_body_contact,0,,,,,,,,0
mpc_tire_model_sweep,pacejka_oracle,standard,pacejka-oracle,tire_force_static,sand,sinusoidal,7.0,4,100,/home/ksha/Documents/sbel/offroad-control/benchmarking/results/mpc_tire_model_sweep_calibrated_20260828_002629/raw/0290_pacejka_oracle_sand_sinusoidal_v7_b4_s100,ok,0,19.3389093875885,15.0,0.99,/home/ksha/Documents/sbel/offroad-control/benchmarking/results/mpc_tire_model_sweep_calibrated_20260828_002629/raw/0290_pacejka_oracle_sand_sinusoidal_v7_b4_s100/20260828_020001_990236_sand_sinusoidal_acados_pacejka-oracle/diag_sand_sinusoidal_acados_pacejka-oracle.csv,,,1248,0.21827765967153903,0.630067,0.1681450914127424,3.7604046168051704,5.48266,0.5372006595435957,2.3617467948717947,3.6052999999999997,124.82621457010657,49.16663,0.67047,0,chrono_body_contact,0,,,,,,,,0
mpc_tire_model_sweep,pacejka_oracle,standard,pacejka-oracle,tire_force_static,sand,sinusoidal,7.0,4,101,/home/ksha/Documents/sbel/offroad-control/benchmarking/results/mpc_tire_model_sweep_calibrated_20260828_002629/raw/0291_pacejka_oracle_sand_sinusoidal_v7_b4_s101,ok,0,19.337770223617554,15.0,0.99,/home/ksha/Documents/sbel/offroad-control/benchmarking/results/mpc_tire_model_sweep_calibrated_20260828_002629/raw/0291_pacejka_oracle_sand_sinusoidal_v7_b4_s101/20260828_020021_341555_sand_sinusoidal_acados_pacejka-oracle/diag_sand_sinusoidal_acados_pacejka-oracle.csv,,,1248,0.22226959522181033,0.566276,0.17400223730378578,3.9095697137580796,5.46547,0.558509959108297,2.4016907051282055,3.64,121.45420902477721,51.102136,-0.27563,0,chrono_body_contact,0,,,,,,,,0
mpc_tire_model_sweep,pacejka_oracle,standard,pacejka-oracle,tire_force_static,sand,sinusoidal,7.0,4,102,/home/ksha/Documents/sbel/offroad-control/benchmarking/results/mpc_tire_model_sweep_calibrated_20260828_002629/raw/0292_pacejka_oracle_sand_sinusoidal_v7_b4_s102,ok,0,19.34098792076111,15.0,0.99,/home/ksha/Documents/sbel/offroad-control/benchmarking/results/mpc_tire_model_sweep_calibrated_20260828_002629/raw/0292_pacejka_oracle_sand_sinusoidal_v7_b4_s102/20260828_020040_711069_sand_sinusoidal_acados_pacejka-oracle/diag_sand_sinusoidal_acados_pacejka-oracle.csv,,,1247,0.2296584120388554,0.649123,0.17903549584487535,4.020001015697137,5.4651,0.5742858593853052,2.4935044105854045,3.788599999999997,126.73127747029979,52.29424,-0.93897,0,chrono_body_contact,0,,,,,,,,0
mpc_tire_model_sweep,pacejka_oracle,standard,pacejka-oracle,tire_force_static,sand,sinusoidal,7.0,4,103,/home/ksha/Documents/sbel/offroad-control/benchmarking/results/mpc_tire_model_sweep_calibrated_20260828_002629/raw/0293_pacejka_oracle_sand_sinusoidal_v7_b4_s103,ok,0,19.33593463897705,15.0,0.99,/home/ksha/Documents/sbel/offroad-control/benchmarking/results/mpc_tire_model_sweep_calibrated_20260828_002629/raw/0293_pacejka_oracle_sand_sinusoidal_v7_b4_s103/20260828_020100_061081_sand_sinusoidal_acados_pacejka-oracle/diag_sand_sinusoidal_acados_pacejka-oracle.csv,,,1247,0.2223569488169127,0.663196,0.17499136288088643,3.93030027700831,5.4734799999999995,0.5614714681440443,2.493945469125902,3.8323999999999976,124.37603474452985,51.276122,-0.424642,0,chrono_body_contact,0,,,,,,,,0
mpc_tire_model_sweep,pacejka_oracle,standard,pacejka-oracle,tire_force_static,sand,sinusoidal,7.0,4,104,/home/ksha/Documents/sbel/offroad-control/benchmarking/results/mpc_tire_model_sweep_calibrated_20260828_002629/raw/0294_pacejka_oracle_sand_sinusoidal_v7_b4_s104,ok,0,19.38126540184021,15.0,0.99,/home/ksha/Documents/sbel/offroad-control/benchmarking/results/mpc_tire_model_sweep_calibrated_20260828_002629/raw/0294_pacejka_oracle_sand_sinusoidal_v7_b4_s104/20260828_020119_424452_sand_sinusoidal_acados_pacejka-oracle/diag_sand_sinusoidal_acados_pacejka-oracle.csv,,,1248,0.2217730395926549,0.638931,0.17117934903047094,3.7888096952908583,5.46577,0.541258527898694,2.366666666666667,3.6305999999999994,124.40443838613712,49.6085,0.480142,0,chrono_body_contact,0,,,,,,,,0
mpc_tire_model_sweep,pacejka_oracle,standard,pacejka-oracle,tire_force_static,sand,sinusoidal,7.0,8,100,/home/ksha/Documents/sbel/offroad-control/benchmarking/results/mpc_tire_model_sweep_calibrated_20260828_002629/raw/0295_pacejka_oracle_sand_sinusoidal_v7_b8_s100,ok,0,19.528263330459595,15.0,0.99,/home/ksha/Documents/sbel/offroad-control/benchmarking/results/mpc_tire_model_sweep_calibrated_20260828_002629/raw/0295_pacejka_oracle_sand_sinusoidal_v7_b8_s100/20260828_020138_827592_sand_sinusoidal_acados_pacejka-oracle/diag_sand_sinusoidal_acados_pacejka-oracle.csv,,,1248,0.21428321376139634,0.584804,0.17336168513388733,3.884471745152355,5.36825,0.554924535021765,2.9298317307692305,4.535299999999999,124.99340896094816,50.709615,-0.215507,0,chrono_body_contact,0,,,,,,,,0
mpc_tire_model_sweep,pacejka_oracle,standard,pacejka-oracle,tire_force_static,sand,sinusoidal,7.0,8,101,/home/ksha/Documents/sbel/offroad-control/benchmarking/results/mpc_tire_model_sweep_calibrated_20260828_002629/raw/0296_pacejka_oracle_sand_sinusoidal_v7_b8_s101,ok,0,19.485798597335815,15.0,0.99,/home/ksha/Documents/sbel/offroad-control/benchmarking/results/mpc_tire_model_sweep_calibrated_20260828_002629/raw/0296_pacejka_oracle_sand_sinusoidal_v7_b8_s101/20260828_020158_380082_sand_sinusoidal_acados_pacejka-oracle/diag_sand_sinusoidal_acados_pacejka-oracle.csv,,,1248,0.2138532994595477,0.564837,0.17075430378578027,3.7087322253000923,5.39318,0.5298188893285846,2.348036858974359,3.55,120.23726235312891,48.694081,1.043503,0,chrono_body_contact,0,,,,,,,,0
mpc_tire_model_sweep,pacejka_oracle,standard,pacejka-oracle,tire_force_static,sand,sinusoidal,7.0,8,102,/home/ksha/Documents/sbel/offroad-control/benchmarking/results/mpc_tire_model_sweep_calibrated_20260828_002629/raw/0297_pacejka_oracle_sand_sinusoidal_v7_b8_s102,ok,0,19.485573768615723,15.0,0.99,/home/ksha/Documents/sbel/offroad-control/benchmarking/results/mpc_tire_model_sweep_calibrated_20260828_002629/raw/0297_pacejka_oracle_sand_sinusoidal_v7_b8_s102/20260828_020217_874099_sand_sinusoidal_acados_pacejka-oracle/diag_sand_sinusoidal_acados_pacejka-oracle.csv,,,1248,0.20875666047684135,0.559298,0.16863180701754385,3.6687495844875344,5.37959,0.5241070834982192,2.420889423076923,3.9652999999999996,125.33737886596845,48.124871,1.238452,0,chrono_body_contact,0,,,,,,,,0
mpc_tire_model_sweep,pacejka_oracle,standard,pacejka-oracle,tire_force_static,sand,sinusoidal,7.0,8,103,/home/ksha/Documents/sbel/offroad-control/benchmarking/results/mpc_tire_model_sweep_calibrated_20260828_002629/raw/0298_pacejka_oracle_sand_sinusoidal_v7_b8_s103,ok,0,19.489724159240723,15.0,0.99,/home/ksha/Documents/sbel/offroad-control/benchmarking/results/mpc_tire_model_sweep_calibrated_20260828_002629/raw/0298_pacejka_oracle_sand_sinusoidal_v7_b8_s103/20260828_020237_383838_sand_sinusoidal_acados_pacejka-oracle/diag_sand_sinusoidal_acados_pacejka-oracle.csv,,,1247,0.20757117398961838,0.554882,0.1688991108033241,3.6252679593721147,5.3657,0.5178954227674449,2.4124699278267845,3.526199999999999,123.09462833055534,47.61039,1.452819,0,chrono_body_contact,0,,,,,,,,0
mpc_tire_model_sweep,pacejka_oracle,standard,pacejka-oracle,tire_force_static,sand,sinusoidal,7.0,8,104,/home/ksha/Documents/sbel/offroad-control/benchmarking/results/mpc_tire_model_sweep_calibrated_20260828_002629/raw/0299_pacejka_oracle_sand_sinusoidal_v7_b8_s104,ok,0,19.48426651954651,15.0,0.99,/home/ksha/Documents/sbel/offroad-control/benchmarking/results/mpc_tire_model_sweep_calibrated_20260828_002629/raw/0299_pacejka_oracle_sand_sinusoidal_v7_b8_s104/20260828_020256_907009_sand_sinusoidal_acados_pacejka-oracle/diag_sand_sinusoidal_acados_pacejka-oracle.csv,,,1248,0.19273482284564125,0.478955,0.15410506371191138,3.512244967682364,5.388579999999999,0.5017492810974805,2.263133012820513,3.501199999999999,123.21510383154258,46.188475,1.831016,0,chrono_body_contact,0,,,,,,,,0
mpc_tire_model_sweep,pacejka_oracle,standard,pacejka-oracle,tire_force_static,sand,sinusoidal,9.0,0,100,/home/ksha/Documents/sbel/offroad-control/benchmarking/results/mpc_tire_model_sweep_calibrated_20260828_002629/raw/0300_pacejka_oracle_sand_sinusoidal_v9_b0_s100,ok,0,19.135438919067383,15.0,0.99,/home/ksha/Documents/sbel/offroad-control/benchmarking/results/mpc_tire_model_sweep_calibrated_20260828_002629/raw/0300_pacejka_oracle_sand_sinusoidal_v9_b0_s100/20260828_020316_398142_sand_sinusoidal_acados_pacejka-oracle/diag_sand_sinusoidal_acados_pacejka-oracle.csv,,,1248,0.2177242529262923,0.608652,0.17029339058171747,3.6593059095106186,5.501169999999999,0.40658954550117987,2.3977403846153846,3.7305999999999995,124.5327718947245,47.791179,1.339841,0,chrono_body_contact,0,,,,,,,,0
mpc_tire_model_sweep,pacejka_oracle,standard,pacejka-oracle,tire_force_static,sand,sinusoidal,9.0,0,101,/home/ksha/Documents/sbel/offroad-control/benchmarking/results/mpc_tire_model_sweep_calibrated_20260828_002629/raw/0301_pacejka_oracle_sand_sinusoidal_v9_b0_s101,ok,0,19.13442897796631,15.0,0.99,/home/ksha/Documents/sbel/offroad-control/benchmarking/results/mpc_tire_model_sweep_calibrated_20260828_002629/raw/0301_pacejka_oracle_sand_sinusoidal_v9_b0_s101/20260828_020335_556089_sand_sinusoidal_acados_pacejka-oracle/diag_sand_sinusoidal_acados_pacejka-oracle.csv,,,1248,0.22921635112274572,0.622747,0.1802283545706371,3.759414404432133,5.4992,0.4177127116035704,2.45479967948718,3.6552999999999995,120.92027624402725,49.25646,0.79685,0,chrono_body_contact,0,,,,,,,,0
mpc_tire_model_sweep,pacejka_oracle,standard,pacejka-oracle,tire_force_static,sand,sinusoidal,9.0,0,102,/home/ksha/Documents/sbel/offroad-control/benchmarking/results/mpc_tire_model_sweep_calibrated_20260828_002629/raw/0302_pacejka_oracle_sand_sinusoidal_v9_b0_s102,ok,0,19.138185262680054,15.0,0.99,/home/ksha/Documents/sbel/offroad-control/benchmarking/results/mpc_tire_model_sweep_calibrated_20260828_002629/raw/0302_pacejka_oracle_sand_sinusoidal_v9_b0_s102/20260828_020354_713709_sand_sinusoidal_acados_pacejka-oracle/diag_sand_sinusoidal_acados_pacejka-oracle.csv,,,1248,0.23562386298858198,0.609699,0.18424392613111726,3.777083287165281,5.488149999999998,0.41967592079614235,2.4492387820512818,3.560599999999999,126.07891724511776,49.259177,0.747827,0,chrono_body_contact,0,,,,,,,,0
mpc_tire_model_sweep,pacejka_oracle,standard,pacejka-oracle,tire_force_static,sand,sinusoidal,9.0,0,103,/home/ksha/Documents/sbel/offroad-control/benchmarking/results/mpc_tire_model_sweep_calibrated_20260828_002629/raw/0303_pacejka_oracle_sand_sinusoidal_v9_b0_s103,ok,0,19.13230323791504,15.0,0.99,/home/ksha/Documents/sbel/offroad-control/benchmarking/results/mpc_tire_model_sweep_calibrated_20260828_002629/raw/0303_pacejka_oracle_sand_sinusoidal_v9_b0_s103/20260828_020413_857785_sand_sinusoidal_acados_pacejka-oracle/diag_sand_sinusoidal_acados_pacejka-oracle.csv,,,1248,0.2265581287526699,0.631312,0.17888198522622345,3.8062712834718377,5.4816,0.4229190314968709,2.460032051282051,3.53,124.01468950716858,49.808003,0.431917,0,chrono_body_contact,0,,,,,,,,0
mpc_tire_model_sweep,pacejka_oracle,standard,pacejka-oracle,tire_force_static,sand,sinusoidal,9.0,0,104,/home/ksha/Documents/sbel/offroad-control/benchmarking/results/mpc_tire_model_sweep_calibrated_20260828_002629/raw/0304_pacejka_oracle_sand_sinusoidal_v9_b0_s104,ok,0,19.13339614868164,15.0,0.99,/home/ksha/Documents/sbel/offroad-control/benchmarking/results/mpc_tire_model_sweep_calibrated_20260828_002629/raw/0304_pacejka_oracle_sand_sinusoidal_v9_b0_s104/20260828_020433_022836_sand_sinusoidal_acados_pacejka-oracle/diag_sand_sinusoidal_acados_pacejka-oracle.csv,,,1248,0.23103503551316565,0.668853,0.1809001024930748,3.7721286241920593,5.50853,0.4191254026880066,3.1082211538461544,4.795299999999999,124.44474154897321,49.310647,0.659407,0,chrono_body_contact,0,,,,,,,,0
mpc_tire_model_sweep,pacejka_oracle,standard,pacejka-oracle,tire_force_static,sand,sinusoidal,9.0,4,100,/home/ksha/Documents/sbel/offroad-control/benchmarking/results/mpc_tire_model_sweep_calibrated_20260828_002629/raw/0305_pacejka_oracle_sand_sinusoidal_v9_b4_s100,ok,0,19.338729858398438,15.0,0.99,/home/ksha/Documents/sbel/offroad-control/benchmarking/results/mpc_tire_model_sweep_calibrated_20260828_002629/raw/0305_pacejka_oracle_sand_sinusoidal_v9_b4_s100/20260828_020452_177576_sand_sinusoidal_acados_pacejka-oracle/diag_sand_sinusoidal_acados_pacejka-oracle.csv,,,1248,0.23047256444830203,0.64797,0.18038625392428437,3.7842727608494924,5.48213,0.42047475120549915,2.773886217948718,4.630599999999999,125.02041013622566,49.422529,0.544647,0,chrono_body_contact,0,,,,,,,,0
mpc_tire_model_sweep,pacejka_oracle,standard,pacejka-oracle,tire_force_static,sand,sinusoidal,9.0,4,101,/home/ksha/Documents/sbel/offroad-control/benchmarking/results/mpc_tire_model_sweep_calibrated_20260828_002629/raw/0306_pacejka_oracle_sand_sinusoidal_v9_b4_s101,ok,0,19.33367133140564,15.0,0.99,/home/ksha/Documents/sbel/offroad-control/benchmarking/results/mpc_tire_model_sweep_calibrated_20260828_002629/raw/0306_pacejka_oracle_sand_sinusoidal_v9_b4_s101/20260828_020511_530559_sand_sinusoidal_acados_pacejka-oracle/diag_sand_sinusoidal_acados_pacejka-oracle.csv,,,1247,0.2304393810794175,0.596399,0.18067219113573407,4.037494736842105,5.4514499999999995,0.44861052631578946,2.5293424218123497,3.69,121.95601391107243,52.627345,-1.071049,0,chrono_body_contact,0,,,,,,,,0
mpc_tire_model_sweep,pacejka_oracle,standard,pacejka-oracle,tire_force_static,sand,sinusoidal,9.0,4,102,/home/ksha/Documents/sbel/offroad-control/benchmarking/results/mpc_tire_model_sweep_calibrated_20260828_002629/raw/0307_pacejka_oracle_sand_sinusoidal_v9_b4_s102,ok,0,19.339622497558594,15.0,0.99,/home/ksha/Documents/sbel/offroad-control/benchmarking/results/mpc_tire_model_sweep_calibrated_20260828_002629/raw/0307_pacejka_oracle_sand_sinusoidal_v9_b4_s102/20260828_020530_891951_sand_sinusoidal_acados_pacejka-oracle/diag_sand_sinusoidal_acados_pacejka-oracle.csv,,,1248,0.2325282046684556,0.669094,0.17939671929824563,3.755664727608495,5.46488,0.41729608084538833,2.4566506410256412,4.545299999999999,125.79940728117569,49.145317,0.82203,0,chrono_body_contact,0,,,,,,,,0
mpc_tire_model_sweep,pacejka_oracle,standard,pacejka-oracle,tire_force_static,sand,sinusoidal,9.0,4,103,/home/ksha/Documents/sbel/offroad-control/benchmarking/results/mpc_tire_model_sweep_calibrated_20260828_002629/raw/0308_pacejka_oracle_sand_sinusoidal_v9_b4_s103,ok,0,19.380275011062622,15.0,0.99,/home/ksha/Documents/sbel/offroad-control/benchmarking/results/mpc_tire_model_sweep_calibrated_20260828_002629/raw/0308_pacejka_oracle_sand_sinusoidal_v9_b4_s103/20260828_020550_248312_sand_sinusoidal_acados_pacejka-oracle/diag_sand_sinusoidal_acados_pacejka-oracle.csv,,,1248,0.22907672889290057,0.683805,0.17890018467220684,3.878586241920591,5.46245,0.4309540268800657,2.4610016025641026,3.7152999999999996,124.22721723592596,50.664668,-0.059712,0,chrono_body_contact,0,,,,,,,,0
mpc_tire_model_sweep,pacejka_oracle,standard,pacejka-oracle,tire_force_static,sand,sinusoidal,9.0,4,104,/home/ksha/Documents/sbel/offroad-control/benchmarking/results/mpc_tire_model_sweep_calibrated_20260828_002629/raw/0309_pacejka_oracle_sand_sinusoidal_v9_b4_s104,ok,0,19.377377033233643,15.0,0.99,/home/ksha/Documents/sbel/offroad-control/benchmarking/results/mpc_tire_model_sweep_calibrated_20260828_002629/raw/0309_pacejka_oracle_sand_sinusoidal_v9_b4_s104/20260828_020609_627304_sand_sinusoidal_acados_pacejka-oracle/diag_sand_sinusoidal_acados_pacejka-oracle.csv,,,1247,0.22846915364351797,0.604504,0.17940470175438594,3.9491392428439513,5.46499,0.4387932492048835,2.519935846030473,3.68,124.90111066962453,51.527673,-0.614136,0,chrono_body_contact,0,,,,,,,,0
mpc_tire_model_sweep,pacejka_oracle,standard,pacejka-oracle,tire_force_static,sand,sinusoidal,9.0,8,100,/home/ksha/Documents/sbel/offroad-control/benchmarking/results/mpc_tire_model_sweep_calibrated_20260828_002629/raw/0310_pacejka_oracle_sand_sinusoidal_v9_b8_s100,ok,0,19.48424768447876,15.0,0.99,/home/ksha/Documents/sbel/offroad-control/benchmarking/results/mpc_tire_model_sweep_calibrated_20260828_002629/raw/0310_pacejka_oracle_sand_sinusoidal_v9_b8_s100/20260828_020629_056692_sand_sinusoidal_acados_pacejka-oracle/diag_sand_sinusoidal_acados_pacejka-oracle.csv,,,1247,0.20724577010350986,0.591275,0.16503650046168053,3.6890643582640816,5.38014,0.4098960398071202,2.4666399358460307,3.6153999999999997,124.19859143775793,48.350628,1.056059,0,chrono_body_contact,0,,,,,,,,0
mpc_tire_model_sweep,pacejka_oracle,standard,pacejka-oracle,tire_force_static,sand,sinusoidal,9.0,8,101,/home/ksha/Documents/sbel/offroad-control/benchmarking/results/mpc_tire_model_sweep_calibrated_20260828_002629/raw/0311_pacejka_oracle_sand_sinusoidal_v9_b8_s101,ok,0,19.48417353630066,15.0,0.99,/home/ksha/Documents/sbel/offroad-control/benchmarking/results/mpc_tire_model_sweep_calibrated_20260828_002629/raw/0311_pacejka_oracle_sand_sinusoidal_v9_b8_s101/20260828_020648_562393_sand_sinusoidal_acados_pacejka-oracle/diag_sand_sinusoidal_acados_pacejka-oracle.csv,,,1248,0.21967671758776744,0.582854,0.17581744136657432,3.7170092336103417,5.3926799999999995,0.4130010259567046,2.9895673076923077,4.5005999999999995,120.2646143546525,48.82651,0.986579,0,chrono_body_contact,0,,,,,,,,0
mpc_tire_model_sweep,pacejka_oracle,standard,pacejka-oracle,tire_force_static,sand,sinusoidal,9.0,8,102,/home/ksha/Documents/sbel/offroad-control/benchmarking/results/mpc_tire_model_sweep_calibrated_20260828_002629/raw/0312_pacejka_oracle_sand_sinusoidal_v9_b8_s102,ok,0,19.53287124633789,15.0,0.99,/home/ksha/Documents/sbel/offroad-control/benchmarking/results/mpc_tire_model_sweep_calibrated_20260828_002629/raw/0312_pacejka_oracle_sand_sinusoidal_v9_b8_s102/20260828_020708_067843_sand_sinusoidal_acados_pacejka-oracle/diag_sand_sinusoidal_acados_pacejka-oracle.csv,,,1248,0.21939124370673796,0.550663,0.17778939612188366,3.756136380424746,5.368459999999999,0.41734848671386066,2.5746875,4.42,125.6496729848012,49.197621,0.737382,0,chrono_body_contact,0,,,,,,,,0
mpc_tire_model_sweep,pacejka_oracle,standard,pacejka-oracle,tire_force_static,sand,sinusoidal,9.0,8,103,/home/ksha/Documents/sbel/offroad-control/benchmarking/results/mpc_tire_model_sweep_calibrated_20260828_002629/raw/0313_pacejka_oracle_sand_sinusoidal_v9_b8_s103,ok,0,19.482354640960693,15.0,0.99,/home/ksha/Documents/sbel/offroad-control/benchmarking/results/mpc_tire_model_sweep_calibrated_20260828_002629/raw/0313_pacejka_oracle_sand_sinusoidal_v9_b8_s103/20260828_020727_601852_sand_sinusoidal_acados_pacejka-oracle/diag_sand_sinusoidal_acados_pacejka-oracle.csv,,,1248,0.20600711704354038,0.552117,0.16676354016620495,3.5371559556786702,5.3649,0.39301732840874115,2.95693108974359,4.510599999999999,123.07217203602033,46.444779,1.849623,0,chrono_body_contact,0,,,,,,,,0
mpc_tire_model_sweep,pacejka_oracle,standard,pacejka-oracle,tire_force_static,sand,sinusoidal,9.0,8,104,/home/ksha/Documents/sbel/offroad-control/benchmarking/results/mpc_tire_model_sweep_calibrated_20260828_002629/raw/0314_pacejka_oracle_sand_sinusoidal_v9_b8_s104,ok,0,19.53512954711914,15.0,0.99,/home/ksha/Documents/sbel/offroad-control/benchmarking/results/mpc_tire_model_sweep_calibrated_20260828_002629/raw/0314_pacejka_oracle_sand_sinusoidal_v9_b8_s104/20260828_020747_103547_sand_sinusoidal_acados_pacejka-oracle/diag_sand_sinusoidal_acados_pacejka-oracle.csv,,,1248,0.21987568930242396,0.610208,0.17763617543859647,3.8100475530932596,5.382669999999999,0.4233386170103622,2.443020833333333,3.54,124.32752650135336,49.931198,0.303875,0,chrono_body_contact,0,,,,,,,,0
mpc_tire_model_sweep,pacejka_oracle,standard,pacejka-oracle,tire_force_static,sand,lane_change,5.0,0,100,/home/ksha/Documents/sbel/offroad-control/benchmarking/results/mpc_tire_model_sweep_calibrated_20260828_002629/raw/0315_pacejka_oracle_sand_lane_change_v5_b0_s100,ok,0,19.182687044143677,15.0,0.99,/home/ksha/Documents/sbel/offroad-control/benchmarking/results/mpc_tire_model_sweep_calibrated_20260828_002629/raw/0315_pacejka_oracle_sand_lane_change_v5_b0_s100/20260828_020806_659120_sand_lane_change_acados_pacejka-oracle/diag_sand_lane_change_acados_pacejka-oracle.csv,,,1248,0.06045269340576217,0.190177,0.04802766574330562,4.540630470914127,5.03229,0.9081260941828255,1.6176121794871794,2.83,127.64113915936984,63.078014,2.975899,0,chrono_body_contact,0,,,,,,,,0
mpc_tire_model_sweep,pacejka_oracle,standard,pacejka-oracle,tire_force_static,sand,lane_change,5.0,0,101,/home/ksha/Documents/sbel/offroad-control/benchmarking/results/mpc_tire_model_sweep_calibrated_20260828_002629/raw/0316_pacejka_oracle_sand_lane_change_v5_b0_s101,ok,0,19.183528661727905,15.0,0.99,/home/ksha/Documents/sbel/offroad-control/benchmarking/results/mpc_tire_model_sweep_calibrated_20260828_002629/raw/0316_pacejka_oracle_sand_lane_change_v5_b0_s101/20260828_020825_849797_sand_lane_change_acados_pacejka-oracle/diag_sand_lane_change_acados_pacejka-oracle.csv,,,1248,0.063601486557756,0.256746,0.05011607940904894,4.514694644506002,4.988639999999999,0.9029389289012004,1.6209535256410255,2.7752999999999997,123.37737988028599,62.952095,3.042787,0,chrono_body_contact,0,,,,,,,,0
mpc_tire_model_sweep,pacejka_oracle,standard,pacejka-oracle,tire_force_static,sand,lane_change,5.0,0,102,/home/ksha/Documents/sbel/offroad-control/benchmarking/results/mpc_tire_model_sweep_calibrated_20260828_002629/raw/0317_pacejka_oracle_sand_lane_change_v5_b0_s102,ok,0,19.13301134109497,15.0,0.99,/home/ksha/Documents/sbel/offroad-control/benchmarking/results/mpc_tire_model_sweep_calibrated_20260828_002629/raw/0317_pacejka_oracle_sand_lane_change_v5_b0_s102/20260828_020845_055457_sand_lane_change_acados_pacejka-oracle/diag_sand_lane_change_acados_pacejka-oracle.csv,,,1248,0.0639073517445083,0.213771,0.050148490304709144,4.509715604801477,5.0404599999999995,0.9019431209602955,1.6594791666666664,2.9353,128.3926808446885,62.718532,3.070206,0,chrono_body_contact,0,,,,,,,,0
mpc_tire_model_sweep,pacejka_oracle,standard,pacejka-oracle,tire_force_static,sand,lane_change,5.0,0,103,/home/ksha/Documents/sbel/offroad-control/benchmarking/results/mpc_tire_model_sweep_calibrated_20260828_002629/raw/0318_pacejka_oracle_sand_lane_change_v5_b0_s103,ok,0,19.1340548992157,15.0,0.99,/home/ksha/Documents/sbel/offroad-control/benchmarking/results/mpc_tire_model_sweep_calibrated_20260828_002629/raw/0318_pacejka_oracle_sand_lane_change_v5_b0_s103/20260828_020904_206275_sand_lane_change_acados_pacejka-oracle/diag_sand_lane_change_acados_pacejka-oracle.csv,,,1248,0.06356923887998946,0.215518,0.0501185918744229,4.5966335180055395,5.12157,0.9193267036011079,1.6118349358974358,2.7852999999999994,127.27047114740101,63.911757,3.051841,0,chrono_body_contact,0,,,,,,,,0
mpc_tire_model_sweep,pacejka_oracle,standard,pacejka-oracle,tire_force_static,sand,lane_change,5.0,0,104,/home/ksha/Documents/sbel/offroad-control/benchmarking/results/mpc_tire_model_sweep_calibrated_20260828_002629/raw/0319_pacejka_oracle_sand_lane_change_v5_b0_s104,ok,0,19.179875135421753,15.0,0.99,/home/ksha/Documents/sbel/offroad-control/benchmarking/results/mpc_tire_model_sweep_calibrated_20260828_002629/raw/0319_pacejka_oracle_sand_lane_change_v5_b0_s104/20260828_020923_366047_sand_lane_change_acados_pacejka-oracle/diag_sand_lane_change_acados_pacejka-oracle.csv,,,1248,0.06316358451217437,0.25851,0.04949710064635273,4.523092520775624,5.07318,0.9046185041551247,1.6164102564102565,2.7952999999999997,127.27815352484284,62.951481,2.991303,0,chrono_body_contact,0,,,,,,,,0
mpc_tire_model_sweep,pacejka_oracle,standard,pacejka-oracle,tire_force_static,sand,lane_change,5.0,4,100,/home/ksha/Documents/sbel/offroad-control/benchmarking/results/mpc_tire_model_sweep_calibrated_20260828_002629/raw/0320_pacejka_oracle_sand_lane_change_v5_b4_s100,ok,0,19.374993562698364,15.0,0.99,/home/ksha/Documents/sbel/offroad-control/benchmarking/results/mpc_tire_model_sweep_calibrated_20260828_002629/raw/0320_pacejka_oracle_sand_lane_change_v5_b4_s100/20260828_020942_551923_sand_lane_change_acados_pacejka-oracle/diag_sand_lane_change_acados_pacejka-oracle.csv,,,1248,0.06315785523194671,0.219164,0.0496446297322253,4.484179409048939,5.035839999999999,0.8968358818097878,1.6806891025641026,2.810599999999999,127.36220733022998,62.453584,2.973272,0,chrono_body_contact,0,,,,,,,,0
mpc_tire_model_sweep,pacejka_oracle,standard,pacejka-oracle,tire_force_static,sand,lane_change,5.0,4,101,/home/ksha/Documents/sbel/offroad-control/benchmarking/results/mpc_tire_model_sweep_calibrated_20260828_002629/raw/0321_pacejka_oracle_sand_lane_change_v5_b4_s101,ok,0,19.37482976913452,15.0,0.99,/home/ksha/Documents/sbel/offroad-control/benchmarking/results/mpc_tire_model_sweep_calibrated_20260828_002629/raw/0321_pacejka_oracle_sand_lane_change_v5_b4_s101/20260828_021001_946779_sand_lane_change_acados_pacejka-oracle/diag_sand_lane_change_acados_pacejka-oracle.csv,,,1248,0.0646850761684401,0.260837,0.05093473591874423,4.470632594644505,4.9801,0.894126518928901,2.0574439102564104,2.85,123.15747355082449,62.488461,3.045771,0,chrono_body_contact,0,,,,,,,,0
mpc_tire_model_sweep,pacejka_oracle,standard,pacejka-oracle,tire_force_static,sand,lane_change,5.0,4,102,/home/ksha/Documents/sbel/offroad-control/benchmarking/results/mpc_tire_model_sweep_calibrated_20260828_002629/raw/0322_pacejka_oracle_sand_lane_change_v5_b4_s102,ok,0,19.431843042373657,15.0,0.99,/home/ksha/Documents/sbel/offroad-control/benchmarking/results/mpc_tire_model_sweep_calibrated_20260828_002629/raw/0322_pacejka_oracle_sand_lane_change_v5_b4_s102/20260828_021021_343989_sand_lane_change_acados_pacejka-oracle/diag_sand_lane_change_acados_pacejka-oracle.csv,,,1248,0.0652419825284733,0.237531,0.050764391505078485,4.480398707294553,4.99233,0.8960797414589106,1.641025641025641,2.850599999999999,128.2408973313794,62.451588,3.072638,0,chrono_body_contact,0,,,,,,,,0
mpc_tire_model_sweep,pacejka_oracle,standard,pacejka-oracle,tire_force_static,sand,lane_change,5.0,4,103,/home/ksha/Documents/sbel/offroad-control/benchmarking/results/mpc_tire_model_sweep_calibrated_20260828_002629/raw/0323_pacejka_oracle_sand_lane_change_v5_b4_s103,ok,0,19.431739807128906,15.0,0.99,/home/ksha/Documents/sbel/offroad-control/benchmarking/results/mpc_tire_model_sweep_calibrated_20260828_002629/raw/0323_pacejka_oracle_sand_lane_change_v5_b4_s103/20260828_021040_795484_sand_lane_change_acados_pacejka-oracle/diag_sand_lane_change_acados_pacejka-oracle.csv,,,1248,0.0638681074922872,0.212399,0.050484790397045246,4.493891043397968,5.01573,0.8987782086795937,2.041049679487179,2.9153,126.66925106122744,62.697682,3.052363,0,chrono_body_contact,0,,,,,,,,0
mpc_tire_model_sweep,pacejka_oracle,standard,pacejka-oracle,tire_force_static,sand,lane_change,5.0,4,104,/home/ksha/Documents/sbel/offroad-control/benchmarking/results/mpc_tire_model_sweep_calibrated_20260828_002629/raw/0324_pacejka_oracle_sand_lane_change_v5_b4_s104,ok,0,19.41781973838806,15.0,0.99,/home/ksha/Documents/sbel/offroad-control/benchmarking/results/mpc_tire_model_sweep_calibrated_20260828_002629/raw/0324_pacejka_oracle_sand_lane_change_v5_b4_s104/20260828_021100_275195_sand_lane_change_acados_pacejka-oracle/diag_sand_lane_change_acados_pacejka-oracle.csv,,,1247,0.06319583996041146,0.251522,0.04960863988919668,4.487259279778393,4.96105,0.8974518559556787,2.0964715316760225,2.88,127.04725402678415,62.641824,2.994372,0,chrono_body_contact,0,,,,,,,,0
mpc_tire_model_sweep,pacejka_oracle,standard,pacejka-oracle,tire_force_static,sand,lane_change,5.0,8,100,/home/ksha/Documents/sbel/offroad-control/benchmarking/results/mpc_tire_model_sweep_calibrated_20260828_002629/raw/0325_pacejka_oracle_sand_lane_change_v5_b8_s100,ok,0,19.565588235855103,15.0,0.99,/home/ksha/Documents/sbel/offroad-control/benchmarking/results/mpc_tire_model_sweep_calibrated_20260828_002629/raw/0325_pacejka_oracle_sand_lane_change_v5_b8_s100/20260828_021119_689542_sand_lane_change_acados_pacejka-oracle/diag_sand_lane_change_acados_pacejka-oracle.csv,,,1247,0.06045266348046056,0.207324,0.04802810710987997,4.393652354570638,4.99703,0.8787304709141276,1.862702485966319,3.680799999999999,126.81969302132612,61.087105,2.989452,0,chrono_body_contact,0,,,,,,,,0
mpc_tire_model_sweep,pacejka_oracle,standard,pacejka-oracle,tire_force_static,sand,lane_change,5.0,8,101,/home/ksha/Documents/sbel/offroad-control/benchmarking/results/mpc_tire_model_sweep_calibrated_20260828_002629/raw/0326_pacejka_oracle_sand_lane_change_v5_b8_s101,ok,0,19.5187246799469,15.0,0.99,/home/ksha/Documents/sbel/offroad-control/benchmarking/results/mpc_tire_model_sweep_calibrated_20260828_002629/raw/0326_pacejka_oracle_sand_lane_change_v5_b8_s101/20260828_021139_274830_sand_lane_change_acados_pacejka-oracle/diag_sand_lane_change_acados_pacejka-oracle.csv,,,1248,0.06381520398437149,0.203947,0.051327144044321336,4.346963711911358,4.899659999999999,0.8693927423822716,2.0426442307692305,3.0005999999999995,122.44903642174114,60.706081,3.059181,0,chrono_body_contact,0,,,,,,,,0
mpc_tire_model_sweep,pacejka_oracle,standard,pacejka-oracle,tire_force_static,sand,lane_change,5.0,8,102,/home/ksha/Documents/sbel/offroad-control/benchmarking/results/mpc_tire_model_sweep_calibrated_20260828_002629/raw/0327_pacejka_oracle_sand_lane_change_v5_b8_s102,ok,0,19.5219783782959,15.0,0.99,/home/ksha/Documents/sbel/offroad-control/benchmarking/results/mpc_tire_model_sweep_calibrated_20260828_002629/raw/0327_pacejka_oracle_sand_lane_change_v5_b8_s102/20260828_021158_824960_sand_lane_change_acados_pacejka-oracle/diag_sand_lane_change_acados_pacejka-oracle.csv,,,1247,0.06273497326588483,0.191588,0.04993909418282548,4.456490120036935,5.1300099999999995,0.8912980240073869,1.7388051323175622,3.64,128.0915414565864,61.937903,3.083709,0,chrono_body_contact,0,,,,,,,,0
mpc_tire_model_sweep,pacejka_oracle,standard,pacejka-oracle,tire_force_static,sand,lane_change,5.0,8,103,/home/ksha/Documents/sbel/offroad-control/benchmarking/results/mpc_tire_model_sweep_calibrated_20260828_002629/raw/0328_pacejka_oracle_sand_lane_change_v5_b8_s103,ok,0,19.520843029022217,15.0,0.99,/home/ksha/Documents/sbel/offroad-control/benchmarking/results/mpc_tire_model_sweep_calibrated_20260828_002629/raw/0328_pacejka_oracle_sand_lane_change_v5_b8_s103/20260828_021218_353169_sand_lane_change_acados_pacejka-oracle/diag_sand_lane_change_acados_pacejka-oracle.csv,,,1247,0.063761429179649,0.220906,0.050399402585410896,4.418896398891968,5.00125,0.8837792797783935,2.096407377706496,3.7053999999999996,126.10876532271983,61.529083,3.056624,0,chrono_body_contact,0,,,,,,,,0
mpc_tire_model_sweep,pacejka_oracle,standard,pacejka-oracle,tire_force_static,sand,lane_change,5.0,8,104,/home/ksha/Documents/sbel/offroad-control/benchmarking/results/mpc_tire_model_sweep_calibrated_20260828_002629/raw/0329_pacejka_oracle_sand_lane_change_v5_b8_s104,ok,0,19.572944164276123,15.0,0.99,/home/ksha/Documents/sbel/offroad-control/benchmarking/results/mpc_tire_model_sweep_calibrated_20260828_002629/raw/0329_pacejka_oracle_sand_lane_change_v5_b8_s104/20260828_021237_889784_sand_lane_change_acados_pacejka-oracle/diag_sand_lane_change_acados_pacejka-oracle.csv,,,1247,0.06244337719341806,0.25737,0.049722708217913206,4.413626685133886,5.03061,0.8827253370267772,1.7146992782678427,3.686199999999999,126.6360998520509,61.461836,3.008605,0,chrono_body_contact,0,,,,,,,,0
mpc_tire_model_sweep,pacejka_oracle,standard,pacejka-oracle,tire_force_static,sand,lane_change,7.0,0,100,/home/ksha/Documents/sbel/offroad-control/benchmarking/results/mpc_tire_model_sweep_calibrated_20260828_002629/raw/0330_pacejka_oracle_sand_lane_change_v7_b0_s100,ok,0,19.22589111328125,15.0,0.99,/home/ksha/Documents/sbel/offroad-control/benchmarking/results/mpc_tire_model_sweep_calibrated_20260828_002629/raw/0330_pacejka_oracle_sand_lane_change_v7_b0_s100/20260828_021257_486322_sand_lane_change_acados_pacejka-oracle/diag_sand_lane_change_acados_pacejka-oracle.csv,,,1247,0.08313846410553499,0.302741,0.06266113111726686,5.777117266851339,6.66729,0.8253024666930484,2.244105854049719,4.401599999999998,135.69220935368202,79.171621,2.973636,0,chrono_body_contact,0,,,,,,,,0
mpc_tire_model_sweep,pacejka_oracle,standard,pacejka-oracle,tire_force_static,sand,lane_change,7.0,0,101,/home/ksha/Documents/sbel/offroad-control/benchmarking/results/mpc_tire_model_sweep_calibrated_20260828_002629/raw/0331_pacejka_oracle_sand_lane_change_v7_b0_s101,ok,0,19.220349073410034,15.0,0.99,/home/ksha/Documents/sbel/offroad-control/benchmarking/results/mpc_tire_model_sweep_calibrated_20260828_002629/raw/0331_pacejka_oracle_sand_lane_change_v7_b0_s101/20260828_021316_736256_sand_lane_change_acados_pacejka-oracle/diag_sand_lane_change_acados_pacejka-oracle.csv,,,1248,0.08328612555029279,0.311674,0.06365782548476454,5.7667759002770085,6.67643,0.8238251286110012,2.1508894230769235,3.9405999999999994,131.6749009365215,79.237206,3.043391,0,chrono_body_contact,0,,,,,,,,0
mpc_tire_model_sweep,pacejka_oracle,standard,pacejka-oracle,tire_force_static,sand,lane_change,7.0,0,102,/home/ksha/Documents/sbel/offroad-control/benchmarking/results/mpc_tire_model_sweep_calibrated_20260828_002629/raw/0332_pacejka_oracle_sand_lane_change_v7_b0_s102,ok,0,19.2154860496521,15.0,0.99,/home/ksha/Documents/sbel/offroad-control/benchmarking/results/mpc_tire_model_sweep_calibrated_20260828_002629/raw/0332_pacejka_oracle_sand_lane_change_v7_b0_s102/20260828_021335_978278_sand_lane_change_acados_pacejka-oracle/diag_sand_lane_change_acados_pacejka-oracle.csv,,,1248,0.08493424292484196,0.264112,0.06530535272391505,5.774757248384119,6.6556999999999995,0.8249653211977312,2.6814583333333335,4.9052999999999995,136.96402851161844,79.177961,3.070934,0,chrono_body_contact,0,,,,,,,,0
mpc_tire_model_sweep,pacejka_oracle,standard,pacejka-oracle,tire_force_static,sand,lane_change,7.0,0,103,/home/ksha/Documents/sbel/offroad-control/benchmarking/results/mpc_tire_model_sweep_calibrated_20260828_002629/raw/0333_pacejka_oracle_sand_lane_change_v7_b0_s103,ok,0,19.178693056106567,15.0,0.99,/home/ksha/Documents/sbel/offroad-control/benchmarking/results/mpc_tire_model_sweep_calibrated_20260828_002629/raw/0333_pacejka_oracle_sand_lane_change_v7_b0_s103/20260828_021355_214761_sand_lane_change_acados_pacejka-oracle/diag_sand_lane_change_acados_pacejka-oracle.csv,,,1248,0.08587841316518957,0.323171,0.0661001218836565,5.793119944598337,6.65395,0.8275885635140482,2.2040464743589743,4.1053,135.2589465319559,79.470917,3.050494,0,chrono_body_contact,0,,,,,,,,0
mpc_tire_model_sweep,pacejka_oracle,standard,pacejka-oracle,tire_force_static,sand,lane_change,7.0,0,104,/home/ksha/Documents/sbel/offroad-control/benchmarking/results/mpc_tire_model_sweep_calibrated_20260828_002629/raw/0334_pacejka_oracle_sand_lane_change_v7_b0_s104,ok,0,19.221832275390625,15.0,0.99,/home/ksha/Documents/sbel/offroad-control/benchmarking/results/mpc_tire_model_sweep_calibrated_20260828_002629/raw/0334_pacejka_oracle_sand_lane_change_v7_b0_s104/20260828_021414_403994_sand_lane_change_acados_pacejka-oracle/diag_sand_lane_change_acados_pacejka-oracle.csv,,,1248,0.08455682740356799,0.320866,0.06367105170821792,5.7703486611265005,6.64099,0.8243355230180714,2.1677403846153847,4.205299999999999,135.3902575326831,79.18806,2.996443,0,chrono_body_contact,0,,,,,,,,0
mpc_tire_model_sweep,pacejka_oracle,standard,pacejka-oracle,tire_force_static,sand,lane_change,7.0,4,100,/home/ksha/Documents/sbel/offroad-control/benchmarking/results/mpc_tire_model_sweep_calibrated_20260828_002629/raw/0335_pacejka_oracle_sand_lane_change_v7_b4_s100,ok,0,19.425592184066772,15.0,0.99,/home/ksha/Documents/sbel/offroad-control/benchmarking/results/mpc_tire_model_sweep_calibrated_20260828_002629/raw/0335_pacejka_oracle_sand_lane_change_v7_b4_s100/20260828_021433_653228_sand_lane_change_acados_pacejka-oracle/diag_sand_lane_change_acados_pacejka-oracle.csv,,,1247,0.08477610001889486,0.301985,0.06436786334256694,5.771990027700831,6.6372599999999995,0.8245700039572615,2.38046511627907,4.830799999999999,135.68343899875705,79.256962,2.988161,0,chrono_body_contact,0,,,,,,,,0
mpc_tire_model_sweep,pacejka_oracle,standard,pacejka-oracle,tire_force_static,sand,lane_change,7.0,4,101,/home/ksha/Documents/sbel/offroad-control/benchmarking/results/mpc_tire_model_sweep_calibrated_20260828_002629/raw/0336_pacejka_oracle_sand_lane_change_v7_b4_s101,ok,0,19.374756336212158,15.0,0.99,/home/ksha/Documents/sbel/offroad-control/benchmarking/results/mpc_tire_model_sweep_calibrated_20260828_002629/raw/0336_pacejka_oracle_sand_lane_change_v7_b4_s101/20260828_021453_099110_sand_lane_change_acados_pacejka-oracle/diag_sand_lane_change_acados_pacejka-oracle.csv,,,1247,0.08371824142648876,0.32159,0.06406160295475531,5.763566943674976,6.657299999999999,0.8233667062392823,2.204635124298316,4.406199999999998,131.57369503126293,79.348043,3.049009,0,chrono_body_contact,0,,,,,,,,0
mpc_tire_model_sweep,pacejka_oracle,standard,pacejka-oracle,tire_force_static,sand,lane_change,7.0,4,102,/home/ksha/Documents/sbel/offroad-control/benchmarking/results/mpc_tire_model_sweep_calibrated_20260828_002629/raw/0337_pacejka_oracle_sand_lane_change_v7_b4_s102,ok,0,19.37824583053589,15.0,0.99,/home/ksha/Documents/sbel/offroad-control/benchmarking/results/mpc_tire_model_sweep_calibrated_20260828_002629/raw/0337_pacejka_oracle_sand_lane_change_v7_b4_s102/20260828_021512_493572_sand_lane_change_acados_pacejka-oracle/diag_sand_lane_change_acados_pacejka-oracle.csv,,,1248,0.0848630397893458,0.253316,0.06552950692520776,5.780716251154201,6.62411,0.8258166073077431,2.7249278846153846,5.091799999999998,137.02947214675442,79.415004,3.074557,0,chrono_body_contact,0,,,,,,,,0
mpc_tire_model_sweep,pacejka_oracle,standard,pacejka-oracle,tire_force_static,sand,lane_change,7.0,4,103,/home/ksha/Documents/sbel/offroad-control/benchmarking/results/mpc_tire_model_sweep_calibrated_20260828_002629/raw/0338_pacejka_oracle_sand_lane_change_v7_b4_s103,ok,0,19.378010511398315,15.0,0.99,/home/ksha/Documents/sbel/offroad-control/benchmarking/results/mpc_tire_model_sweep_calibrated_20260828_002629/raw/0338_pacejka_oracle_sand_lane_change_v7_b4_s103/20260828_021531_884368_sand_lane_change_acados_pacejka-oracle/diag_sand_lane_change_acados_pacejka-oracle.csv,,,1247,0.08648592115517471,0.318684,0.06688381717451523,5.784125577100647,6.64558,0.8263036538715209,2.236367281475541,4.4807999999999995,135.0913616545559,79.515136,3.053312,0,chrono_body_contact,0,,,,,,,,0
mpc_tire_model_sweep,pacejka_oracle,standard,pacejka-oracle,tire_force_static,sand,lane_change,7.0,4,104,/home/ksha/Documents/sbel/offroad-control/benchmarking/results/mpc_tire_model_sweep_calibrated_20260828_002629/raw/0339_pacejka_oracle_sand_lane_change_v7_b4_s104,ok,0,19.376904249191284,15.0,0.99,/home/ksha/Documents/sbel/offroad-control/benchmarking/results/mpc_tire_model_sweep_calibrated_20260828_002629/raw/0339_pacejka_oracle_sand_lane_change_v7_b4_s104/20260828_021551_287643_sand_lane_change_acados_pacejka-oracle/diag_sand_lane_change_acados_pacejka-oracle.csv,,,1248,0.08541222794642962,0.322245,0.06468776269621422,5.7861219759926135,6.6388,0.8265888537132305,2.1398157051282047,3.931199999999999,135.52230869398278,79.5563,2.991887,0,chrono_body_contact,0,,,,,,,,0
mpc_tire_model_sweep,pacejka_oracle,standard,pacejka-oracle,tire_force_static,sand,lane_change,7.0,8,100,/home/ksha/Documents/sbel/offroad-control/benchmarking/results/mpc_tire_model_sweep_calibrated_20260828_002629/raw/0340_pacejka_oracle_sand_lane_change_v7_b8_s100,ok,0,19.476398706436157,15.0,0.99,/home/ksha/Documents/sbel/offroad-control/benchmarking/results/mpc_tire_model_sweep_calibrated_20260828_002629/raw/0340_pacejka_oracle_sand_lane_change_v7_b8_s100/20260828_021610_691570_sand_lane_change_acados_pacejka-oracle/diag_sand_lane_change_acados_pacejka-oracle.csv,,,1247,0.0848475888424349,0.314908,0.06374955493998154,5.609217451523545,6.30699,0.8013167787890778,2.279093825180433,4.4154,134.50785507159782,76.983045,2.975092,0,chrono_body_contact,0,,,,,,,,0
mpc_tire_model_sweep,pacejka_oracle,standard,pacejka-oracle,tire_force_static,sand,lane_change,7.0,8,101,/home/ksha/Documents/sbel/offroad-control/benchmarking/results/mpc_tire_model_sweep_calibrated_20260828_002629/raw/0341_pacejka_oracle_sand_lane_change_v7_b8_s101,ok,0,19.57247543334961,15.0,0.99,/home/ksha/Documents/sbel/offroad-control/benchmarking/results/mpc_tire_model_sweep_calibrated_20260828_002629/raw/0341_pacejka_oracle_sand_lane_change_v7_b8_s101/20260828_021630_192231_sand_lane_change_acados_pacejka-oracle/diag_sand_lane_change_acados_pacejka-oracle.csv,,,1247,0.08483112008893824,0.325204,0.06502469621421976,5.603016343490305,6.343789999999999,0.8004309062129007,2.2604170008019246,4.446199999999998,130.19687564912635,77.109752,3.03933,0,chrono_body_contact,0,,,,,,,,0
mpc_tire_model_sweep,pacejka_oracle,standard,pacejka-oracle,tire_force_static,sand,lane_change,7.0,8,102,/home/ksha/Documents/sbel/offroad-control/benchmarking/results/mpc_tire_model_sweep_calibrated_20260828_002629/raw/0342_pacejka_oracle_sand_lane_change_v7_b8_s102,ok,0,19.57190990447998,15.0,0.99,/home/ksha/Documents/sbel/offroad-control/benchmarking/results/mpc_tire_model_sweep_calibrated_20260828_002629/raw/0342_pacejka_oracle_sand_lane_change_v7_b8_s102/20260828_021649_831254_sand_lane_change_acados_pacejka-oracle/diag_sand_lane_change_acados_pacejka-oracle.csv,,,1247,0.08369497327201181,0.265731,0.06406327608494922,5.5686256694367495,6.3129599999999995,0.7955179527766785,2.25672814755413,4.3908,135.3515775811723,76.495381,3.079317,0,chrono_body_contact,0,,,,,,,,0
mpc_tire_model_sweep,pacejka_oracle,standard,pacejka-oracle,tire_force_static,sand,lane_change,7.0,8,103,/home/ksha/Documents/sbel/offroad-control/benchmarking/results/mpc_tire_model_sweep_calibrated_20260828_002629/raw/0343_pacejka_oracle_sand_lane_change_v7_b8_s103,ok,0,19.525665760040283,15.0,0.99,/home/ksha/Documents/sbel/offroad-control/benchmarking/results/mpc_tire_model_sweep_calibrated_20260828_002629/raw/0343_pacejka_oracle_sand_lane_change_v7_b8_s103/20260828_021709_371462_sand_lane_change_acados_pacejka-oracle/diag_sand_lane_change_acados_pacejka-oracle.csv,,,1247,0.08498649524011755,0.328807,0.06464921514312096,5.590591782086796,6.2863,0.7986559688695423,2.256295108259824,4.36,133.6076230967536,76.844722,3.04663,0,chrono_body_contact,0,,,,,,,,0
mpc_tire_model_sweep,pacejka_oracle,standard,pacejka-oracle,tire_force_static,sand,lane_change,7.0,8,104,/home/ksha/Documents/sbel/offroad-control/benchmarking/results/mpc_tire_model_sweep_calibrated_20260828_002629/raw/0344_pacejka_oracle_sand_lane_change_v7_b8_s104,ok,0,19.57353973388672,15.0,0.99,/home/ksha/Documents/sbel/offroad-control/benchmarking/results/mpc_tire_model_sweep_calibrated_20260828_002629/raw/0344_pacejka_oracle_sand_lane_change_v7_b8_s104/20260828_021728_923027_sand_lane_change_acados_pacejka-oracle/diag_sand_lane_change_acados_pacejka-oracle.csv,,,1248,0.0834045454169979,0.325987,0.062123981532779315,5.562204432132964,6.31106,0.7946006331618519,2.3279727564102566,4.9811999999999985,133.90160459960094,76.499974,2.99769,0,chrono_body_contact,0,,,,,,,,0
mpc_tire_model_sweep,pacejka_oracle,standard,pacejka-oracle,tire_force_static,sand,lane_change,9.0,0,100,/home/ksha/Documents/sbel/offroad-control/benchmarking/results/mpc_tire_model_sweep_calibrated_20260828_002629/raw/0345_pacejka_oracle_sand_lane_change_v9_b0_s100,ok,0,19.173880577087402,15.0,0.99,/home/ksha/Documents/sbel/offroad-control/benchmarking/results/mpc_tire_model_sweep_calibrated_20260828_002629/raw/0345_pacejka_oracle_sand_lane_change_v9_b0_s100/20260828_021748_520052_sand_lane_change_acados_pacejka-oracle/diag_sand_lane_change_acados_pacejka-oracle.csv,,,1247,0.09829133852320503,0.372935,0.07098022160664821,5.84506675900277,6.68589,0.6494518621114189,2.6380352846832396,5.06,136.15619686577043,80.058464,2.985779,0,chrono_body_contact,0,,,,,,,,0
mpc_tire_model_sweep,pacejka_oracle,standard,pacejka-oracle,tire_force_static,sand,lane_change,9.0,0,101,/home/ksha/Documents/sbel/offroad-control/benchmarking/results/mpc_tire_model_sweep_calibrated_20260828_002629/raw/0346_pacejka_oracle_sand_lane_change_v9_b0_s101,ok,0,19.179688930511475,15.0,0.99,/home/ksha/Documents/sbel/offroad-control/benchmarking/results/mpc_tire_model_sweep_calibrated_20260828_002629/raw/0346_pacejka_oracle_sand_lane_change_v9_b0_s101/20260828_021807_705082_sand_lane_change_acados_pacejka-oracle/diag_sand_lane_change_acados_pacejka-oracle.csv,,,1247,0.09751428347651978,0.402781,0.0715757377654663,5.823977192982456,6.67826,0.6471085769980507,2.44252606255012,4.34,131.96826760187764,79.990946,3.053259,0,chrono_body_contact,0,,,,,,,,0
mpc_tire_model_sweep,pacejka_oracle,standard,pacejka-oracle,tire_force_static,sand,lane_change,9.0,0,102,/home/ksha/Documents/sbel/offroad-control/benchmarking/results/mpc_tire_model_sweep_calibrated_20260828_002629/raw/0347_pacejka_oracle_sand_lane_change_v9_b0_s102,ok,0,19.1806423664093,15.0,0.99,/home/ksha/Documents/sbel/offroad-control/benchmarking/results/mpc_tire_model_sweep_calibrated_20260828_002629/raw/0347_pacejka_oracle_sand_lane_change_v9_b0_s102/20260828_021826_921497_sand_lane_change_acados_pacejka-oracle/diag_sand_lane_change_acados_pacejka-oracle.csv,,,1248,0.09875623524586795,0.323303,0.07351653370267776,5.830560941828255,6.665439999999999,0.6478401046475839,3.150584935897436,5.295299999999999,137.39331206335464,79.91696,3.067034,0,chrono_body_contact,0,,,,,,,,0
mpc_tire_model_sweep,pacejka_oracle,standard,pacejka-oracle,tire_force_static,sand,lane_change,9.0,0,103,/home/ksha/Documents/sbel/offroad-control/benchmarking/results/mpc_tire_model_sweep_calibrated_20260828_002629/raw/0348_pacejka_oracle_sand_lane_change_v9_b0_s103,ok,0,19.219106197357178,15.0,0.99,/home/ksha/Documents/sbel/offroad-control/benchmarking/results/mpc_tire_model_sweep_calibrated_20260828_002629/raw/0348_pacejka_oracle_sand_lane_change_v9_b0_s103/20260828_021846_110615_sand_lane_change_acados_pacejka-oracle/diag_sand_lane_change_acados_pacejka-oracle.csv,,,1247,0.10096029298391965,0.377706,0.07480472853185595,5.826996860572484,6.655189999999999,0.6474440956191648,2.4664875701684044,4.3754,135.36608122828505,79.916988,3.047656,0,chrono_body_contact,0,,,,,,,,0
mpc_tire_model_sweep,pacejka_oracle,standard,pacejka-oracle,tire_force_static,sand,lane_change,9.0,0,104,/home/ksha/Documents/sbel/offroad-control/benchmarking/results/mpc_tire_model_sweep_calibrated_20260828_002629/raw/0349_pacejka_oracle_sand_lane_change_v9_b0_s104,ok,0,19.179749250411987,15.0,0.99,/home/ksha/Documents/sbel/offroad-control/benchmarking/results/mpc_tire_model_sweep_calibrated_20260828_002629/raw/0349_pacejka_oracle_sand_lane_change_v9_b0_s104/20260828_021905_357497_sand_lane_change_acados_pacejka-oracle/diag_sand_lane_change_acados_pacejka-oracle.csv,,,1247,0.0993118291358042,0.387721,0.07260366574330564,5.838867497691598,6.65534,0.6487630552990664,2.4638251804330396,4.4354,135.8376378140856,80.092868,3.000208,0,chrono_body_contact,0,,,,,,,,0
mpc_tire_model_sweep,pacejka_oracle,standard,pacejka-oracle,tire_force_static,sand,lane_change,9.0,4,100,/home/ksha/Documents/sbel/offroad-control/benchmarking/results/mpc_tire_model_sweep_calibrated_20260828_002629/raw/0350_pacejka_oracle_sand_lane_change_v9_b4_s100,ok,0,19.430878162384033,15.0,0.99,/home/ksha/Documents/sbel/offroad-control/benchmarking/results/mpc_tire_model_sweep_calibrated_20260828_002629/raw/0350_pacejka_oracle_sand_lane_change_v9_b4_s100/20260828_021924_575328_sand_lane_change_acados_pacejka-oracle/diag_sand_lane_change_acados_pacejka-oracle.csv,,,1247,0.09820867497254211,0.363257,0.07213719021237304,5.807572391505078,6.6360399999999995,0.645285821278342,2.457979149959904,4.2454,135.92557369005254,79.73106,2.986619,0,chrono_body_contact,0,,,,,,,,0
mpc_tire_model_sweep,pacejka_oracle,standard,pacejka-oracle,tire_force_static,sand,lane_change,9.0,4,101,/home/ksha/Documents/sbel/offroad-control/benchmarking/results/mpc_tire_model_sweep_calibrated_20260828_002629/raw/0351_pacejka_oracle_sand_lane_change_v9_b4_s101,ok,0,19.378971099853516,15.0,0.99,/home/ksha/Documents/sbel/offroad-control/benchmarking/results/mpc_tire_model_sweep_calibrated_20260828_002629/raw/0351_pacejka_oracle_sand_lane_change_v9_b4_s101/20260828_021944_003562_sand_lane_change_acados_pacejka-oracle/diag_sand_lane_change_acados_pacejka-oracle.csv,,,1247,0.09989695017349545,0.407746,0.07331228347183748,5.822329270544783,6.65165,0.6469254745049758,2.8033520449077787,4.9954,131.99616021204784,80.12822,3.055106,0,chrono_body_contact,0,,,,,,,,0
mpc_tire_model_sweep,pacejka_oracle,standard,pacejka-oracle,tire_force_static,sand,lane_change,9.0,4,102,/home/ksha/Documents/sbel/offroad-control/benchmarking/results/mpc_tire_model_sweep_calibrated_20260828_002629/raw/0352_pacejka_oracle_sand_lane_change_v9_b4_s102,ok,0,19.425074815750122,15.0,0.99,/home/ksha/Documents/sbel/offroad-control/benchmarking/results/mpc_tire_model_sweep_calibrated_20260828_002629/raw/0352_pacejka_oracle_sand_lane_change_v9_b4_s102/20260828_022003_405815_sand_lane_change_acados_pacejka-oracle/diag_sand_lane_change_acados_pacejka-oracle.csv,,,1247,0.10020840877987189,0.326188,0.07503155309325947,5.828039981532779,6.62656,0.6475599979480866,2.431844426623897,4.2954,137.3815696157385,80.042793,3.067917,0,chrono_body_contact,0,,,,,,,,0
mpc_tire_model_sweep,pacejka_oracle,standard,pacejka-oracle,tire_force_static,sand,lane_change,9.0,4,103,/home/ksha/Documents/sbel/offroad-control/benchmarking/results/mpc_tire_model_sweep_calibrated_20260828_002629/raw/0353_pacejka_oracle_sand_lane_change_v9_b4_s103,ok,0,19.42416763305664,15.0,0.99,/home/ksha/Documents/sbel/offroad-control/benchmarking/results/mpc_tire_model_sweep_calibrated_20260828_002629/raw/0353_pacejka_oracle_sand_lane_change_v9_b4_s103/20260828_022022_840048_sand_lane_change_acados_pacejka-oracle/diag_sand_lane_change_acados_pacejka-oracle.csv,,,1248,0.1002955170866002,0.364094,0.07495604524469068,5.820958448753463,6.63629,0.646773160972607,2.4349599358974356,4.270599999999999,135.4659649759305,80.017187,3.053288,0,chrono_body_contact,0,,,,,,,,0
mpc_tire_model_sweep,pacejka_oracle,standard,pacejka-oracle,tire_force_static,sand,lane_change,9.0,4,104,/home/ksha/Documents/sbel/offroad-control/benchmarking/results/mpc_tire_model_sweep_calibrated_20260828_002629/raw/0354_pacejka_oracle_sand_lane_change_v9_b4_s104,ok,0,19.42454195022583,15.0,0.99,/home/ksha/Documents/sbel/offroad-control/benchmarking/results/mpc_tire_model_sweep_calibrated_20260828_002629/raw/0354_pacejka_oracle_sand_lane_change_v9_b4_s104/20260828_022042_293797_sand_lane_change_acados_pacejka-oracle/diag_sand_lane_change_acados_pacejka-oracle.csv,,,1248,0.09920537362108552,0.385114,0.0728700729455217,5.801465373961219,6.62499,0.6446072637734688,2.376730769230769,4.170599999999999,135.62649853391454,79.774964,3.007717,0,chrono_body_contact,0,,,,,,,,0
mpc_tire_model_sweep,pacejka_oracle,standard,pacejka-oracle,tire_force_static,sand,lane_change,9.0,8,100,/home/ksha/Documents/sbel/offroad-control/benchmarking/results/mpc_tire_model_sweep_calibrated_20260828_002629/raw/0355_pacejka_oracle_sand_lane_change_v9_b8_s100,ok,0,19.522012948989868,15.0,0.99,/home/ksha/Documents/sbel/offroad-control/benchmarking/results/mpc_tire_model_sweep_calibrated_20260828_002629/raw/0355_pacejka_oracle_sand_lane_change_v9_b8_s100/20260828_022101_743323_sand_lane_change_acados_pacejka-oracle/diag_sand_lane_change_acados_pacejka-oracle.csv,,,1247,0.09993135184778387,0.38241,0.07215683841181901,5.665241366574331,6.34593,0.6294712629527034,2.47373696872494,4.3754,134.91436498990765,77.738239,2.972305,0,chrono_body_contact,0,,,,,,,,0
mpc_tire_model_sweep,pacejka_oracle,standard,pacejka-oracle,tire_force_static,sand,lane_change,9.0,8,101,/home/ksha/Documents/sbel/offroad-control/benchmarking/results/mpc_tire_model_sweep_calibrated_20260828_002629/raw/0356_pacejka_oracle_sand_lane_change_v9_b8_s101,ok,0,19.56309199333191,15.0,0.99,/home/ksha/Documents/sbel/offroad-control/benchmarking/results/mpc_tire_model_sweep_calibrated_20260828_002629/raw/0356_pacejka_oracle_sand_lane_change_v9_b8_s101/20260828_022121_291978_sand_lane_change_acados_pacejka-oracle/diag_sand_lane_change_acados_pacejka-oracle.csv,,,1247,0.09943468842034531,0.413627,0.07302358171745153,5.663953831948292,6.3837399999999995,0.6293282035498102,2.462758620689655,4.3107999999999995,130.64777981616152,77.914166,3.03697,0,chrono_body_contact,0,,,,,,,,0
mpc_tire_model_sweep,pacejka_oracle,standard,pacejka-oracle,tire_force_static,sand,lane_change,9.0,8,102,/home/ksha/Documents/sbel/offroad-control/benchmarking/results/mpc_tire_model_sweep_calibrated_20260828_002629/raw/0357_pacejka_oracle_sand_lane_change_v9_b8_s102,ok,0,19.553853750228882,15.0,0.99,/home/ksha/Documents/sbel/offroad-control/benchmarking/results/mpc_tire_model_sweep_calibrated_20260828_002629/raw/0357_pacejka_oracle_sand_lane_change_v9_b8_s102/20260828_022140_866322_sand_lane_change_acados_pacejka-oracle/diag_sand_lane_change_acados_pacejka-oracle.csv,,,1247,0.09730552934869684,0.322699,0.07277062234533702,5.6520748845798705,6.36457,0.6280083205088745,2.465573376102646,4.376199999999999,135.73127832575187,77.626992,3.074617,0,chrono_body_contact,0,,,,,,,,0
mpc_tire_model_sweep,pacejka_oracle,standard,pacejka-oracle,tire_force_static,sand,lane_change,9.0,8,103,/home/ksha/Documents/sbel/offroad-control/benchmarking/results/mpc_tire_model_sweep_calibrated_20260828_002629/raw/0358_pacejka_oracle_sand_lane_change_v9_b8_s103,ok,0,19.517166137695312,15.0,0.99,/home/ksha/Documents/sbel/offroad-control/benchmarking/results/mpc_tire_model_sweep_calibrated_20260828_002629/raw/0358_pacejka_oracle_sand_lane_change_v9_b8_s103/20260828_022200_432306_sand_lane_change_acados_pacejka-oracle/diag_sand_lane_change_acados_pacejka-oracle.csv,,,1248,0.10122673077165205,0.371814,0.07407101015697137,5.635632317636196,6.265429999999999,0.626181368626244,2.3935977564102564,3.94,134.0410714879938,77.463576,3.041091,0,chrono_body_contact,0,,,,,,,,0
mpc_tire_model_sweep,pacejka_oracle,standard,pacejka-oracle,tire_force_static,sand,lane_change,9.0,8,104,/home/ksha/Documents/sbel/offroad-control/benchmarking/results/mpc_tire_model_sweep_calibrated_20260828_002629/raw/0359_pacejka_oracle_sand_lane_change_v9_b8_s104,ok,0,19.520504474639893,15.0,0.99,/home/ksha/Documents/sbel/offroad-control/benchmarking/results/mpc_tire_model_sweep_calibrated_20260828_002629/raw/0359_pacejka_oracle_sand_lane_change_v9_b8_s104/20260828_022219_959956_sand_lane_change_acados_pacejka-oracle/diag_sand_lane_change_acados_pacejka-oracle.csv,,,1248,0.09778113594376191,0.39218,0.07079135180055401,5.656607386888274,6.33685,0.6285119318764748,3.051121794871795,5.165299999999999,134.55674046991325,77.738161,2.993176,0,chrono_body_contact,0,,,,,,,,0
mpc_tire_model_sweep,pacejka_oracle,standard,pacejka-oracle,tire_force_static,sand,right_left,5.0,0,100,/home/ksha/Documents/sbel/offroad-control/benchmarking/results/mpc_tire_model_sweep_calibrated_20260828_002629/raw/0360_pacejka_oracle_sand_right_left_v5_b0_s100,ok,0,19.218083381652832,15.0,0.99,/home/ksha/Documents/sbel/offroad-control/benchmarking/results/mpc_tire_model_sweep_calibrated_20260828_002629/raw/0360_pacejka_oracle_sand_right_left_v5_b0_s100/20260828_022239_516840_sand_right_left_acados_pacejka-oracle/diag_sand_right_left_acados_pacejka-oracle.csv,,,1247,0.27001941565081083,1.023954,0.17644165743305634,4.351060941828256,5.09317,0.8702121883656512,2.7434081796311145,3.846999999999998,126.77316286017111,35.699495,-31.954281,0,chrono_body_contact,0,,,,,,,,0
mpc_tire_model_sweep,pacejka_oracle,standard,pacejka-oracle,tire_force_static,sand,right_left,5.0,0,101,/home/ksha/Documents/sbel/offroad-control/benchmarking/results/mpc_tire_model_sweep_calibrated_20260828_002629/raw/0361_pacejka_oracle_sand_right_left_v5_b0_s101,ok,0,19.222849130630493,15.0,0.99,/home/ksha/Documents/sbel/offroad-control/benchmarking/results/mpc_tire_model_sweep_calibrated_20260828_002629/raw/0361_pacejka_oracle_sand_right_left_v5_b0_s101/20260828_022258_754750_sand_right_left_acados_pacejka-oracle/diag_sand_right_left_acados_pacejka-oracle.csv,,,1248,0.248509091709658,0.907381,0.16444344321329638,4.3169294552169895,4.99296,0.8633858910433979,2.985496794871795,4.47,122.96420809701422,35.575128,-31.781553,0,chrono_body_contact,0,,,,,,,,0
mpc_tire_model_sweep,pacejka_oracle,standard,pacejka-oracle,tire_force_static,sand,right_left,5.0,0,102,/home/ksha/Documents/sbel/offroad-control/benchmarking/results/mpc_tire_model_sweep_calibrated_20260828_002629/raw/0362_pacejka_oracle_sand_right_left_v5_b0_s102,ok,0,19.217275381088257,15.0,0.99,/home/ksha/Documents/sbel/offroad-control/benchmarking/results/mpc_tire_model_sweep_calibrated_20260828_002629/raw/0362_pacejka_oracle_sand_right_left_v5_b0_s102/20260828_022317_992432_sand_right_left_acados_pacejka-oracle/diag_sand_right_left_acados_pacejka-oracle.csv,,,1247,0.25542178412522465,0.90718,0.16850308494921515,4.322829547553094,4.99363,0.8645659095106188,2.7441379310344822,3.8,127.83873685414589,35.397462,-31.781314,0,chrono_body_contact,0,,,,,,,,0
mpc_tire_model_sweep,pacejka_oracle,standard,pacejka-oracle,tire_force_static,sand,right_left,5.0,0,103,/home/ksha/Documents/sbel/offroad-control/benchmarking/results/mpc_tire_model_sweep_calibrated_20260828_002629/raw/0363_pacejka_oracle_sand_right_left_v5_b0_s103,ok,0,19.224873304367065,15.0,0.99,/home/ksha/Documents/sbel/offroad-control/benchmarking/results/mpc_tire_model_sweep_calibrated_20260828_002629/raw/0363_pacejka_oracle_sand_right_left_v5_b0_s103/20260828_022337_216908_sand_right_left_acados_pacejka-oracle/diag_sand_right_left_acados_pacejka-oracle.csv,,,1247,0.23287151040640083,0.805903,0.1610836380424746,4.286190304709141,4.91265,0.8572380609418282,2.739679230152366,3.8607999999999993,125.91517376257072,35.030329,-31.624132,0,chrono_body_contact,0,,,,,,,,0
mpc_tire_model_sweep,pacejka_oracle,standard,pacejka-oracle,tire_force_static,sand,right_left,5.0,0,104,/home/ksha/Documents/sbel/offroad-control/benchmarking/results/mpc_tire_model_sweep_calibrated_20260828_002629/raw/0364_pacejka_oracle_sand_right_left_v5_b0_s104,ok,0,19.224671363830566,15.0,0.99,/home/ksha/Documents/sbel/offroad-control/benchmarking/results/mpc_tire_model_sweep_calibrated_20260828_002629/raw/0364_pacejka_oracle_sand_right_left_v5_b0_s104/20260828_022356_459165_sand_right_left_acados_pacejka-oracle/diag_sand_right_left_acados_pacejka-oracle.csv,,,1247,0.2501611127196325,0.855833,0.167817918744229,4.316017451523546,4.99302,0.8632034903047092,3.107906976744186,4.48,126.9069516097068,35.42776,-31.805983,0,chrono_body_contact,0,,,,,,,,0
mpc_tire_model_sweep,pacejka_oracle,standard,pacejka-oracle,tire_force_static,sand,right_left,5.0,4,100,/home/ksha/Documents/sbel/offroad-control/benchmarking/results/mpc_tire_model_sweep_calibrated_20260828_002629/raw/0365_pacejka_oracle_sand_right_left_v5_b4_s100,ok,0,19.42080521583557,15.0,0.99,/home/ksha/Documents/sbel/offroad-control/benchmarking/results/mpc_tire_model_sweep_calibrated_20260828_002629/raw/0365_pacejka_oracle_sand_right_left_v5_b4_s100/20260828_022415_698638_sand_right_left_acados_pacejka-oracle/diag_sand_right_left_acados_pacejka-oracle.csv,,,1247,0.24541401826722253,0.87825,0.16521713942751615,4.269402677746998,4.95117,0.8538805355493997,2.7303127506014433,3.7553999999999994,126.32263340013354,34.699352,-31.730386,0,chrono_body_contact,0,,,,,,,,0
mpc_tire_model_sweep,pacejka_oracle,standard,pacejka-oracle,tire_force_static,sand,right_left,5.0,4,101,/home/ksha/Documents/sbel/offroad-control/benchmarking/results/mpc_tire_model_sweep_calibrated_20260828_002629/raw/0366_pacejka_oracle_sand_right_left_v5_b4_s101,ok,0,19.426365613937378,15.0,0.99,/home/ksha/Documents/sbel/offroad-control/benchmarking/results/mpc_tire_model_sweep_calibrated_20260828_002629/raw/0366_pacejka_oracle_sand_right_left_v5_b4_s101/20260828_022435_142374_sand_right_left_acados_pacejka-oracle/diag_sand_right_left_acados_pacejka-oracle.csv,,,1247,0.25204353332827284,0.885615,0.16904027146814404,4.32108485687904,4.93953,0.8642169713758079,2.7301363271852446,3.810799999999999,122.8952536639872,35.652376,-31.757391,0,chrono_body_contact,0,,,,,,,,0
mpc_tire_model_sweep,pacejka_oracle,standard,pacejka-oracle,tire_force_static,sand,right_left,5.0,4,102,/home/ksha/Documents/sbel/offroad-control/benchmarking/results/mpc_tire_model_sweep_calibrated_20260828_002629/raw/0367_pacejka_oracle_sand_right_left_v5_b4_s102,ok,0,19.417872667312622,15.0,0.99,/home/ksha/Documents/sbel/offroad-control/benchmarking/results/mpc_tire_model_sweep_calibrated_20260828_002629/raw/0367_pacejka_oracle_sand_right_left_v5_b4_s102/20260828_022454_593415_sand_right_left_acados_pacejka-oracle/diag_sand_right_left_acados_pacejka-oracle.csv,,,1248,0.26215465775602953,0.939418,0.17107787165281627,4.307385687903971,4.9878599999999995,0.8614771375807942,2.641714743589744,3.67,127.76418492432856,35.271018,-31.808758,0,chrono_body_contact,0,,,,,,,,0
mpc_tire_model_sweep,pacejka_oracle,standard,pacejka-oracle,tire_force_static,sand,right_left,5.0,4,103,/home/ksha/Documents/sbel/offroad-control/benchmarking/results/mpc_tire_model_sweep_calibrated_20260828_002629/raw/0368_pacejka_oracle_sand_right_left_v5_b4_s103,ok,0,19.412094116210938,15.0,0.99,/home/ksha/Documents/sbel/offroad-control/benchmarking/results/mpc_tire_model_sweep_calibrated_20260828_002629/raw/0368_pacejka_oracle_sand_right_left_v5_b4_s103/20260828_022514_030810_sand_right_left_acados_pacejka-oracle/diag_sand_right_left_acados_pacejka-oracle.csv,,,1247,0.2561503910261427,0.916845,0.16933533148661128,4.299145983379501,4.9956499999999995,0.8598291966759002,3.5172253408179626,4.71,126.04610354848916,35.234968,-31.772814,0,chrono_body_contact,0,,,,,,,,0
mpc_tire_model_sweep,pacejka_oracle,standard,pacejka-oracle,tire_force_static,sand,right_left,5.0,4,104,/home/ksha/Documents/sbel/offroad-control/benchmarking/results/mpc_tire_model_sweep_calibrated_20260828_002629/raw/0369_pacejka_oracle_sand_right_left_v5_b4_s104,ok,0,19.42023015022278,15.0,0.99,/home/ksha/Documents/sbel/offroad-control/benchmarking/results/mpc_tire_model_sweep_calibrated_20260828_002629/raw/0369_pacejka_oracle_sand_right_left_v5_b4_s104/20260828_022533_462000_sand_right_left_acados_pacejka-oracle/diag_sand_right_left_acados_pacejka-oracle.csv,,,1247,0.23917460623901948,0.810446,0.16151772299168976,4.255032502308402,4.9129700000000005,0.8510065004616804,2.709991980753809,3.7154,126.5747301602369,34.636963,-31.658982,0,chrono_body_contact,0,,,,,,,,0
mpc_tire_model_sweep,pacejka_oracle,standard,pacejka-oracle,tire_force_static,sand,right_left,5.0,8,100,/home/ksha/Documents/sbel/offroad-control/benchmarking/results/mpc_tire_model_sweep_calibrated_20260828_002629/raw/0370_pacejka_oracle_sand_right_left_v5_b8_s100,ok,0,19.52514886856079,15.0,0.99,/home/ksha/Documents/sbel/offroad-control/benchmarking/results/mpc_tire_model_sweep_calibrated_20260828_002629/raw/0370_pacejka_oracle_sand_right_left_v5_b8_s100/20260828_022552_915601_sand_right_left_acados_pacejka-oracle/diag_sand_right_left_acados_pacejka-oracle.csv,,,1247,0.23605926215443762,0.981201,0.14957790212373037,4.224680609418282,4.961650000000001,0.8449361218836564,3.378805132317563,4.82,126.06077120478257,33.940697,-31.692981,0,chrono_body_contact,0,,,,,,,,0
mpc_tire_model_sweep,pacejka_oracle,standard,pacejka-oracle,tire_force_static,sand,right_left,5.0,8,101,/home/ksha/Documents/sbel/offroad-control/benchmarking/results/mpc_tire_model_sweep_calibrated_20260828_002629/raw/0371_pacejka_oracle_sand_right_left_v5_b8_s101,ok,0,19.568026065826416,15.0,0.99,/home/ksha/Documents/sbel/offroad-control/benchmarking/results/mpc_tire_model_sweep_calibrated_20260828_002629/raw/0371_pacejka_oracle_sand_right_left_v5_b8_s101/20260828_022612_466928_sand_right_left_acados_pacejka-oracle/diag_sand_right_left_acados_pacejka-oracle.csv,,,1247,0.23190207672329718,0.981353,0.14825515604801479,4.224576269621422,4.949239999999999,0.8449152539242843,2.6319085805934246,3.7053999999999996,122.33899564281342,34.127105,-31.65232,0,chrono_body_contact,0,,,,,,,,0
mpc_tire_model_sweep,pacejka_oracle,standard,pacejka-oracle,tire_force_static,sand,right_left,5.0,8,102,/home/ksha/Documents/sbel/offroad-control/benchmarking/results/mpc_tire_model_sweep_calibrated_20260828_002629/raw/0372_pacejka_oracle_sand_right_left_v5_b8_s102,ok,0,19.51995301246643,15.0,0.99,/home/ksha/Documents/sbel/offroad-control/benchmarking/results/mpc_tire_model_sweep_calibrated_20260828_002629/raw/0372_pacejka_oracle_sand_right_left_v5_b8_s102/20260828_022632_043930_sand_right_left_acados_pacejka-oracle/diag_sand_right_left_acados_pacejka-oracle.csv,,,1247,0.24223142461735106,0.963408,0.15234291228070174,4.238247737765467,4.96248,0.8476495475530934,2.704731355252606,4.57,127.31850901659817,34.131341,-31.677187,0,chrono_body_contact,0,,,,,,,,0
mpc_tire_model_sweep,pacejka_oracle,standard,pacejka-oracle,tire_force_static,sand,right_left,5.0,8,103,/home/ksha/Documents/sbel/offroad-control/benchmarking/results/mpc_tire_model_sweep_calibrated_20260828_002629/raw/0373_pacejka_oracle_sand_right_left_v5_b8_s103,ok,0,19.522289276123047,15.0,0.99,/home/ksha/Documents/sbel/offroad-control/benchmarking/results/mpc_tire_model_sweep_calibrated_20260828_002629/raw/0373_pacejka_oracle_sand_right_left_v5_b8_s103/20260828_022651_579526_sand_right_left_acados_pacejka-oracle/diag_sand_right_left_acados_pacejka-oracle.csv,,,1248,0.22566883752103253,0.882141,0.14641695290858725,4.210444967682363,4.90271,0.8420889935364727,2.584767628205128,3.57,125.58816011157407,33.858423,-31.53863,0,chrono_body_contact,0,,,,,,,,0
mpc_tire_model_sweep,pacejka_oracle,standard,pacejka-oracle,tire_force_static,sand,right_left,5.0,8,104,/home/ksha/Documents/sbel/offroad-control/benchmarking/results/mpc_tire_model_sweep_calibrated_20260828_002629/raw/0374_pacejka_oracle_sand_right_left_v5_b8_s104,ok,0,19.516361951828003,15.0,0.99,/home/ksha/Documents/sbel/offroad-control/benchmarking/results/mpc_tire_model_sweep_calibrated_20260828_002629/raw/0374_pacejka_oracle_sand_right_left_v5_b8_s104/20260828_022711_126794_sand_right_left_acados_pacejka-oracle/diag_sand_right_left_acados_pacejka-oracle.csv,,,1248,0.26077858032441537,1.059794,0.15970172576177286,4.292690027700831,5.01925,0.8585380055401662,2.6386858974358973,4.661199999999998,126.79127216756112,34.996338,-31.974209,0,chrono_body_contact,0,,,,,,,,0
mpc_tire_model_sweep,pacejka_oracle,standard,pacejka-oracle,tire_force_static,sand,right_left,7.0,0,100,/home/ksha/Documents/sbel/offroad-control/benchmarking/results/mpc_tire_model_sweep_calibrated_20260828_002629/raw/0375_pacejka_oracle_sand_right_left_v7_b0_s100,ok,0,19.225656986236572,15.0,0.99,/home/ksha/Documents/sbel/offroad-control/benchmarking/results/mpc_tire_model_sweep_calibrated_20260828_002629/raw/0375_pacejka_oracle_sand_right_left_v7_b0_s100/20260828_022730_678068_sand_right_left_acados_pacejka-oracle/diag_sand_right_left_acados_pacejka-oracle.csv,,,1248,1.5136908518445826,5.246073,0.696932971375808,4.773326131117266,5.23361,0.6819037330167523,3.3339663461538462,4.755299999999999,129.20174780936856,36.638422,-36.189249,0,chrono_body_contact,0,,,,,,,,0
mpc_tire_model_sweep,pacejka_oracle,standard,pacejka-oracle,tire_force_static,sand,right_left,7.0,0,101,/home/ksha/Documents/sbel/offroad-control/benchmarking/results/mpc_tire_model_sweep_calibrated_20260828_002629/raw/0376_pacejka_oracle_sand_right_left_v7_b0_s101,ok,0,19.227227449417114,15.0,0.99,/home/ksha/Documents/sbel/offroad-control/benchmarking/results/mpc_tire_model_sweep_calibrated_20260828_002629/raw/0376_pacejka_oracle_sand_right_left_v7_b0_s101/20260828_022749_931059_sand_right_left_acados_pacejka-oracle/diag_sand_right_left_acados_pacejka-oracle.csv,,,1248,1.4819897337840062,5.222076,0.678563350877193,4.755279501385042,5.21817,0.679325643055006,4.214615384615385,5.745299999999999,125.45759223431031,36.547455,-36.117428,0,chrono_body_contact,0,,,,,,,,0
mpc_tire_model_sweep,pacejka_oracle,standard,pacejka-oracle,tire_force_static,sand,right_left,7.0,0,102,/home/ksha/Documents/sbel/offroad-control/benchmarking/results/mpc_tire_model_sweep_calibrated_20260828_002629/raw/0377_pacejka_oracle_sand_right_left_v7_b0_s102,ok,0,19.174195528030396,15.0,0.99,/home/ksha/Documents/sbel/offroad-control/benchmarking/results/mpc_tire_model_sweep_calibrated_20260828_002629/raw/0377_pacejka_oracle_sand_right_left_v7_b0_s102/20260828_022809_169400_sand_right_left_acados_pacejka-oracle/diag_sand_right_left_acados_pacejka-oracle.csv,,,1247,1.536931170490739,5.171641,0.7173566325023084,4.784768421052632,5.254269999999999,0.6835383458646617,3.4450441058540497,5.218599999999997,130.55677247826426,36.852694,-36.071681,0,chrono_body_contact,0,,,,,,,,0
mpc_tire_model_sweep,pacejka_oracle,standard,pacejka-oracle,tire_force_static,sand,right_left,7.0,0,103,/home/ksha/Documents/sbel/offroad-control/benchmarking/results/mpc_tire_model_sweep_calibrated_20260828_002629/raw/0378_pacejka_oracle_sand_right_left_v7_b0_s103,ok,0,19.176945447921753,15.0,0.99,/home/ksha/Documents/sbel/offroad-control/benchmarking/results/mpc_tire_model_sweep_calibrated_20260828_002629/raw/0378_pacejka_oracle_sand_right_left_v7_b0_s103/20260828_022828_354212_sand_right_left_acados_pacejka-oracle/diag_sand_right_left_acados_pacejka-oracle.csv,,,1247,1.5734373554711036,5.309002,0.7307754053554941,4.792056140350877,5.25338,0.6845794486215538,3.775990376904571,5.87,128.796353995304,36.945518,-36.233364,0,chrono_body_contact,0,,,,,,,,0
mpc_tire_model_sweep,pacejka_oracle,standard,pacejka-oracle,tire_force_static,sand,right_left,7.0,0,104,/home/ksha/Documents/sbel/offroad-control/benchmarking/results/mpc_tire_model_sweep_calibrated_20260828_002629/raw/0379_pacejka_oracle_sand_right_left_v7_b0_s104,ok,0,19.17639136314392,15.0,0.99,/home/ksha/Documents/sbel/offroad-control/benchmarking/results/mpc_tire_model_sweep_calibrated_20260828_002629/raw/0379_pacejka_oracle_sand_right_left_v7_b0_s104/20260828_022847_550777_sand_right_left_acados_pacejka-oracle/diag_sand_right_left_acados_pacejka-oracle.csv,,,1248,1.502746724549662,5.159466,0.6941619621421975,4.7645353647276085,5.2291099999999995,0.6806479092468012,3.36979967948718,4.4853,129.70166939982744,36.663284,-36.144844,0,chrono_body_contact,0,,,,,,,,0
mpc_tire_model_sweep,pacejka_oracle,standard,pacejka-oracle,tire_force_static,sand,right_left,7.0,4,100,/home/ksha/Documents/sbel/offroad-control/benchmarking/results/mpc_tire_model_sweep_calibrated_20260828_002629/raw/0380_pacejka_oracle_sand_right_left_v7_b4_s100,ok,0,19.426411151885986,15.0,0.99,/home/ksha/Documents/sbel/offroad-control/benchmarking/results/mpc_tire_model_sweep_calibrated_20260828_002629/raw/0380_pacejka_oracle_sand_right_left_v7_b4_s100/20260828_022906_761373_sand_right_left_acados_pacejka-oracle/diag_sand_right_left_acados_pacejka-oracle.csv,,,1247,1.561994716489258,5.391401,0.7225606325023084,4.772385687903969,5.20089,0.6817693839862813,3.4320208500400966,4.75,129.22908036373536,36.561691,-36.335607,0,chrono_body_contact,0,,,,,,,,0
mpc_tire_model_sweep,pacejka_oracle,standard,pacejka-oracle,tire_force_static,sand,right_left,7.0,4,101,/home/ksha/Documents/sbel/offroad-control/benchmarking/results/mpc_tire_model_sweep_calibrated_20260828_002629/raw/0381_pacejka_oracle_sand_right_left_v7_b4_s101,ok,0,19.376513957977295,15.0,0.99,/home/ksha/Documents/sbel/offroad-control/benchmarking/results/mpc_tire_model_sweep_calibrated_20260828_002629/raw/0381_pacejka_oracle_sand_right_left_v7_b4_s101/20260828_022926_203118_sand_right_left_acados_pacejka-oracle/diag_sand_right_left_acados_pacejka-oracle.csv,,,1247,1.5254408804575181,5.354668,0.6989380572483841,4.7555787626962145,5.1764,0.6793683946708878,3.4409783480352845,4.9769999999999985,125.37285358528362,36.481548,-36.252189,0,chrono_body_contact,0,,,,,,,,0
mpc_tire_model_sweep,pacejka_oracle,standard,pacejka-oracle,tire_force_static,sand,right_left,7.0,4,102,/home/ksha/Documents/sbel/offroad-control/benchmarking/results/mpc_tire_model_sweep_calibrated_20260828_002629/raw/0382_pacejka_oracle_sand_right_left_v7_b4_s102,ok,0,19.378058671951294,15.0,0.99,/home/ksha/Documents/sbel/offroad-control/benchmarking/results/mpc_tire_model_sweep_calibrated_20260828_002629/raw/0382_pacejka_oracle_sand_right_left_v7_b4_s102/20260828_022945_593336_sand_right_left_acados_pacejka-oracle/diag_sand_right_left_acados_pacejka-oracle.csv,,,1247,1.5711806757664324,5.378909,0.725027349953832,4.781986241920592,5.198239999999999,0.6831408917029417,3.4658861267040892,4.7654,130.54338538644677,36.693888,-36.283021,0,chrono_body_contact,0,,,,,,,,0
mpc_tire_model_sweep,pacejka_oracle,standard,pacejka-oracle,tire_force_static,sand,right_left,7.0,4,103,/home/ksha/Documents/sbel/offroad-control/benchmarking/results/mpc_tire_model_sweep_calibrated_20260828_002629/raw/0383_pacejka_oracle_sand_right_left_v7_b4_s103,ok,0,19.424187660217285,15.0,0.99,/home/ksha/Documents/sbel/offroad-control/benchmarking/results/mpc_tire_model_sweep_calibrated_20260828_002629/raw/0383_pacejka_oracle_sand_right_left_v7_b4_s103/20260828_023004_998476_sand_right_left_acados_pacejka-oracle/diag_sand_right_left_acados_pacejka-oracle.csv,,,1248,1.5633940322228645,5.206299,0.7330318808864267,4.7831687903970455,5.205159999999999,0.6833098271995779,3.477387820512821,5.640599999999999,128.88633438216118,36.99694,-36.121989,0,chrono_body_contact,0,,,,,,,,0
mpc_tire_model_sweep,pacejka_oracle,standard,pacejka-oracle,tire_force_static,sand,right_left,7.0,4,104,/home/ksha/Documents/sbel/offroad-control/benchmarking/results/mpc_tire_model_sweep_calibrated_20260828_002629/raw/0384_pacejka_oracle_sand_right_left_v7_b4_s104,ok,0,19.377920150756836,15.0,0.99,/home/ksha/Documents/sbel/offroad-control/benchmarking/results/mpc_tire_model_sweep_calibrated_20260828_002629/raw/0384_pacejka_oracle_sand_right_left_v7_b4_s104/20260828_023024_458303_sand_right_left_acados_pacejka-oracle/diag_sand_right_left_acados_pacejka-oracle.csv,,,1248,1.544131989099521,5.339136,0.7093313010156972,4.76552917820868,5.16853,0.68078988260124,4.079727564102564,5.777699999999998,129.75826233881313,36.456841,-36.336055,0,chrono_body_contact,0,,,,,,,,0
mpc_tire_model_sweep,pacejka_oracle,standard,pacejka-oracle,tire_force_static,sand,right_left,7.0,8,100,/home/ksha/Documents/sbel/offroad-control/benchmarking/results/mpc_tire_model_sweep_calibrated_20260828_002629/raw/0385_pacejka_oracle_sand_right_left_v7_b8_s100,ok,0,19.52969527244568,15.0,0.99,/home/ksha/Documents/sbel/offroad-control/benchmarking/results/mpc_tire_model_sweep_calibrated_20260828_002629/raw/0385_pacejka_oracle_sand_right_left_v7_b8_s100/20260828_023043_840232_sand_right_left_acados_pacejka-oracle/diag_sand_right_left_acados_pacejka-oracle.csv,,,1248,1.4713706559485877,5.023418,0.6767127276084948,4.717818559556788,5.10098,0.673974079936684,3.1899759615384617,4.4258999999999995,128.9896134105649,35.697206,-35.965455,0,chrono_body_contact,0,,,,,,,,0
mpc_tire_model_sweep,pacejka_oracle,standard,pacejka-oracle,tire_force_static,sand,right_left,7.0,8,101,/home/ksha/Documents/sbel/offroad-control/benchmarking/results/mpc_tire_model_sweep_calibrated_20260828_002629/raw/0386_pacejka_oracle_sand_right_left_v7_b8_s101,ok,0,19.475210189819336,15.0,0.99,/home/ksha/Documents/sbel/offroad-control/benchmarking/results/mpc_tire_model_sweep_calibrated_20260828_002629/raw/0386_pacejka_oracle_sand_right_left_v7_b8_s101/20260828_023103_385018_sand_right_left_acados_pacejka-oracle/diag_sand_right_left_acados_pacejka-oracle.csv,,,1248,1.3812277836656008,4.813386,0.6304199944598339,4.675283656509696,5.0914399999999995,0.6678976652156708,4.200176282051282,5.48,124.88660839511493,35.562401,-35.697834,0,chrono_body_contact,0,,,,,,,,0
mpc_tire_model_sweep,pacejka_oracle,standard,pacejka-oracle,tire_force_static,sand,right_left,7.0,8,102,/home/ksha/Documents/sbel/offroad-control/benchmarking/results/mpc_tire_model_sweep_calibrated_20260828_002629/raw/0387_pacejka_oracle_sand_right_left_v7_b8_s102,ok,0,19.47788405418396,15.0,0.99,/home/ksha/Documents/sbel/offroad-control/benchmarking/results/mpc_tire_model_sweep_calibrated_20260828_002629/raw/0387_pacejka_oracle_sand_right_left_v7_b8_s102/20260828_023122_885885_sand_right_left_acados_pacejka-oracle/diag_sand_right_left_acados_pacejka-oracle.csv,,,1248,1.4150813994294729,4.8017,0.6509343610341644,4.698413019390582,5.11316,0.6712018599129402,4.216089743589744,5.6358999999999995,130.0518674566488,35.749401,-35.704143,0,chrono_body_contact,0,,,,,,,,0
mpc_tire_model_sweep,pacejka_oracle,standard,pacejka-oracle,tire_force_static,sand,right_left,7.0,8,103,/home/ksha/Documents/sbel/offroad-control/benchmarking/results/mpc_tire_model_sweep_calibrated_20260828_002629/raw/0388_pacejka_oracle_sand_right_left_v7_b8_s103,ok,0,19.528613328933716,15.0,0.99,/home/ksha/Documents/sbel/offroad-control/benchmarking/results/mpc_tire_model_sweep_calibrated_20260828_002629/raw/0388_pacejka_oracle_sand_right_left_v7_b8_s103/20260828_023142_393375_sand_right_left_acados_pacejka-oracle/diag_sand_right_left_acados_pacejka-oracle.csv,,,1248,1.4758957000138042,4.965222,0.6796016029547552,4.721192336103416,5.109159999999999,0.6744560480147737,3.8655368589743593,5.32,128.4907896000842,35.855042,-35.895575,0,chrono_body_contact,0,,,,,,,,0
mpc_tire_model_sweep,pacejka_oracle,standard,pacejka-oracle,tire_force_static,sand,right_left,7.0,8,104,/home/ksha/Documents/sbel/offroad-control/benchmarking/results/mpc_tire_model_sweep_calibrated_20260828_002629/raw/0389_pacejka_oracle_sand_right_left_v7_b8_s104,ok,0,19.529319047927856,15.0,0.99,/home/ksha/Documents/sbel/offroad-control/benchmarking/results/mpc_tire_model_sweep_calibrated_20260828_002629/raw/0389_pacejka_oracle_sand_right_left_v7_b8_s104/20260828_023201_932260_sand_right_left_acados_pacejka-oracle/diag_sand_right_left_acados_pacejka-oracle.csv,,,1248,1.4040128530967813,4.841351,0.6399768310249307,4.689216897506926,5.105989999999999,0.6698881282152751,3.1932772435897436,4.181199999999999,129.3235236465435,35.502844,-35.829148,0,chrono_body_contact,0,,,,,,,,0
mpc_tire_model_sweep,pacejka_oracle,standard,pacejka-oracle,tire_force_static,sand,right_left,9.0,0,100,/home/ksha/Documents/sbel/offroad-control/benchmarking/results/mpc_tire_model_sweep_calibrated_20260828_002629/raw/0390_pacejka_oracle_sand_right_left_v9_b0_s100,ok,0,19.222267866134644,15.0,0.99,/home/ksha/Documents/sbel/offroad-control/benchmarking/results/mpc_tire_model_sweep_calibrated_20260828_002629/raw/0390_pacejka_oracle_sand_right_left_v9_b0_s100/20260828_023221_477682_sand_right_left_acados_pacejka-oracle/diag_sand_right_left_acados_pacejka-oracle.csv,,,1248,1.6304466583579664,5.313733,0.7674518725761772,4.827131763619575,5.2661999999999995,0.5363479737355084,4.058084935897436,6.694799999999995,129.56427541411495,37.341345,-36.246881,0,chrono_body_contact,0,,,,,,,,0
mpc_tire_model_sweep,pacejka_oracle,standard,pacejka-oracle,tire_force_static,sand,right_left,9.0,0,101,/home/ksha/Documents/sbel/offroad-control/benchmarking/results/mpc_tire_model_sweep_calibrated_20260828_002629/raw/0391_pacejka_oracle_sand_right_left_v9_b0_s101,ok,0,19.178542852401733,15.0,0.99,/home/ksha/Documents/sbel/offroad-control/benchmarking/results/mpc_tire_model_sweep_calibrated_20260828_002629/raw/0391_pacejka_oracle_sand_right_left_v9_b0_s101/20260828_023240_721227_sand_right_left_acados_pacejka-oracle/diag_sand_right_left_acados_pacejka-oracle.csv,,,1247,1.5751842234413755,5.241717,0.7390644339796861,4.804771098799631,5.24955,0.5338634554221813,3.8650360866078586,6.614799999999995,125.6449771075141,37.220587,-36.122016,0,chrono_body_contact,0,,,,,,,,0
mpc_tire_model_sweep,pacejka_oracle,standard,pacejka-oracle,tire_force_static,sand,right_left,9.0,0,102,/home/ksha/Documents/sbel/offroad-control/benchmarking/results/mpc_tire_model_sweep_calibrated_20260828_002629/raw/0392_pacejka_oracle_sand_right_left_v9_b0_s102,ok,0,19.2137610912323,15.0,0.99,/home/ksha/Documents/sbel/offroad-control/benchmarking/results/mpc_tire_model_sweep_calibrated_20260828_002629/raw/0392_pacejka_oracle_sand_right_left_v9_b0_s102/20260828_023259_929318_sand_right_left_acados_pacejka-oracle/diag_sand_right_left_acados_pacejka-oracle.csv,,,1248,1.5822873069681547,5.143911,0.746003621421976,4.815906463527239,5.26231,0.5351007181696932,3.587099358974359,5.7000999999999955,130.75813344417543,37.32044,-36.0374,0,chrono_body_contact,0,,,,,,,,0
mpc_tire_model_sweep,pacejka_oracle,standard,pacejka-oracle,tire_force_static,sand,right_left,9.0,0,103,/home/ksha/Documents/sbel/offroad-control/benchmarking/results/mpc_tire_model_sweep_calibrated_20260828_002629/raw/0393_pacejka_oracle_sand_right_left_v9_b0_s103,ok,0,19.21719741821289,15.0,0.99,/home/ksha/Documents/sbel/offroad-control/benchmarking/results/mpc_tire_model_sweep_calibrated_20260828_002629/raw/0393_pacejka_oracle_sand_right_left_v9_b0_s103/20260828_023319_153101_sand_right_left_acados_pacejka-oracle/diag_sand_right_left_acados_pacejka-oracle.csv,,,1247,1.6484815460019406,5.234594,0.7869791772853185,4.8413254847645435,5.3383199999999995,0.537925053862727,3.524266238973537,5.775399999999999,129.13382590858086,37.663055,-36.103104,0,chrono_body_contact,0,,,,,,,,0
mpc_tire_model_sweep,pacejka_oracle,standard,pacejka-oracle,tire_force_static,sand,right_left,9.0,0,104,/home/ksha/Documents/sbel/offroad-control/benchmarking/results/mpc_tire_model_sweep_calibrated_20260828_002629/raw/0394_pacejka_oracle_sand_right_left_v9_b0_s104,ok,0,19.217663526535034,15.0,0.99,/home/ksha/Documents/sbel/offroad-control/benchmarking/results/mpc_tire_model_sweep_calibrated_20260828_002629/raw/0394_pacejka_oracle_sand_right_left_v9_b0_s104/20260828_023338_395504_sand_right_left_acados_pacejka-oracle/diag_sand_right_left_acados_pacejka-oracle.csv,,,1247,1.5275766534004656,5.151142,0.7090543287165282,4.783079778393351,5.221569999999999,0.5314533087103723,3.5783159582999198,6.335199999999986,129.83353755948505,36.888348,-36.125768,0,chrono_body_contact,0,,,,,,,,0
mpc_tire_model_sweep,pacejka_oracle,standard,pacejka-oracle,tire_force_static,sand,right_left,9.0,4,100,/home/ksha/Documents/sbel/offroad-control/benchmarking/results/mpc_tire_model_sweep_calibrated_20260828_002629/raw/0395_pacejka_oracle_sand_right_left_v9_b4_s100,ok,0,19.421427488327026,15.0,0.99,/home/ksha/Documents/sbel/offroad-control/benchmarking/results/mpc_tire_model_sweep_calibrated_20260828_002629/raw/0395_pacejka_oracle_sand_right_left_v9_b4_s100/20260828_023357_624618_sand_right_left_acados_pacejka-oracle/diag_sand_right_left_acados_pacejka-oracle.csv,,,1247,1.653992762886392,5.402486,0.7805318088642659,4.821981255771007,5.2103399999999995,0.5357756950856675,3.540970328789094,5.658599999999997,129.54777413460124,37.311224,-36.33645,0,chrono_body_contact,0,,,,,,,,0
mpc_tire_model_sweep,pacejka_oracle,standard,pacejka-oracle,tire_force_static,sand,right_left,9.0,4,101,/home/ksha/Documents/sbel/offroad-control/benchmarking/results/mpc_tire_model_sweep_calibrated_20260828_002629/raw/0396_pacejka_oracle_sand_right_left_v9_b4_s101,ok,0,19.37589144706726,15.0,0.99,/home/ksha/Documents/sbel/offroad-control/benchmarking/results/mpc_tire_model_sweep_calibrated_20260828_002629/raw/0396_pacejka_oracle_sand_right_left_v9_b4_s101/20260828_023417_071882_sand_right_left_acados_pacejka-oracle/diag_sand_right_left_acados_pacejka-oracle.csv,,,1247,1.7214837940025487,5.542267,0.8119808753462605,4.841305724838411,5.23296,0.537922858315379,3.389206094627105,6.994199999999991,125.88301070248505,37.595455,-36.41602,0,chrono_body_contact,0,,,,,,,,0
mpc_tire_model_sweep,pacejka_oracle,standard,pacejka-oracle,tire_force_static,sand,right_left,9.0,4,102,/home/ksha/Documents/sbel/offroad-control/benchmarking/results/mpc_tire_model_sweep_calibrated_20260828_002629/raw/0397_pacejka_oracle_sand_right_left_v9_b4_s102,ok,0,19.374139308929443,15.0,0.99,/home/ksha/Documents/sbel/offroad-control/benchmarking/results/mpc_tire_model_sweep_calibrated_20260828_002629/raw/0397_pacejka_oracle_sand_right_left_v9_b4_s102/20260828_023436_461005_sand_right_left_acados_pacejka-oracle/diag_sand_right_left_acados_pacejka-oracle.csv,,,1247,1.6406861566244182,5.230532,0.7788789048938137,4.831601200369344,5.22983,0.536844577818816,3.423135525260625,5.261599999999999,130.85983725347245,37.610761,-36.120584,0,chrono_body_contact,0,,,,,,,,0
mpc_tire_model_sweep,pacejka_oracle,standard,pacejka-oracle,tire_force_static,sand,right_left,9.0,4,103,/home/ksha/Documents/sbel/offroad-control/benchmarking/results/mpc_tire_model_sweep_calibrated_20260828_002629/raw/0398_pacejka_oracle_sand_right_left_v9_b4_s103,ok,0,19.422821521759033,15.0,0.99,/home/ksha/Documents/sbel/offroad-control/benchmarking/results/mpc_tire_model_sweep_calibrated_20260828_002629/raw/0398_pacejka_oracle_sand_right_left_v9_b4_s103/20260828_023455_846580_sand_right_left_acados_pacejka-oracle/diag_sand_right_left_acados_pacejka-oracle.csv,,,1247,1.695493873716877,5.514402,0.7994385817174514,4.831616435826409,5.23018,0.5368462706473788,3.4923336006415395,5.160799999999999,129.07216351728397,37.33752,-36.41134,0,chrono_body_contact,0,,,,,,,,0
mpc_tire_model_sweep,pacejka_oracle,standard,pacejka-oracle,tire_force_static,sand,right_left,9.0,4,104,/home/ksha/Documents/sbel/offroad-control/benchmarking/results/mpc_tire_model_sweep_calibrated_20260828_002629/raw/0399_pacejka_oracle_sand_right_left_v9_b4_s104,ok,0,19.379488229751587,15.0,0.99,/home/ksha/Documents/sbel/offroad-control/benchmarking/results/mpc_tire_model_sweep_calibrated_20260828_002629/raw/0399_pacejka_oracle_sand_right_left_v9_b4_s104/20260828_023515_303675_sand_right_left_acados_pacejka-oracle/diag_sand_right_left_acados_pacejka-oracle.csv,,,1247,1.6475395434593951,5.393803,0.776161808864266,4.8201662973222525,5.20287,0.5355740330358059,3.4786046511627906,4.84,130.07720918293234,37.204993,-36.357777,0,chrono_body_contact,0,,,,,,,,0
mpc_tire_model_sweep,pacejka_oracle,standard,pacejka-oracle,tire_force_static,sand,right_left,9.0,8,100,/home/ksha/Documents/sbel/offroad-control/benchmarking/results/mpc_tire_model_sweep_calibrated_20260828_002629/raw/0400_pacejka_oracle_sand_right_left_v9_b8_s100,ok,0,19.57258892059326,15.0,0.99,/home/ksha/Documents/sbel/offroad-control/benchmarking/results/mpc_tire_model_sweep_calibrated_20260828_002629/raw/0400_pacejka_oracle_sand_right_left_v9_b8_s100/20260828_023534_685025_sand_right_left_acados_pacejka-oracle/diag_sand_right_left_acados_pacejka-oracle.csv,,,1247,1.5034144384169885,5.029958,0.6963370609418283,4.735246722068328,5.11773,0.5261385246742587,3.506848436246993,5.881599999999999,129.1133687929538,35.950178,-35.972673,0,chrono_body_contact,0,,,,,,,,0
mpc_tire_model_sweep,pacejka_oracle,standard,pacejka-oracle,tire_force_static,sand,right_left,9.0,8,101,/home/ksha/Documents/sbel/offroad-control/benchmarking/results/mpc_tire_model_sweep_calibrated_20260828_002629/raw/0401_pacejka_oracle_sand_right_left_v9_b8_s101,ok,0,19.478965044021606,15.0,0.99,/home/ksha/Documents/sbel/offroad-control/benchmarking/results/mpc_tire_model_sweep_calibrated_20260828_002629/raw/0401_pacejka_oracle_sand_right_left_v9_b8_s101/20260828_023554_275257_sand_right_left_acados_pacejka-oracle/diag_sand_right_left_acados_pacejka-oracle.csv,,,1247,1.545237084382406,5.084336,0.7215141957525392,4.751763434903046,5.13851,0.5279737149892274,3.4826222935044107,8.94779999999998,125.22311134534485,36.307304,-35.970831,0,chrono_body_contact,0,,,,,,,,0
mpc_tire_model_sweep,pacejka_oracle,standard,pacejka-oracle,tire_force_static,sand,right_left,9.0,8,102,/home/ksha/Documents/sbel/offroad-control/benchmarking/results/mpc_tire_model_sweep_calibrated_20260828_002629/raw/0402_pacejka_oracle_sand_right_left_v9_b8_s102,ok,0,19.526267766952515,15.0,0.99,/home/ksha/Documents/sbel/offroad-control/benchmarking/results/mpc_tire_model_sweep_calibrated_20260828_002629/raw/0402_pacejka_oracle_sand_right_left_v9_b8_s102/20260828_023613_783440_sand_right_left_acados_pacejka-oracle/diag_sand_right_left_acados_pacejka-oracle.csv,,,1248,1.453198421974333,4.819646,0.6769868467220683,4.719459556786704,5.11371,0.5243843951985228,3.383926282051282,6.364199999999996,130.183732479235,35.99088,-35.722245,0,chrono_body_contact,0,,,,,,,,0
mpc_tire_model_sweep,pacejka_oracle,standard,pacejka-oracle,tire_force_static,sand,right_left,9.0,8,103,/home/ksha/Documents/sbel/offroad-control/benchmarking/results/mpc_tire_model_sweep_calibrated_20260828_002629/raw/0403_pacejka_oracle_sand_right_left_v9_b8_s103,ok,0,19.526527643203735,15.0,0.99,/home/ksha/Documents/sbel/offroad-control/benchmarking/results/mpc_tire_model_sweep_calibrated_20260828_002629/raw/0403_pacejka_oracle_sand_right_left_v9_b8_s103/20260828_023633_315646_sand_right_left_acados_pacejka-oracle/diag_sand_right_left_acados_pacejka-oracle.csv,,,1248,1.5287219893155823,4.947833,0.7180370304709142,4.74741837488458,5.16505,0.5274909305427311,3.3236217948717948,5.43019999999999,128.68446103591305,36.368444,-35.858995,0,chrono_body_contact,0,,,,,,,,0
mpc_tire_model_sweep,pacejka_oracle,standard,pacejka-oracle,tire_force_static,sand,right_left,9.0,8,104,/home/ksha/Documents/sbel/offroad-control/benchmarking/results/mpc_tire_model_sweep_calibrated_20260828_002629/raw/0404_pacejka_oracle_sand_right_left_v9_b8_s104,ok,0,19.487638235092163,15.0,0.99,/home/ksha/Documents/sbel/offroad-control/benchmarking/results/mpc_tire_model_sweep_calibrated_20260828_002629/raw/0404_pacejka_oracle_sand_right_left_v9_b8_s104/20260828_023652_897145_sand_right_left_acados_pacejka-oracle/diag_sand_right_left_acados_pacejka-oracle.csv,,,1248,1.4934770618624575,4.970786,0.6922329769159743,4.730328993536473,5.1442,0.5255921103929414,3.2634054487179487,5.343199999999988,129.6113275126826,35.988296,-35.952112,0,chrono_body_contact,0,,,,,,,,0
mpc_tire_model_sweep,pacejka_rigfit,standard,pacejka-rigfit,tire_force_static,clay,sinusoidal,5.0,0,100,/home/ksha/Documents/sbel/offroad-control/benchmarking/results/mpc_tire_model_sweep_calibrated_20260828_002629/raw/0405_pacejka_rigfit_clay_sinusoidal_v5_b0_s100,ok,0,19.180298805236816,15.0,0.99,/home/ksha/Documents/sbel/offroad-control/benchmarking/results/mpc_tire_model_sweep_calibrated_20260828_002629/raw/0405_pacejka_rigfit_clay_sinusoidal_v5_b0_s100/20260828_023712_381861_clay_sinusoidal_acados_pacejka-rigfit/diag_clay_sinusoidal_acados_pacejka-rigfit.csv,,,1248,0.27000906218718673,1.0749,0.17591292520775623,3.593020221606648,5.20839,0.7186040443213295,2.51411858974359,3.73,123.61750508351042,47.789619,1.901147,0,chrono_body_contact,0,,,,,,,,0
mpc_tire_model_sweep,pacejka_rigfit,standard,pacejka-rigfit,tire_force_static,clay,sinusoidal,5.0,0,101,/home/ksha/Documents/sbel/offroad-control/benchmarking/results/mpc_tire_model_sweep_calibrated_20260828_002629/raw/0406_pacejka_rigfit_clay_sinusoidal_v5_b0_s101,ok,0,19.180535316467285,15.0,0.99,/home/ksha/Documents/sbel/offroad-control/benchmarking/results/mpc_tire_model_sweep_calibrated_20260828_002629/raw/0406_pacejka_rigfit_clay_sinusoidal_v5_b0_s101/20260828_023731_576170_clay_sinusoidal_acados_pacejka-rigfit/diag_clay_sinusoidal_acados_pacejka-rigfit.csv,,,1248,0.258150915977194,1.07539,0.1702359658356417,3.5646262234533705,5.20691,0.7129252446906741,2.5130769230769228,3.851199999999999,119.36160423264985,47.589758,2.054094,0,chrono_body_contact,0,,,,,,,,0
mpc_tire_model_sweep,pacejka_rigfit,standard,pacejka-rigfit,tire_force_static,clay,sinusoidal,5.0,0,102,/home/ksha/Documents/sbel/offroad-control/benchmarking/results/mpc_tire_model_sweep_calibrated_20260828_002629/raw/0407_pacejka_rigfit_clay_sinusoidal_v5_b0_s102,ok,0,19.178261518478394,15.0,0.99,/home/ksha/Documents/sbel/offroad-control/benchmarking/results/mpc_tire_model_sweep_calibrated_20260828_002629/raw/0407_pacejka_rigfit_clay_sinusoidal_v5_b0_s102/20260828_023750_773541_clay_sinusoidal_acados_pacejka-rigfit/diag_clay_sinusoidal_acados_pacejka-rigfit.csv,,,1248,0.2669975813590986,1.108271,0.17739993721144967,3.5735972299168974,5.15443,0.7147194459833794,2.5212099358974362,3.6252999999999997,124.53024569604653,47.530017,2.059328,0,chrono_body_contact,0,,,,,,,,0
mpc_tire_model_sweep,pacejka_rigfit,standard,pacejka-rigfit,tire_force_static,clay,sinusoidal,5.0,0,103,/home/ksha/Documents/sbel/offroad-control/benchmarking/results/mpc_tire_model_sweep_calibrated_20260828_002629/raw/0408_pacejka_rigfit_clay_sinusoidal_v5_b0_s103,ok,0,19.14227533340454,15.0,0.99,/home/ksha/Documents/sbel/offroad-control/benchmarking/results/mpc_tire_model_sweep_calibrated_20260828_002629/raw/0408_pacejka_rigfit_clay_sinusoidal_v5_b0_s103/20260828_023809_956872_clay_sinusoidal_acados_pacejka-rigfit/diag_clay_sinusoidal_acados_pacejka-rigfit.csv,,,1248,0.2626692835749007,1.112199,0.1754205567867036,3.5829910433979686,5.10125,0.7165982086795937,2.5495673076923073,3.7253,122.59118240025191,47.790366,1.930061,0,chrono_body_contact,0,,,,,,,,0
mpc_tire_model_sweep,pacejka_rigfit,standard,pacejka-rigfit,tire_force_static,clay,sinusoidal,5.0,0,104,/home/ksha/Documents/sbel/offroad-control/benchmarking/results/mpc_tire_model_sweep_calibrated_20260828_002629/raw/0409_pacejka_rigfit_clay_sinusoidal_v5_b0_s104,ok,0,19.180996894836426,15.0,0.99,/home/ksha/Documents/sbel/offroad-control/benchmarking/results/mpc_tire_model_sweep_calibrated_20260828_002629/raw/0409_pacejka_rigfit_clay_sinusoidal_v5_b0_s104/20260828_023829_125053_clay_sinusoidal_acados_pacejka-rigfit/diag_clay_sinusoidal_acados_pacejka-rigfit.csv,,,1248,0.2744728924460162,1.077315,0.17987764358264083,3.587520406278855,5.17605,0.717504081255771,2.586650641025641,3.9452999999999996,123.10489857402978,47.849044,1.913701,0,chrono_body_contact,0,,,,,,,,0
mpc_tire_model_sweep,pacejka_rigfit,standard,pacejka-rigfit,tire_force_static,clay,sinusoidal,5.0,4,100,/home/ksha/Documents/sbel/offroad-control/benchmarking/results/mpc_tire_model_sweep_calibrated_20260828_002629/raw/0410_pacejka_rigfit_clay_sinusoidal_v5_b4_s100,ok,0,19.4286470413208,15.0,0.99,/home/ksha/Documents/sbel/offroad-control/benchmarking/results/mpc_tire_model_sweep_calibrated_20260828_002629/raw/0410_pacejka_rigfit_clay_sinusoidal_v5_b4_s100/20260828_023848_332223_clay_sinusoidal_acados_pacejka-rigfit/diag_clay_sinusoidal_acados_pacejka-rigfit.csv,,,1247,0.2537106165752063,0.963351,0.16917441735918742,3.5532469990766393,5.092059999999999,0.7106493998153278,2.5234161988773054,3.7715999999999985,123.37710331223914,47.347957,1.975338,0,chrono_body_contact,0,,,,,,,,0
mpc_tire_model_sweep,pacejka_rigfit,standard,pacejka-rigfit,tire_force_static,clay,sinusoidal,5.0,4,101,/home/ksha/Documents/sbel/offroad-control/benchmarking/results/mpc_tire_model_sweep_calibrated_20260828_002629/raw/0411_pacejka_rigfit_clay_sinusoidal_v5_b4_s101,ok,0,19.431959629058838,15.0,0.99,/home/ksha/Documents/sbel/offroad-control/benchmarking/results/mpc_tire_model_sweep_calibrated_20260828_002629/raw/0411_pacejka_rigfit_clay_sinusoidal_v5_b4_s101/20260828_023907_787532_clay_sinusoidal_acados_pacejka-rigfit/diag_clay_sinusoidal_acados_pacejka-rigfit.csv,,,1248,0.2767089372879686,1.124003,0.18368741181902123,3.558412557710064,5.16028,0.7116825115420128,2.574391025641025,3.8405999999999993,119.35415324064046,47.588542,2.105425,0,chrono_body_contact,0,,,,,,,,0
mpc_tire_model_sweep,pacejka_rigfit,standard,pacejka-rigfit,tire_force_static,clay,sinusoidal,5.0,4,102,/home/ksha/Documents/sbel/offroad-control/benchmarking/results/mpc_tire_model_sweep_calibrated_20260828_002629/raw/0412_pacejka_rigfit_clay_sinusoidal_v5_b4_s102,ok,0,19.382168531417847,15.0,0.99,/home/ksha/Documents/sbel/offroad-control/benchmarking/results/mpc_tire_model_sweep_calibrated_20260828_002629/raw/0412_pacejka_rigfit_clay_sinusoidal_v5_b4_s102/20260828_023927_246366_clay_sinusoidal_acados_pacejka-rigfit/diag_clay_sinusoidal_acados_pacejka-rigfit.csv,,,1248,0.2157312160470789,0.779941,0.15919981071098802,3.3957276084949215,5.03766,0.6791455216989843,2.8948958333333334,10.334799999999996,123.7652094776513,45.303397,2.4351,0,chrono_body_contact,0,,,,,,,,0
mpc_tire_model_sweep,pacejka_rigfit,standard,pacejka-rigfit,tire_force_static,clay,sinusoidal,5.0,4,103,/home/ksha/Documents/sbel/offroad-control/benchmarking/results/mpc_tire_model_sweep_calibrated_20260828_002629/raw/0413_pacejka_rigfit_clay_sinusoidal_v5_b4_s103,ok,0,19.42989706993103,15.0,0.99,/home/ksha/Documents/sbel/offroad-control/benchmarking/results/mpc_tire_model_sweep_calibrated_20260828_002629/raw/0413_pacejka_rigfit_clay_sinusoidal_v5_b4_s103/20260828_023946_642346_clay_sinusoidal_acados_pacejka-rigfit/diag_clay_sinusoidal_acados_pacejka-rigfit.csv,,,1248,0.3287823133819358,1.362183,0.20562132594644508,3.6241362880886423,5.16277,0.7248272576177285,3.2327964743589743,4.72,122.80744909451388,48.348912,1.987321,0,chrono_body_contact,0,,,,,,,,0
mpc_tire_model_sweep,pacejka_rigfit,standard,pacejka-rigfit,tire_force_static,clay,sinusoidal,5.0,4,104,/home/ksha/Documents/sbel/offroad-control/benchmarking/results/mpc_tire_model_sweep_calibrated_20260828_002629/raw/0414_pacejka_rigfit_clay_sinusoidal_v5_b4_s104,ok,0,19.342850923538208,15.0,0.99,/home/ksha/Documents/sbel/offroad-control/benchmarking/results/mpc_tire_model_sweep_calibrated_20260828_002629/raw/0414_pacejka_rigfit_clay_sinusoidal_v5_b4_s104/20260828_024006_080933_clay_sinusoidal_acados_pacejka-rigfit/diag_clay_sinusoidal_acados_pacejka-rigfit.csv,,,1248,0.29592720637392894,1.195526,0.1905053157894737,3.5945018467220686,5.1244499999999995,0.7189003693444137,2.5496233974358975,3.83,123.109530429831,47.951961,1.966056,0,chrono_body_contact,0,,,,,,,,0
mpc_tire_model_sweep,pacejka_rigfit,standard,pacejka-rigfit,tire_force_static,clay,sinusoidal,5.0,8,100,/home/ksha/Documents/sbel/offroad-control/benchmarking/results/mpc_tire_model_sweep_calibrated_20260828_002629/raw/0415_pacejka_rigfit_clay_sinusoidal_v5_b8_s100,ok,0,19.43605875968933,15.0,0.99,/home/ksha/Documents/sbel/offroad-control/benchmarking/results/mpc_tire_model_sweep_calibrated_20260828_002629/raw/0415_pacejka_rigfit_clay_sinusoidal_v5_b8_s100/20260828_024025_441942_clay_sinusoidal_acados_pacejka-rigfit/diag_clay_sinusoidal_acados_pacejka-rigfit.csv,,,1248,0.22359400592431486,0.662217,0.1566745216989843,3.3767553093259464,5.32733,0.6753510618651892,2.497419871794872,3.605899999999999,122.79477770955452,44.732461,2.359237,0,chrono_body_contact,0,,,,,,,,0
mpc_tire_model_sweep,pacejka_rigfit,standard,pacejka-rigfit,tire_force_static,clay,sinusoidal,5.0,8,101,/home/ksha/Documents/sbel/offroad-control/benchmarking/results/mpc_tire_model_sweep_calibrated_20260828_002629/raw/0416_pacejka_rigfit_clay_sinusoidal_v5_b8_s101,ok,0,19.483015298843384,15.0,0.99,/home/ksha/Documents/sbel/offroad-control/benchmarking/results/mpc_tire_model_sweep_calibrated_20260828_002629/raw/0416_pacejka_rigfit_clay_sinusoidal_v5_b8_s101/20260828_024044_909014_clay_sinusoidal_acados_pacejka-rigfit/diag_clay_sinusoidal_acados_pacejka-rigfit.csv,,,1248,0.2242533454801257,0.700423,0.1572091375807941,3.4088140350877194,5.2767,0.6817628070175439,2.8112339743589745,4.630599999999999,118.5430650264635,45.35754,2.377723,0,chrono_body_contact,0,,,,,,,,0
mpc_tire_model_sweep,pacejka_rigfit,standard,pacejka-rigfit,tire_force_static,clay,sinusoidal,5.0,8,102,/home/ksha/Documents/sbel/offroad-control/benchmarking/results/mpc_tire_model_sweep_calibrated_20260828_002629/raw/0417_pacejka_rigfit_clay_sinusoidal_v5_b8_s102,ok,0,19.4345064163208,15.0,0.99,/home/ksha/Documents/sbel/offroad-control/benchmarking/results/mpc_tire_model_sweep_calibrated_20260828_002629/raw/0417_pacejka_rigfit_clay_sinusoidal_v5_b8_s102/20260828_024104_399683_clay_sinusoidal_acados_pacejka-rigfit/diag_clay_sinusoidal_acados_pacejka-rigfit.csv,,,1248,0.2049283496937617,0.63469,0.1474842566943675,3.3523717451523547,5.23907,0.670474349030471,2.7227804487179483,4.785299999999999,123.565566497673,44.471261,2.394825,0,chrono_body_contact,0,,,,,,,,0
mpc_tire_model_sweep,pacejka_rigfit,standard,pacejka-rigfit,tire_force_static,clay,sinusoidal,5.0,8,103,/home/ksha/Documents/sbel/offroad-control/benchmarking/results/mpc_tire_model_sweep_calibrated_20260828_002629/raw/0418_pacejka_rigfit_clay_sinusoidal_v5_b8_s103,ok,0,19.442116737365723,15.0,0.99,/home/ksha/Documents/sbel/offroad-control/benchmarking/results/mpc_tire_model_sweep_calibrated_20260828_002629/raw/0418_pacejka_rigfit_clay_sinusoidal_v5_b8_s103/20260828_024123_858661_clay_sinusoidal_acados_pacejka-rigfit/diag_clay_sinusoidal_acados_pacejka-rigfit.csv,,,1248,0.21541370976922775,0.669735,0.15408203693444136,3.3681457987072947,5.183739999999999,0.673629159741459,2.51667467948718,3.7805999999999993,121.86772516093035,44.747533,2.346501,0,chrono_body_contact,0,,,,,,,,0
mpc_tire_model_sweep,pacejka_rigfit,standard,pacejka-rigfit,tire_force_static,clay,sinusoidal,5.0,8,104,/home/ksha/Documents/sbel/offroad-control/benchmarking/results/mpc_tire_model_sweep_calibrated_20260828_002629/raw/0419_pacejka_rigfit_clay_sinusoidal_v5_b8_s104,ok,0,19.435373544692993,15.0,0.99,/home/ksha/Documents/sbel/offroad-control/benchmarking/results/mpc_tire_model_sweep_calibrated_20260828_002629/raw/0419_pacejka_rigfit_clay_sinusoidal_v5_b8_s104/20260828_024143_320140_clay_sinusoidal_acados_pacejka-rigfit/diag_clay_sinusoidal_acados_pacejka-rigfit.csv,,,1247,0.2208448571568903,0.680517,0.15770026869806097,3.375687442289935,5.16894,0.675137488457987,2.5824699278267844,3.8515999999999986,122.0799796900157,44.837931,2.319588,0,chrono_body_contact,0,,,,,,,,0
mpc_tire_model_sweep,pacejka_rigfit,standard,pacejka-rigfit,tire_force_static,clay,sinusoidal,7.0,0,100,/home/ksha/Documents/sbel/offroad-control/benchmarking/results/mpc_tire_model_sweep_calibrated_20260828_002629/raw/0420_pacejka_rigfit_clay_sinusoidal_v7_b0_s100,ok,0,19.138243436813354,15.0,0.99,/home/ksha/Documents/sbel/offroad-control/benchmarking/results/mpc_tire_model_sweep_calibrated_20260828_002629/raw/0420_pacejka_rigfit_clay_sinusoidal_v7_b0_s100/20260828_024202_776036_clay_sinusoidal_acados_pacejka-rigfit/diag_clay_sinusoidal_acados_pacejka-rigfit.csv,,,1248,0.9247217562818528,3.226022,0.473537594644506,4.164542197599262,6.213049999999999,0.5949345996570374,3.5324999999999998,6.047099999999998,127.1586453374973,55.077554,1.19665,0,chrono_body_contact,0,,,,,,,,0
mpc_tire_model_sweep,pacejka_rigfit,standard,pacejka-rigfit,tire_force_static,clay,sinusoidal,7.0,0,101,/home/ksha/Documents/sbel/offroad-control/benchmarking/results/mpc_tire_model_sweep_calibrated_20260828_002629/raw/0421_pacejka_rigfit_clay_sinusoidal_v7_b0_s101,ok,0,19.135043144226074,15.0,0.99,/home/ksha/Documents/sbel/offroad-control/benchmarking/results/mpc_tire_model_sweep_calibrated_20260828_002629/raw/0421_pacejka_rigfit_clay_sinusoidal_v7_b0_s101/20260828_024221_933309_clay_sinusoidal_acados_pacejka-rigfit/diag_clay_sinusoidal_acados_pacejka-rigfit.csv,,,1248,0.9437418494095048,3.324944,0.49132153554939983,4.156443582640812,6.23098,0.5937776546629732,3.7680528846153853,8.43729999999999,123.13586371944423,55.107131,1.467999,0,chrono_body_contact,0,,,,,,,,0
mpc_tire_model_sweep,pacejka_rigfit,standard,pacejka-rigfit,tire_force_static,clay,sinusoidal,7.0,0,102,/home/ksha/Documents/sbel/offroad-control/benchmarking/results/mpc_tire_model_sweep_calibrated_20260828_002629/raw/0422_pacejka_rigfit_clay_sinusoidal_v7_b0_s102,ok,0,19.12904715538025,15.0,0.99,/home/ksha/Documents/sbel/offroad-control/benchmarking/results/mpc_tire_model_sweep_calibrated_20260828_002629/raw/0422_pacejka_rigfit_clay_sinusoidal_v7_b0_s102/20260828_024241_104631_clay_sinusoidal_acados_pacejka-rigfit/diag_clay_sinusoidal_acados_pacejka-rigfit.csv,,,1247,1.0295010627635486,3.454073,0.5372444450600184,4.23355595567867,6.29207,0.6047937079540958,3.17420208500401,5.105599999999995,128.67475270679094,56.040947,1.262458,0,chrono_body_contact,0,,,,,,,,0
mpc_tire_model_sweep,pacejka_rigfit,standard,pacejka-rigfit,tire_force_static,clay,sinusoidal,7.0,0,103,/home/ksha/Documents/sbel/offroad-control/benchmarking/results/mpc_tire_model_sweep_calibrated_20260828_002629/raw/0423_pacejka_rigfit_clay_sinusoidal_v7_b0_s103,ok,0,19.12910294532776,15.0,0.99,/home/ksha/Documents/sbel/offroad-control/benchmarking/results/mpc_tire_model_sweep_calibrated_20260828_002629/raw/0423_pacejka_rigfit_clay_sinusoidal_v7_b0_s103/20260828_024300_247374_clay_sinusoidal_acados_pacejka-rigfit/diag_clay_sinusoidal_acados_pacejka-rigfit.csv,,,1248,0.9560376418916491,3.357259,0.48245419944598344,4.170089473684211,6.29695,0.5957270676691729,3.4931730769230773,7.231699999999976,126.38106057307034,55.253073,1.467511,0,chrono_body_contact,0,,,,,,,,0
mpc_tire_model_sweep,pacejka_rigfit,standard,pacejka-rigfit,tire_force_static,clay,sinusoidal,7.0,0,104,/home/ksha/Documents/sbel/offroad-control/benchmarking/results/mpc_tire_model_sweep_calibrated_20260828_002629/raw/0424_pacejka_rigfit_clay_sinusoidal_v7_b0_s104,ok,0,19.13111662864685,15.0,0.99,/home/ksha/Documents/sbel/offroad-control/benchmarking/results/mpc_tire_model_sweep_calibrated_20260828_002629/raw/0424_pacejka_rigfit_clay_sinusoidal_v7_b0_s104/20260828_024319_407366_clay_sinusoidal_acados_pacejka-rigfit/diag_clay_sinusoidal_acados_pacejka-rigfit.csv,,,1248,0.9676428026024719,3.26649,0.5018645641735918,4.195715789473684,6.22542,0.5993879699248119,3.135184294871795,10.205399999999994,126.92859565416202,55.603184,1.171438,0,chrono_body_contact,0,,,,,,,,0
mpc_tire_model_sweep,pacejka_rigfit,standard,pacejka-rigfit,tire_force_static,clay,sinusoidal,7.0,4,100,/home/ksha/Documents/sbel/offroad-control/benchmarking/results/mpc_tire_model_sweep_calibrated_20260828_002629/raw/0425_pacejka_rigfit_clay_sinusoidal_v7_b4_s100,ok,0,19.383878707885742,15.0,0.99,/home/ksha/Documents/sbel/offroad-control/benchmarking/results/mpc_tire_model_sweep_calibrated_20260828_002629/raw/0425_pacejka_rigfit_clay_sinusoidal_v7_b4_s100/20260828_024338_535411_clay_sinusoidal_acados_pacejka-rigfit/diag_clay_sinusoidal_acados_pacejka-rigfit.csv,,,1247,0.958547154772173,3.302631,0.5003321846722067,4.167024284395199,6.19259,0.5952891834850284,3.1976102646351245,8.962399999999997,127.21618605030531,55.199169,1.281569,0,chrono_body_contact,0,,,,,,,,0
mpc_tire_model_sweep,pacejka_rigfit,standard,pacejka-rigfit,tire_force_static,clay,sinusoidal,7.0,4,101,/home/ksha/Documents/sbel/offroad-control/benchmarking/results/mpc_tire_model_sweep_calibrated_20260828_002629/raw/0426_pacejka_rigfit_clay_sinusoidal_v7_b4_s101,ok,0,19.331206798553467,15.0,0.99,/home/ksha/Documents/sbel/offroad-control/benchmarking/results/mpc_tire_model_sweep_calibrated_20260828_002629/raw/0426_pacejka_rigfit_clay_sinusoidal_v7_b4_s101/20260828_024357_948091_clay_sinusoidal_acados_pacejka-rigfit/diag_clay_sinusoidal_acados_pacejka-rigfit.csv,,,1248,0.975503592681355,3.318027,0.5109624949215144,4.1704689750692525,6.1414800000000005,0.5957812821527504,3.780713141025641,9.908599999999982,123.15701835750511,55.401968,1.35416,0,chrono_body_contact,0,,,,,,,,0
mpc_tire_model_sweep,pacejka_rigfit,standard,pacejka-rigfit,tire_force_static,clay,sinusoidal,7.0,4,102,/home/ksha/Documents/sbel/offroad-control/benchmarking/results/mpc_tire_model_sweep_calibrated_20260828_002629/raw/0427_pacejka_rigfit_clay_sinusoidal_v7_b4_s102,ok,0,19.339987754821777,15.0,0.99,/home/ksha/Documents/sbel/offroad-control/benchmarking/results/mpc_tire_model_sweep_calibrated_20260828_002629/raw/0427_pacejka_rigfit_clay_sinusoidal_v7_b4_s102/20260828_024417_296102_clay_sinusoidal_acados_pacejka-rigfit/diag_clay_sinusoidal_acados_pacejka-rigfit.csv,,,1248,0.9901930870872852,3.292761,0.5138655992613111,4.218251523545706,6.2126,0.6026073605065294,3.1014423076923077,5.310599999999999,128.58874051209398,55.905614,1.142597,0,chrono_body_contact,0,,,,,,,,0
mpc_tire_model_sweep,pacejka_rigfit,standard,pacejka-rigfit,tire_force_static,clay,sinusoidal,7.0,4,103,/home/ksha/Documents/sbel/offroad-control/benchmarking/results/mpc_tire_model_sweep_calibrated_20260828_002629/raw/0428_pacejka_rigfit_clay_sinusoidal_v7_b4_s103,ok,0,19.341240882873535,15.0,0.99,/home/ksha/Documents/sbel/offroad-control/benchmarking/results/mpc_tire_model_sweep_calibrated_20260828_002629/raw/0428_pacejka_rigfit_clay_sinusoidal_v7_b4_s103/20260828_024436_655849_clay_sinusoidal_acados_pacejka-rigfit/diag_clay_sinusoidal_acados_pacejka-rigfit.csv,,,1248,0.8595088809119484,3.220688,0.43312789658356415,4.069623453370268,6.1668199999999995,0.5813747790528955,3.2927083333333336,10.590699999999995,125.98321229401776,54.099796,1.632513,0,chrono_body_contact,0,,,,,,,,0
mpc_tire_model_sweep,pacejka_rigfit,standard,pacejka-rigfit,tire_force_static,clay,sinusoidal,7.0,4,104,/home/ksha/Documents/sbel/offroad-control/benchmarking/results/mpc_tire_model_sweep_calibrated_20260828_002629/raw/0429_pacejka_rigfit_clay_sinusoidal_v7_b4_s104,ok,0,19.386752128601074,15.0,0.99,/home/ksha/Documents/sbel/offroad-control/benchmarking/results/mpc_tire_model_sweep_calibrated_20260828_002629/raw/0429_pacejka_rigfit_clay_sinusoidal_v7_b4_s104/20260828_024456_022472_clay_sinusoidal_acados_pacejka-rigfit/diag_clay_sinusoidal_acados_pacejka-rigfit.csv,,,1248,0.9673078564271954,3.271172,0.5117005807940905,4.174119113573407,6.20838,0.5963027305104867,3.7453044871794874,8.649199999999928,126.85980190208457,55.425871,1.225582,0,chrono_body_contact,0,,,,,,,,0
mpc_tire_model_sweep,pacejka_rigfit,standard,pacejka-rigfit,tire_force_static,clay,sinusoidal,7.0,8,100,/home/ksha/Documents/sbel/offroad-control/benchmarking/results/mpc_tire_model_sweep_calibrated_20260828_002629/raw/0430_pacejka_rigfit_clay_sinusoidal_v7_b8_s100,ok,0,19.43802237510681,15.0,0.99,/home/ksha/Documents/sbel/offroad-control/benchmarking/results/mpc_tire_model_sweep_calibrated_20260828_002629/raw/0430_pacejka_rigfit_clay_sinusoidal_v7_b8_s100/20260828_024515_424334_clay_sinusoidal_acados_pacejka-rigfit/diag_clay_sinusoidal_acados_pacejka-rigfit.csv,,,1248,0.6340639460335096,2.674123,0.3517222613111726,3.879154016620498,6.06266,0.5541648595172141,3.0033653846153845,5.260599999999999,125.77792834454733,51.369518,2.12443,0,chrono_body_contact,0,,,,,,,,0
mpc_tire_model_sweep,pacejka_rigfit,standard,pacejka-rigfit,tire_force_static,clay,sinusoidal,7.0,8,101,/home/ksha/Documents/sbel/offroad-control/benchmarking/results/mpc_tire_model_sweep_calibrated_20260828_002629/raw/0431_pacejka_rigfit_clay_sinusoidal_v7_b8_s101,ok,0,19.437698364257812,15.0,0.99,/home/ksha/Documents/sbel/offroad-control/benchmarking/results/mpc_tire_model_sweep_calibrated_20260828_002629/raw/0431_pacejka_rigfit_clay_sinusoidal_v7_b8_s101/20260828_024534_884391_clay_sinusoidal_acados_pacejka-rigfit/diag_clay_sinusoidal_acados_pacejka-rigfit.csv,,,1247,0.6363604161870288,2.868571,0.35092455955678675,3.862105170821791,6.08077,0.5517293101173987,3.068861267040898,6.407199999999939,121.34295711055316,51.302513,2.350971,0,chrono_body_contact,0,,,,,,,,0
mpc_tire_model_sweep,pacejka_rigfit,standard,pacejka-rigfit,tire_force_static,clay,sinusoidal,7.0,8,102,/home/ksha/Documents/sbel/offroad-control/benchmarking/results/mpc_tire_model_sweep_calibrated_20260828_002629/raw/0432_pacejka_rigfit_clay_sinusoidal_v7_b8_s102,ok,0,19.4905788898468,15.0,0.99,/home/ksha/Documents/sbel/offroad-control/benchmarking/results/mpc_tire_model_sweep_calibrated_20260828_002629/raw/0432_pacejka_rigfit_clay_sinusoidal_v7_b8_s102/20260828_024554_350552_clay_sinusoidal_acados_pacejka-rigfit/diag_clay_sinusoidal_acados_pacejka-rigfit.csv,,,1248,0.7373284767971061,3.194114,0.40130759187442294,3.937811726685134,6.08807,0.5625445323835906,2.992724358974359,5.714299999999992,127.11286848108719,52.128525,2.286114,0,chrono_body_contact,0,,,,,,,,0
mpc_tire_model_sweep,pacejka_rigfit,standard,pacejka-rigfit,tire_force_static,clay,sinusoidal,7.0,8,103,/home/ksha/Documents/sbel/offroad-control/benchmarking/results/mpc_tire_model_sweep_calibrated_20260828_002629/raw/0433_pacejka_rigfit_clay_sinusoidal_v7_b8_s103,ok,0,19.482001781463623,15.0,0.99,/home/ksha/Documents/sbel/offroad-control/benchmarking/results/mpc_tire_model_sweep_calibrated_20260828_002629/raw/0433_pacejka_rigfit_clay_sinusoidal_v7_b8_s103/20260828_024613_857085_clay_sinusoidal_acados_pacejka-rigfit/diag_clay_sinusoidal_acados_pacejka-rigfit.csv,,,1247,0.6543399022152075,2.879573,0.3644015023084025,3.8951255771006466,6.10884,0.556446511014378,3.0769526864474734,5.280999999999994,124.9445913413604,51.62071,2.184349,0,chrono_body_contact,0,,,,,,,,0
mpc_tire_model_sweep,pacejka_rigfit,standard,pacejka-rigfit,tire_force_static,clay,sinusoidal,7.0,8,104,/home/ksha/Documents/sbel/offroad-control/benchmarking/results/mpc_tire_model_sweep_calibrated_20260828_002629/raw/0434_pacejka_rigfit_clay_sinusoidal_v7_b8_s104,ok,0,19.533485651016235,15.0,0.99,/home/ksha/Documents/sbel/offroad-control/benchmarking/results/mpc_tire_model_sweep_calibrated_20260828_002629/raw/0434_pacejka_rigfit_clay_sinusoidal_v7_b8_s104/20260828_024633_358761_clay_sinusoidal_acados_pacejka-rigfit/diag_clay_sinusoidal_acados_pacejka-rigfit.csv,,,1247,0.6607797343392968,2.912689,0.357470593721145,3.8858785780240073,6.07342,0.5551255111462867,3.0631275060144345,5.47,125.24739392214485,51.604675,2.229892,0,chrono_body_contact,0,,,,,,,,0
mpc_tire_model_sweep,pacejka_rigfit,standard,pacejka-rigfit,tire_force_static,clay,sinusoidal,9.0,0,100,/home/ksha/Documents/sbel/offroad-control/benchmarking/results/mpc_tire_model_sweep_calibrated_20260828_002629/raw/0435_pacejka_rigfit_clay_sinusoidal_v9_b0_s100,ok,0,19.136045932769775,15.0,0.99,/home/ksha/Documents/sbel/offroad-control/benchmarking/results/mpc_tire_model_sweep_calibrated_20260828_002629/raw/0435_pacejka_rigfit_clay_sinusoidal_v9_b0_s100/20260828_024652_907425_clay_sinusoidal_acados_pacejka-rigfit/diag_clay_sinusoidal_acados_pacejka-rigfit.csv,,,1248,0.8824153094657182,3.207948,0.4588144672206833,4.136487811634349,6.388669999999999,0.459609756848261,3.3443669871794874,9.9559,127.2783589561686,54.831165,1.372198,0,chrono_body_contact,0,,,,,,,,0
mpc_tire_model_sweep,pacejka_rigfit,standard,pacejka-rigfit,tire_force_static,clay,sinusoidal,9.0,0,101,/home/ksha/Documents/sbel/offroad-control/benchmarking/results/mpc_tire_model_sweep_calibrated_20260828_002629/raw/0436_pacejka_rigfit_clay_sinusoidal_v9_b0_s101,ok,0,19.134188413619995,15.0,0.99,/home/ksha/Documents/sbel/offroad-control/benchmarking/results/mpc_tire_model_sweep_calibrated_20260828_002629/raw/0436_pacejka_rigfit_clay_sinusoidal_v9_b0_s101/20260828_024712_057457_clay_sinusoidal_acados_pacejka-rigfit/diag_clay_sinusoidal_acados_pacejka-rigfit.csv,,,1248,0.9520606686745292,3.298548,0.4973714459833795,4.205157156048014,6.404929999999999,0.46723968400533494,3.3742628205128207,7.3858999999999995,123.53366808253162,55.865859,1.240285,0,chrono_body_contact,0,,,,,,,,0
mpc_tire_model_sweep,pacejka_rigfit,standard,pacejka-rigfit,tire_force_static,clay,sinusoidal,9.0,0,102,/home/ksha/Documents/sbel/offroad-control/benchmarking/results/mpc_tire_model_sweep_calibrated_20260828_002629/raw/0437_pacejka_rigfit_clay_sinusoidal_v9_b0_s102,ok,0,19.13632297515869,15.0,0.99,/home/ksha/Documents/sbel/offroad-control/benchmarking/results/mpc_tire_model_sweep_calibrated_20260828_002629/raw/0437_pacejka_rigfit_clay_sinusoidal_v9_b0_s102/20260828_024731_218267_clay_sinusoidal_acados_pacejka-rigfit/diag_clay_sinusoidal_acados_pacejka-rigfit.csv,,,1248,0.9568041119420326,3.22873,0.5082117839335181,4.220397322253001,6.34624,0.468933035805889,3.828357371794872,9.901799999999998,128.72671857464803,55.904585,1.11413,0,chrono_body_contact,0,,,,,,,,0
mpc_tire_model_sweep,pacejka_rigfit,standard,pacejka-rigfit,tire_force_static,clay,sinusoidal,9.0,0,103,/home/ksha/Documents/sbel/offroad-control/benchmarking/results/mpc_tire_model_sweep_calibrated_20260828_002629/raw/0438_pacejka_rigfit_clay_sinusoidal_v9_b0_s103,ok,0,19.130496740341187,15.0,0.99,/home/ksha/Documents/sbel/offroad-control/benchmarking/results/mpc_tire_model_sweep_calibrated_20260828_002629/raw/0438_pacejka_rigfit_clay_sinusoidal_v9_b0_s103/20260828_024750_371382_clay_sinusoidal_acados_pacejka-rigfit/diag_clay_sinusoidal_acados_pacejka-rigfit.csv,,,1248,1.0242611804382717,3.352474,0.5519404469067405,4.2691891966759,6.443239999999999,0.47435435518621116,4.020472756410257,8.552399999999997,127.08076973531043,56.575551,1.076333,0,chrono_body_contact,0,,,,,,,,0
mpc_tire_model_sweep,pacejka_rigfit,standard,pacejka-rigfit,tire_force_static,clay,sinusoidal,9.0,0,104,/home/ksha/Documents/sbel/offroad-control/benchmarking/results/mpc_tire_model_sweep_calibrated_20260828_002629/raw/0439_pacejka_rigfit_clay_sinusoidal_v9_b0_s104,ok,0,19.131283283233643,15.0,0.99,/home/ksha/Documents/sbel/offroad-control/benchmarking/results/mpc_tire_model_sweep_calibrated_20260828_002629/raw/0439_pacejka_rigfit_clay_sinusoidal_v9_b0_s104/20260828_024809_521787_clay_sinusoidal_acados_pacejka-rigfit/diag_clay_sinusoidal_acados_pacejka-rigfit.csv,,,1248,0.7619375788039073,3.105045,0.4188648014773776,4.0001898430286245,6.36179,0.4444655381142916,3.5403525641025646,10.510599999999998,126.2349567523415,53.177262,1.846445,0,chrono_body_contact,0,,,,,,,,0
mpc_tire_model_sweep,pacejka_rigfit,standard,pacejka-rigfit,tire_force_static,clay,sinusoidal,9.0,4,100,/home/ksha/Documents/sbel/offroad-control/benchmarking/results/mpc_tire_model_sweep_calibrated_20260828_002629/raw/0440_pacejka_rigfit_clay_sinusoidal_v9_b4_s100,ok,0,19.339797735214233,15.0,0.99,/home/ksha/Documents/sbel/offroad-control/benchmarking/results/mpc_tire_model_sweep_calibrated_20260828_002629/raw/0440_pacejka_rigfit_clay_sinusoidal_v9_b4_s100/20260828_024828_676086_clay_sinusoidal_acados_pacejka-rigfit/diag_clay_sinusoidal_acados_pacejka-rigfit.csv,,,1247,0.95907754385113,3.151752,0.5113567737765466,4.224416158818098,6.2671,0.4693795732020109,3.236214915797915,8.491199999999989,127.6056346040399,55.96483,0.89389,0,chrono_body_contact,0,,,,,,,,0
mpc_tire_model_sweep,pacejka_rigfit,standard,pacejka-rigfit,tire_force_static,clay,sinusoidal,9.0,4,101,/home/ksha/Documents/sbel/offroad-control/benchmarking/results/mpc_tire_model_sweep_calibrated_20260828_002629/raw/0441_pacejka_rigfit_clay_sinusoidal_v9_b4_s101,ok,0,19.388001680374146,15.0,0.99,/home/ksha/Documents/sbel/offroad-control/benchmarking/results/mpc_tire_model_sweep_calibrated_20260828_002629/raw/0441_pacejka_rigfit_clay_sinusoidal_v9_b4_s101/20260828_024848_046717_clay_sinusoidal_acados_pacejka-rigfit/diag_clay_sinusoidal_acados_pacejka-rigfit.csv,,,1248,0.8784321514321078,3.202281,0.4755277820867959,4.130285595567867,6.33295,0.458920621729763,3.5099839743589745,10.371799999999999,123.20333239811075,55.02922,1.38536,0,chrono_body_contact,0,,,,,,,,0
mpc_tire_model_sweep,pacejka_rigfit,standard,pacejka-rigfit,tire_force_static,clay,sinusoidal,9.0,4,102,/home/ksha/Documents/sbel/offroad-control/benchmarking/results/mpc_tire_model_sweep_calibrated_20260828_002629/raw/0442_pacejka_rigfit_clay_sinusoidal_v9_b4_s102,ok,0,19.338268041610718,15.0,0.99,/home/ksha/Documents/sbel/offroad-control/benchmarking/results/mpc_tire_model_sweep_calibrated_20260828_002629/raw/0442_pacejka_rigfit_clay_sinusoidal_v9_b4_s102/20260828_024907_441219_clay_sinusoidal_acados_pacejka-rigfit/diag_clay_sinusoidal_acados_pacejka-rigfit.csv,,,1247,0.9939265376100728,3.400697,0.5205175752539243,4.21071108033241,6.34277,0.4678567867036011,3.1396391339214116,8.298599999999997,128.73107331404378,55.883128,1.301482,0,chrono_body_contact,0,,,,,,,,0
mpc_tire_model_sweep,pacejka_rigfit,standard,pacejka-rigfit,tire_force_static,clay,sinusoidal,9.0,4,103,/home/ksha/Documents/sbel/offroad-control/benchmarking/results/mpc_tire_model_sweep_calibrated_20260828_002629/raw/0443_pacejka_rigfit_clay_sinusoidal_v9_b4_s103,ok,0,19.335083723068237,15.0,0.99,/home/ksha/Documents/sbel/offroad-control/benchmarking/results/mpc_tire_model_sweep_calibrated_20260828_002629/raw/0443_pacejka_rigfit_clay_sinusoidal_v9_b4_s103/20260828_024926_801822_clay_sinusoidal_acados_pacejka-rigfit/diag_clay_sinusoidal_acados_pacejka-rigfit.csv,,,1248,1.0019056590438027,3.275792,0.5405429621421977,4.270347460757156,6.3736500000000005,0.4744830511952396,3.1855288461538462,8.604999999999986,127.07800641508992,56.678752,0.914741,0,chrono_body_contact,0,,,,,,,,0
mpc_tire_model_sweep,pacejka_rigfit,standard,pacejka-rigfit,tire_force_static,clay,sinusoidal,9.0,4,104,/home/ksha/Documents/sbel/offroad-control/benchmarking/results/mpc_tire_model_sweep_calibrated_20260828_002629/raw/0444_pacejka_rigfit_clay_sinusoidal_v9_b4_s104,ok,0,19.390486001968384,15.0,0.99,/home/ksha/Documents/sbel/offroad-control/benchmarking/results/mpc_tire_model_sweep_calibrated_20260828_002629/raw/0444_pacejka_rigfit_clay_sinusoidal_v9_b4_s104/20260828_024946_159813_clay_sinusoidal_acados_pacejka-rigfit/diag_clay_sinusoidal_acados_pacejka-rigfit.csv,,,1248,0.9449684167391408,3.183567,0.49025267220683283,4.21555891043398,6.27817,0.46839543449266446,3.1902884615384615,9.087699999999998,127.15339234645765,55.983984,0.943641,0,chrono_body_contact,0,,,,,,,,0
mpc_tire_model_sweep,pacejka_rigfit,standard,pacejka-rigfit,tire_force_static,clay,sinusoidal,9.0,8,100,/home/ksha/Documents/sbel/offroad-control/benchmarking/results/mpc_tire_model_sweep_calibrated_20260828_002629/raw/0445_pacejka_rigfit_clay_sinusoidal_v9_b8_s100,ok,0,19.48836660385132,15.0,0.99,/home/ksha/Documents/sbel/offroad-control/benchmarking/results/mpc_tire_model_sweep_calibrated_20260828_002629/raw/0445_pacejka_rigfit_clay_sinusoidal_v9_b8_s100/20260828_025005_572661_clay_sinusoidal_acados_pacejka-rigfit/diag_clay_sinusoidal_acados_pacejka-rigfit.csv,,,1248,0.655603127183125,2.728924,0.37059527885503235,3.912081809787627,6.16793,0.4346757566430697,3.1984054487179483,7.568899999999969,126.03810558206392,51.770572,1.974889,0,chrono_body_contact,0,,,,,,,,0
mpc_tire_model_sweep,pacejka_rigfit,standard,pacejka-rigfit,tire_force_static,clay,sinusoidal,9.0,8,101,/home/ksha/Documents/sbel/offroad-control/benchmarking/results/mpc_tire_model_sweep_calibrated_20260828_002629/raw/0446_pacejka_rigfit_clay_sinusoidal_v9_b8_s101,ok,0,19.485750913619995,15.0,0.99,/home/ksha/Documents/sbel/offroad-control/benchmarking/results/mpc_tire_model_sweep_calibrated_20260828_002629/raw/0446_pacejka_rigfit_clay_sinusoidal_v9_b8_s101/20260828_025025_076927_clay_sinusoidal_acados_pacejka-rigfit/diag_clay_sinusoidal_acados_pacejka-rigfit.csv,,,1248,0.6669143312130315,2.838967,0.37701380886426594,3.9131679593721147,6.15386,0.434796439930235,3.071298076923077,6.18,121.73440803508973,51.993001,2.025467,0,chrono_body_contact,0,,,,,,,,0
mpc_tire_model_sweep,pacejka_rigfit,standard,pacejka-rigfit,tire_force_static,clay,sinusoidal,9.0,8,102,/home/ksha/Documents/sbel/offroad-control/benchmarking/results/mpc_tire_model_sweep_calibrated_20260828_002629/raw/0447_pacejka_rigfit_clay_sinusoidal_v9_b8_s102,ok,0,19.434991598129272,15.0,0.99,/home/ksha/Documents/sbel/offroad-control/benchmarking/results/mpc_tire_model_sweep_calibrated_20260828_002629/raw/0447_pacejka_rigfit_clay_sinusoidal_v9_b8_s102/20260828_025044_583932_clay_sinusoidal_acados_pacejka-rigfit/diag_clay_sinusoidal_acados_pacejka-rigfit.csv,,,1247,0.7357403083445319,3.080227,0.41122955678670364,3.9366896583564177,6.120489999999999,0.437409962039602,3.0549238171611868,4.757799999999997,127.11052276691119,52.113021,2.23685,0,chrono_body_contact,0,,,,,,,,0
mpc_tire_model_sweep,pacejka_rigfit,standard,pacejka-rigfit,tire_force_static,clay,sinusoidal,9.0,8,103,/home/ksha/Documents/sbel/offroad-control/benchmarking/results/mpc_tire_model_sweep_calibrated_20260828_002629/raw/0448_pacejka_rigfit_clay_sinusoidal_v9_b8_s103,ok,0,19.486119985580444,15.0,0.99,/home/ksha/Documents/sbel/offroad-control/benchmarking/results/mpc_tire_model_sweep_calibrated_20260828_002629/raw/0448_pacejka_rigfit_clay_sinusoidal_v9_b8_s103/20260828_025104_042244_clay_sinusoidal_acados_pacejka-rigfit/diag_clay_sinusoidal_acados_pacejka-rigfit.csv,,,1248,0.7267377921205058,2.965725,0.41143365373961227,3.956440443213296,6.1352,0.43960449369036625,3.1277964743589743,6.599399999999946,125.54801699176397,52.44841,1.965725,0,chrono_body_contact,0,,,,,,,,0
mpc_tire_model_sweep,pacejka_rigfit,standard,pacejka-rigfit,tire_force_static,clay,sinusoidal,9.0,8,104,/home/ksha/Documents/sbel/offroad-control/benchmarking/results/mpc_tire_model_sweep_calibrated_20260828_002629/raw/0449_pacejka_rigfit_clay_sinusoidal_v9_b8_s104,ok,0,19.4324312210083,15.0,0.99,/home/ksha/Documents/sbel/offroad-control/benchmarking/results/mpc_tire_model_sweep_calibrated_20260828_002629/raw/0449_pacejka_rigfit_clay_sinusoidal_v9_b8_s104/20260828_025123_549149_clay_sinusoidal_acados_pacejka-rigfit/diag_clay_sinusoidal_acados_pacejka-rigfit.csv,,,1248,0.7940746943079725,3.287329,0.4353033434903047,3.9865872576177286,6.24388,0.4429541397353032,3.107139423076923,9.071799999999998,125.97157986935403,52.891528,2.111729,0,chrono_body_contact,0,,,,,,,,0
mpc_tire_model_sweep,pacejka_rigfit,standard,pacejka-rigfit,tire_force_static,clay,lane_change,5.0,0,100,/home/ksha/Documents/sbel/offroad-control/benchmarking/results/mpc_tire_model_sweep_calibrated_20260828_002629/raw/0450_pacejka_rigfit_clay_lane_change_v5_b0_s100,ok,0,19.135578393936157,15.0,0.99,/home/ksha/Documents/sbel/offroad-control/benchmarking/results/mpc_tire_model_sweep_calibrated_20260828_002629/raw/0450_pacejka_rigfit_clay_lane_change_v5_b0_s100/20260828_025143_007671_clay_lane_change_acados_pacejka-rigfit/diag_clay_lane_change_acados_pacejka-rigfit.csv,,,1248,0.08492768635678223,0.285293,0.06556085041551248,4.663943213296399,5.12657,0.9327886426592797,1.7649358974358977,2.86,128.30670320839988,64.084002,2.97456,0,chrono_body_contact,0,,,,,,,,0
mpc_tire_model_sweep,pacejka_rigfit,standard,pacejka-rigfit,tire_force_static,clay,lane_change,5.0,0,101,/home/ksha/Documents/sbel/offroad-control/benchmarking/results/mpc_tire_model_sweep_calibrated_20260828_002629/raw/0451_pacejka_rigfit_clay_lane_change_v5_b0_s101,ok,0,19.140601634979248,15.0,0.99,/home/ksha/Documents/sbel/offroad-control/benchmarking/results/mpc_tire_model_sweep_calibrated_20260828_002629/raw/0451_pacejka_rigfit_clay_lane_change_v5_b0_s101/20260828_025202_151811_clay_lane_change_acados_pacejka-rigfit/diag_clay_lane_change_acados_pacejka-rigfit.csv,,,1248,0.09229253387252048,0.331377,0.07008045521698984,4.600485964912282,5.0471,0.9200971929824563,1.8045993589743592,3.0052999999999996,123.74272585920687,63.447801,3.043765,0,chrono_body_contact,0,,,,,,,,0
mpc_tire_model_sweep,pacejka_rigfit,standard,pacejka-rigfit,tire_force_static,clay,lane_change,5.0,0,102,/home/ksha/Documents/sbel/offroad-control/benchmarking/results/mpc_tire_model_sweep_calibrated_20260828_002629/raw/0452_pacejka_rigfit_clay_lane_change_v5_b0_s102,ok,0,19.132576942443848,15.0,0.99,/home/ksha/Documents/sbel/offroad-control/benchmarking/results/mpc_tire_model_sweep_calibrated_20260828_002629/raw/0452_pacejka_rigfit_clay_lane_change_v5_b0_s102/20260828_025221_323687_clay_lane_change_acados_pacejka-rigfit/diag_clay_lane_change_acados_pacejka-rigfit.csv,,,1248,0.09033977002947685,0.312584,0.06792947553093259,4.6320522622345335,5.11409,0.9264104524469067,2.24386217948718,3.640599999999999,128.98704047440265,63.731849,3.068241,0,chrono_body_contact,0,,,,,,,,0
mpc_tire_model_sweep,pacejka_rigfit,standard,pacejka-rigfit,tire_force_static,clay,lane_change,5.0,0,103,/home/ksha/Documents/sbel/offroad-control/benchmarking/results/mpc_tire_model_sweep_calibrated_20260828_002629/raw/0453_pacejka_rigfit_clay_lane_change_v5_b0_s103,ok,0,19.13444948196411,15.0,0.99,/home/ksha/Documents/sbel/offroad-control/benchmarking/results/mpc_tire_model_sweep_calibrated_20260828_002629/raw/0453_pacejka_rigfit_clay_lane_change_v5_b0_s103/20260828_025240_488101_clay_lane_change_acados_pacejka-rigfit/diag_clay_lane_change_acados_pacejka-rigfit.csv,,,1248,0.09397991560341264,0.326404,0.07014237211449677,4.645913019390582,5.0508299999999995,0.9291826038781164,1.8129246794871796,2.9758999999999993,127.44357281751968,63.948,3.049137,0,chrono_body_contact,0,,,,,,,,0
mpc_tire_model_sweep,pacejka_rigfit,standard,pacejka-rigfit,tire_force_static,clay,lane_change,5.0,0,104,/home/ksha/Documents/sbel/offroad-control/benchmarking/results/mpc_tire_model_sweep_calibrated_20260828_002629/raw/0454_pacejka_rigfit_clay_lane_change_v5_b0_s104,ok,0,19.132497787475586,15.0,0.99,/home/ksha/Documents/sbel/offroad-control/benchmarking/results/mpc_tire_model_sweep_calibrated_20260828_002629/raw/0454_pacejka_rigfit_clay_lane_change_v5_b0_s104/20260828_025259_642561_clay_lane_change_acados_pacejka-rigfit/diag_clay_lane_change_acados_pacejka-rigfit.csv,,,1248,0.08619224131327975,0.32719,0.0650947488457987,4.636656971375808,5.11219,0.9273313942751615,1.7573798076923077,2.8952999999999998,127.84216025338743,63.86281,2.990134,0,chrono_body_contact,0,,,,,,,,0
mpc_tire_model_sweep,pacejka_rigfit,standard,pacejka-rigfit,tire_force_static,clay,lane_change,5.0,4,100,/home/ksha/Documents/sbel/offroad-control/benchmarking/results/mpc_tire_model_sweep_calibrated_20260828_002629/raw/0455_pacejka_rigfit_clay_lane_change_v5_b4_s100,ok,0,19.37948727607727,15.0,0.99,/home/ksha/Documents/sbel/offroad-control/benchmarking/results/mpc_tire_model_sweep_calibrated_20260828_002629/raw/0455_pacejka_rigfit_clay_lane_change_v5_b4_s100/20260828_025318_782412_clay_lane_change_acados_pacejka-rigfit/diag_clay_lane_change_acados_pacejka-rigfit.csv,,,1248,0.10408582327592349,0.39624,0.07536903416435826,4.611576731301939,5.100179999999999,0.9223153462603879,1.8168108974358976,3.0152999999999994,127.94559872744503,63.454732,2.972409,0,chrono_body_contact,0,,,,,,,,0
mpc_tire_model_sweep,pacejka_rigfit,standard,pacejka-rigfit,tire_force_static,clay,lane_change,5.0,4,101,/home/ksha/Documents/sbel/offroad-control/benchmarking/results/mpc_tire_model_sweep_calibrated_20260828_002629/raw/0456_pacejka_rigfit_clay_lane_change_v5_b4_s101,ok,0,19.381643533706665,15.0,0.99,/home/ksha/Documents/sbel/offroad-control/benchmarking/results/mpc_tire_model_sweep_calibrated_20260828_002629/raw/0456_pacejka_rigfit_clay_lane_change_v5_b4_s101/20260828_025338_175936_clay_lane_change_acados_pacejka-rigfit/diag_clay_lane_change_acados_pacejka-rigfit.csv,,,1247,0.10825454181457626,0.406982,0.0784554542936288,4.549718467220684,4.95097,0.9099436934441367,1.906487570168404,3.75,123.32927644108658,62.840127,3.044205,0,chrono_body_contact,0,,,,,,,,0
mpc_tire_model_sweep,pacejka_rigfit,standard,pacejka-rigfit,tire_force_static,clay,lane_change,5.0,4,102,/home/ksha/Documents/sbel/offroad-control/benchmarking/results/mpc_tire_model_sweep_calibrated_20260828_002629/raw/0457_pacejka_rigfit_clay_lane_change_v5_b4_s102,ok,0,19.389406442642212,15.0,0.99,/home/ksha/Documents/sbel/offroad-control/benchmarking/results/mpc_tire_model_sweep_calibrated_20260828_002629/raw/0457_pacejka_rigfit_clay_lane_change_v5_b4_s102/20260828_025357_597662_clay_lane_change_acados_pacejka-rigfit/diag_clay_lane_change_acados_pacejka-rigfit.csv,,,1248,0.10711114342574903,0.392981,0.07653882271468145,4.603912373037858,5.10513,0.9207824746075716,1.8296794871794873,3.1476999999999977,128.81515847248068,63.39783,3.066745,0,chrono_body_contact,0,,,,,,,,0
mpc_tire_model_sweep,pacejka_rigfit,standard,pacejka-rigfit,tire_force_static,clay,lane_change,5.0,4,103,/home/ksha/Documents/sbel/offroad-control/benchmarking/results/mpc_tire_model_sweep_calibrated_20260828_002629/raw/0458_pacejka_rigfit_clay_lane_change_v5_b4_s103,ok,0,19.335052490234375,15.0,0.99,/home/ksha/Documents/sbel/offroad-control/benchmarking/results/mpc_tire_model_sweep_calibrated_20260828_002629/raw/0458_pacejka_rigfit_clay_lane_change_v5_b4_s103/20260828_025416_989073_clay_lane_change_acados_pacejka-rigfit/diag_clay_lane_change_acados_pacejka-rigfit.csv,,,1248,0.10297357182106123,0.379517,0.07485478578024007,4.5927702677747,5.05548,0.91855405355494,1.8165785256410258,3.061199999999999,127.15154375404126,63.299566,3.048382,0,chrono_body_contact,0,,,,,,,,0
mpc_tire_model_sweep,pacejka_rigfit,standard,pacejka-rigfit,tire_force_static,clay,lane_change,5.0,4,104,/home/ksha/Documents/sbel/offroad-control/benchmarking/results/mpc_tire_model_sweep_calibrated_20260828_002629/raw/0459_pacejka_rigfit_clay_lane_change_v5_b4_s104,ok,0,19.33755111694336,15.0,0.99,/home/ksha/Documents/sbel/offroad-control/benchmarking/results/mpc_tire_model_sweep_calibrated_20260828_002629/raw/0459_pacejka_rigfit_clay_lane_change_v5_b4_s104/20260828_025436_340691_clay_lane_change_acados_pacejka-rigfit/diag_clay_lane_change_acados_pacejka-rigfit.csv,,,1247,0.10609129676215623,0.41801,0.07522789658356417,4.611576361957526,5.0723199999999995,0.9223152723915051,1.8530232558139537,3.2407999999999992,127.66789179595095,63.565904,2.992509,0,chrono_body_contact,0,,,,,,,,0
mpc_tire_model_sweep,pacejka_rigfit,standard,pacejka-rigfit,tire_force_static,clay,lane_change,5.0,8,100,/home/ksha/Documents/sbel/offroad-control/benchmarking/results/mpc_tire_model_sweep_calibrated_20260828_002629/raw/0460_pacejka_rigfit_clay_lane_change_v5_b8_s100,ok,0,19.44025683403015,15.0,0.99,/home/ksha/Documents/sbel/offroad-control/benchmarking/results/mpc_tire_model_sweep_calibrated_20260828_002629/raw/0460_pacejka_rigfit_clay_lane_change_v5_b8_s100/20260828_025455_689298_clay_lane_change_acados_pacejka-rigfit/diag_clay_lane_change_acados_pacejka-rigfit.csv,,,1248,0.08515771456462844,0.297827,0.06537746814404433,4.58266269621422,5.0935500000000005,0.916532539242844,1.7656891025641026,2.850599999999999,127.84478628891969,62.573693,2.992888,0,chrono_body_contact,0,,,,,,,,0
mpc_tire_model_sweep,pacejka_rigfit,standard,pacejka-rigfit,tire_force_static,clay,lane_change,5.0,8,101,/home/ksha/Documents/sbel/offroad-control/benchmarking/results/mpc_tire_model_sweep_calibrated_20260828_002629/raw/0461_pacejka_rigfit_clay_lane_change_v5_b8_s101,ok,0,19.469767808914185,15.0,0.99,/home/ksha/Documents/sbel/offroad-control/benchmarking/results/mpc_tire_model_sweep_calibrated_20260828_002629/raw/0461_pacejka_rigfit_clay_lane_change_v5_b8_s101/20260828_025515_153258_clay_lane_change_acados_pacejka-rigfit/diag_clay_lane_change_acados_pacejka-rigfit.csv,,,1247,0.0894791127409914,0.308892,0.06832162234533702,4.611253185595568,5.13612,0.9222506371191136,1.8508099438652768,3.68,123.63406703262413,63.151605,3.060932,0,chrono_body_contact,0,,,,,,,,0
mpc_tire_model_sweep,pacejka_rigfit,standard,pacejka-rigfit,tire_force_static,clay,lane_change,5.0,8,102,/home/ksha/Documents/sbel/offroad-control/benchmarking/results/mpc_tire_model_sweep_calibrated_20260828_002629/raw/0462_pacejka_rigfit_clay_lane_change_v5_b8_s102,ok,0,19.469640731811523,15.0,0.99,/home/ksha/Documents/sbel/offroad-control/benchmarking/results/mpc_tire_model_sweep_calibrated_20260828_002629/raw/0462_pacejka_rigfit_clay_lane_change_v5_b8_s102/20260828_025534_645939_clay_lane_change_acados_pacejka-rigfit/diag_clay_lane_change_acados_pacejka-rigfit.csv,,,1247,0.0870487806691415,0.288379,0.06719575346260387,4.62357783933518,5.16165,0.924715567867036,1.8318203688853245,3.3261999999999987,128.94229724478134,63.160315,3.079429,0,chrono_body_contact,0,,,,,,,,0
mpc_tire_model_sweep,pacejka_rigfit,standard,pacejka-rigfit,tire_force_static,clay,lane_change,5.0,8,103,/home/ksha/Documents/sbel/offroad-control/benchmarking/results/mpc_tire_model_sweep_calibrated_20260828_002629/raw/0463_pacejka_rigfit_clay_lane_change_v5_b8_s103,ok,0,19.45709466934204,15.0,0.99,/home/ksha/Documents/sbel/offroad-control/benchmarking/results/mpc_tire_model_sweep_calibrated_20260828_002629/raw/0463_pacejka_rigfit_clay_lane_change_v5_b8_s103/20260828_025554_137077_clay_lane_change_acados_pacejka-rigfit/diag_clay_lane_change_acados_pacejka-rigfit.csv,,,1248,0.08695962975277444,0.316104,0.06670383471837489,4.564721329639888,5.05238,0.9129442659279776,2.0003445512820512,2.9005999999999994,126.98637160297817,62.42322,3.078824,0,chrono_body_contact,0,,,,,,,,0
mpc_tire_model_sweep,pacejka_rigfit,standard,pacejka-rigfit,tire_force_static,clay,lane_change,5.0,8,104,/home/ksha/Documents/sbel/offroad-control/benchmarking/results/mpc_tire_model_sweep_calibrated_20260828_002629/raw/0464_pacejka_rigfit_clay_lane_change_v5_b8_s104,ok,0,19.476017236709595,15.0,0.99,/home/ksha/Documents/sbel/offroad-control/benchmarking/results/mpc_tire_model_sweep_calibrated_20260828_002629/raw/0464_pacejka_rigfit_clay_lane_change_v5_b8_s104/20260828_025613_608980_clay_lane_change_acados_pacejka-rigfit/diag_clay_lane_change_acados_pacejka-rigfit.csv,,,1248,0.08477657899973572,0.358055,0.06555728624192059,4.583101385041552,5.15038,0.9166202770083103,1.7957612179487177,2.9,127.63639375462895,62.709752,3.011012,0,chrono_body_contact,0,,,,,,,,0
mpc_tire_model_sweep,pacejka_rigfit,standard,pacejka-rigfit,tire_force_static,clay,lane_change,7.0,0,100,/home/ksha/Documents/sbel/offroad-control/benchmarking/results/mpc_tire_model_sweep_calibrated_20260828_002629/raw/0465_pacejka_rigfit_clay_lane_change_v7_b0_s100,ok,0,19.173442602157593,15.0,0.99,/home/ksha/Documents/sbel/offroad-control/benchmarking/results/mpc_tire_model_sweep_calibrated_20260828_002629/raw/0465_pacejka_rigfit_clay_lane_change_v7_b0_s100/20260828_025633_103881_clay_lane_change_acados_pacejka-rigfit/diag_clay_lane_change_acados_pacejka-rigfit.csv,,,1248,0.12631570878038723,0.455926,0.0885180433979686,6.062407940904893,7.51767,0.8660582772721276,2.3484214743589744,3.74,137.75138940027003,82.316811,2.961877,0,chrono_body_contact,0,,,,,,,,0
mpc_tire_model_sweep,pacejka_rigfit,standard,pacejka-rigfit,tire_force_static,clay,lane_change,7.0,0,101,/home/ksha/Documents/sbel/offroad-control/benchmarking/results/mpc_tire_model_sweep_calibrated_20260828_002629/raw/0466_pacejka_rigfit_clay_lane_change_v7_b0_s101,ok,0,19.172840118408203,15.0,0.99,/home/ksha/Documents/sbel/offroad-control/benchmarking/results/mpc_tire_model_sweep_calibrated_20260828_002629/raw/0466_pacejka_rigfit_clay_lane_change_v7_b0_s101/20260828_025652_298773_clay_lane_change_acados_pacejka-rigfit/diag_clay_lane_change_acados_pacejka-rigfit.csv,,,1248,0.12487658750604584,0.451979,0.0893153730378578,6.031483010156971,7.51202,0.8616404300224244,2.86113782051282,4.765299999999999,133.61605051977273,82.100943,3.0305,0,chrono_body_contact,0,,,,,,,,0
mpc_tire_model_sweep,pacejka_rigfit,standard,pacejka-rigfit,tire_force_static,clay,lane_change,7.0,0,102,/home/ksha/Documents/sbel/offroad-control/benchmarking/results/mpc_tire_model_sweep_calibrated_20260828_002629/raw/0467_pacejka_rigfit_clay_lane_change_v7_b0_s102,ok,0,19.178367614746094,15.0,0.99,/home/ksha/Documents/sbel/offroad-control/benchmarking/results/mpc_tire_model_sweep_calibrated_20260828_002629/raw/0467_pacejka_rigfit_clay_lane_change_v7_b0_s102/20260828_025711_494932_clay_lane_change_acados_pacejka-rigfit/diag_clay_lane_change_acados_pacejka-rigfit.csv,,,1247,0.12312372015593476,0.439389,0.08729301477377654,6.058933702677747,7.5028999999999995,0.8655619575253924,2.402846832397755,4.38,139.16132965173796,82.318703,3.052903,0,chrono_body_contact,0,,,,,,,,0
mpc_tire_model_sweep,pacejka_rigfit,standard,pacejka-rigfit,tire_force_static,clay,lane_change,7.0,0,103,/home/ksha/Documents/sbel/offroad-control/benchmarking/results/mpc_tire_model_sweep_calibrated_20260828_002629/raw/0468_pacejka_rigfit_clay_lane_change_v7_b0_s103,ok,0,19.176716089248657,15.0,0.99,/home/ksha/Documents/sbel/offroad-control/benchmarking/results/mpc_tire_model_sweep_calibrated_20260828_002629/raw/0468_pacejka_rigfit_clay_lane_change_v7_b0_s103/20260828_025730_684622_clay_lane_change_acados_pacejka-rigfit/diag_clay_lane_change_acados_pacejka-rigfit.csv,,,1247,0.12621848898862098,0.491987,0.08737540166204985,6.075880147737765,7.51533,0.8679828782482522,2.440224538893344,4.43,137.3111305932092,82.574033,3.043716,0,chrono_body_contact,0,,,,,,,,0
mpc_tire_model_sweep,pacejka_rigfit,standard,pacejka-rigfit,tire_force_static,clay,lane_change,7.0,0,104,/home/ksha/Documents/sbel/offroad-control/benchmarking/results/mpc_tire_model_sweep_calibrated_20260828_002629/raw/0469_pacejka_rigfit_clay_lane_change_v7_b0_s104,ok,0,19.18051505088806,15.0,0.99,/home/ksha/Documents/sbel/offroad-control/benchmarking/results/mpc_tire_model_sweep_calibrated_20260828_002629/raw/0469_pacejka_rigfit_clay_lane_change_v7_b0_s104/20260828_025749_878219_clay_lane_change_acados_pacejka-rigfit/diag_clay_lane_change_acados_pacejka-rigfit.csv,,,1247,0.11589844089332761,0.42829,0.0804793324099723,6.039214219759926,7.475249999999999,0.8627448885371323,2.408981555733761,4.360799999999999,137.4075121348862,82.151654,2.961941,0,chrono_body_contact,0,,,,,,,,0
mpc_tire_model_sweep,pacejka_rigfit,standard,pacejka-rigfit,tire_force_static,clay,lane_change,7.0,4,100,/home/ksha/Documents/sbel/offroad-control/benchmarking/results/mpc_tire_model_sweep_calibrated_20260828_002629/raw/0470_pacejka_rigfit_clay_lane_change_v7_b4_s100,ok,0,19.376415967941284,15.0,0.99,/home/ksha/Documents/sbel/offroad-control/benchmarking/results/mpc_tire_model_sweep_calibrated_20260828_002629/raw/0470_pacejka_rigfit_clay_lane_change_v7_b4_s100/20260828_025809_078623_clay_lane_change_acados_pacejka-rigfit/diag_clay_lane_change_acados_pacejka-rigfit.csv,,,1247,0.14348238380203762,0.4695,0.10019767036011082,6.077686888273315,7.414479999999999,0.868240984039045,2.4292301523656774,4.401599999999998,137.86970794193374,82.604597,2.985781,0,chrono_body_contact,0,,,,,,,,0
mpc_tire_model_sweep,pacejka_rigfit,standard,pacejka-rigfit,tire_force_static,clay,lane_change,7.0,4,101,/home/ksha/Documents/sbel/offroad-control/benchmarking/results/mpc_tire_model_sweep_calibrated_20260828_002629/raw/0471_pacejka_rigfit_clay_lane_change_v7_b4_s101,ok,0,19.38038468360901,15.0,0.99,/home/ksha/Documents/sbel/offroad-control/benchmarking/results/mpc_tire_model_sweep_calibrated_20260828_002629/raw/0471_pacejka_rigfit_clay_lane_change_v7_b4_s101/20260828_025828_469401_clay_lane_change_acados_pacejka-rigfit/diag_clay_lane_change_acados_pacejka-rigfit.csv,,,1248,0.1373454703576011,0.44823,0.09755420313942753,6.053049953831948,7.44779,0.8647214219759926,2.5591586538461537,4.592399999999998,133.77326559955583,82.460885,3.063061,0,chrono_body_contact,0,,,,,,,,0
mpc_tire_model_sweep,pacejka_rigfit,standard,pacejka-rigfit,tire_force_static,clay,lane_change,7.0,4,102,/home/ksha/Documents/sbel/offroad-control/benchmarking/results/mpc_tire_model_sweep_calibrated_20260828_002629/raw/0472_pacejka_rigfit_clay_lane_change_v7_b4_s102,ok,0,19.37997579574585,15.0,0.99,/home/ksha/Documents/sbel/offroad-control/benchmarking/results/mpc_tire_model_sweep_calibrated_20260828_002629/raw/0472_pacejka_rigfit_clay_lane_change_v7_b4_s102/20260828_025847_872404_clay_lane_change_acados_pacejka-rigfit/diag_clay_lane_change_acados_pacejka-rigfit.csv,,,1248,0.13095671460923172,0.414165,0.09279813204062788,6.072237765466298,7.529839999999999,0.8674625379237568,2.328926282051282,3.8052999999999995,139.2980117049353,82.593722,3.075288,0,chrono_body_contact,0,,,,,,,,0
mpc_tire_model_sweep,pacejka_rigfit,standard,pacejka-rigfit,tire_force_static,clay,lane_change,7.0,4,103,/home/ksha/Documents/sbel/offroad-control/benchmarking/results/mpc_tire_model_sweep_calibrated_20260828_002629/raw/0473_pacejka_rigfit_clay_lane_change_v7_b4_s103,ok,0,19.377821683883667,15.0,0.99,/home/ksha/Documents/sbel/offroad-control/benchmarking/results/mpc_tire_model_sweep_calibrated_20260828_002629/raw/0473_pacejka_rigfit_clay_lane_change_v7_b4_s103/20260828_025907_269316_clay_lane_change_acados_pacejka-rigfit/diag_clay_lane_change_acados_pacejka-rigfit.csv,,,1248,0.14179695524273064,0.483491,0.10027539981532778,6.090453093259465,7.51791,0.8700647276084951,2.8630448717948718,5.03,137.58161469358336,82.871237,3.069056,0,chrono_body_contact,0,,,,,,,,0
mpc_tire_model_sweep,pacejka_rigfit,standard,pacejka-rigfit,tire_force_static,clay,lane_change,7.0,4,104,/home/ksha/Documents/sbel/offroad-control/benchmarking/results/mpc_tire_model_sweep_calibrated_20260828_002629/raw/0474_pacejka_rigfit_clay_lane_change_v7_b4_s104,ok,0,19.387490034103394,15.0,0.99,/home/ksha/Documents/sbel/offroad-control/benchmarking/results/mpc_tire_model_sweep_calibrated_20260828_002629/raw/0474_pacejka_rigfit_clay_lane_change_v7_b4_s104/20260828_025926_671738_clay_lane_change_acados_pacejka-rigfit/diag_clay_lane_change_acados_pacejka-rigfit.csv,,,1248,0.13115259507616453,0.420523,0.09049634441366575,6.035039796860573,7.46693,0.8621485424086534,2.799423076923077,4.62,137.4171698881632,82.192996,2.989726,0,chrono_body_contact,0,,,,,,,,0
mpc_tire_model_sweep,pacejka_rigfit,standard,pacejka-rigfit,tire_force_static,clay,lane_change,7.0,8,100,/home/ksha/Documents/sbel/offroad-control/benchmarking/results/mpc_tire_model_sweep_calibrated_20260828_002629/raw/0475_pacejka_rigfit_clay_lane_change_v7_b8_s100,ok,0,19.438313245773315,15.0,0.99,/home/ksha/Documents/sbel/offroad-control/benchmarking/results/mpc_tire_model_sweep_calibrated_20260828_002629/raw/0475_pacejka_rigfit_clay_lane_change_v7_b8_s100/20260828_025946_083734_clay_lane_change_acados_pacejka-rigfit/diag_clay_lane_change_acados_pacejka-rigfit.csv,,,1247,0.14952316860439593,0.570807,0.09939959095106186,5.910954478301016,7.40635,0.8444220683287166,2.7888372093023253,4.816999999999998,136.81537944299313,79.883102,2.979044,0,chrono_body_contact,0,,,,,,,,0
mpc_tire_model_sweep,pacejka_rigfit,standard,pacejka-rigfit,tire_force_static,clay,lane_change,7.0,8,101,/home/ksha/Documents/sbel/offroad-control/benchmarking/results/mpc_tire_model_sweep_calibrated_20260828_002629/raw/0476_pacejka_rigfit_clay_lane_change_v7_b8_s101,ok,0,19.436607360839844,15.0,0.99,/home/ksha/Documents/sbel/offroad-control/benchmarking/results/mpc_tire_model_sweep_calibrated_20260828_002629/raw/0476_pacejka_rigfit_clay_lane_change_v7_b8_s101/20260828_030005_533052_clay_lane_change_acados_pacejka-rigfit/diag_clay_lane_change_acados_pacejka-rigfit.csv,,,1248,0.14410717435675657,0.526091,0.09809372576177285,5.9108068328716525,7.355389999999999,0.8444009761245218,2.446682692307692,3.95,132.85307859232586,80.105381,3.044806,0,chrono_body_contact,0,,,,,,,,0
mpc_tire_model_sweep,pacejka_rigfit,standard,pacejka-rigfit,tire_force_static,clay,lane_change,7.0,8,102,/home/ksha/Documents/sbel/offroad-control/benchmarking/results/mpc_tire_model_sweep_calibrated_20260828_002629/raw/0477_pacejka_rigfit_clay_lane_change_v7_b8_s102,ok,0,19.434766054153442,15.0,0.99,/home/ksha/Documents/sbel/offroad-control/benchmarking/results/mpc_tire_model_sweep_calibrated_20260828_002629/raw/0477_pacejka_rigfit_clay_lane_change_v7_b8_s102/20260828_030024_992879_clay_lane_change_acados_pacejka-rigfit/diag_clay_lane_change_acados_pacejka-rigfit.csv,,,1248,0.15559837171679175,0.591977,0.10161670637119113,5.955974515235457,7.3988,0.8508535021764939,2.442283653846154,3.6,138.49990245095,80.512393,3.049049,0,chrono_body_contact,0,,,,,,,,0
mpc_tire_model_sweep,pacejka_rigfit,standard,pacejka-rigfit,tire_force_static,clay,lane_change,7.0,8,103,/home/ksha/Documents/sbel/offroad-control/benchmarking/results/mpc_tire_model_sweep_calibrated_20260828_002629/raw/0478_pacejka_rigfit_clay_lane_change_v7_b8_s103,ok,0,19.437358856201172,15.0,0.99,/home/ksha/Documents/sbel/offroad-control/benchmarking/results/mpc_tire_model_sweep_calibrated_20260828_002629/raw/0478_pacejka_rigfit_clay_lane_change_v7_b8_s103/20260828_030044_449862_clay_lane_change_acados_pacejka-rigfit/diag_clay_lane_change_acados_pacejka-rigfit.csv,,,1248,0.14068583947176214,0.521052,0.09416230655586334,5.919596029547553,7.390249999999999,0.8456565756496505,2.44724358974359,3.9753,136.44410945335713,80.106218,3.051296,0,chrono_body_contact,0,,,,,,,,0
mpc_tire_model_sweep,pacejka_rigfit,standard,pacejka-rigfit,tire_force_static,clay,lane_change,7.0,8,104,/home/ksha/Documents/sbel/offroad-control/benchmarking/results/mpc_tire_model_sweep_calibrated_20260828_002629/raw/0479_pacejka_rigfit_clay_lane_change_v7_b8_s104,ok,0,19.486611366271973,15.0,0.99,/home/ksha/Documents/sbel/offroad-control/benchmarking/results/mpc_tire_model_sweep_calibrated_20260828_002629/raw/0479_pacejka_rigfit_clay_lane_change_v7_b8_s104/20260828_030103_915010_clay_lane_change_acados_pacejka-rigfit/diag_clay_lane_change_acados_pacejka-rigfit.csv,,,1247,0.14029671850334238,0.525985,0.09294816158818098,5.917653647276085,7.386559999999999,0.8453790924680121,2.514226142742582,4.401599999999998,136.78054981367399,80.115055,2.997048,0,chrono_body_contact,0,,,,,,,,0
mpc_tire_model_sweep,pacejka_rigfit,standard,pacejka-rigfit,tire_force_static,clay,lane_change,9.0,0,100,/home/ksha/Documents/sbel/offroad-control/benchmarking/results/mpc_tire_model_sweep_calibrated_20260828_002629/raw/0480_pacejka_rigfit_clay_lane_change_v9_b0_s100,ok,0,19.13458275794983,15.0,0.99,/home/ksha/Documents/sbel/offroad-control/benchmarking/results/mpc_tire_model_sweep_calibrated_20260828_002629/raw/0480_pacejka_rigfit_clay_lane_change_v9_b0_s100/20260828_030123_408390_clay_lane_change_acados_pacejka-rigfit/diag_clay_lane_change_acados_pacejka-rigfit.csv,,,1248,0.14099020657940017,0.521425,0.09603130747922438,6.53553674976916,8.717319999999999,0.7261707499743512,2.556025641025641,3.7605999999999993,141.63521986499165,88.4612,2.967061,0,chrono_body_contact,0,,,,,,,,0
mpc_tire_model_sweep,pacejka_rigfit,standard,pacejka-rigfit,tire_force_static,clay,lane_change,9.0,0,101,/home/ksha/Documents/sbel/offroad-control/benchmarking/results/mpc_tire_model_sweep_calibrated_20260828_002629/raw/0481_pacejka_rigfit_clay_lane_change_v9_b0_s101,ok,0,19.140997171401978,15.0,0.99,/home/ksha/Documents/sbel/offroad-control/benchmarking/results/mpc_tire_model_sweep_calibrated_20260828_002629/raw/0481_pacejka_rigfit_clay_lane_change_v9_b0_s101/20260828_030142_564168_clay_lane_change_acados_pacejka-rigfit/diag_clay_lane_change_acados_pacejka-rigfit.csv,,,1247,0.13029601273767044,0.496181,0.09154987811634349,6.508926131117266,8.732000000000001,0.7232140145685851,2.6623576583801123,4.223199999999997,137.5352792544008,88.345687,3.070012,0,chrono_body_contact,0,,,,,,,,0
mpc_tire_model_sweep,pacejka_rigfit,standard,pacejka-rigfit,tire_force_static,clay,lane_change,9.0,0,102,/home/ksha/Documents/sbel/offroad-control/benchmarking/results/mpc_tire_model_sweep_calibrated_20260828_002629/raw/0482_pacejka_rigfit_clay_lane_change_v9_b0_s102,ok,0,19.140987873077393,15.0,0.99,/home/ksha/Documents/sbel/offroad-control/benchmarking/results/mpc_tire_model_sweep_calibrated_20260828_002629/raw/0482_pacejka_rigfit_clay_lane_change_v9_b0_s102/20260828_030201_734003_clay_lane_change_acados_pacejka-rigfit/diag_clay_lane_change_acados_pacejka-rigfit.csv,,,1248,0.12811949804103295,0.437726,0.09061074792243767,6.529348291782087,8.75807,0.725483143531343,2.595304487179487,3.8952999999999998,143.2775310693137,88.446164,3.075349,0,chrono_body_contact,0,,,,,,,,0
mpc_tire_model_sweep,pacejka_rigfit,standard,pacejka-rigfit,tire_force_static,clay,lane_change,9.0,0,103,/home/ksha/Documents/sbel/offroad-control/benchmarking/results/mpc_tire_model_sweep_calibrated_20260828_002629/raw/0483_pacejka_rigfit_clay_lane_change_v9_b0_s103,ok,0,19.1323025226593,15.0,0.99,/home/ksha/Documents/sbel/offroad-control/benchmarking/results/mpc_tire_model_sweep_calibrated_20260828_002629/raw/0483_pacejka_rigfit_clay_lane_change_v9_b0_s103/20260828_030220_895305_clay_lane_change_acados_pacejka-rigfit/diag_clay_lane_change_acados_pacejka-rigfit.csv,,,1248,0.14350087443414988,0.552803,0.09753590304709141,6.534689012003693,8.765979999999999,0.7260765568892993,2.614471153846154,3.890599999999999,141.42804978187144,88.560969,3.043888,0,chrono_body_contact,0,,,,,,,,0
mpc_tire_model_sweep,pacejka_rigfit,standard,pacejka-rigfit,tire_force_static,clay,lane_change,9.0,0,104,/home/ksha/Documents/sbel/offroad-control/benchmarking/results/mpc_tire_model_sweep_calibrated_20260828_002629/raw/0484_pacejka_rigfit_clay_lane_change_v9_b0_s104,ok,0,19.13544511795044,15.0,0.99,/home/ksha/Documents/sbel/offroad-control/benchmarking/results/mpc_tire_model_sweep_calibrated_20260828_002629/raw/0484_pacejka_rigfit_clay_lane_change_v9_b0_s104/20260828_030240_043030_clay_lane_change_acados_pacejka-rigfit/diag_clay_lane_change_acados_pacejka-rigfit.csv,,,1248,0.14696252999895712,0.559024,0.09735339889196676,6.544945983379502,8.74898,0.7272162203755002,3.2689743589743587,4.78,141.73191142700682,88.704822,3.005077,0,chrono_body_contact,0,,,,,,,,0
mpc_tire_model_sweep,pacejka_rigfit,standard,pacejka-rigfit,tire_force_static,clay,lane_change,9.0,4,100,/home/ksha/Documents/sbel/offroad-control/benchmarking/results/mpc_tire_model_sweep_calibrated_20260828_002629/raw/0485_pacejka_rigfit_clay_lane_change_v9_b4_s100,ok,0,19.384467840194702,15.0,0.99,/home/ksha/Documents/sbel/offroad-control/benchmarking/results/mpc_tire_model_sweep_calibrated_20260828_002629/raw/0485_pacejka_rigfit_clay_lane_change_v9_b4_s100/20260828_030259_211488_clay_lane_change_acados_pacejka-rigfit/diag_clay_lane_change_acados_pacejka-rigfit.csv,,,1248,0.15066798073589596,0.514167,0.10474369898430286,6.54115891043398,8.7077,0.7267954344926645,2.601834935897436,3.810599999999999,141.69723298708294,88.635999,2.999941,0,chrono_body_contact,0,,,,,,,,0
mpc_tire_model_sweep,pacejka_rigfit,standard,pacejka-rigfit,tire_force_static,clay,lane_change,9.0,4,101,/home/ksha/Documents/sbel/offroad-control/benchmarking/results/mpc_tire_model_sweep_calibrated_20260828_002629/raw/0486_pacejka_rigfit_clay_lane_change_v9_b4_s101,ok,0,19.335984706878662,15.0,0.99,/home/ksha/Documents/sbel/offroad-control/benchmarking/results/mpc_tire_model_sweep_calibrated_20260828_002629/raw/0486_pacejka_rigfit_clay_lane_change_v9_b4_s101/20260828_030318_603938_clay_lane_change_acados_pacejka-rigfit/diag_clay_lane_change_acados_pacejka-rigfit.csv,,,1248,0.14389087061338893,0.505097,0.10220202862419206,6.512584764542936,8.700489999999999,0.7236205293936595,3.1190464743589743,4.881199999999999,137.69019240932184,88.490761,3.085499,0,chrono_body_contact,0,,,,,,,,0
mpc_tire_model_sweep,pacejka_rigfit,standard,pacejka-rigfit,tire_force_static,clay,lane_change,9.0,4,102,/home/ksha/Documents/sbel/offroad-control/benchmarking/results/mpc_tire_model_sweep_calibrated_20260828_002629/raw/0487_pacejka_rigfit_clay_lane_change_v9_b4_s102,ok,0,19.337851762771606,15.0,0.99,/home/ksha/Documents/sbel/offroad-control/benchmarking/results/mpc_tire_model_sweep_calibrated_20260828_002629/raw/0487_pacejka_rigfit_clay_lane_change_v9_b4_s102/20260828_030337_956267_clay_lane_change_acados_pacejka-rigfit/diag_clay_lane_change_acados_pacejka-rigfit.csv,,,1247,0.147486158257633,0.441185,0.10447906740535551,6.537145429362882,8.723569999999999,0.7263494921514313,2.649414595028067,4.3,143.3267257799866,88.632839,3.096235,0,chrono_body_contact,0,,,,,,,,0
mpc_tire_model_sweep,pacejka_rigfit,standard,pacejka-rigfit,tire_force_static,clay,lane_change,9.0,4,103,/home/ksha/Documents/sbel/offroad-control/benchmarking/results/mpc_tire_model_sweep_calibrated_20260828_002629/raw/0488_pacejka_rigfit_clay_lane_change_v9_b4_s103,ok,0,19.336918592453003,15.0,0.99,/home/ksha/Documents/sbel/offroad-control/benchmarking/results/mpc_tire_model_sweep_calibrated_20260828_002629/raw/0488_pacejka_rigfit_clay_lane_change_v9_b4_s103/20260828_030357_316636_clay_lane_change_acados_pacejka-rigfit/diag_clay_lane_change_acados_pacejka-rigfit.csv,,,1248,0.14772786825295153,0.516026,0.1042544376731302,6.524442105263158,8.72978,0.7249380116959064,3.163525641025641,4.775899999999999,141.31910389582595,88.519894,3.072934,0,chrono_body_contact,0,,,,,,,,0
mpc_tire_model_sweep,pacejka_rigfit,standard,pacejka-rigfit,tire_force_static,clay,lane_change,9.0,4,104,/home/ksha/Documents/sbel/offroad-control/benchmarking/results/mpc_tire_model_sweep_calibrated_20260828_002629/raw/0489_pacejka_rigfit_clay_lane_change_v9_b4_s104,ok,0,19.331257581710815,15.0,0.99,/home/ksha/Documents/sbel/offroad-control/benchmarking/results/mpc_tire_model_sweep_calibrated_20260828_002629/raw/0489_pacejka_rigfit_clay_lane_change_v9_b4_s104/20260828_030416_684461_clay_lane_change_acados_pacejka-rigfit/diag_clay_lane_change_acados_pacejka-rigfit.csv,,,1248,0.1482542792309829,0.519738,0.10160027793167128,6.494467590027701,8.671,0.7216075100030779,2.613717948717949,3.845899999999999,141.30628914945933,88.169747,3.018148,0,chrono_body_contact,0,,,,,,,,0
mpc_tire_model_sweep,pacejka_rigfit,standard,pacejka-rigfit,tire_force_static,clay,lane_change,9.0,8,100,/home/ksha/Documents/sbel/offroad-control/benchmarking/results/mpc_tire_model_sweep_calibrated_20260828_002629/raw/0490_pacejka_rigfit_clay_lane_change_v9_b8_s100,ok,0,19.436922073364258,15.0,0.99,/home/ksha/Documents/sbel/offroad-control/benchmarking/results/mpc_tire_model_sweep_calibrated_20260828_002629/raw/0490_pacejka_rigfit_clay_lane_change_v9_b8_s100/20260828_030436_031281_clay_lane_change_acados_pacejka-rigfit/diag_clay_lane_change_acados_pacejka-rigfit.csv,,,1248,0.15143677722541551,0.570551,0.09981846445060019,6.219728254847646,8.12842,0.691080917205294,2.7102644230769233,4.63,139.30128188082304,83.919605,2.934542,0,chrono_body_contact,0,,,,,,,,0
mpc_tire_model_sweep,pacejka_rigfit,standard,pacejka-rigfit,tire_force_static,clay,lane_change,9.0,8,101,/home/ksha/Documents/sbel/offroad-control/benchmarking/results/mpc_tire_model_sweep_calibrated_20260828_002629/raw/0491_pacejka_rigfit_clay_lane_change_v9_b8_s101,ok,0,19.434746265411377,15.0,0.99,/home/ksha/Documents/sbel/offroad-control/benchmarking/results/mpc_tire_model_sweep_calibrated_20260828_002629/raw/0491_pacejka_rigfit_clay_lane_change_v9_b8_s101/20260828_030455_483759_clay_lane_change_acados_pacejka-rigfit/diag_clay_lane_change_acados_pacejka-rigfit.csv,,,1248,0.13736018367885583,0.524608,0.09373238504155124,6.212147553093259,8.13818,0.6902386170103622,2.6168589743589745,3.84,135.24844330133124,84.044731,3.042076,0,chrono_body_contact,0,,,,,,,,0
mpc_tire_model_sweep,pacejka_rigfit,standard,pacejka-rigfit,tire_force_static,clay,lane_change,9.0,8,102,/home/ksha/Documents/sbel/offroad-control/benchmarking/results/mpc_tire_model_sweep_calibrated_20260828_002629/raw/0492_pacejka_rigfit_clay_lane_change_v9_b8_s102,ok,0,19.437726259231567,15.0,0.99,/home/ksha/Documents/sbel/offroad-control/benchmarking/results/mpc_tire_model_sweep_calibrated_20260828_002629/raw/0492_pacejka_rigfit_clay_lane_change_v9_b8_s102/20260828_030514_940103_clay_lane_change_acados_pacejka-rigfit/diag_clay_lane_change_acados_pacejka-rigfit.csv,,,1248,0.1618895310937647,0.606214,0.10417941920590952,6.245871837488459,8.151729999999999,0.6939857597209399,2.9053926282051283,4.7753,141.00727565771066,84.284543,3.061987,0,chrono_body_contact,0,,,,,,,,0
mpc_tire_model_sweep,pacejka_rigfit,standard,pacejka-rigfit,tire_force_static,clay,lane_change,9.0,8,103,/home/ksha/Documents/sbel/offroad-control/benchmarking/results/mpc_tire_model_sweep_calibrated_20260828_002629/raw/0493_pacejka_rigfit_clay_lane_change_v9_b8_s103,ok,0,19.44104838371277,15.0,0.99,/home/ksha/Documents/sbel/offroad-control/benchmarking/results/mpc_tire_model_sweep_calibrated_20260828_002629/raw/0493_pacejka_rigfit_clay_lane_change_v9_b8_s103/20260828_030534_397710_clay_lane_change_acados_pacejka-rigfit/diag_clay_lane_change_acados_pacejka-rigfit.csv,,,1248,0.16199293722199679,0.583788,0.103900081255771,6.24095244690674,8.18957,0.6934391607674155,2.6537740384615383,3.8852999999999995,139.11766628010972,84.274171,3.072693,0,chrono_body_contact,0,,,,,,,,0
mpc_tire_model_sweep,pacejka_rigfit,standard,pacejka-rigfit,tire_force_static,clay,lane_change,9.0,8,104,/home/ksha/Documents/sbel/offroad-control/benchmarking/results/mpc_tire_model_sweep_calibrated_20260828_002629/raw/0494_pacejka_rigfit_clay_lane_change_v9_b8_s104,ok,0,19.47992992401123,15.0,0.99,/home/ksha/Documents/sbel/offroad-control/benchmarking/results/mpc_tire_model_sweep_calibrated_20260828_002629/raw/0494_pacejka_rigfit_clay_lane_change_v9_b8_s104/20260828_030553_871421_clay_lane_change_acados_pacejka-rigfit/diag_clay_lane_change_acados_pacejka-rigfit.csv,,,1248,0.14653048784056227,0.549608,0.0946855244690674,6.213339427516159,8.10717,0.6903710475017955,2.61838141025641,3.91,139.31665758940238,83.952028,2.973661,0,chrono_body_contact,0,,,,,,,,0
mpc_tire_model_sweep,pacejka_rigfit,standard,pacejka-rigfit,tire_force_static,clay,right_left,5.0,0,100,/home/ksha/Documents/sbel/offroad-control/benchmarking/results/mpc_tire_model_sweep_calibrated_20260828_002629/raw/0495_pacejka_rigfit_clay_right_left_v5_b0_s100,ok,0,19.134766578674316,15.0,0.99,/home/ksha/Documents/sbel/offroad-control/benchmarking/results/mpc_tire_model_sweep_calibrated_20260828_002629/raw/0495_pacejka_rigfit_clay_right_left_v5_b0_s100/20260828_030613_364193_clay_right_left_acados_pacejka-rigfit/diag_clay_right_left_acados_pacejka-rigfit.csv,,,1248,0.46550309341683804,1.514478,0.3034388005540166,4.17299298245614,5.34597,0.834598596491228,3.3148477564102565,5.265899999999999,126.37349632890636,30.568338,-31.073594,0,chrono_body_contact,0,,,,,,,,0
mpc_tire_model_sweep,pacejka_rigfit,standard,pacejka-rigfit,tire_force_static,clay,right_left,5.0,0,101,/home/ksha/Documents/sbel/offroad-control/benchmarking/results/mpc_tire_model_sweep_calibrated_20260828_002629/raw/0496_pacejka_rigfit_clay_right_left_v5_b0_s101,ok,0,19.12986159324646,15.0,0.99,/home/ksha/Documents/sbel/offroad-control/benchmarking/results/mpc_tire_model_sweep_calibrated_20260828_002629/raw/0496_pacejka_rigfit_clay_right_left_v5_b0_s101/20260828_030632_525347_clay_right_left_acados_pacejka-rigfit/diag_clay_right_left_acados_pacejka-rigfit.csv,,,1247,0.7098509312223154,3.022817,0.3653474136657433,4.368001846722069,5.30378,0.8736003693444138,3.404073777064956,8.709799999999987,122.85335465693501,32.252839,-33.473566,0,chrono_body_contact,0,,,,,,,,0
mpc_tire_model_sweep,pacejka_rigfit,standard,pacejka-rigfit,tire_force_static,clay,right_left,5.0,0,102,/home/ksha/Documents/sbel/offroad-control/benchmarking/results/mpc_tire_model_sweep_calibrated_20260828_002629/raw/0497_pacejka_rigfit_clay_right_left_v5_b0_s102,ok,0,19.167181491851807,15.0,0.99,/home/ksha/Documents/sbel/offroad-control/benchmarking/results/mpc_tire_model_sweep_calibrated_20260828_002629/raw/0497_pacejka_rigfit_clay_right_left_v5_b0_s102/20260828_030651_666189_clay_right_left_acados_pacejka-rigfit/diag_clay_right_left_acados_pacejka-rigfit.csv,,,1248,0.5718680802532669,2.000583,0.3351123942751616,4.218687534626039,5.344169999999999,0.8437375069252078,3.748918269230769,6.235899999999999,127.54937770936723,30.572971,-31.655121,0,chrono_body_contact,0,,,,,,,,0
mpc_tire_model_sweep,pacejka_rigfit,standard,pacejka-rigfit,tire_force_static,clay,right_left,5.0,0,103,/home/ksha/Documents/sbel/offroad-control/benchmarking/results/mpc_tire_model_sweep_calibrated_20260828_002629/raw/0498_pacejka_rigfit_clay_right_left_v5_b0_s103,ok,0,19.158074855804443,15.0,0.99,/home/ksha/Documents/sbel/offroad-control/benchmarking/results/mpc_tire_model_sweep_calibrated_20260828_002629/raw/0498_pacejka_rigfit_clay_right_left_v5_b0_s103/20260828_030710_851142_clay_right_left_acados_pacejka-rigfit/diag_clay_right_left_acados_pacejka-rigfit.csv,,,1248,0.5841574653492841,2.066519,0.3449833037857802,4.2437228993536475,5.33093,0.8487445798707295,3.355857371794872,7.246999999999975,125.96489277721783,30.987024,-31.957021,0,chrono_body_contact,0,,,,,,,,0
mpc_tire_model_sweep,pacejka_rigfit,standard,pacejka-rigfit,tire_force_static,clay,right_left,5.0,0,104,/home/ksha/Documents/sbel/offroad-control/benchmarking/results/mpc_tire_model_sweep_calibrated_20260828_002629/raw/0499_pacejka_rigfit_clay_right_left_v5_b0_s104,ok,0,19.153998851776123,15.0,0.99,/home/ksha/Documents/sbel/offroad-control/benchmarking/results/mpc_tire_model_sweep_calibrated_20260828_002629/raw/0499_pacejka_rigfit_clay_right_left_v5_b0_s104/20260828_030730_032088_clay_right_left_acados_pacejka-rigfit/diag_clay_right_left_acados_pacejka-rigfit.csv,,,1248,0.5998537107423936,2.189502,0.3517674081255771,4.264383933518006,5.32227,0.8528767867036011,3.362532051282051,5.306499999999999,126.89257685994706,31.33609,-32.279737,0,chrono_body_contact,0,,,,,,,,0
mpc_tire_model_sweep,pacejka_rigfit,standard,pacejka-rigfit,tire_force_static,clay,right_left,5.0,4,100,/home/ksha/Documents/sbel/offroad-control/benchmarking/results/mpc_tire_model_sweep_calibrated_20260828_002629/raw/0500_pacejka_rigfit_clay_right_left_v5_b4_s100,ok,0,19.409395933151245,15.0,0.99,/home/ksha/Documents/sbel/offroad-control/benchmarking/results/mpc_tire_model_sweep_calibrated_20260828_002629/raw/0500_pacejka_rigfit_clay_right_left_v5_b4_s100/20260828_030749_201152_clay_right_left_acados_pacejka-rigfit/diag_clay_right_left_acados_pacejka-rigfit.csv,,,1248,0.5431325417994904,1.962176,0.3354196084949215,4.231189289012004,5.28429,0.8462378578024008,4.140128205128205,6.090599999999999,126.44806663211432,30.781463,-31.759912,0,chrono_body_contact,0,,,,,,,,0
mpc_tire_model_sweep,pacejka_rigfit,standard,pacejka-rigfit,tire_force_static,clay,right_left,5.0,4,101,/home/ksha/Documents/sbel/offroad-control/benchmarking/results/mpc_tire_model_sweep_calibrated_20260828_002629/raw/0501_pacejka_rigfit_clay_right_left_v5_b4_s101,ok,0,19.353003978729248,15.0,0.99,/home/ksha/Documents/sbel/offroad-control/benchmarking/results/mpc_tire_model_sweep_calibrated_20260828_002629/raw/0501_pacejka_rigfit_clay_right_left_v5_b4_s101/20260828_030808_632194_clay_right_left_acados_pacejka-rigfit/diag_clay_right_left_acados_pacejka-rigfit.csv,,,1248,0.5183519471757264,1.773742,0.3304607746999077,4.205667405355495,5.29333,0.841133481071099,3.3802243589743592,6.2803999999999816,122.30881564881669,30.886897,-31.420782,0,chrono_body_contact,0,,,,,,,,0
mpc_tire_model_sweep,pacejka_rigfit,standard,pacejka-rigfit,tire_force_static,clay,right_left,5.0,4,102,/home/ksha/Documents/sbel/offroad-control/benchmarking/results/mpc_tire_model_sweep_calibrated_20260828_002629/raw/0502_pacejka_rigfit_clay_right_left_v5_b4_s102,ok,0,19.329734563827515,15.0,0.99,/home/ksha/Documents/sbel/offroad-control/benchmarking/results/mpc_tire_model_sweep_calibrated_20260828_002629/raw/0502_pacejka_rigfit_clay_right_left_v5_b4_s102/20260828_030828_006343_clay_right_left_acados_pacejka-rigfit/diag_clay_right_left_acados_pacejka-rigfit.csv,,,1248,0.4429823471358963,1.307954,0.30139774884579873,4.185698153277932,5.2817099999999995,0.8371396306555864,3.51400641025641,7.740899999999986,127.32193167181259,31.113596,-31.027525,0,chrono_body_contact,0,,,,,,,,0
mpc_tire_model_sweep,pacejka_rigfit,standard,pacejka-rigfit,tire_force_static,clay,right_left,5.0,4,103,/home/ksha/Documents/sbel/offroad-control/benchmarking/results/mpc_tire_model_sweep_calibrated_20260828_002629/raw/0503_pacejka_rigfit_clay_right_left_v5_b4_s103,ok,0,19.376643657684326,15.0,0.99,/home/ksha/Documents/sbel/offroad-control/benchmarking/results/mpc_tire_model_sweep_calibrated_20260828_002629/raw/0503_pacejka_rigfit_clay_right_left_v5_b4_s103/20260828_030847_358508_clay_right_left_acados_pacejka-rigfit/diag_clay_right_left_acados_pacejka-rigfit.csv,,,1248,0.5074332648355404,1.661424,0.3255010055401662,4.210006463527239,5.25209,0.8420012927054478,3.3882772435897435,5.430599999999999,125.81575119901126,30.944811,-31.422718,0,chrono_body_contact,0,,,,,,,,0
mpc_tire_model_sweep,pacejka_rigfit,standard,pacejka-rigfit,tire_force_static,clay,right_left,5.0,4,104,/home/ksha/Documents/sbel/offroad-control/benchmarking/results/mpc_tire_model_sweep_calibrated_20260828_002629/raw/0504_pacejka_rigfit_clay_right_left_v5_b4_s104,ok,0,19.37026309967041,15.0,0.99,/home/ksha/Documents/sbel/offroad-control/benchmarking/results/mpc_tire_model_sweep_calibrated_20260828_002629/raw/0504_pacejka_rigfit_clay_right_left_v5_b4_s104/20260828_030906_745621_clay_right_left_acados_pacejka-rigfit/diag_clay_right_left_acados_pacejka-rigfit.csv,,,1248,0.4781186734725641,1.478033,0.315087297322253,4.179499907663897,5.29727,0.8358999815327793,3.412083333333333,7.167199999999994,126.58105421149597,30.905002,-31.17831,0,chrono_body_contact,0,,,,,,,,0
mpc_tire_model_sweep,pacejka_rigfit,standard,pacejka-rigfit,tire_force_static,clay,right_left,5.0,8,100,/home/ksha/Documents/sbel/offroad-control/benchmarking/results/mpc_tire_model_sweep_calibrated_20260828_002629/raw/0505_pacejka_rigfit_clay_right_left_v5_b8_s100,ok,0,19.46230149269104,15.0,0.99,/home/ksha/Documents/sbel/offroad-control/benchmarking/results/mpc_tire_model_sweep_calibrated_20260828_002629/raw/0505_pacejka_rigfit_clay_right_left_v5_b8_s100/20260828_030926_140360_clay_right_left_acados_pacejka-rigfit/diag_clay_right_left_acados_pacejka-rigfit.csv,,,1247,0.6639940628209445,2.547519,0.336104081255771,4.2803432132963986,5.442749999999999,0.8560686426592797,3.2232477947072975,4.901599999999998,126.66431405054412,30.61486,-32.480179,0,chrono_body_contact,0,,,,,,,,0
mpc_tire_model_sweep,pacejka_rigfit,standard,pacejka-rigfit,tire_force_static,clay,right_left,5.0,8,101,/home/ksha/Documents/sbel/offroad-control/benchmarking/results/mpc_tire_model_sweep_calibrated_20260828_002629/raw/0506_pacejka_rigfit_clay_right_left_v5_b8_s101,ok,0,19.462684154510498,15.0,0.99,/home/ksha/Documents/sbel/offroad-control/benchmarking/results/mpc_tire_model_sweep_calibrated_20260828_002629/raw/0506_pacejka_rigfit_clay_right_left_v5_b8_s101/20260828_030945_612462_clay_right_left_acados_pacejka-rigfit/diag_clay_right_left_acados_pacejka-rigfit.csv,,,1248,0.7466902615662041,3.212033,0.3499555475530932,4.401654385964913,5.32628,0.8803308771929826,3.2940224358974355,10.015899999999998,123.11336843103392,32.164988,-33.676554,0,chrono_body_contact,0,,,,,,,,0
mpc_tire_model_sweep,pacejka_rigfit,standard,pacejka-rigfit,tire_force_static,clay,right_left,5.0,8,102,/home/ksha/Documents/sbel/offroad-control/benchmarking/results/mpc_tire_model_sweep_calibrated_20260828_002629/raw/0507_pacejka_rigfit_clay_right_left_v5_b8_s102,ok,0,19.48245358467102,15.0,0.99,/home/ksha/Documents/sbel/offroad-control/benchmarking/results/mpc_tire_model_sweep_calibrated_20260828_002629/raw/0507_pacejka_rigfit_clay_right_left_v5_b8_s102/20260828_031005_103042_clay_right_left_acados_pacejka-rigfit/diag_clay_right_left_acados_pacejka-rigfit.csv,,,1248,0.5291867991465904,1.86847,0.29856069067405355,4.210080332409972,5.49675,0.8420160664819945,3.2541746794871793,5.261799999999998,127.58780780810415,30.045042,-31.248119,0,chrono_body_contact,0,,,,,,,,0
mpc_tire_model_sweep,pacejka_rigfit,standard,pacejka-rigfit,tire_force_static,clay,right_left,5.0,8,103,/home/ksha/Documents/sbel/offroad-control/benchmarking/results/mpc_tire_model_sweep_calibrated_20260828_002629/raw/0508_pacejka_rigfit_clay_right_left_v5_b8_s103,ok,0,19.51598834991455,15.0,0.99,/home/ksha/Documents/sbel/offroad-control/benchmarking/results/mpc_tire_model_sweep_calibrated_20260828_002629/raw/0508_pacejka_rigfit_clay_right_left_v5_b8_s103/20260828_031024_610700_clay_right_left_acados_pacejka-rigfit/diag_clay_right_left_acados_pacejka-rigfit.csv,,,1248,0.5313236138939949,2.016198,0.2932129852262234,4.2419976915974145,5.46273,0.8483995383194829,3.2932291666666664,5.517799999999992,125.86585096716954,30.523138,-31.716926,0,chrono_body_contact,0,,,,,,,,0
mpc_tire_model_sweep,pacejka_rigfit,standard,pacejka-rigfit,tire_force_static,clay,right_left,5.0,8,104,/home/ksha/Documents/sbel/offroad-control/benchmarking/results/mpc_tire_model_sweep_calibrated_20260828_002629/raw/0509_pacejka_rigfit_clay_right_left_v5_b8_s104,ok,0,19.51647114753723,15.0,0.99,/home/ksha/Documents/sbel/offroad-control/benchmarking/results/mpc_tire_model_sweep_calibrated_20260828_002629/raw/0509_pacejka_rigfit_clay_right_left_v5_b8_s104/20260828_031044_145036_clay_right_left_acados_pacejka-rigfit/diag_clay_right_left_acados_pacejka-rigfit.csv,,,1248,0.522676284084041,1.989102,0.2906280858725762,4.261531301939058,5.42869,0.8523062603878117,3.2740384615384617,5.3706,126.8342402371249,31.0897,-31.952925,0,chrono_body_contact,0,,,,,,,,0
mpc_tire_model_sweep,pacejka_rigfit,standard,pacejka-rigfit,tire_force_static,clay,right_left,7.0,0,100,/home/ksha/Documents/sbel/offroad-control/benchmarking/results/mpc_tire_model_sweep_calibrated_20260828_002629/raw/0510_pacejka_rigfit_clay_right_left_v7_b0_s100,ok,0,19.157440423965454,15.0,0.99,/home/ksha/Documents/sbel/offroad-control/benchmarking/results/mpc_tire_model_sweep_calibrated_20260828_002629/raw/0510_pacejka_rigfit_clay_right_left_v7_b0_s100/20260828_031103_667537_clay_right_left_acados_pacejka-rigfit/diag_clay_right_left_acados_pacejka-rigfit.csv,,,1248,0.962028291933417,4.007318,0.5198201431209603,4.62279270544783,5.451919999999999,0.6603989579211186,4.692403846153845,13.1306,128.14307607605323,36.2447,-34.976877,0,chrono_body_contact,0,,,,,,,,0
mpc_tire_model_sweep,pacejka_rigfit,standard,pacejka-rigfit,tire_force_static,clay,right_left,7.0,0,101,/home/ksha/Documents/sbel/offroad-control/benchmarking/results/mpc_tire_model_sweep_calibrated_20260828_002629/raw/0511_pacejka_rigfit_clay_right_left_v7_b0_s101,ok,0,19.159615755081177,15.0,0.99,/home/ksha/Documents/sbel/offroad-control/benchmarking/results/mpc_tire_model_sweep_calibrated_20260828_002629/raw/0511_pacejka_rigfit_clay_right_left_v7_b0_s101/20260828_031122_855281_clay_right_left_acados_pacejka-rigfit/diag_clay_right_left_acados_pacejka-rigfit.csv,,,1248,0.641073442680705,2.039371,0.3987681643582641,4.231764542936288,5.49739,0.6045377918480411,3.7321474358974362,7.647099999999998,122.84432058545113,31.841825,-32.166864,0,chrono_body_contact,0,,,,,,,,0
mpc_tire_model_sweep,pacejka_rigfit,standard,pacejka-rigfit,tire_force_static,clay,right_left,7.0,0,102,/home/ksha/Documents/sbel/offroad-control/benchmarking/results/mpc_tire_model_sweep_calibrated_20260828_002629/raw/0512_pacejka_rigfit_clay_right_left_v7_b0_s102,ok,0,19.179754495620728,15.0,0.99,/home/ksha/Documents/sbel/offroad-control/benchmarking/results/mpc_tire_model_sweep_calibrated_20260828_002629/raw/0512_pacejka_rigfit_clay_right_left_v7_b0_s102/20260828_031142_034898_clay_right_left_acados_pacejka-rigfit/diag_clay_right_left_acados_pacejka-rigfit.csv,,,1248,0.6471209984017005,1.891143,0.42242284949215136,4.292561957525392,5.45059,0.6132231367893418,3.73775641025641,9.704799999999995,128.33498426439996,33.030214,-32.414617,0,chrono_body_contact,0,,,,,,,,0
mpc_tire_model_sweep,pacejka_rigfit,standard,pacejka-rigfit,tire_force_static,clay,right_left,7.0,0,103,/home/ksha/Documents/sbel/offroad-control/benchmarking/results/mpc_tire_model_sweep_calibrated_20260828_002629/raw/0513_pacejka_rigfit_clay_right_left_v7_b0_s103,ok,0,19.18036413192749,15.0,0.99,/home/ksha/Documents/sbel/offroad-control/benchmarking/results/mpc_tire_model_sweep_calibrated_20260828_002629/raw/0513_pacejka_rigfit_clay_right_left_v7_b0_s103/20260828_031201_220394_clay_right_left_acados_pacejka-rigfit/diag_clay_right_left_acados_pacejka-rigfit.csv,,,1248,0.6639091297435664,2.019781,0.4123164976915974,4.233328162511542,5.516579999999999,0.6047611660730775,3.549767628205128,8.079199999999982,126.4846127307521,31.693459,-32.222044,0,chrono_body_contact,0,,,,,,,,0
mpc_tire_model_sweep,pacejka_rigfit,standard,pacejka-rigfit,tire_force_static,clay,right_left,7.0,0,104,/home/ksha/Documents/sbel/offroad-control/benchmarking/results/mpc_tire_model_sweep_calibrated_20260828_002629/raw/0514_pacejka_rigfit_clay_right_left_v7_b0_s104,ok,0,19.179199934005737,15.0,0.99,/home/ksha/Documents/sbel/offroad-control/benchmarking/results/mpc_tire_model_sweep_calibrated_20260828_002629/raw/0514_pacejka_rigfit_clay_right_left_v7_b0_s104/20260828_031220_424029_clay_right_left_acados_pacejka-rigfit/diag_clay_right_left_acados_pacejka-rigfit.csv,,,1247,0.5531060263821739,1.610839,0.37874699630655584,4.24825484764543,5.44447,0.6068935496636328,3.7661587810745787,6.72659999999999,127.5322063063119,32.421482,-32.022967,0,chrono_body_contact,0,,,,,,,,0
mpc_tire_model_sweep,pacejka_rigfit,standard,pacejka-rigfit,tire_force_static,clay,right_left,7.0,4,100,/home/ksha/Documents/sbel/offroad-control/benchmarking/results/mpc_tire_model_sweep_calibrated_20260828_002629/raw/0515_pacejka_rigfit_clay_right_left_v7_b4_s100,ok,0,19.336464405059814,15.0,0.99,/home/ksha/Documents/sbel/offroad-control/benchmarking/results/mpc_tire_model_sweep_calibrated_20260828_002629/raw/0515_pacejka_rigfit_clay_right_left_v7_b4_s100/20260828_031239_618206_clay_right_left_acados_pacejka-rigfit/diag_clay_right_left_acados_pacejka-rigfit.csv,,,1247,0.7021270833074563,2.345276,0.4495742363804247,4.388333795013851,5.39519,0.6269048278591215,4.012606255012028,9.790999999999995,127.39286866794981,34.338571,-33.182372,0,chrono_body_contact,0,,,,,,,,0
mpc_tire_model_sweep,pacejka_rigfit,standard,pacejka-rigfit,tire_force_static,clay,right_left,7.0,4,101,/home/ksha/Documents/sbel/offroad-control/benchmarking/results/mpc_tire_model_sweep_calibrated_20260828_002629/raw/0516_pacejka_rigfit_clay_right_left_v7_b4_s101,ok,0,19.426604747772217,15.0,0.99,/home/ksha/Documents/sbel/offroad-control/benchmarking/results/mpc_tire_model_sweep_calibrated_20260828_002629/raw/0516_pacejka_rigfit_clay_right_left_v7_b4_s101/20260828_031258_990133_clay_right_left_acados_pacejka-rigfit/diag_clay_right_left_acados_pacejka-rigfit.csv,,,1248,1.1894482141296172,4.313087,0.6042846251154201,4.52581514312096,5.41404,0.6465450204458515,3.9239503205128208,11.163599999999997,124.03654304122887,34.665438,-35.14928,0,chrono_body_contact,0,,,,,,,,0
mpc_tire_model_sweep,pacejka_rigfit,standard,pacejka-rigfit,tire_force_static,clay,right_left,7.0,4,102,/home/ksha/Documents/sbel/offroad-control/benchmarking/results/mpc_tire_model_sweep_calibrated_20260828_002629/raw/0517_pacejka_rigfit_clay_right_left_v7_b4_s102,ok,0,19.382989645004272,15.0,0.99,/home/ksha/Documents/sbel/offroad-control/benchmarking/results/mpc_tire_model_sweep_calibrated_20260828_002629/raw/0517_pacejka_rigfit_clay_right_left_v7_b4_s102/20260828_031318_437366_clay_right_left_acados_pacejka-rigfit/diag_clay_right_left_acados_pacejka-rigfit.csv,,,1247,0.7347624826668352,2.234535,0.4716919833795014,4.397378670360111,5.40098,0.6281969529085873,3.9823736968724943,10.591799999999994,128.68419960953923,34.949718,-33.102689,0,chrono_body_contact,0,,,,,,,,0
mpc_tire_model_sweep,pacejka_rigfit,standard,pacejka-rigfit,tire_force_static,clay,right_left,7.0,4,103,/home/ksha/Documents/sbel/offroad-control/benchmarking/results/mpc_tire_model_sweep_calibrated_20260828_002629/raw/0518_pacejka_rigfit_clay_right_left_v7_b4_s103,ok,0,19.33105754852295,15.0,0.99,/home/ksha/Documents/sbel/offroad-control/benchmarking/results/mpc_tire_model_sweep_calibrated_20260828_002629/raw/0518_pacejka_rigfit_clay_right_left_v7_b4_s103/20260828_031337_831082_clay_right_left_acados_pacejka-rigfit/diag_clay_right_left_acados_pacejka-rigfit.csv,,,1248,0.6029320416126142,1.746461,0.4034964441366575,4.264293628808864,5.41653,0.609184804115552,3.635576923076923,6.524499999999982,126.58312772159817,32.999244,-32.309283,0,chrono_body_contact,0,,,,,,,,0
mpc_tire_model_sweep,pacejka_rigfit,standard,pacejka-rigfit,tire_force_static,clay,right_left,7.0,4,104,/home/ksha/Documents/sbel/offroad-control/benchmarking/results/mpc_tire_model_sweep_calibrated_20260828_002629/raw/0519_pacejka_rigfit_clay_right_left_v7_b4_s104,ok,0,19.384451627731323,15.0,0.99,/home/ksha/Documents/sbel/offroad-control/benchmarking/results/mpc_tire_model_sweep_calibrated_20260828_002629/raw/0519_pacejka_rigfit_clay_right_left_v7_b4_s104/20260828_031357_180217_clay_right_left_acados_pacejka-rigfit/diag_clay_right_left_acados_pacejka-rigfit.csv,,,1248,0.7910010509608626,3.079758,0.48412610341643586,4.499217266851339,5.40323,0.6427453238359055,4.295488782051282,11.3353,128.34914557972863,35.529161,-34.075858,0,chrono_body_contact,0,,,,,,,,0
mpc_tire_model_sweep,pacejka_rigfit,standard,pacejka-rigfit,tire_force_static,clay,right_left,7.0,8,100,/home/ksha/Documents/sbel/offroad-control/benchmarking/results/mpc_tire_model_sweep_calibrated_20260828_002629/raw/0520_pacejka_rigfit_clay_right_left_v7_b8_s100,ok,0,19.432267904281616,15.0,0.99,/home/ksha/Documents/sbel/offroad-control/benchmarking/results/mpc_tire_model_sweep_calibrated_20260828_002629/raw/0520_pacejka_rigfit_clay_right_left_v7_b8_s100/20260828_031416_582941_clay_right_left_acados_pacejka-rigfit/diag_clay_right_left_acados_pacejka-rigfit.csv,,,1248,0.6653242544652429,2.012129,0.3912463314866113,4.231642105263158,5.73159,0.6045203007518797,3.5621794871794874,8.044899999999991,127.2956363199601,30.402131,-31.692756,0,chrono_body_contact,0,,,,,,,,0
mpc_tire_model_sweep,pacejka_rigfit,standard,pacejka-rigfit,tire_force_static,clay,right_left,7.0,8,101,/home/ksha/Documents/sbel/offroad-control/benchmarking/results/mpc_tire_model_sweep_calibrated_20260828_002629/raw/0521_pacejka_rigfit_clay_right_left_v7_b8_s101,ok,0,19.48726201057434,15.0,0.99,/home/ksha/Documents/sbel/offroad-control/benchmarking/results/mpc_tire_model_sweep_calibrated_20260828_002629/raw/0521_pacejka_rigfit_clay_right_left_v7_b8_s101/20260828_031436_038732_clay_right_left_acados_pacejka-rigfit/diag_clay_right_left_acados_pacejka-rigfit.csv,,,1248,0.6758665290298149,2.288748,0.3820914081255771,4.236378762696214,5.6745399999999995,0.6051969660994592,3.531786858974359,5.84,122.7742054504103,30.56067,-31.962397,0,chrono_body_contact,0,,,,,,,,0
mpc_tire_model_sweep,pacejka_rigfit,standard,pacejka-rigfit,tire_force_static,clay,right_left,7.0,8,102,/home/ksha/Documents/sbel/offroad-control/benchmarking/results/mpc_tire_model_sweep_calibrated_20260828_002629/raw/0522_pacejka_rigfit_clay_right_left_v7_b8_s102,ok,0,19.435821533203125,15.0,0.99,/home/ksha/Documents/sbel/offroad-control/benchmarking/results/mpc_tire_model_sweep_calibrated_20260828_002629/raw/0522_pacejka_rigfit_clay_right_left_v7_b8_s102/20260828_031455_554785_clay_right_left_acados_pacejka-rigfit/diag_clay_right_left_acados_pacejka-rigfit.csv,,,1247,0.6763519609551141,2.136427,0.39342738873499544,4.249348568790397,5.681439999999999,0.6070497955414853,4.362068965517242,9.066999999999998,128.20694586294104,30.571098,-31.813903,0,chrono_body_contact,0,,,,,,,,0
mpc_tire_model_sweep,pacejka_rigfit,standard,pacejka-rigfit,tire_force_static,clay,right_left,7.0,8,103,/home/ksha/Documents/sbel/offroad-control/benchmarking/results/mpc_tire_model_sweep_calibrated_20260828_002629/raw/0523_pacejka_rigfit_clay_right_left_v7_b8_s103,ok,0,19.434834957122803,15.0,0.99,/home/ksha/Documents/sbel/offroad-control/benchmarking/results/mpc_tire_model_sweep_calibrated_20260828_002629/raw/0523_pacejka_rigfit_clay_right_left_v7_b8_s103/20260828_031515_020373_clay_right_left_acados_pacejka-rigfit/diag_clay_right_left_acados_pacejka-rigfit.csv,,,1248,0.7118779232114555,2.351896,0.40474678578024004,4.2625174515235456,5.647119999999999,0.6089310645033637,3.6785817307692312,9.376499999999998,126.54799171629335,30.157662,-31.978101,0,chrono_body_contact,0,,,,,,,,0
mpc_tire_model_sweep,pacejka_rigfit,standard,pacejka-rigfit,tire_force_static,clay,right_left,7.0,8,104,/home/ksha/Documents/sbel/offroad-control/benchmarking/results/mpc_tire_model_sweep_calibrated_20260828_002629/raw/0524_pacejka_rigfit_clay_right_left_v7_b8_s104,ok,0,19.478772163391113,15.0,0.99,/home/ksha/Documents/sbel/offroad-control/benchmarking/results/mpc_tire_model_sweep_calibrated_20260828_002629/raw/0524_pacejka_rigfit_clay_right_left_v7_b8_s104/20260828_031534_457674_clay_right_left_acados_pacejka-rigfit/diag_clay_right_left_acados_pacejka-rigfit.csv,,,1248,0.7221785392228317,2.367989,0.3900957885503231,4.2943613111726675,5.691949999999999,0.6134801873103811,3.5207532051282047,6.785099999999981,127.67467385619045,31.961618,-32.671121,0,chrono_body_contact,0,,,,,,,,0
mpc_tire_model_sweep,pacejka_rigfit,standard,pacejka-rigfit,tire_force_static,clay,right_left,9.0,0,100,/home/ksha/Documents/sbel/offroad-control/benchmarking/results/mpc_tire_model_sweep_calibrated_20260828_002629/raw/0525_pacejka_rigfit_clay_right_left_v9_b0_s100,ok,0,19.132335901260376,15.0,0.99,/home/ksha/Documents/sbel/offroad-control/benchmarking/results/mpc_tire_model_sweep_calibrated_20260828_002629/raw/0525_pacejka_rigfit_clay_right_left_v9_b0_s100/20260828_031553_982285_clay_right_left_acados_pacejka-rigfit/diag_clay_right_left_acados_pacejka-rigfit.csv,,,1248,1.2795694412850498,4.895282,0.6839040397045245,4.7895229916897515,5.55307,0.5321692212988612,4.465472756410257,12.385399999999995,129.0418004851499,39.636876,-35.856147,0,chrono_body_contact,0,,,,,,,,0
mpc_tire_model_sweep,pacejka_rigfit,standard,pacejka-rigfit,tire_force_static,clay,right_left,9.0,0,101,/home/ksha/Documents/sbel/offroad-control/benchmarking/results/mpc_tire_model_sweep_calibrated_20260828_002629/raw/0526_pacejka_rigfit_clay_right_left_v9_b0_s101,ok,0,19.13446593284607,15.0,0.99,/home/ksha/Documents/sbel/offroad-control/benchmarking/results/mpc_tire_model_sweep_calibrated_20260828_002629/raw/0526_pacejka_rigfit_clay_right_left_v9_b0_s101/20260828_031613_130595_clay_right_left_acados_pacejka-rigfit/diag_clay_right_left_acados_pacejka-rigfit.csv,,,1248,0.8363681922273727,2.626924,0.5236983721144968,4.447095752539243,5.56616,0.4941217502821382,4.5242788461538455,11.095899999999999,123.99692063188039,36.078269,-33.507809,0,chrono_body_contact,0,,,,,,,,0
mpc_tire_model_sweep,pacejka_rigfit,standard,pacejka-rigfit,tire_force_static,clay,right_left,9.0,0,102,/home/ksha/Documents/sbel/offroad-control/benchmarking/results/mpc_tire_model_sweep_calibrated_20260828_002629/raw/0527_pacejka_rigfit_clay_right_left_v9_b0_s102,ok,0,19.1347017288208,15.0,0.99,/home/ksha/Documents/sbel/offroad-control/benchmarking/results/mpc_tire_model_sweep_calibrated_20260828_002629/raw/0527_pacejka_rigfit_clay_right_left_v9_b0_s102/20260828_031632_264448_clay_right_left_acados_pacejka-rigfit/diag_clay_right_left_acados_pacejka-rigfit.csv,,,1248,1.2750701922303243,4.845214,0.6899934764542937,4.788117082179133,5.56426,0.5320130091310147,4.552419871794872,13.047099999999999,130.3621424798573,39.467698,-35.768679,0,chrono_body_contact,0,,,,,,,,0
mpc_tire_model_sweep,pacejka_rigfit,standard,pacejka-rigfit,tire_force_static,clay,right_left,9.0,0,103,/home/ksha/Documents/sbel/offroad-control/benchmarking/results/mpc_tire_model_sweep_calibrated_20260828_002629/raw/0528_pacejka_rigfit_clay_right_left_v9_b0_s103,ok,0,19.13767147064209,15.0,0.99,/home/ksha/Documents/sbel/offroad-control/benchmarking/results/mpc_tire_model_sweep_calibrated_20260828_002629/raw/0528_pacejka_rigfit_clay_right_left_v9_b0_s103/20260828_031651_435949_clay_right_left_acados_pacejka-rigfit/diag_clay_right_left_acados_pacejka-rigfit.csv,,,1247,1.3151380043729537,4.941626,0.6937737072945522,4.799559095106186,5.54273,0.5332843439006874,4.275092221331195,12.0008,128.6665997218761,39.857561,-35.941626,0,chrono_body_contact,0,,,,,,,,0
mpc_tire_model_sweep,pacejka_rigfit,standard,pacejka-rigfit,tire_force_static,clay,right_left,9.0,0,104,/home/ksha/Documents/sbel/offroad-control/benchmarking/results/mpc_tire_model_sweep_calibrated_20260828_002629/raw/0529_pacejka_rigfit_clay_right_left_v9_b0_s104,ok,0,19.13278555870056,15.0,0.99,/home/ksha/Documents/sbel/offroad-control/benchmarking/results/mpc_tire_model_sweep_calibrated_20260828_002629/raw/0529_pacejka_rigfit_clay_right_left_v9_b0_s104/20260828_031710_592870_clay_right_left_acados_pacejka-rigfit/diag_clay_right_left_acados_pacejka-rigfit.csv,,,1248,1.1749362521132785,4.560104,0.6512670590951061,4.751447460757157,5.5331399999999995,0.5279386067507952,4.225448717948718,12.121199999999998,129.4509657004997,39.027195,-35.560104,0,chrono_body_contact,0,,,,,,,,0
mpc_tire_model_sweep,pacejka_rigfit,standard,pacejka-rigfit,tire_force_static,clay,right_left,9.0,4,100,/home/ksha/Documents/sbel/offroad-control/benchmarking/results/mpc_tire_model_sweep_calibrated_20260828_002629/raw/0530_pacejka_rigfit_clay_right_left_v9_b4_s100,ok,0,19.338238954544067,15.0,0.99,/home/ksha/Documents/sbel/offroad-control/benchmarking/results/mpc_tire_model_sweep_calibrated_20260828_002629/raw/0530_pacejka_rigfit_clay_right_left_v9_b4_s100/20260828_031729_742261_clay_right_left_acados_pacejka-rigfit/diag_clay_right_left_acados_pacejka-rigfit.csv,,,1248,0.5623687854691305,1.782261,0.38815225392428443,4.2507525392428445,5.500439999999999,0.47230583769364937,3.6637099358974354,8.024199999999997,127.19747417368518,32.418117,-32.180295,0,chrono_body_contact,0,,,,,,,,0
mpc_tire_model_sweep,pacejka_rigfit,standard,pacejka-rigfit,tire_force_static,clay,right_left,9.0,4,101,/home/ksha/Documents/sbel/offroad-control/benchmarking/results/mpc_tire_model_sweep_calibrated_20260828_002629/raw/0531_pacejka_rigfit_clay_right_left_v9_b4_s101,ok,0,19.383878231048584,15.0,0.99,/home/ksha/Documents/sbel/offroad-control/benchmarking/results/mpc_tire_model_sweep_calibrated_20260828_002629/raw/0531_pacejka_rigfit_clay_right_left_v9_b4_s101/20260828_031749_090860_clay_right_left_acados_pacejka-rigfit/diag_clay_right_left_acados_pacejka-rigfit.csv,,,1248,1.0272108313317851,3.976726,0.5857974792243766,4.654535918744229,5.521699999999999,0.5171706576382477,4.0383012820512825,11.4853,124.82362648415187,38.475915,-34.898068,0,chrono_body_contact,0,,,,,,,,0
mpc_tire_model_sweep,pacejka_rigfit,standard,pacejka-rigfit,tire_force_static,clay,right_left,9.0,4,102,/home/ksha/Documents/sbel/offroad-control/benchmarking/results/mpc_tire_model_sweep_calibrated_20260828_002629/raw/0532_pacejka_rigfit_clay_right_left_v9_b4_s102,ok,0,19.332727432250977,15.0,0.99,/home/ksha/Documents/sbel/offroad-control/benchmarking/results/mpc_tire_model_sweep_calibrated_20260828_002629/raw/0532_pacejka_rigfit_clay_right_left_v9_b4_s102/20260828_031808_490975_clay_right_left_acados_pacejka-rigfit/diag_clay_right_left_acados_pacejka-rigfit.csv,,,1248,1.348294604854161,5.161359,0.7218815364727607,4.79985512465374,5.51308,0.5333172360726377,4.117764423076923,10.743599999999997,130.38894845234591,39.754508,-36.08825,0,chrono_body_contact,0,,,,,,,,0
mpc_tire_model_sweep,pacejka_rigfit,standard,pacejka-rigfit,tire_force_static,clay,right_left,9.0,4,103,/home/ksha/Documents/sbel/offroad-control/benchmarking/results/mpc_tire_model_sweep_calibrated_20260828_002629/raw/0533_pacejka_rigfit_clay_right_left_v9_b4_s103,ok,0,19.336463451385498,15.0,0.99,/home/ksha/Documents/sbel/offroad-control/benchmarking/results/mpc_tire_model_sweep_calibrated_20260828_002629/raw/0533_pacejka_rigfit_clay_right_left_v9_b4_s103/20260828_031827_843778_clay_right_left_acados_pacejka-rigfit/diag_clay_right_left_acados_pacejka-rigfit.csv,,,1248,0.9097596552431584,3.445098,0.5415561431209602,4.561158818097876,5.52788,0.5067954242330974,4.265192307692307,12.051799999999998,127.65253890566831,36.848952,-34.445098,0,chrono_body_contact,0,,,,,,,,0
mpc_tire_model_sweep,pacejka_rigfit,standard,pacejka-rigfit,tire_force_static,clay,right_left,9.0,4,104,/home/ksha/Documents/sbel/offroad-control/benchmarking/results/mpc_tire_model_sweep_calibrated_20260828_002629/raw/0534_pacejka_rigfit_clay_right_left_v9_b4_s104,ok,0,19.337892770767212,15.0,0.99,/home/ksha/Documents/sbel/offroad-control/benchmarking/results/mpc_tire_model_sweep_calibrated_20260828_002629/raw/0534_pacejka_rigfit_clay_right_left_v9_b4_s104/20260828_031847_208736_clay_right_left_acados_pacejka-rigfit/diag_clay_right_left_acados_pacejka-rigfit.csv,,,1248,0.9164865317755162,3.58082,0.5190181837488458,4.57943084025854,5.52952,0.5088256489176156,4.816618589743589,12.405899999999999,128.76805770088797,37.423096,-34.58082,0,chrono_body_contact,0,,,,,,,,0
mpc_tire_model_sweep,pacejka_rigfit,standard,pacejka-rigfit,tire_force_static,clay,right_left,9.0,8,100,/home/ksha/Documents/sbel/offroad-control/benchmarking/results/mpc_tire_model_sweep_calibrated_20260828_002629/raw/0535_pacejka_rigfit_clay_right_left_v9_b8_s100,ok,0,19.439552783966064,15.0,0.99,/home/ksha/Documents/sbel/offroad-control/benchmarking/results/mpc_tire_model_sweep_calibrated_20260828_002629/raw/0535_pacejka_rigfit_clay_right_left_v9_b8_s100/20260828_031906_561585_clay_right_left_acados_pacejka-rigfit/diag_clay_right_left_acados_pacejka-rigfit.csv,,,1248,0.8069595598240776,2.682237,0.43188424838411815,4.290410710987996,5.68605,0.4767123012208885,3.651698717948718,6.100099999999995,127.2000022232609,30.979324,-32.735022,0,chrono_body_contact,0,,,,,,,,0
mpc_tire_model_sweep,pacejka_rigfit,standard,pacejka-rigfit,tire_force_static,clay,right_left,9.0,8,101,/home/ksha/Documents/sbel/offroad-control/benchmarking/results/mpc_tire_model_sweep_calibrated_20260828_002629/raw/0536_pacejka_rigfit_clay_right_left_v9_b8_s101,ok,0,19.48236107826233,15.0,0.99,/home/ksha/Documents/sbel/offroad-control/benchmarking/results/mpc_tire_model_sweep_calibrated_20260828_002629/raw/0536_pacejka_rigfit_clay_right_left_v9_b8_s101/20260828_031926_027395_clay_right_left_acados_pacejka-rigfit/diag_clay_right_left_acados_pacejka-rigfit.csv,,,1248,0.8076618809614591,2.59985,0.43882978301015696,4.296028901200369,5.74215,0.4773365445778188,3.691482371794872,5.747799999999993,123.27952963702867,31.94968,-32.84131,0,chrono_body_contact,0,,,,,,,,0
mpc_tire_model_sweep,pacejka_rigfit,standard,pacejka-rigfit,tire_force_static,clay,right_left,9.0,8,102,/home/ksha/Documents/sbel/offroad-control/benchmarking/results/mpc_tire_model_sweep_calibrated_20260828_002629/raw/0537_pacejka_rigfit_clay_right_left_v9_b8_s102,ok,0,19.43521213531494,15.0,0.99,/home/ksha/Documents/sbel/offroad-control/benchmarking/results/mpc_tire_model_sweep_calibrated_20260828_002629/raw/0537_pacejka_rigfit_clay_right_left_v9_b8_s102/20260828_031945_532329_clay_right_left_acados_pacejka-rigfit/diag_clay_right_left_acados_pacejka-rigfit.csv,,,1247,0.7333440786658499,2.37768,0.40898843438077637,4.295550831792976,5.736375,0.4772834257547751,3.8144587008821174,7.541799999999994,128.21606214695862,31.653215,-32.538095,0,chrono_body_contact,0,,,,,,,,0
mpc_tire_model_sweep,pacejka_rigfit,standard,pacejka-rigfit,tire_force_static,clay,right_left,9.0,8,103,/home/ksha/Documents/sbel/offroad-control/benchmarking/results/mpc_tire_model_sweep_calibrated_20260828_002629/raw/0538_pacejka_rigfit_clay_right_left_v9_b8_s103,ok,0,19.486254692077637,15.0,0.99,/home/ksha/Documents/sbel/offroad-control/benchmarking/results/mpc_tire_model_sweep_calibrated_20260828_002629/raw/0538_pacejka_rigfit_clay_right_left_v9_b8_s103/20260828_032004_990112_clay_right_left_acados_pacejka-rigfit/diag_clay_right_left_acados_pacejka-rigfit.csv,,,1248,0.8242277040506617,3.153008,0.4579753656509695,4.545947922437673,5.739259999999999,0.505105324715297,3.863725961538462,10.840599999999998,127.60262536591523,35.51994,-34.149108,0,chrono_body_contact,0,,,,,,,,0
mpc_tire_model_sweep,pacejka_rigfit,standard,pacejka-rigfit,tire_force_static,clay,right_left,9.0,8,104,/home/ksha/Documents/sbel/offroad-control/benchmarking/results/mpc_tire_model_sweep_calibrated_20260828_002629/raw/0539_pacejka_rigfit_clay_right_left_v9_b8_s104,ok,0,19.43891739845276,15.0,0.99,/home/ksha/Documents/sbel/offroad-control/benchmarking/results/mpc_tire_model_sweep_calibrated_20260828_002629/raw/0539_pacejka_rigfit_clay_right_left_v9_b8_s104/20260828_032024_489634_clay_right_left_acados_pacejka-rigfit/diag_clay_right_left_acados_pacejka-rigfit.csv,,,1248,0.6765304316618546,2.234722,0.39418785872576173,4.260918005540167,5.76901,0.4734353339489074,3.4820592948717946,6.754199999999996,127.71474645444962,31.155509,-32.280725,0,chrono_body_contact,0,,,,,,,,0
mpc_tire_model_sweep,pacejka_rigfit,standard,pacejka-rigfit,tire_force_static,dirt,sinusoidal,5.0,0,100,/home/ksha/Documents/sbel/offroad-control/benchmarking/results/mpc_tire_model_sweep_calibrated_20260828_002629/raw/0540_pacejka_rigfit_dirt_sinusoidal_v5_b0_s100,ok,0,19.137089252471924,15.0,0.99,/home/ksha/Documents/sbel/offroad-control/benchmarking/results/mpc_tire_model_sweep_calibrated_20260828_002629/raw/0540_pacejka_rigfit_dirt_sinusoidal_v5_b0_s100/20260828_032043_951279_dirt_sinusoidal_acados_pacejka-rigfit/diag_dirt_sinusoidal_acados_pacejka-rigfit.csv,,,1247,0.16874572352677092,0.519798,0.13496775530932595,3.732869067405355,5.27425,0.746573813481071,2.3898797113071373,3.6907999999999994,124.29452492363993,49.488437,0.39667,0,chrono_body_contact,0,,,,,,,,0
mpc_tire_model_sweep,pacejka_rigfit,standard,pacejka-rigfit,tire_force_static,dirt,sinusoidal,5.0,0,101,/home/ksha/Documents/sbel/offroad-control/benchmarking/results/mpc_tire_model_sweep_calibrated_20260828_002629/raw/0541_pacejka_rigfit_dirt_sinusoidal_v5_b0_s101,ok,0,19.13841438293457,15.0,0.99,/home/ksha/Documents/sbel/offroad-control/benchmarking/results/mpc_tire_model_sweep_calibrated_20260828_002629/raw/0541_pacejka_rigfit_dirt_sinusoidal_v5_b0_s101/20260828_032103_109019_dirt_sinusoidal_acados_pacejka-rigfit/diag_dirt_sinusoidal_acados_pacejka-rigfit.csv,,,1247,0.16052201665440144,0.486894,0.12677609787626964,3.613369806094183,5.17519,0.7226739612188366,2.332101042502005,3.53,119.42873841704494,48.27663,1.113058,0,chrono_body_contact,0,,,,,,,,0
mpc_tire_model_sweep,pacejka_rigfit,standard,pacejka-rigfit,tire_force_static,dirt,sinusoidal,5.0,0,102,/home/ksha/Documents/sbel/offroad-control/benchmarking/results/mpc_tire_model_sweep_calibrated_20260828_002629/raw/0542_pacejka_rigfit_dirt_sinusoidal_v5_b0_s102,ok,0,19.136178731918335,15.0,0.99,/home/ksha/Documents/sbel/offroad-control/benchmarking/results/mpc_tire_model_sweep_calibrated_20260828_002629/raw/0542_pacejka_rigfit_dirt_sinusoidal_v5_b0_s102/20260828_032122_263825_dirt_sinusoidal_acados_pacejka-rigfit/diag_dirt_sinusoidal_acados_pacejka-rigfit.csv,,,1248,0.16949001235043687,0.526174,0.13661176269621422,3.6458702677746992,5.23302,0.7291740535549398,2.262403846153846,3.3552999999999997,124.93449581376048,48.528016,0.976729,0,chrono_body_contact,0,,,,,,,,0
mpc_tire_model_sweep,pacejka_rigfit,standard,pacejka-rigfit,tire_force_static,dirt,sinusoidal,5.0,0,103,/home/ksha/Documents/sbel/offroad-control/benchmarking/results/mpc_tire_model_sweep_calibrated_20260828_002629/raw/0543_pacejka_rigfit_dirt_sinusoidal_v5_b0_s103,ok,0,19.13464856147766,15.0,0.99,/home/ksha/Documents/sbel/offroad-control/benchmarking/results/mpc_tire_model_sweep_calibrated_20260828_002629/raw/0543_pacejka_rigfit_dirt_sinusoidal_v5_b0_s103/20260828_032141_438754_dirt_sinusoidal_acados_pacejka-rigfit/diag_dirt_sinusoidal_acados_pacejka-rigfit.csv,,,1248,0.16832946614441158,0.513332,0.1366502871652816,3.8093626038781156,5.21789,0.7618725207756232,2.274439102564103,3.4553,123.43839521666837,50.585823,-0.067434,0,chrono_body_contact,0,,,,,,,,0
mpc_tire_model_sweep,pacejka_rigfit,standard,pacejka-rigfit,tire_force_static,dirt,sinusoidal,5.0,0,104,/home/ksha/Documents/sbel/offroad-control/benchmarking/results/mpc_tire_model_sweep_calibrated_20260828_002629/raw/0544_pacejka_rigfit_dirt_sinusoidal_v5_b0_s104,ok,0,19.135961771011353,15.0,0.99,/home/ksha/Documents/sbel/offroad-control/benchmarking/results/mpc_tire_model_sweep_calibrated_20260828_002629/raw/0544_pacejka_rigfit_dirt_sinusoidal_v5_b0_s104/20260828_032200_570332_dirt_sinusoidal_acados_pacejka-rigfit/diag_dirt_sinusoidal_acados_pacejka-rigfit.csv,,,1248,0.16542385743725713,0.460827,0.13255508033240998,3.6435843028624193,5.24585,0.7287168605724839,2.9411778846153847,4.380599999999999,123.37932594184505,48.599656,0.866017,0,chrono_body_contact,0,,,,,,,,0
mpc_tire_model_sweep,pacejka_rigfit,standard,pacejka-rigfit,tire_force_static,dirt,sinusoidal,5.0,4,100,/home/ksha/Documents/sbel/offroad-control/benchmarking/results/mpc_tire_model_sweep_calibrated_20260828_002629/raw/0545_pacejka_rigfit_dirt_sinusoidal_v5_b4_s100,ok,0,19.339076042175293,15.0,0.99,/home/ksha/Documents/sbel/offroad-control/benchmarking/results/mpc_tire_model_sweep_calibrated_20260828_002629/raw/0545_pacejka_rigfit_dirt_sinusoidal_v5_b4_s100/20260828_032219_737249_dirt_sinusoidal_acados_pacejka-rigfit/diag_dirt_sinusoidal_acados_pacejka-rigfit.csv,,,1247,0.16782939057563462,0.543438,0.13410606371191136,3.6481039704524467,5.19325,0.7296207940904893,2.371692060946271,3.520799999999999,123.83957219398117,48.63636,0.815405,0,chrono_body_contact,0,,,,,,,,0
mpc_tire_model_sweep,pacejka_rigfit,standard,pacejka-rigfit,tire_force_static,dirt,sinusoidal,5.0,4,101,/home/ksha/Documents/sbel/offroad-control/benchmarking/results/mpc_tire_model_sweep_calibrated_20260828_002629/raw/0546_pacejka_rigfit_dirt_sinusoidal_v5_b4_s101,ok,0,19.339486360549927,15.0,0.99,/home/ksha/Documents/sbel/offroad-control/benchmarking/results/mpc_tire_model_sweep_calibrated_20260828_002629/raw/0546_pacejka_rigfit_dirt_sinusoidal_v5_b4_s101/20260828_032239_094137_dirt_sinusoidal_acados_pacejka-rigfit/diag_dirt_sinusoidal_acados_pacejka-rigfit.csv,,,1248,0.1668836923999485,0.489037,0.13208155032317634,3.581050138504155,5.13078,0.716210027700831,2.8838942307692306,4.335299999999999,119.55191473227916,47.883335,1.298846,0,chrono_body_contact,0,,,,,,,,0
mpc_tire_model_sweep,pacejka_rigfit,standard,pacejka-rigfit,tire_force_static,dirt,sinusoidal,5.0,4,102,/home/ksha/Documents/sbel/offroad-control/benchmarking/results/mpc_tire_model_sweep_calibrated_20260828_002629/raw/0547_pacejka_rigfit_dirt_sinusoidal_v5_b4_s102,ok,0,19.33575463294983,15.0,0.99,/home/ksha/Documents/sbel/offroad-control/benchmarking/results/mpc_tire_model_sweep_calibrated_20260828_002629/raw/0547_pacejka_rigfit_dirt_sinusoidal_v5_b4_s102/20260828_032258_450306_dirt_sinusoidal_acados_pacejka-rigfit/diag_dirt_sinusoidal_acados_pacejka-rigfit.csv,,,1248,0.17882047383325328,0.511257,0.14188900369344412,3.781313850415512,5.21686,0.7562627700831024,2.2986939102564103,3.5305999999999993,125.4574098749302,50.226046,0.139531,0,chrono_body_contact,0,,,,,,,,0
mpc_tire_model_sweep,pacejka_rigfit,standard,pacejka-rigfit,tire_force_static,dirt,sinusoidal,5.0,4,103,/home/ksha/Documents/sbel/offroad-control/benchmarking/results/mpc_tire_model_sweep_calibrated_20260828_002629/raw/0548_pacejka_rigfit_dirt_sinusoidal_v5_b4_s103,ok,0,19.332352876663208,15.0,0.99,/home/ksha/Documents/sbel/offroad-control/benchmarking/results/mpc_tire_model_sweep_calibrated_20260828_002629/raw/0548_pacejka_rigfit_dirt_sinusoidal_v5_b4_s103/20260828_032317_811676_dirt_sinusoidal_acados_pacejka-rigfit/diag_dirt_sinusoidal_acados_pacejka-rigfit.csv,,,1248,0.17269316100729523,0.504215,0.1371906398891967,3.653687442289935,5.16029,0.730737488457987,2.2803525641025644,3.391199999999999,122.9552614381891,48.688399,0.906771,0,chrono_body_contact,0,,,,,,,,0
mpc_tire_model_sweep,pacejka_rigfit,standard,pacejka-rigfit,tire_force_static,dirt,sinusoidal,5.0,4,104,/home/ksha/Documents/sbel/offroad-control/benchmarking/results/mpc_tire_model_sweep_calibrated_20260828_002629/raw/0549_pacejka_rigfit_dirt_sinusoidal_v5_b4_s104,ok,0,19.33902907371521,15.0,0.99,/home/ksha/Documents/sbel/offroad-control/benchmarking/results/mpc_tire_model_sweep_calibrated_20260828_002629/raw/0549_pacejka_rigfit_dirt_sinusoidal_v5_b4_s104/20260828_032337_159613_dirt_sinusoidal_acados_pacejka-rigfit/diag_dirt_sinusoidal_acados_pacejka-rigfit.csv,,,1245,0.16326721345408535,0.471058,0.13022483841181903,3.594700369344414,5.0828500000000005,0.7189400738688828,2.528763052208835,4.26,122.68383349176521,47.956919,1.144978,0,chrono_body_contact,0,,,,,,,,0
mpc_tire_model_sweep,pacejka_rigfit,standard,pacejka-rigfit,tire_force_static,dirt,sinusoidal,5.0,8,100,/home/ksha/Documents/sbel/offroad-control/benchmarking/results/mpc_tire_model_sweep_calibrated_20260828_002629/raw/0550_pacejka_rigfit_dirt_sinusoidal_v5_b8_s100,ok,0,19.480013608932495,15.0,0.99,/home/ksha/Documents/sbel/offroad-control/benchmarking/results/mpc_tire_model_sweep_calibrated_20260828_002629/raw/0550_pacejka_rigfit_dirt_sinusoidal_v5_b8_s100/20260828_032356_526361_dirt_sinusoidal_acados_pacejka-rigfit/diag_dirt_sinusoidal_acados_pacejka-rigfit.csv,,,1248,0.17264743555159462,0.527287,0.1366110923361034,3.712227423822715,5.34943,0.742445484764543,2.306810897435897,3.5305999999999993,124.07749545840086,49.031982,0.672252,0,chrono_body_contact,0,,,,,,,,0
mpc_tire_model_sweep,pacejka_rigfit,standard,pacejka-rigfit,tire_force_static,dirt,sinusoidal,5.0,8,101,/home/ksha/Documents/sbel/offroad-control/benchmarking/results/mpc_tire_model_sweep_calibrated_20260828_002629/raw/0551_pacejka_rigfit_dirt_sinusoidal_v5_b8_s101,ok,0,19.484863758087158,15.0,0.99,/home/ksha/Documents/sbel/offroad-control/benchmarking/results/mpc_tire_model_sweep_calibrated_20260828_002629/raw/0551_pacejka_rigfit_dirt_sinusoidal_v5_b8_s101/20260828_032416_017007_dirt_sinusoidal_acados_pacejka-rigfit/diag_dirt_sinusoidal_acados_pacejka-rigfit.csv,,,1248,0.1767995606238926,0.500556,0.1404195918744229,3.7715463527239144,5.305489999999999,0.7543092705447829,3.1131089743589744,4.6853,119.96268947544436,50.053262,0.302504,0,chrono_body_contact,0,,,,,,,,0
mpc_tire_model_sweep,pacejka_rigfit,standard,pacejka-rigfit,tire_force_static,dirt,sinusoidal,5.0,8,102,/home/ksha/Documents/sbel/offroad-control/benchmarking/results/mpc_tire_model_sweep_calibrated_20260828_002629/raw/0552_pacejka_rigfit_dirt_sinusoidal_v5_b8_s102,ok,0,19.485135316848755,15.0,0.99,/home/ksha/Documents/sbel/offroad-control/benchmarking/results/mpc_tire_model_sweep_calibrated_20260828_002629/raw/0552_pacejka_rigfit_dirt_sinusoidal_v5_b8_s102/20260828_032435_529232_dirt_sinusoidal_acados_pacejka-rigfit/diag_dirt_sinusoidal_acados_pacejka-rigfit.csv,,,1247,0.18292232437078965,0.545413,0.14686587719298244,3.7308096952908585,5.30148,0.7461619390581717,2.443825180433039,3.7553999999999994,125.04033766664375,49.552285,0.552629,0,chrono_body_contact,0,,,,,,,,0
mpc_tire_model_sweep,pacejka_rigfit,standard,pacejka-rigfit,tire_force_static,dirt,sinusoidal,5.0,8,103,/home/ksha/Documents/sbel/offroad-control/benchmarking/results/mpc_tire_model_sweep_calibrated_20260828_002629/raw/0553_pacejka_rigfit_dirt_sinusoidal_v5_b8_s103,ok,0,19.435811042785645,15.0,0.99,/home/ksha/Documents/sbel/offroad-control/benchmarking/results/mpc_tire_model_sweep_calibrated_20260828_002629/raw/0553_pacejka_rigfit_dirt_sinusoidal_v5_b8_s103/20260828_032455_035693_dirt_sinusoidal_acados_pacejka-rigfit/diag_dirt_sinusoidal_acados_pacejka-rigfit.csv,,,1248,0.18682974858755994,0.599968,0.14980082733148659,3.8375762696214224,5.39654,0.7675152539242844,2.3570833333333336,3.5664999999999987,123.56570828813949,50.804178,-0.15748,0,chrono_body_contact,0,,,,,,,,0
mpc_tire_model_sweep,pacejka_rigfit,standard,pacejka-rigfit,tire_force_static,dirt,sinusoidal,5.0,8,104,/home/ksha/Documents/sbel/offroad-control/benchmarking/results/mpc_tire_model_sweep_calibrated_20260828_002629/raw/0554_pacejka_rigfit_dirt_sinusoidal_v5_b8_s104,ok,0,19.535200595855713,15.0,0.99,/home/ksha/Documents/sbel/offroad-control/benchmarking/results/mpc_tire_model_sweep_calibrated_20260828_002629/raw/0554_pacejka_rigfit_dirt_sinusoidal_v5_b8_s104/20260828_032514_491179_dirt_sinusoidal_acados_pacejka-rigfit/diag_dirt_sinusoidal_acados_pacejka-rigfit.csv,,,1248,0.16563900053889624,0.450435,0.13136248476454296,3.5972721144967683,5.28337,0.7194544228993537,2.277516025641025,3.47,123.11617900867148,47.794929,1.263389,0,chrono_body_contact,0,,,,,,,,0
mpc_tire_model_sweep,pacejka_rigfit,standard,pacejka-rigfit,tire_force_static,dirt,sinusoidal,7.0,0,100,/home/ksha/Documents/sbel/offroad-control/benchmarking/results/mpc_tire_model_sweep_calibrated_20260828_002629/raw/0555_pacejka_rigfit_dirt_sinusoidal_v7_b0_s100,ok,0,19.13744592666626,15.0,0.99,/home/ksha/Documents/sbel/offroad-control/benchmarking/results/mpc_tire_model_sweep_calibrated_20260828_002629/raw/0555_pacejka_rigfit_dirt_sinusoidal_v7_b0_s100/20260828_032534_037726_dirt_sinusoidal_acados_pacejka-rigfit/diag_dirt_sinusoidal_acados_pacejka-rigfit.csv,,,1248,0.5569690229440845,1.651568,0.36882346722068327,4.31525429362881,6.5871699999999995,0.6164648990898299,3.1117788461538463,4.785299999999999,128.26641573142413,56.246443,-1.5327,0,chrono_body_contact,0,,,,,,,,0
mpc_tire_model_sweep,pacejka_rigfit,standard,pacejka-rigfit,tire_force_static,dirt,sinusoidal,7.0,0,101,/home/ksha/Documents/sbel/offroad-control/benchmarking/results/mpc_tire_model_sweep_calibrated_20260828_002629/raw/0556_pacejka_rigfit_dirt_sinusoidal_v7_b0_s101,ok,0,19.17546248435974,15.0,0.99,/home/ksha/Documents/sbel/offroad-control/benchmarking/results/mpc_tire_model_sweep_calibrated_20260828_002629/raw/0556_pacejka_rigfit_dirt_sinusoidal_v7_b0_s101/20260828_032553_226601_dirt_sinusoidal_acados_pacejka-rigfit/diag_dirt_sinusoidal_acados_pacejka-rigfit.csv,,,1248,0.5572954995683226,1.731582,0.35398561218836566,4.0936199445983386,6.4976899999999995,0.584802849228334,2.6883493589743592,4.631199999999999,123.19354403633007,53.773349,-0.019452,0,chrono_body_contact,0,,,,,,,,0
mpc_tire_model_sweep,pacejka_rigfit,standard,pacejka-rigfit,tire_force_static,dirt,sinusoidal,7.0,0,102,/home/ksha/Documents/sbel/offroad-control/benchmarking/results/mpc_tire_model_sweep_calibrated_20260828_002629/raw/0557_pacejka_rigfit_dirt_sinusoidal_v7_b0_s102,ok,0,19.13177752494812,15.0,0.99,/home/ksha/Documents/sbel/offroad-control/benchmarking/results/mpc_tire_model_sweep_calibrated_20260828_002629/raw/0557_pacejka_rigfit_dirt_sinusoidal_v7_b0_s102/20260828_032612_400708_dirt_sinusoidal_acados_pacejka-rigfit/diag_dirt_sinusoidal_acados_pacejka-rigfit.csv,,,1248,0.6103995584392089,1.789678,0.39876125392428435,4.5173370267774695,6.86515,0.6453338609682099,3.2383493589743586,4.755299999999999,130.38340661752807,58.820922,-2.036001,0,chrono_body_contact,0,,,,,,,,0
mpc_tire_model_sweep,pacejka_rigfit,standard,pacejka-rigfit,tire_force_static,dirt,sinusoidal,7.0,0,103,/home/ksha/Documents/sbel/offroad-control/benchmarking/results/mpc_tire_model_sweep_calibrated_20260828_002629/raw/0558_pacejka_rigfit_dirt_sinusoidal_v7_b0_s103,ok,0,19.130833625793457,15.0,0.99,/home/ksha/Documents/sbel/offroad-control/benchmarking/results/mpc_tire_model_sweep_calibrated_20260828_002629/raw/0558_pacejka_rigfit_dirt_sinusoidal_v7_b0_s103/20260828_032631_547579_dirt_sinusoidal_acados_pacejka-rigfit/diag_dirt_sinusoidal_acados_pacejka-rigfit.csv,,,1248,0.5840430409713641,1.733416,0.38310409418282554,4.426481809787628,6.699269999999999,0.6323545442553754,2.674511217948718,3.8252999999999995,127.86076346197486,57.662352,-1.823728,0,chrono_body_contact,0,,,,,,,,0
mpc_tire_model_sweep,pacejka_rigfit,standard,pacejka-rigfit,tire_force_static,dirt,sinusoidal,7.0,0,104,/home/ksha/Documents/sbel/offroad-control/benchmarking/results/mpc_tire_model_sweep_calibrated_20260828_002629/raw/0559_pacejka_rigfit_dirt_sinusoidal_v7_b0_s104,ok,0,19.13856530189514,15.0,0.99,/home/ksha/Documents/sbel/offroad-control/benchmarking/results/mpc_tire_model_sweep_calibrated_20260828_002629/raw/0559_pacejka_rigfit_dirt_sinusoidal_v7_b0_s104/20260828_032650_706970_dirt_sinusoidal_acados_pacejka-rigfit/diag_dirt_sinusoidal_acados_pacejka-rigfit.csv,,,1247,0.5859722294484412,1.754378,0.38504420406278844,4.314578855032318,6.615259999999999,0.6163684078617597,2.7419486768243786,3.8353999999999995,127.87877334865308,56.425596,-1.399174,0,chrono_body_contact,0,,,,,,,,0
mpc_tire_model_sweep,pacejka_rigfit,standard,pacejka-rigfit,tire_force_static,dirt,sinusoidal,7.0,4,100,/home/ksha/Documents/sbel/offroad-control/benchmarking/results/mpc_tire_model_sweep_calibrated_20260828_002629/raw/0560_pacejka_rigfit_dirt_sinusoidal_v7_b4_s100,ok,0,19.339497804641724,15.0,0.99,/home/ksha/Documents/sbel/offroad-control/benchmarking/results/mpc_tire_model_sweep_calibrated_20260828_002629/raw/0560_pacejka_rigfit_dirt_sinusoidal_v7_b4_s100/20260828_032709_857339_dirt_sinusoidal_acados_pacejka-rigfit/diag_dirt_sinusoidal_acados_pacejka-rigfit.csv,,,1248,0.5510596917016132,1.71521,0.3648558060941828,4.282153370267775,6.593019999999999,0.6117361957525392,2.66417467948718,3.85,128.0652723769255,55.900091,-1.379608,0,chrono_body_contact,0,,,,,,,,0
mpc_tire_model_sweep,pacejka_rigfit,standard,pacejka-rigfit,tire_force_static,dirt,sinusoidal,7.0,4,101,/home/ksha/Documents/sbel/offroad-control/benchmarking/results/mpc_tire_model_sweep_calibrated_20260828_002629/raw/0561_pacejka_rigfit_dirt_sinusoidal_v7_b4_s101,ok,0,19.337055206298828,15.0,0.99,/home/ksha/Documents/sbel/offroad-control/benchmarking/results/mpc_tire_model_sweep_calibrated_20260828_002629/raw/0561_pacejka_rigfit_dirt_sinusoidal_v7_b4_s101/20260828_032729_219168_dirt_sinusoidal_acados_pacejka-rigfit/diag_dirt_sinusoidal_acados_pacejka-rigfit.csv,,,1248,0.6186238676359225,1.871914,0.39860577654662976,4.278709233610342,6.5936699999999995,0.6112441762300488,2.686530448717949,3.925899999999999,124.1104369437747,55.979168,-0.990409,0,chrono_body_contact,0,,,,,,,,0
mpc_tire_model_sweep,pacejka_rigfit,standard,pacejka-rigfit,tire_force_static,dirt,sinusoidal,7.0,4,102,/home/ksha/Documents/sbel/offroad-control/benchmarking/results/mpc_tire_model_sweep_calibrated_20260828_002629/raw/0562_pacejka_rigfit_dirt_sinusoidal_v7_b4_s102,ok,0,19.38522696495056,15.0,0.99,/home/ksha/Documents/sbel/offroad-control/benchmarking/results/mpc_tire_model_sweep_calibrated_20260828_002629/raw/0562_pacejka_rigfit_dirt_sinusoidal_v7_b4_s102/20260828_032748_573198_dirt_sinusoidal_acados_pacejka-rigfit/diag_dirt_sinusoidal_acados_pacejka-rigfit.csv,,,1248,0.5843104167713492,1.712435,0.380269216066482,4.356654201292705,6.65794,0.6223791716132435,3.4336698717948715,4.9052999999999995,129.51797757143856,56.826407,-1.565296,0,chrono_body_contact,0,,,,,,,,0
mpc_tire_model_sweep,pacejka_rigfit,standard,pacejka-rigfit,tire_force_static,dirt,sinusoidal,7.0,4,103,/home/ksha/Documents/sbel/offroad-control/benchmarking/results/mpc_tire_model_sweep_calibrated_20260828_002629/raw/0563_pacejka_rigfit_dirt_sinusoidal_v7_b4_s103,ok,0,19.3397216796875,15.0,0.99,/home/ksha/Documents/sbel/offroad-control/benchmarking/results/mpc_tire_model_sweep_calibrated_20260828_002629/raw/0563_pacejka_rigfit_dirt_sinusoidal_v7_b4_s103/20260828_032807_974271_dirt_sinusoidal_acados_pacejka-rigfit/diag_dirt_sinusoidal_acados_pacejka-rigfit.csv,,,1248,0.5928595660154025,1.779688,0.38984455124653733,4.382873499538319,6.6819299999999995,0.6261247856483313,2.912379807692308,4.73,127.71121862768841,57.227644,-1.675051,0,chrono_body_contact,0,,,,,,,,0
mpc_tire_model_sweep,pacejka_rigfit,standard,pacejka-rigfit,tire_force_static,dirt,sinusoidal,7.0,4,104,/home/ksha/Documents/sbel/offroad-control/benchmarking/results/mpc_tire_model_sweep_calibrated_20260828_002629/raw/0564_pacejka_rigfit_dirt_sinusoidal_v7_b4_s104,ok,0,19.335237503051758,15.0,0.99,/home/ksha/Documents/sbel/offroad-control/benchmarking/results/mpc_tire_model_sweep_calibrated_20260828_002629/raw/0564_pacejka_rigfit_dirt_sinusoidal_v7_b4_s104/20260828_032827_337229_dirt_sinusoidal_acados_pacejka-rigfit/diag_dirt_sinusoidal_acados_pacejka-rigfit.csv,,,1248,0.6149635325166609,1.837367,0.39842905817174523,4.34341837488458,6.69416,0.6204883392692258,2.631899038461538,3.6905999999999994,128.08200786574335,56.787331,-1.448332,0,chrono_body_contact,0,,,,,,,,0
mpc_tire_model_sweep,pacejka_rigfit,standard,pacejka-rigfit,tire_force_static,dirt,sinusoidal,7.0,8,100,/home/ksha/Documents/sbel/offroad-control/benchmarking/results/mpc_tire_model_sweep_calibrated_20260828_002629/raw/0565_pacejka_rigfit_dirt_sinusoidal_v7_b8_s100,ok,0,19.43747305870056,15.0,0.99,/home/ksha/Documents/sbel/offroad-control/benchmarking/results/mpc_tire_model_sweep_calibrated_20260828_002629/raw/0565_pacejka_rigfit_dirt_sinusoidal_v7_b8_s100/20260828_032846_687871_dirt_sinusoidal_acados_pacejka-rigfit/diag_dirt_sinusoidal_acados_pacejka-rigfit.csv,,,1248,0.5152131615072857,1.539914,0.3528126888273315,4.348304709141274,6.476309999999999,0.621186387020182,3.1878605769230766,4.840599999999999,128.25554811097288,56.442498,-1.779908,0,chrono_body_contact,0,,,,,,,,0
mpc_tire_model_sweep,pacejka_rigfit,standard,pacejka-rigfit,tire_force_static,dirt,sinusoidal,7.0,8,101,/home/ksha/Documents/sbel/offroad-control/benchmarking/results/mpc_tire_model_sweep_calibrated_20260828_002629/raw/0566_pacejka_rigfit_dirt_sinusoidal_v7_b8_s101,ok,0,19.485588788986206,15.0,0.99,/home/ksha/Documents/sbel/offroad-control/benchmarking/results/mpc_tire_model_sweep_calibrated_20260828_002629/raw/0566_pacejka_rigfit_dirt_sinusoidal_v7_b8_s101/20260828_032906_159197_dirt_sinusoidal_acados_pacejka-rigfit/diag_dirt_sinusoidal_acados_pacejka-rigfit.csv,,,1248,0.5099588007973056,1.544906,0.35015056140350875,4.307360203139428,6.46289,0.6153371718770612,2.714423076923077,3.830599999999999,123.82413837110006,56.284826,-1.596558,0,chrono_body_contact,0,,,,,,,,0
mpc_tire_model_sweep,pacejka_rigfit,standard,pacejka-rigfit,tire_force_static,dirt,sinusoidal,7.0,8,102,/home/ksha/Documents/sbel/offroad-control/benchmarking/results/mpc_tire_model_sweep_calibrated_20260828_002629/raw/0567_pacejka_rigfit_dirt_sinusoidal_v7_b8_s102,ok,0,19.48804497718811,15.0,0.99,/home/ksha/Documents/sbel/offroad-control/benchmarking/results/mpc_tire_model_sweep_calibrated_20260828_002629/raw/0567_pacejka_rigfit_dirt_sinusoidal_v7_b8_s102/20260828_032925_667994_dirt_sinusoidal_acados_pacejka-rigfit/diag_dirt_sinusoidal_acados_pacejka-rigfit.csv,,,1247,0.48436188081817144,1.418231,0.33761510710987996,4.452690212373038,6.53617,0.6360986017675768,2.787097032878909,3.7507999999999995,129.49502446521691,57.960723,-2.343576,0,chrono_body_contact,0,,,,,,,,0
mpc_tire_model_sweep,pacejka_rigfit,standard,pacejka-rigfit,tire_force_static,dirt,sinusoidal,7.0,8,103,/home/ksha/Documents/sbel/offroad-control/benchmarking/results/mpc_tire_model_sweep_calibrated_20260828_002629/raw/0568_pacejka_rigfit_dirt_sinusoidal_v7_b8_s103,ok,0,19.432785034179688,15.0,0.99,/home/ksha/Documents/sbel/offroad-control/benchmarking/results/mpc_tire_model_sweep_calibrated_20260828_002629/raw/0568_pacejka_rigfit_dirt_sinusoidal_v7_b8_s103/20260828_032945_162789_dirt_sinusoidal_acados_pacejka-rigfit/diag_dirt_sinusoidal_acados_pacejka-rigfit.csv,,,1248,0.5254320598441685,1.620069,0.36110640535549393,4.279427054478301,6.4841099999999985,0.6113467220683287,3.1350721153846157,4.9453,127.08758848236128,55.778428,-1.302315,0,chrono_body_contact,0,,,,,,,,0
mpc_tire_model_sweep,pacejka_rigfit,standard,pacejka-rigfit,tire_force_static,dirt,sinusoidal,7.0,8,104,/home/ksha/Documents/sbel/offroad-control/benchmarking/results/mpc_tire_model_sweep_calibrated_20260828_002629/raw/0569_pacejka_rigfit_dirt_sinusoidal_v7_b8_s104,ok,0,19.42800784111023,15.0,0.99,/home/ksha/Documents/sbel/offroad-control/benchmarking/results/mpc_tire_model_sweep_calibrated_20260828_002629/raw/0569_pacejka_rigfit_dirt_sinusoidal_v7_b8_s104/20260828_033004_621666_dirt_sinusoidal_acados_pacejka-rigfit/diag_dirt_sinusoidal_acados_pacejka-rigfit.csv,,,1248,0.5432270635072043,1.593324,0.3735091717451524,4.515162603878116,6.5774799999999995,0.6450232291254451,2.7207692307692306,3.8152999999999997,128.7360752475945,58.643021,-2.392487,0,chrono_body_contact,0,,,,,,,,0
mpc_tire_model_sweep,pacejka_rigfit,standard,pacejka-rigfit,tire_force_static,dirt,sinusoidal,9.0,0,100,/home/ksha/Documents/sbel/offroad-control/benchmarking/results/mpc_tire_model_sweep_calibrated_20260828_002629/raw/0570_pacejka_rigfit_dirt_sinusoidal_v9_b0_s100,ok,0,19.175334215164185,15.0,0.99,/home/ksha/Documents/sbel/offroad-control/benchmarking/results/mpc_tire_model_sweep_calibrated_20260828_002629/raw/0570_pacejka_rigfit_dirt_sinusoidal_v9_b0_s100/20260828_033024_067261_dirt_sinusoidal_acados_pacejka-rigfit/diag_dirt_sinusoidal_acados_pacejka-rigfit.csv,,,1247,0.7680201832065018,2.341515,0.47150058541089573,4.390720036934441,6.810759999999999,0.48785778188160456,2.8250441058540496,3.8953999999999995,128.8405111057143,57.215049,-0.91141,0,chrono_body_contact,0,,,,,,,,0
mpc_tire_model_sweep,pacejka_rigfit,standard,pacejka-rigfit,tire_force_static,dirt,sinusoidal,9.0,0,101,/home/ksha/Documents/sbel/offroad-control/benchmarking/results/mpc_tire_model_sweep_calibrated_20260828_002629/raw/0571_pacejka_rigfit_dirt_sinusoidal_v9_b0_s101,ok,0,19.179126501083374,15.0,0.99,/home/ksha/Documents/sbel/offroad-control/benchmarking/results/mpc_tire_model_sweep_calibrated_20260828_002629/raw/0571_pacejka_rigfit_dirt_sinusoidal_v9_b0_s101/20260828_033043_256986_dirt_sinusoidal_acados_pacejka-rigfit/diag_dirt_sinusoidal_acados_pacejka-rigfit.csv,,,1248,0.6815034683589558,2.015196,0.43167159095106195,4.4115992613111725,6.831269999999999,0.49017769570124137,3.4051041666666664,4.875299999999999,124.83996797394684,57.677063,-1.399581,0,chrono_body_contact,0,,,,,,,,0
mpc_tire_model_sweep,pacejka_rigfit,standard,pacejka-rigfit,tire_force_static,dirt,sinusoidal,9.0,0,102,/home/ksha/Documents/sbel/offroad-control/benchmarking/results/mpc_tire_model_sweep_calibrated_20260828_002629/raw/0572_pacejka_rigfit_dirt_sinusoidal_v9_b0_s102,ok,0,19.180842399597168,15.0,0.99,/home/ksha/Documents/sbel/offroad-control/benchmarking/results/mpc_tire_model_sweep_calibrated_20260828_002629/raw/0572_pacejka_rigfit_dirt_sinusoidal_v9_b0_s102/20260828_033102_465167_dirt_sinusoidal_acados_pacejka-rigfit/diag_dirt_sinusoidal_acados_pacejka-rigfit.csv,,,1248,0.7018270808272863,2.093682,0.4451643711911358,4.420709141274239,6.7886,0.49118990458602657,2.9362339743589745,4.875299999999999,130.06480255951575,57.646022,-1.337935,0,chrono_body_contact,0,,,,,,,,0
mpc_tire_model_sweep,pacejka_rigfit,standard,pacejka-rigfit,tire_force_static,dirt,sinusoidal,9.0,0,103,/home/ksha/Documents/sbel/offroad-control/benchmarking/results/mpc_tire_model_sweep_calibrated_20260828_002629/raw/0573_pacejka_rigfit_dirt_sinusoidal_v9_b0_s103,ok,0,19.1338529586792,15.0,0.99,/home/ksha/Documents/sbel/offroad-control/benchmarking/results/mpc_tire_model_sweep_calibrated_20260828_002629/raw/0573_pacejka_rigfit_dirt_sinusoidal_v9_b0_s103/20260828_033121_663728_dirt_sinusoidal_acados_pacejka-rigfit/diag_dirt_sinusoidal_acados_pacejka-rigfit.csv,,,1248,0.6819639221722209,2.057643,0.431661726685134,4.40677054478301,6.76614,0.4896411716425566,2.709238782051282,3.78,127.96511028838556,57.504122,-1.328323,0,chrono_body_contact,0,,,,,,,,0
mpc_tire_model_sweep,pacejka_rigfit,standard,pacejka-rigfit,tire_force_static,dirt,sinusoidal,9.0,0,104,/home/ksha/Documents/sbel/offroad-control/benchmarking/results/mpc_tire_model_sweep_calibrated_20260828_002629/raw/0574_pacejka_rigfit_dirt_sinusoidal_v9_b0_s104,ok,0,19.132177352905273,15.0,0.99,/home/ksha/Documents/sbel/offroad-control/benchmarking/results/mpc_tire_model_sweep_calibrated_20260828_002629/raw/0574_pacejka_rigfit_dirt_sinusoidal_v9_b0_s104/20260828_033140_806003_dirt_sinusoidal_acados_pacejka-rigfit/diag_dirt_sinusoidal_acados_pacejka-rigfit.csv,,,1248,0.6905390212528266,2.058784,0.4392606620498615,4.554180609418283,6.95033,0.5060200677131426,3.168044871794872,4.67,129.23317240858572,59.394492,-1.962738,0,chrono_body_contact,0,,,,,,,,0
mpc_tire_model_sweep,pacejka_rigfit,standard,pacejka-rigfit,tire_force_static,dirt,sinusoidal,9.0,4,100,/home/ksha/Documents/sbel/offroad-control/benchmarking/results/mpc_tire_model_sweep_calibrated_20260828_002629/raw/0575_pacejka_rigfit_dirt_sinusoidal_v9_b4_s100,ok,0,19.430840015411377,15.0,0.99,/home/ksha/Documents/sbel/offroad-control/benchmarking/results/mpc_tire_model_sweep_calibrated_20260828_002629/raw/0575_pacejka_rigfit_dirt_sinusoidal_v9_b4_s100/20260828_033159_954769_dirt_sinusoidal_acados_pacejka-rigfit/diag_dirt_sinusoidal_acados_pacejka-rigfit.csv,,,1248,0.7559689041119798,2.287044,0.46555385410895656,4.3893391505078485,6.82071,0.4877043500564276,3.2949759615384617,4.75,128.87229778188288,57.26053,-0.999344,0,chrono_body_contact,0,,,,,,,,0
mpc_tire_model_sweep,pacejka_rigfit,standard,pacejka-rigfit,tire_force_static,dirt,sinusoidal,9.0,4,101,/home/ksha/Documents/sbel/offroad-control/benchmarking/results/mpc_tire_model_sweep_calibrated_20260828_002629/raw/0576_pacejka_rigfit_dirt_sinusoidal_v9_b4_s101,ok,0,19.37830901145935,15.0,0.99,/home/ksha/Documents/sbel/offroad-control/benchmarking/results/mpc_tire_model_sweep_calibrated_20260828_002629/raw/0576_pacejka_rigfit_dirt_sinusoidal_v9_b4_s101/20260828_033219_410470_dirt_sinusoidal_acados_pacejka-rigfit/diag_dirt_sinusoidal_acados_pacejka-rigfit.csv,,,1248,0.6441018251367991,2.023754,0.38741349584487533,4.115297968605725,6.54389,0.4572553298450806,3.5059695512820506,6.067099999999998,123.38118690790179,54.18688,0.204636,0,chrono_body_contact,0,,,,,,,,0
mpc_tire_model_sweep,pacejka_rigfit,standard,pacejka-rigfit,tire_force_static,dirt,sinusoidal,9.0,4,102,/home/ksha/Documents/sbel/offroad-control/benchmarking/results/mpc_tire_model_sweep_calibrated_20260828_002629/raw/0577_pacejka_rigfit_dirt_sinusoidal_v9_b4_s102,ok,0,19.380901098251343,15.0,0.99,/home/ksha/Documents/sbel/offroad-control/benchmarking/results/mpc_tire_model_sweep_calibrated_20260828_002629/raw/0577_pacejka_rigfit_dirt_sinusoidal_v9_b4_s102/20260828_033238_799811_dirt_sinusoidal_acados_pacejka-rigfit/diag_dirt_sinusoidal_acados_pacejka-rigfit.csv,,,1247,0.7022156594704144,2.083591,0.43546289104339797,4.334410433979686,6.68987,0.4816011593310762,2.7786367281475544,3.7653999999999996,129.58577025290407,56.628649,-0.905279,0,chrono_body_contact,0,,,,,,,,0
mpc_tire_model_sweep,pacejka_rigfit,standard,pacejka-rigfit,tire_force_static,dirt,sinusoidal,9.0,4,103,/home/ksha/Documents/sbel/offroad-control/benchmarking/results/mpc_tire_model_sweep_calibrated_20260828_002629/raw/0578_pacejka_rigfit_dirt_sinusoidal_v9_b4_s103,ok,0,19.384870290756226,15.0,0.99,/home/ksha/Documents/sbel/offroad-control/benchmarking/results/mpc_tire_model_sweep_calibrated_20260828_002629/raw/0578_pacejka_rigfit_dirt_sinusoidal_v9_b4_s103/20260828_033258_210771_dirt_sinusoidal_acados_pacejka-rigfit/diag_dirt_sinusoidal_acados_pacejka-rigfit.csv,,,1248,0.6610187785345486,1.984236,0.4186343425669437,4.320567590027701,6.62897,0.48006306555863343,2.826794871794872,4.705299999999999,127.48805589803206,56.483389,-1.040245,0,chrono_body_contact,0,,,,,,,,0
mpc_tire_model_sweep,pacejka_rigfit,standard,pacejka-rigfit,tire_force_static,dirt,sinusoidal,9.0,4,104,/home/ksha/Documents/sbel/offroad-control/benchmarking/results/mpc_tire_model_sweep_calibrated_20260828_002629/raw/0579_pacejka_rigfit_dirt_sinusoidal_v9_b4_s104,ok,0,19.32849383354187,15.0,0.99,/home/ksha/Documents/sbel/offroad-control/benchmarking/results/mpc_tire_model_sweep_calibrated_20260828_002629/raw/0579_pacejka_rigfit_dirt_sinusoidal_v9_b4_s104/20260828_033317_614848_dirt_sinusoidal_acados_pacejka-rigfit/diag_dirt_sinusoidal_acados_pacejka-rigfit.csv,,,1248,0.7040401522905809,2.096631,0.4393547885503232,4.389845060018467,6.8069299999999995,0.4877605622242741,2.7133333333333334,3.88,128.4275208221171,57.435173,-1.272752,0,chrono_body_contact,0,,,,,,,,0
mpc_tire_model_sweep,pacejka_rigfit,standard,pacejka-rigfit,tire_force_static,dirt,sinusoidal,9.0,8,100,/home/ksha/Documents/sbel/offroad-control/benchmarking/results/mpc_tire_model_sweep_calibrated_20260828_002629/raw/0580_pacejka_rigfit_dirt_sinusoidal_v9_b8_s100,ok,0,19.43397045135498,15.0,0.99,/home/ksha/Documents/sbel/offroad-control/benchmarking/results/mpc_tire_model_sweep_calibrated_20260828_002629/raw/0580_pacejka_rigfit_dirt_sinusoidal_v9_b8_s100/20260828_033336_959064_dirt_sinusoidal_acados_pacejka-rigfit/diag_dirt_sinusoidal_acados_pacejka-rigfit.csv,,,1247,0.5759518969924704,1.716535,0.38489286888273316,4.494368790397045,6.655139999999999,0.49937431004411614,3.4763833199679226,4.7707999999999995,129.04216785695505,58.376795,-2.109196,0,chrono_body_contact,0,,,,,,,,0
mpc_tire_model_sweep,pacejka_rigfit,standard,pacejka-rigfit,tire_force_static,dirt,sinusoidal,9.0,8,101,/home/ksha/Documents/sbel/offroad-control/benchmarking/results/mpc_tire_model_sweep_calibrated_20260828_002629/raw/0581_pacejka_rigfit_dirt_sinusoidal_v9_b8_s101,ok,0,19.485925436019897,15.0,0.99,/home/ksha/Documents/sbel/offroad-control/benchmarking/results/mpc_tire_model_sweep_calibrated_20260828_002629/raw/0581_pacejka_rigfit_dirt_sinusoidal_v9_b8_s101/20260828_033356_410618_dirt_sinusoidal_acados_pacejka-rigfit/diag_dirt_sinusoidal_acados_pacejka-rigfit.csv,,,1248,0.6314847431930094,1.886534,0.4108904515235457,4.342022807017544,6.59451,0.48244697855750496,3.3784935897435893,4.71,124.1577831098278,56.71191,-1.150773,0,chrono_body_contact,0,,,,,,,,0
mpc_tire_model_sweep,pacejka_rigfit,standard,pacejka-rigfit,tire_force_static,dirt,sinusoidal,9.0,8,102,/home/ksha/Documents/sbel/offroad-control/benchmarking/results/mpc_tire_model_sweep_calibrated_20260828_002629/raw/0582_pacejka_rigfit_dirt_sinusoidal_v9_b8_s102,ok,0,19.482980966567993,15.0,0.99,/home/ksha/Documents/sbel/offroad-control/benchmarking/results/mpc_tire_model_sweep_calibrated_20260828_002629/raw/0582_pacejka_rigfit_dirt_sinusoidal_v9_b8_s102/20260828_033415_923951_dirt_sinusoidal_acados_pacejka-rigfit/diag_dirt_sinusoidal_acados_pacejka-rigfit.csv,,,1248,0.6409015112287997,1.891059,0.42370640073868887,4.429900738688827,6.640069999999999,0.4922111931876475,2.7389102564102563,3.8052999999999995,129.91497358492853,57.724673,-1.5658,0,chrono_body_contact,0,,,,,,,,0
mpc_tire_model_sweep,pacejka_rigfit,standard,pacejka-rigfit,tire_force_static,dirt,sinusoidal,9.0,8,103,/home/ksha/Documents/sbel/offroad-control/benchmarking/results/mpc_tire_model_sweep_calibrated_20260828_002629/raw/0583_pacejka_rigfit_dirt_sinusoidal_v9_b8_s103,ok,0,19.490487098693848,15.0,0.99,/home/ksha/Documents/sbel/offroad-control/benchmarking/results/mpc_tire_model_sweep_calibrated_20260828_002629/raw/0583_pacejka_rigfit_dirt_sinusoidal_v9_b8_s103/20260828_033435_428433_dirt_sinusoidal_acados_pacejka-rigfit/diag_dirt_sinusoidal_acados_pacejka-rigfit.csv,,,1248,0.5967474373463383,1.779555,0.40472453554939986,4.5905345337026775,6.697709999999999,0.5100593926336309,2.7486858974358976,3.65,128.67435914409492,59.812802,-2.33833,0,chrono_body_contact,0,,,,,,,,0
mpc_tire_model_sweep,pacejka_rigfit,standard,pacejka-rigfit,tire_force_static,dirt,sinusoidal,9.0,8,104,/home/ksha/Documents/sbel/offroad-control/benchmarking/results/mpc_tire_model_sweep_calibrated_20260828_002629/raw/0584_pacejka_rigfit_dirt_sinusoidal_v9_b8_s104,ok,0,19.43430495262146,15.0,0.99,/home/ksha/Documents/sbel/offroad-control/benchmarking/results/mpc_tire_model_sweep_calibrated_20260828_002629/raw/0584_pacejka_rigfit_dirt_sinusoidal_v9_b8_s104/20260828_033454_932312_dirt_sinusoidal_acados_pacejka-rigfit/diag_dirt_sinusoidal_acados_pacejka-rigfit.csv,,,1248,0.591791822883375,1.834173,0.388608972299169,4.219463434903047,6.5258899999999995,0.468829270544783,2.687668269230769,3.810599999999999,127.4450121148891,55.131893,-0.644168,0,chrono_body_contact,0,,,,,,,,0
mpc_tire_model_sweep,pacejka_rigfit,standard,pacejka-rigfit,tire_force_static,dirt,lane_change,5.0,0,100,/home/ksha/Documents/sbel/offroad-control/benchmarking/results/mpc_tire_model_sweep_calibrated_20260828_002629/raw/0585_pacejka_rigfit_dirt_lane_change_v5_b0_s100,ok,0,19.13565421104431,15.0,0.99,/home/ksha/Documents/sbel/offroad-control/benchmarking/results/mpc_tire_model_sweep_calibrated_20260828_002629/raw/0585_pacejka_rigfit_dirt_lane_change_v5_b0_s100/20260828_033514_387883_dirt_lane_change_acados_pacejka-rigfit/diag_dirt_lane_change_acados_pacejka-rigfit.csv,,,1248,0.07251182249286237,0.259562,0.05654369436749769,4.7638750692520775,5.10984,0.9527750138504155,1.6925160256410254,2.8405999999999993,128.9912751050218,66.207299,2.971153,0,chrono_body_contact,0,,,,,,,,0
mpc_tire_model_sweep,pacejka_rigfit,standard,pacejka-rigfit,tire_force_static,dirt,lane_change,5.0,0,101,/home/ksha/Documents/sbel/offroad-control/benchmarking/results/mpc_tire_model_sweep_calibrated_20260828_002629/raw/0586_pacejka_rigfit_dirt_lane_change_v5_b0_s101,ok,0,19.17426633834839,15.0,0.99,/home/ksha/Documents/sbel/offroad-control/benchmarking/results/mpc_tire_model_sweep_calibrated_20260828_002629/raw/0586_pacejka_rigfit_dirt_lane_change_v5_b0_s101/20260828_033533_540765_dirt_lane_change_acados_pacejka-rigfit/diag_dirt_lane_change_acados_pacejka-rigfit.csv,,,1247,0.07322040657969754,0.273738,0.05768255309325947,4.7342162511542005,5.0986199999999995,0.9468432502308401,1.7647393744987971,3.69,124.64468558105992,66.053148,3.040363,0,chrono_body_contact,0,,,,,,,,0
mpc_tire_model_sweep,pacejka_rigfit,standard,pacejka-rigfit,tire_force_static,dirt,lane_change,5.0,0,102,/home/ksha/Documents/sbel/offroad-control/benchmarking/results/mpc_tire_model_sweep_calibrated_20260828_002629/raw/0587_pacejka_rigfit_dirt_lane_change_v5_b0_s102,ok,0,19.134093761444092,15.0,0.99,/home/ksha/Documents/sbel/offroad-control/benchmarking/results/mpc_tire_model_sweep_calibrated_20260828_002629/raw/0587_pacejka_rigfit_dirt_lane_change_v5_b0_s102/20260828_033552_749588_dirt_lane_change_acados_pacejka-rigfit/diag_dirt_lane_change_acados_pacejka-rigfit.csv,,,1248,0.07309979391150136,0.266592,0.05666583010156972,4.801998799630655,5.17586,0.960399759926131,2.1900240384615386,3.49,130.1705071661637,66.764557,3.0665,0,chrono_body_contact,0,,,,,,,,0
mpc_tire_model_sweep,pacejka_rigfit,standard,pacejka-rigfit,tire_force_static,dirt,lane_change,5.0,0,103,/home/ksha/Documents/sbel/offroad-control/benchmarking/results/mpc_tire_model_sweep_calibrated_20260828_002629/raw/0588_pacejka_rigfit_dirt_lane_change_v5_b0_s103,ok,0,19.14311909675598,15.0,0.99,/home/ksha/Documents/sbel/offroad-control/benchmarking/results/mpc_tire_model_sweep_calibrated_20260828_002629/raw/0588_pacejka_rigfit_dirt_lane_change_v5_b0_s103/20260828_033611_899629_dirt_lane_change_acados_pacejka-rigfit/diag_dirt_lane_change_acados_pacejka-rigfit.csv,,,1248,0.07263232696796354,0.240803,0.05690803693444136,4.7564051708217905,5.142519999999999,0.951281034164358,1.7132051282051282,2.8652999999999995,128.1934072678417,66.216293,3.05085,0,chrono_body_contact,0,,,,,,,,0
mpc_tire_model_sweep,pacejka_rigfit,standard,pacejka-rigfit,tire_force_static,dirt,lane_change,5.0,0,104,/home/ksha/Documents/sbel/offroad-control/benchmarking/results/mpc_tire_model_sweep_calibrated_20260828_002629/raw/0589_pacejka_rigfit_dirt_lane_change_v5_b0_s104,ok,0,19.135009765625,15.0,0.99,/home/ksha/Documents/sbel/offroad-control/benchmarking/results/mpc_tire_model_sweep_calibrated_20260828_002629/raw/0589_pacejka_rigfit_dirt_lane_change_v5_b0_s104/20260828_033631_053948_dirt_lane_change_acados_pacejka-rigfit/diag_dirt_lane_change_acados_pacejka-rigfit.csv,,,1248,0.07201686284212484,0.244586,0.05529723545706371,4.761840443213297,5.10896,0.9523680886426593,1.6933573717948718,2.9252999999999996,128.61329601966855,66.309609,2.98914,0,chrono_body_contact,0,,,,,,,,0
mpc_tire_model_sweep,pacejka_rigfit,standard,pacejka-rigfit,tire_force_static,dirt,lane_change,5.0,4,100,/home/ksha/Documents/sbel/offroad-control/benchmarking/results/mpc_tire_model_sweep_calibrated_20260828_002629/raw/0590_pacejka_rigfit_dirt_lane_change_v5_b4_s100,ok,0,19.338873147964478,15.0,0.99,/home/ksha/Documents/sbel/offroad-control/benchmarking/results/mpc_tire_model_sweep_calibrated_20260828_002629/raw/0590_pacejka_rigfit_dirt_lane_change_v5_b4_s100/20260828_033650_207280_dirt_lane_change_acados_pacejka-rigfit/diag_dirt_lane_change_acados_pacejka-rigfit.csv,,,1247,0.07245109903314013,0.253582,0.05660289196675901,4.715916620498615,5.04085,0.943183324099723,1.7884442662389732,3.700799999999999,128.75178886899263,65.764459,2.968047,0,chrono_body_contact,0,,,,,,,,0
mpc_tire_model_sweep,pacejka_rigfit,standard,pacejka-rigfit,tire_force_static,dirt,lane_change,5.0,4,101,/home/ksha/Documents/sbel/offroad-control/benchmarking/results/mpc_tire_model_sweep_calibrated_20260828_002629/raw/0591_pacejka_rigfit_dirt_lane_change_v5_b4_s101,ok,0,19.33169651031494,15.0,0.99,/home/ksha/Documents/sbel/offroad-control/benchmarking/results/mpc_tire_model_sweep_calibrated_20260828_002629/raw/0591_pacejka_rigfit_dirt_lane_change_v5_b4_s101/20260828_033709_571238_dirt_lane_change_acados_pacejka-rigfit/diag_dirt_lane_change_acados_pacejka-rigfit.csv,,,1248,0.0732288141509589,0.263962,0.0574850433979686,4.74050461680517,5.10978,0.948100923361034,2.1721875,3.41,124.81865229830149,66.284871,3.042626,0,chrono_body_contact,0,,,,,,,,0
mpc_tire_model_sweep,pacejka_rigfit,standard,pacejka-rigfit,tire_force_static,dirt,lane_change,5.0,4,102,/home/ksha/Documents/sbel/offroad-control/benchmarking/results/mpc_tire_model_sweep_calibrated_20260828_002629/raw/0592_pacejka_rigfit_dirt_lane_change_v5_b4_s102,ok,0,19.33163046836853,15.0,0.99,/home/ksha/Documents/sbel/offroad-control/benchmarking/results/mpc_tire_model_sweep_calibrated_20260828_002629/raw/0592_pacejka_rigfit_dirt_lane_change_v5_b4_s102/20260828_033728_923462_dirt_lane_change_acados_pacejka-rigfit/diag_dirt_lane_change_acados_pacejka-rigfit.csv,,,1248,0.07498353118498441,0.264082,0.05808417728531856,4.7658253924284395,5.1445099999999995,0.9531650784856879,1.6974759615384614,2.9052999999999995,129.993344673894,66.466536,3.06428,0,chrono_body_contact,0,,,,,,,,0
mpc_tire_model_sweep,pacejka_rigfit,standard,pacejka-rigfit,tire_force_static,dirt,lane_change,5.0,4,103,/home/ksha/Documents/sbel/offroad-control/benchmarking/results/mpc_tire_model_sweep_calibrated_20260828_002629/raw/0593_pacejka_rigfit_dirt_lane_change_v5_b4_s103,ok,0,19.38384771347046,15.0,0.99,/home/ksha/Documents/sbel/offroad-control/benchmarking/results/mpc_tire_model_sweep_calibrated_20260828_002629/raw/0593_pacejka_rigfit_dirt_lane_change_v5_b4_s103/20260828_033748_294843_dirt_lane_change_acados_pacejka-rigfit/diag_dirt_lane_change_acados_pacejka-rigfit.csv,,,1242,0.07284884269671159,0.23238,0.05737338596491228,4.784215974145891,5.14103,0.9568431948291781,2.0701690821256036,3.38,127.77712256993681,66.740187,3.047378,0,chrono_body_contact,0,,,,,,,,0
mpc_tire_model_sweep,pacejka_rigfit,standard,pacejka-rigfit,tire_force_static,dirt,lane_change,5.0,4,104,/home/ksha/Documents/sbel/offroad-control/benchmarking/results/mpc_tire_model_sweep_calibrated_20260828_002629/raw/0594_pacejka_rigfit_dirt_lane_change_v5_b4_s104,ok,0,19.340988397598267,15.0,0.99,/home/ksha/Documents/sbel/offroad-control/benchmarking/results/mpc_tire_model_sweep_calibrated_20260828_002629/raw/0594_pacejka_rigfit_dirt_lane_change_v5_b4_s104/20260828_033807_673645_dirt_lane_change_acados_pacejka-rigfit/diag_dirt_lane_change_acados_pacejka-rigfit.csv,,,1248,0.07165864393793682,0.241549,0.05554001200369345,4.696693167128347,5.066159999999999,0.9393386334256695,1.69125,2.8552999999999997,128.27351671645738,65.628669,2.985661,0,chrono_body_contact,0,,,,,,,,0
mpc_tire_model_sweep,pacejka_rigfit,standard,pacejka-rigfit,tire_force_static,dirt,lane_change,5.0,8,100,/home/ksha/Documents/sbel/offroad-control/benchmarking/results/mpc_tire_model_sweep_calibrated_20260828_002629/raw/0595_pacejka_rigfit_dirt_lane_change_v5_b8_s100,ok,0,19.438074350357056,15.0,0.99,/home/ksha/Documents/sbel/offroad-control/benchmarking/results/mpc_tire_model_sweep_calibrated_20260828_002629/raw/0595_pacejka_rigfit_dirt_lane_change_v5_b8_s100/20260828_033827_039471_dirt_lane_change_acados_pacejka-rigfit/diag_dirt_lane_change_acados_pacejka-rigfit.csv,,,1247,0.07478226069209035,0.259565,0.058493265004616796,4.587359002770083,5.13279,0.9174718005540166,1.796038492381716,3.686199999999999,127.89696491875381,63.618478,2.984267,0,chrono_body_contact,0,,,,,,,,0
mpc_tire_model_sweep,pacejka_rigfit,standard,pacejka-rigfit,tire_force_static,dirt,lane_change,5.0,8,101,/home/ksha/Documents/sbel/offroad-control/benchmarking/results/mpc_tire_model_sweep_calibrated_20260828_002629/raw/0596_pacejka_rigfit_dirt_lane_change_v5_b8_s101,ok,0,19.432051181793213,15.0,0.99,/home/ksha/Documents/sbel/offroad-control/benchmarking/results/mpc_tire_model_sweep_calibrated_20260828_002629/raw/0596_pacejka_rigfit_dirt_lane_change_v5_b8_s101/20260828_033846_514766_dirt_lane_change_acados_pacejka-rigfit/diag_dirt_lane_change_acados_pacejka-rigfit.csv,,,1248,0.07519218226307733,0.273012,0.059536309325946446,4.518114127423822,4.97648,0.9036228254847645,1.680408653846154,2.8252999999999995,123.3756287885185,62.913122,3.050332,0,chrono_body_contact,0,,,,,,,,0
mpc_tire_model_sweep,pacejka_rigfit,standard,pacejka-rigfit,tire_force_static,dirt,lane_change,5.0,8,102,/home/ksha/Documents/sbel/offroad-control/benchmarking/results/mpc_tire_model_sweep_calibrated_20260828_002629/raw/0597_pacejka_rigfit_dirt_lane_change_v5_b8_s102,ok,0,19.482725381851196,15.0,0.99,/home/ksha/Documents/sbel/offroad-control/benchmarking/results/mpc_tire_model_sweep_calibrated_20260828_002629/raw/0597_pacejka_rigfit_dirt_lane_change_v5_b8_s102/20260828_033905_961721_dirt_lane_change_acados_pacejka-rigfit/diag_dirt_lane_change_acados_pacejka-rigfit.csv,,,1248,0.07713486245269704,0.264027,0.06076296675900278,4.58624192059095,5.0868,0.9172483841181901,1.7076041666666668,2.8952999999999998,128.77738637305404,63.639925,3.075471,0,chrono_body_contact,0,,,,,,,,0
mpc_tire_model_sweep,pacejka_rigfit,standard,pacejka-rigfit,tire_force_static,dirt,lane_change,5.0,8,103,/home/ksha/Documents/sbel/offroad-control/benchmarking/results/mpc_tire_model_sweep_calibrated_20260828_002629/raw/0598_pacejka_rigfit_dirt_lane_change_v5_b8_s103,ok,0,19.436473608016968,15.0,0.99,/home/ksha/Documents/sbel/offroad-control/benchmarking/results/mpc_tire_model_sweep_calibrated_20260828_002629/raw/0598_pacejka_rigfit_dirt_lane_change_v5_b8_s103/20260828_033925_449340_dirt_lane_change_acados_pacejka-rigfit/diag_dirt_lane_change_acados_pacejka-rigfit.csv,,,1248,0.07396004453391025,0.265687,0.057944870729455214,4.618497506925208,5.05491,0.9236995013850416,1.9716826923076922,2.9052999999999995,127.29419755466843,64.112514,3.058208,0,chrono_body_contact,0,,,,,,,,0
mpc_tire_model_sweep,pacejka_rigfit,standard,pacejka-rigfit,tire_force_static,dirt,lane_change,5.0,8,104,/home/ksha/Documents/sbel/offroad-control/benchmarking/results/mpc_tire_model_sweep_calibrated_20260828_002629/raw/0599_pacejka_rigfit_dirt_lane_change_v5_b8_s104,ok,0,19.432442903518677,15.0,0.99,/home/ksha/Documents/sbel/offroad-control/benchmarking/results/mpc_tire_model_sweep_calibrated_20260828_002629/raw/0599_pacejka_rigfit_dirt_lane_change_v5_b8_s104/20260828_033944_911781_dirt_lane_change_acados_pacejka-rigfit/diag_dirt_lane_change_acados_pacejka-rigfit.csv,,,1248,0.07414904092965482,0.272734,0.05806599907663896,4.635112927054478,5.1199900000000005,0.9270225854108955,1.6915544871794872,2.81,127.86181462542706,64.365611,2.999575,0,chrono_body_contact,0,,,,,,,,0
mpc_tire_model_sweep,pacejka_rigfit,standard,pacejka-rigfit,tire_force_static,dirt,lane_change,7.0,0,100,/home/ksha/Documents/sbel/offroad-control/benchmarking/results/mpc_tire_model_sweep_calibrated_20260828_002629/raw/0600_pacejka_rigfit_dirt_lane_change_v7_b0_s100,ok,0,19.131438732147217,15.0,0.99,/home/ksha/Documents/sbel/offroad-control/benchmarking/results/mpc_tire_model_sweep_calibrated_20260828_002629/raw/0600_pacejka_rigfit_dirt_lane_change_v7_b0_s100/20260828_034004_374644_dirt_lane_change_acados_pacejka-rigfit/diag_dirt_lane_change_acados_pacejka-rigfit.csv,,,1248,0.11076998234551817,0.400874,0.0785206731301939,5.964662049861495,7.41997,0.8520945785516422,2.2685496794871796,3.6752999999999996,137.6556331058497,81.86926,2.942932,0,chrono_body_contact,0,,,,,,,,0
mpc_tire_model_sweep,pacejka_rigfit,standard,pacejka-rigfit,tire_force_static,dirt,lane_change,7.0,0,101,/home/ksha/Documents/sbel/offroad-control/benchmarking/results/mpc_tire_model_sweep_calibrated_20260828_002629/raw/0601_pacejka_rigfit_dirt_lane_change_v7_b0_s101,ok,0,19.1371750831604,15.0,0.99,/home/ksha/Documents/sbel/offroad-control/benchmarking/results/mpc_tire_model_sweep_calibrated_20260828_002629/raw/0601_pacejka_rigfit_dirt_lane_change_v7_b0_s101/20260828_034023_519111_dirt_lane_change_acados_pacejka-rigfit/diag_dirt_lane_change_acados_pacejka-rigfit.csv,,,1248,0.11527248326668087,0.437965,0.08142962880886426,5.966612096029547,7.541519999999999,0.8523731565756495,2.91076923076923,4.9258999999999995,133.86489836358376,82.107832,3.042847,0,chrono_body_contact,0,,,,,,,,0
mpc_tire_model_sweep,pacejka_rigfit,standard,pacejka-rigfit,tire_force_static,dirt,lane_change,7.0,0,102,/home/ksha/Documents/sbel/offroad-control/benchmarking/results/mpc_tire_model_sweep_calibrated_20260828_002629/raw/0602_pacejka_rigfit_dirt_lane_change_v7_b0_s102,ok,0,19.13534665107727,15.0,0.99,/home/ksha/Documents/sbel/offroad-control/benchmarking/results/mpc_tire_model_sweep_calibrated_20260828_002629/raw/0602_pacejka_rigfit_dirt_lane_change_v7_b0_s102/20260828_034042_690769_dirt_lane_change_acados_pacejka-rigfit/diag_dirt_lane_change_acados_pacejka-rigfit.csv,,,1248,0.11491449602867948,0.412006,0.08293230655586334,5.9919982456140355,7.53586,0.8559997493734336,2.411602564102564,4.385299999999999,139.49836140153087,82.288026,3.051198,0,chrono_body_contact,0,,,,,,,,0
mpc_tire_model_sweep,pacejka_rigfit,standard,pacejka-rigfit,tire_force_static,dirt,lane_change,7.0,0,103,/home/ksha/Documents/sbel/offroad-control/benchmarking/results/mpc_tire_model_sweep_calibrated_20260828_002629/raw/0603_pacejka_rigfit_dirt_lane_change_v7_b0_s103,ok,0,19.13947033882141,15.0,0.99,/home/ksha/Documents/sbel/offroad-control/benchmarking/results/mpc_tire_model_sweep_calibrated_20260828_002629/raw/0603_pacejka_rigfit_dirt_lane_change_v7_b0_s103/20260828_034101_825878_dirt_lane_change_acados_pacejka-rigfit/diag_dirt_lane_change_acados_pacejka-rigfit.csv,,,1247,0.11720333037477278,0.432223,0.08330927239150507,5.9717453370267775,7.52251,0.853106476718111,2.3885004009623096,4.3654,137.13804204174673,82.06274,3.042314,0,chrono_body_contact,0,,,,,,,,0
mpc_tire_model_sweep,pacejka_rigfit,standard,pacejka-rigfit,tire_force_static,dirt,lane_change,7.0,0,104,/home/ksha/Documents/sbel/offroad-control/benchmarking/results/mpc_tire_model_sweep_calibrated_20260828_002629/raw/0604_pacejka_rigfit_dirt_lane_change_v7_b0_s104,ok,0,19.180432081222534,15.0,0.99,/home/ksha/Documents/sbel/offroad-control/benchmarking/results/mpc_tire_model_sweep_calibrated_20260828_002629/raw/0604_pacejka_rigfit_dirt_lane_change_v7_b0_s104/20260828_034120_987112_dirt_lane_change_acados_pacejka-rigfit/diag_dirt_lane_change_acados_pacejka-rigfit.csv,,,1248,0.11611280070421093,0.462835,0.08252444690674053,5.963702677746999,7.4737100000000005,0.8519575253924284,2.832772435897436,4.635299999999999,137.31706140517366,81.977631,2.998732,0,chrono_body_contact,0,,,,,,,,0
mpc_tire_model_sweep,pacejka_rigfit,standard,pacejka-rigfit,tire_force_static,dirt,lane_change,7.0,4,100,/home/ksha/Documents/sbel/offroad-control/benchmarking/results/mpc_tire_model_sweep_calibrated_20260828_002629/raw/0605_pacejka_rigfit_dirt_lane_change_v7_b4_s100,ok,0,19.411905765533447,15.0,0.99,/home/ksha/Documents/sbel/offroad-control/benchmarking/results/mpc_tire_model_sweep_calibrated_20260828_002629/raw/0605_pacejka_rigfit_dirt_lane_change_v7_b4_s100/20260828_034140_196673_dirt_lane_change_acados_pacejka-rigfit/diag_dirt_lane_change_acados_pacejka-rigfit.csv,,,1248,0.11622586648984323,0.391707,0.08327457248384118,5.978195660203139,7.44661,0.8540279514575913,3.04948717948718,5.1564999999999985,137.92775662897327,82.172963,2.968824,0,chrono_body_contact,0,,,,,,,,0
mpc_tire_model_sweep,pacejka_rigfit,standard,pacejka-rigfit,tire_force_static,dirt,lane_change,7.0,4,101,/home/ksha/Documents/sbel/offroad-control/benchmarking/results/mpc_tire_model_sweep_calibrated_20260828_002629/raw/0606_pacejka_rigfit_dirt_lane_change_v7_b4_s101,ok,0,19.354817152023315,15.0,0.99,/home/ksha/Documents/sbel/offroad-control/benchmarking/results/mpc_tire_model_sweep_calibrated_20260828_002629/raw/0606_pacejka_rigfit_dirt_lane_change_v7_b4_s101/20260828_034159_618634_dirt_lane_change_acados_pacejka-rigfit/diag_dirt_lane_change_acados_pacejka-rigfit.csv,,,1248,0.12056647592433212,0.425605,0.08591445060018467,5.966290212373038,7.5092099999999995,0.8523271731961483,2.3657692307692306,4.4,133.93807928487047,82.228437,3.054584,0,chrono_body_contact,0,,,,,,,,0
mpc_tire_model_sweep,pacejka_rigfit,standard,pacejka-rigfit,tire_force_static,dirt,lane_change,7.0,4,102,/home/ksha/Documents/sbel/offroad-control/benchmarking/results/mpc_tire_model_sweep_calibrated_20260828_002629/raw/0607_pacejka_rigfit_dirt_lane_change_v7_b4_s102,ok,0,19.368837118148804,15.0,0.99,/home/ksha/Documents/sbel/offroad-control/benchmarking/results/mpc_tire_model_sweep_calibrated_20260828_002629/raw/0607_pacejka_rigfit_dirt_lane_change_v7_b4_s102/20260828_034218_993163_dirt_lane_change_acados_pacejka-rigfit/diag_dirt_lane_change_acados_pacejka-rigfit.csv,,,1247,0.12016915015194238,0.419843,0.08734122807017544,5.972847645429363,7.501259999999999,0.8532639493470519,2.3991740176423417,4.3908,139.44410196416217,82.153173,3.073442,0,chrono_body_contact,0,,,,,,,,0
mpc_tire_model_sweep,pacejka_rigfit,standard,pacejka-rigfit,tire_force_static,dirt,lane_change,7.0,4,103,/home/ksha/Documents/sbel/offroad-control/benchmarking/results/mpc_tire_model_sweep_calibrated_20260828_002629/raw/0608_pacejka_rigfit_dirt_lane_change_v7_b4_s103,ok,0,19.383527994155884,15.0,0.99,/home/ksha/Documents/sbel/offroad-control/benchmarking/results/mpc_tire_model_sweep_calibrated_20260828_002629/raw/0608_pacejka_rigfit_dirt_lane_change_v7_b4_s103/20260828_034238_390434_dirt_lane_change_acados_pacejka-rigfit/diag_dirt_lane_change_acados_pacejka-rigfit.csv,,,1248,0.11933555578379072,0.42869,0.08626815789473684,5.965840627885504,7.53923,0.8522629468407862,2.2970272435897434,3.921199999999999,137.28508567069966,82.121925,3.052709,0,chrono_body_contact,0,,,,,,,,0
mpc_tire_model_sweep,pacejka_rigfit,standard,pacejka-rigfit,tire_force_static,dirt,lane_change,7.0,4,104,/home/ksha/Documents/sbel/offroad-control/benchmarking/results/mpc_tire_model_sweep_calibrated_20260828_002629/raw/0609_pacejka_rigfit_dirt_lane_change_v7_b4_s104,ok,0,19.360817432403564,15.0,0.99,/home/ksha/Documents/sbel/offroad-control/benchmarking/results/mpc_tire_model_sweep_calibrated_20260828_002629/raw/0609_pacejka_rigfit_dirt_lane_change_v7_b4_s104/20260828_034257_787512_dirt_lane_change_acados_pacejka-rigfit/diag_dirt_lane_change_acados_pacejka-rigfit.csv,,,1248,0.11953208601185045,0.464375,0.08587523453370269,5.9609189289012,7.462909999999999,0.8515598469858857,2.2687660256410256,3.910599999999999,137.32606601978617,82.075865,3.017669,0,chrono_body_contact,0,,,,,,,,0
mpc_tire_model_sweep,pacejka_rigfit,standard,pacejka-rigfit,tire_force_static,dirt,lane_change,7.0,8,100,/home/ksha/Documents/sbel/offroad-control/benchmarking/results/mpc_tire_model_sweep_calibrated_20260828_002629/raw/0610_pacejka_rigfit_dirt_lane_change_v7_b8_s100,ok,0,19.521846532821655,15.0,0.99,/home/ksha/Documents/sbel/offroad-control/benchmarking/results/mpc_tire_model_sweep_calibrated_20260828_002629/raw/0610_pacejka_rigfit_dirt_lane_change_v7_b8_s100/20260828_034317_165418_dirt_lane_change_acados_pacejka-rigfit/diag_dirt_lane_change_acados_pacejka-rigfit.csv,,,1248,0.12199872196173746,0.432973,0.08606890304709142,5.996910433979686,7.42399,0.8567014905685265,2.8342147435897433,4.885299999999999,137.5466276395693,81.964061,2.911336,0,chrono_body_contact,0,,,,,,,,0
mpc_tire_model_sweep,pacejka_rigfit,standard,pacejka-rigfit,tire_force_static,dirt,lane_change,7.0,8,101,/home/ksha/Documents/sbel/offroad-control/benchmarking/results/mpc_tire_model_sweep_calibrated_20260828_002629/raw/0611_pacejka_rigfit_dirt_lane_change_v7_b8_s101,ok,0,19.512293338775635,15.0,0.99,/home/ksha/Documents/sbel/offroad-control/benchmarking/results/mpc_tire_model_sweep_calibrated_20260828_002629/raw/0611_pacejka_rigfit_dirt_lane_change_v7_b8_s101/20260828_034336_705555_dirt_lane_change_acados_pacejka-rigfit/diag_dirt_lane_change_acados_pacejka-rigfit.csv,,,1248,0.12209868365687429,0.468589,0.0857867968605725,5.992853647276085,7.39371,0.8561219496108693,2.2989262820512826,4.115899999999999,133.61894141961247,82.125117,2.990806,0,chrono_body_contact,0,,,,,,,,0
mpc_tire_model_sweep,pacejka_rigfit,standard,pacejka-rigfit,tire_force_static,dirt,lane_change,7.0,8,102,/home/ksha/Documents/sbel/offroad-control/benchmarking/results/mpc_tire_model_sweep_calibrated_20260828_002629/raw/0612_pacejka_rigfit_dirt_lane_change_v7_b8_s102,ok,0,19.515754222869873,15.0,0.99,/home/ksha/Documents/sbel/offroad-control/benchmarking/results/mpc_tire_model_sweep_calibrated_20260828_002629/raw/0612_pacejka_rigfit_dirt_lane_change_v7_b8_s102/20260828_034356_242598_dirt_lane_change_acados_pacejka-rigfit/diag_dirt_lane_change_acados_pacejka-rigfit.csv,,,1247,0.12296041123236053,0.419194,0.0886573084025854,6.005560110803324,7.417889999999999,0.8579371586861891,2.711988773055333,5.36,139.10526369852613,82.131201,3.018748,0,chrono_body_contact,0,,,,,,,,0
mpc_tire_model_sweep,pacejka_rigfit,standard,pacejka-rigfit,tire_force_static,dirt,lane_change,7.0,8,103,/home/ksha/Documents/sbel/offroad-control/benchmarking/results/mpc_tire_model_sweep_calibrated_20260828_002629/raw/0613_pacejka_rigfit_dirt_lane_change_v7_b8_s103,ok,0,19.456986904144287,15.0,0.99,/home/ksha/Documents/sbel/offroad-control/benchmarking/results/mpc_tire_model_sweep_calibrated_20260828_002629/raw/0613_pacejka_rigfit_dirt_lane_change_v7_b8_s103/20260828_034415_785182_dirt_lane_change_acados_pacejka-rigfit/diag_dirt_lane_change_acados_pacejka-rigfit.csv,,,1248,0.12598328176733226,0.405703,0.08937566297322252,5.984409418282549,7.42669,0.8549156311832213,2.6549839743589745,5.0806,136.7791888453247,81.910899,2.995141,0,chrono_body_contact,0,,,,,,,,0
mpc_tire_model_sweep,pacejka_rigfit,standard,pacejka-rigfit,tire_force_static,dirt,lane_change,7.0,8,104,/home/ksha/Documents/sbel/offroad-control/benchmarking/results/mpc_tire_model_sweep_calibrated_20260828_002629/raw/0614_pacejka_rigfit_dirt_lane_change_v7_b8_s104,ok,0,19.51066303253174,15.0,0.99,/home/ksha/Documents/sbel/offroad-control/benchmarking/results/mpc_tire_model_sweep_calibrated_20260828_002629/raw/0614_pacejka_rigfit_dirt_lane_change_v7_b8_s104/20260828_034435_271655_dirt_lane_change_acados_pacejka-rigfit/diag_dirt_lane_change_acados_pacejka-rigfit.csv,,,1248,0.12573609715288633,0.460243,0.08777175715604801,5.995821237303785,7.4144,0.8565458910433978,2.311995192307692,4.090599999999999,137.31034638098464,82.08097,2.961013,0,chrono_body_contact,0,,,,,,,,0
mpc_tire_model_sweep,pacejka_rigfit,standard,pacejka-rigfit,tire_force_static,dirt,lane_change,9.0,0,100,/home/ksha/Documents/sbel/offroad-control/benchmarking/results/mpc_tire_model_sweep_calibrated_20260828_002629/raw/0615_pacejka_rigfit_dirt_lane_change_v9_b0_s100,ok,0,19.160648345947266,15.0,0.99,/home/ksha/Documents/sbel/offroad-control/benchmarking/results/mpc_tire_model_sweep_calibrated_20260828_002629/raw/0615_pacejka_rigfit_dirt_lane_change_v9_b0_s100/20260828_034454_766547_dirt_lane_change_acados_pacejka-rigfit/diag_dirt_lane_change_acados_pacejka-rigfit.csv,,,1247,0.13655848629416228,0.456542,0.0945686241920591,6.183901754385965,8.78098,0.6871001949317739,2.539943865276664,4.28,140.78115716364763,84.728424,2.938608,0,chrono_body_contact,0,,,,,,,,0
mpc_tire_model_sweep,pacejka_rigfit,standard,pacejka-rigfit,tire_force_static,dirt,lane_change,9.0,0,101,/home/ksha/Documents/sbel/offroad-control/benchmarking/results/mpc_tire_model_sweep_calibrated_20260828_002629/raw/0616_pacejka_rigfit_dirt_lane_change_v9_b0_s101,ok,0,19.16719675064087,15.0,0.99,/home/ksha/Documents/sbel/offroad-control/benchmarking/results/mpc_tire_model_sweep_calibrated_20260828_002629/raw/0616_pacejka_rigfit_dirt_lane_change_v9_b0_s101/20260828_034513_945730_dirt_lane_change_acados_pacejka-rigfit/diag_dirt_lane_change_acados_pacejka-rigfit.csv,,,1248,0.13486429688453747,0.472568,0.09421120221606648,6.193482271468144,8.80787,0.6881646968297939,2.5368830128205127,3.9252999999999996,136.67733911293124,85.057834,2.997158,0,chrono_body_contact,0,,,,,,,,0
mpc_tire_model_sweep,pacejka_rigfit,standard,pacejka-rigfit,tire_force_static,dirt,lane_change,9.0,0,102,/home/ksha/Documents/sbel/offroad-control/benchmarking/results/mpc_tire_model_sweep_calibrated_20260828_002629/raw/0617_pacejka_rigfit_dirt_lane_change_v9_b0_s102,ok,0,19.155580282211304,15.0,0.99,/home/ksha/Documents/sbel/offroad-control/benchmarking/results/mpc_tire_model_sweep_calibrated_20260828_002629/raw/0617_pacejka_rigfit_dirt_lane_change_v9_b0_s102/20260828_034533_145606_dirt_lane_change_acados_pacejka-rigfit/diag_dirt_lane_change_acados_pacejka-rigfit.csv,,,1248,0.13814092805988912,0.48664,0.09690611172668513,6.185432594644507,8.7986,0.6872702882938341,2.496987179487179,3.865899999999999,142.34340548461805,84.809106,3.04391,0,chrono_body_contact,0,,,,,,,,0
mpc_tire_model_sweep,pacejka_rigfit,standard,pacejka-rigfit,tire_force_static,dirt,lane_change,9.0,0,103,/home/ksha/Documents/sbel/offroad-control/benchmarking/results/mpc_tire_model_sweep_calibrated_20260828_002629/raw/0618_pacejka_rigfit_dirt_lane_change_v9_b0_s103,ok,0,19.159960985183716,15.0,0.99,/home/ksha/Documents/sbel/offroad-control/benchmarking/results/mpc_tire_model_sweep_calibrated_20260828_002629/raw/0618_pacejka_rigfit_dirt_lane_change_v9_b0_s103/20260828_034552_324844_dirt_lane_change_acados_pacejka-rigfit/diag_dirt_lane_change_acados_pacejka-rigfit.csv,,,1248,0.13847599904539593,0.502837,0.09538451800554017,6.193194736842106,8.85653,0.6881327485380118,2.793213141025641,4.9052999999999995,140.3372602541453,84.960842,3.048598,0,chrono_body_contact,0,,,,,,,,0
mpc_tire_model_sweep,pacejka_rigfit,standard,pacejka-rigfit,tire_force_static,dirt,lane_change,9.0,0,104,/home/ksha/Documents/sbel/offroad-control/benchmarking/results/mpc_tire_model_sweep_calibrated_20260828_002629/raw/0619_pacejka_rigfit_dirt_lane_change_v9_b0_s104,ok,0,19.169102668762207,15.0,0.99,/home/ksha/Documents/sbel/offroad-control/benchmarking/results/mpc_tire_model_sweep_calibrated_20260828_002629/raw/0619_pacejka_rigfit_dirt_lane_change_v9_b0_s104/20260828_034611_496085_dirt_lane_change_acados_pacejka-rigfit/diag_dirt_lane_change_acados_pacejka-rigfit.csv,,,1248,0.1404541150352728,0.540205,0.09675589843028626,6.17746675900277,8.75979,0.6863851954447522,3.1679487179487182,4.73,140.17979524456175,84.784824,2.978059,0,chrono_body_contact,0,,,,,,,,0
mpc_tire_model_sweep,pacejka_rigfit,standard,pacejka-rigfit,tire_force_static,dirt,lane_change,9.0,4,100,/home/ksha/Documents/sbel/offroad-control/benchmarking/results/mpc_tire_model_sweep_calibrated_20260828_002629/raw/0620_pacejka_rigfit_dirt_lane_change_v9_b4_s100,ok,0,19.376810789108276,15.0,0.99,/home/ksha/Documents/sbel/offroad-control/benchmarking/results/mpc_tire_model_sweep_calibrated_20260828_002629/raw/0620_pacejka_rigfit_dirt_lane_change_v9_b4_s100/20260828_034630_689189_dirt_lane_change_acados_pacejka-rigfit/diag_dirt_lane_change_acados_pacejka-rigfit.csv,,,1248,0.13891460275516435,0.449106,0.09703273961218836,6.1749088642659276,8.730269999999999,0.6861009849184364,2.815825320512821,4.915299999999999,140.76299574982318,84.760383,2.948322,0,chrono_body_contact,0,,,,,,,,0
mpc_tire_model_sweep,pacejka_rigfit,standard,pacejka-rigfit,tire_force_static,dirt,lane_change,9.0,4,101,/home/ksha/Documents/sbel/offroad-control/benchmarking/results/mpc_tire_model_sweep_calibrated_20260828_002629/raw/0621_pacejka_rigfit_dirt_lane_change_v9_b4_s101,ok,0,19.38243341445923,15.0,0.99,/home/ksha/Documents/sbel/offroad-control/benchmarking/results/mpc_tire_model_sweep_calibrated_20260828_002629/raw/0621_pacejka_rigfit_dirt_lane_change_v9_b4_s101/20260828_034650_075672_dirt_lane_change_acados_pacejka-rigfit/diag_dirt_lane_change_acados_pacejka-rigfit.csv,,,1248,0.1410903294349306,0.502566,0.09629362326869806,6.180490766389658,8.75887,0.6867211962655175,2.4882852564102564,4.0764999999999985,136.69807012574063,85.016309,3.034019,0,chrono_body_contact,0,,,,,,,,0
mpc_tire_model_sweep,pacejka_rigfit,standard,pacejka-rigfit,tire_force_static,dirt,lane_change,9.0,4,102,/home/ksha/Documents/sbel/offroad-control/benchmarking/results/mpc_tire_model_sweep_calibrated_20260828_002629/raw/0622_pacejka_rigfit_dirt_lane_change_v9_b4_s102,ok,0,19.379677534103394,15.0,0.99,/home/ksha/Documents/sbel/offroad-control/benchmarking/results/mpc_tire_model_sweep_calibrated_20260828_002629/raw/0622_pacejka_rigfit_dirt_lane_change_v9_b4_s102/20260828_034709_475948_dirt_lane_change_acados_pacejka-rigfit/diag_dirt_lane_change_acados_pacejka-rigfit.csv,,,1248,0.14142692852932298,0.490513,0.09893048661126501,6.176319021237304,8.77657,0.6862576690263671,3.180905448717949,4.786499999999998,142.28926922469185,84.832056,3.057948,0,chrono_body_contact,0,,,,,,,,0
mpc_tire_model_sweep,pacejka_rigfit,standard,pacejka-rigfit,tire_force_static,dirt,lane_change,9.0,4,103,/home/ksha/Documents/sbel/offroad-control/benchmarking/results/mpc_tire_model_sweep_calibrated_20260828_002629/raw/0623_pacejka_rigfit_dirt_lane_change_v9_b4_s103,ok,0,19.327752828598022,15.0,0.99,/home/ksha/Documents/sbel/offroad-control/benchmarking/results/mpc_tire_model_sweep_calibrated_20260828_002629/raw/0623_pacejka_rigfit_dirt_lane_change_v9_b4_s103/20260828_034728_874620_dirt_lane_change_acados_pacejka-rigfit/diag_dirt_lane_change_acados_pacejka-rigfit.csv,,,1247,0.1436080961505776,0.506958,0.10111105170821792,6.196841551246538,8.8278,0.6885379501385043,2.56542101042502,4.09,140.26830182550754,85.148307,3.073913,0,chrono_body_contact,0,,,,,,,,0
mpc_tire_model_sweep,pacejka_rigfit,standard,pacejka-rigfit,tire_force_static,dirt,lane_change,9.0,4,104,/home/ksha/Documents/sbel/offroad-control/benchmarking/results/mpc_tire_model_sweep_calibrated_20260828_002629/raw/0624_pacejka_rigfit_dirt_lane_change_v9_b4_s104,ok,0,19.380584239959717,15.0,0.99,/home/ksha/Documents/sbel/offroad-control/benchmarking/results/mpc_tire_model_sweep_calibrated_20260828_002629/raw/0624_pacejka_rigfit_dirt_lane_change_v9_b4_s104/20260828_034748_212718_dirt_lane_change_acados_pacejka-rigfit/diag_dirt_lane_change_acados_pacejka-rigfit.csv,,,1248,0.14289323808417914,0.539774,0.09968213573407202,6.202153739612188,8.80429,0.6891281932902431,2.4948477564102562,3.8852999999999995,140.37234583587406,85.22483,2.99806,0,chrono_body_contact,0,,,,,,,,0
mpc_tire_model_sweep,pacejka_rigfit,standard,pacejka-rigfit,tire_force_static,dirt,lane_change,9.0,8,100,/home/ksha/Documents/sbel/offroad-control/benchmarking/results/mpc_tire_model_sweep_calibrated_20260828_002629/raw/0625_pacejka_rigfit_dirt_lane_change_v9_b8_s100,ok,0,19.483501195907593,15.0,0.99,/home/ksha/Documents/sbel/offroad-control/benchmarking/results/mpc_tire_model_sweep_calibrated_20260828_002629/raw/0625_pacejka_rigfit_dirt_lane_change_v9_b8_s100/20260828_034807_615482_dirt_lane_change_acados_pacejka-rigfit/diag_dirt_lane_change_acados_pacejka-rigfit.csv,,,1248,0.14622988128905046,0.490906,0.09946720960295474,6.189520036934442,8.34398,0.6877244485482713,2.5195352564102564,3.9353,139.91070081925974,84.508135,3.009178,0,chrono_body_contact,0,,,,,,,,0
mpc_tire_model_sweep,pacejka_rigfit,standard,pacejka-rigfit,tire_force_static,dirt,lane_change,9.0,8,101,/home/ksha/Documents/sbel/offroad-control/benchmarking/results/mpc_tire_model_sweep_calibrated_20260828_002629/raw/0626_pacejka_rigfit_dirt_lane_change_v9_b8_s101,ok,0,19.48429036140442,15.0,0.99,/home/ksha/Documents/sbel/offroad-control/benchmarking/results/mpc_tire_model_sweep_calibrated_20260828_002629/raw/0626_pacejka_rigfit_dirt_lane_change_v9_b8_s101/20260828_034827_126238_dirt_lane_change_acados_pacejka-rigfit/diag_dirt_lane_change_acados_pacejka-rigfit.csv,,,1248,0.14417944434673718,0.520653,0.09842509972299168,6.1911583564173585,8.34578,0.6879064840463731,2.6780849358974357,4.7505999999999995,135.7170005288657,84.731665,3.073261,0,chrono_body_contact,0,,,,,,,,0
mpc_tire_model_sweep,pacejka_rigfit,standard,pacejka-rigfit,tire_force_static,dirt,lane_change,9.0,8,102,/home/ksha/Documents/sbel/offroad-control/benchmarking/results/mpc_tire_model_sweep_calibrated_20260828_002629/raw/0627_pacejka_rigfit_dirt_lane_change_v9_b8_s102,ok,0,19.48475694656372,15.0,0.99,/home/ksha/Documents/sbel/offroad-control/benchmarking/results/mpc_tire_model_sweep_calibrated_20260828_002629/raw/0627_pacejka_rigfit_dirt_lane_change_v9_b8_s102/20260828_034846_622012_dirt_lane_change_acados_pacejka-rigfit/diag_dirt_lane_change_acados_pacejka-rigfit.csv,,,1247,0.15487408326110796,0.538789,0.10654954755309326,6.187497506925208,8.3452,0.6874997229916898,2.5746511627906976,4.11,141.4969723720934,84.517203,3.122648,0,chrono_body_contact,0,,,,,,,,0
mpc_tire_model_sweep,pacejka_rigfit,standard,pacejka-rigfit,tire_force_static,dirt,lane_change,9.0,8,103,/home/ksha/Documents/sbel/offroad-control/benchmarking/results/mpc_tire_model_sweep_calibrated_20260828_002629/raw/0628_pacejka_rigfit_dirt_lane_change_v9_b8_s103,ok,0,19.534939527511597,15.0,0.99,/home/ksha/Documents/sbel/offroad-control/benchmarking/results/mpc_tire_model_sweep_calibrated_20260828_002629/raw/0628_pacejka_rigfit_dirt_lane_change_v9_b8_s103/20260828_034906_130662_dirt_lane_change_acados_pacejka-rigfit/diag_dirt_lane_change_acados_pacejka-rigfit.csv,,,1248,0.1543768964065604,0.531263,0.10656039519852263,6.202863342566943,8.397210000000001,0.6892070380629937,2.5507291666666667,3.96,139.46397155392174,84.758939,3.087582,0,chrono_body_contact,0,,,,,,,,0
mpc_tire_model_sweep,pacejka_rigfit,standard,pacejka-rigfit,tire_force_static,dirt,lane_change,9.0,8,104,/home/ksha/Documents/sbel/offroad-control/benchmarking/results/mpc_tire_model_sweep_calibrated_20260828_002629/raw/0629_pacejka_rigfit_dirt_lane_change_v9_b8_s104,ok,0,19.432618618011475,15.0,0.99,/home/ksha/Documents/sbel/offroad-control/benchmarking/results/mpc_tire_model_sweep_calibrated_20260828_002629/raw/0629_pacejka_rigfit_dirt_lane_change_v9_b8_s104/20260828_034925_691307_dirt_lane_change_acados_pacejka-rigfit/diag_dirt_lane_change_acados_pacejka-rigfit.csv,,,1247,0.14957282212588852,0.563292,0.10072116805170823,6.190882179132041,8.34865,0.6878757976813379,2.5877225340817964,4.200799999999999,139.40115209294618,84.634042,3.011272,0,chrono_body_contact,0,,,,,,,,0
mpc_tire_model_sweep,pacejka_rigfit,standard,pacejka-rigfit,tire_force_static,dirt,right_left,5.0,0,100,/home/ksha/Documents/sbel/offroad-control/benchmarking/results/mpc_tire_model_sweep_calibrated_20260828_002629/raw/0630_pacejka_rigfit_dirt_right_left_v5_b0_s100,ok,0,19.134187698364258,15.0,0.99,/home/ksha/Documents/sbel/offroad-control/benchmarking/results/mpc_tire_model_sweep_calibrated_20260828_002629/raw/0630_pacejka_rigfit_dirt_right_left_v5_b0_s100/20260828_034945_131177_dirt_right_left_acados_pacejka-rigfit/diag_dirt_right_left_acados_pacejka-rigfit.csv,,,1248,0.4493870270896375,1.521063,0.27013641643582637,4.569983379501385,5.08893,0.9139966759002769,3.015857371794872,4.6358999999999995,128.01734868930583,38.324318,-32.425079,0,chrono_body_contact,0,,,,,,,,0
mpc_tire_model_sweep,pacejka_rigfit,standard,pacejka-rigfit,tire_force_static,dirt,right_left,5.0,0,101,/home/ksha/Documents/sbel/offroad-control/benchmarking/results/mpc_tire_model_sweep_calibrated_20260828_002629/raw/0631_pacejka_rigfit_dirt_right_left_v5_b0_s101,ok,0,19.1794011592865,15.0,0.99,/home/ksha/Documents/sbel/offroad-control/benchmarking/results/mpc_tire_model_sweep_calibrated_20260828_002629/raw/0631_pacejka_rigfit_dirt_right_left_v5_b0_s101/20260828_035004_277664_dirt_right_left_acados_pacejka-rigfit/diag_dirt_right_left_acados_pacejka-rigfit.csv,,,1248,0.41392107942044504,1.351317,0.25409769252077563,4.543009972299169,5.00648,0.9086019944598338,2.648269230769231,3.4758999999999993,124.2532728933786,38.174231,-32.211933,0,chrono_body_contact,0,,,,,,,,0
mpc_tire_model_sweep,pacejka_rigfit,standard,pacejka-rigfit,tire_force_static,dirt,right_left,5.0,0,102,/home/ksha/Documents/sbel/offroad-control/benchmarking/results/mpc_tire_model_sweep_calibrated_20260828_002629/raw/0632_pacejka_rigfit_dirt_right_left_v5_b0_s102,ok,0,19.13319420814514,15.0,0.99,/home/ksha/Documents/sbel/offroad-control/benchmarking/results/mpc_tire_model_sweep_calibrated_20260828_002629/raw/0632_pacejka_rigfit_dirt_right_left_v5_b0_s102/20260828_035023_470118_dirt_right_left_acados_pacejka-rigfit/diag_dirt_right_left_acados_pacejka-rigfit.csv,,,1247,0.39994523394024006,1.338631,0.2492797922437673,4.512451431209603,4.99205,0.9024902862419205,2.769767441860465,3.7953999999999994,128.93983850177722,37.670366,-32.188874,0,chrono_body_contact,0,,,,,,,,0
mpc_tire_model_sweep,pacejka_rigfit,standard,pacejka-rigfit,tire_force_static,dirt,right_left,5.0,0,103,/home/ksha/Documents/sbel/offroad-control/benchmarking/results/mpc_tire_model_sweep_calibrated_20260828_002629/raw/0633_pacejka_rigfit_dirt_right_left_v5_b0_s103,ok,0,19.132088899612427,15.0,0.99,/home/ksha/Documents/sbel/offroad-control/benchmarking/results/mpc_tire_model_sweep_calibrated_20260828_002629/raw/0633_pacejka_rigfit_dirt_right_left_v5_b0_s103/20260828_035042_619763_dirt_right_left_acados_pacejka-rigfit/diag_dirt_right_left_acados_pacejka-rigfit.csv,,,1248,0.43436825598442724,1.424698,0.26477262049861494,4.569991874422899,5.06536,0.9139983748845799,3.2186298076923077,4.65,127.66705957565769,38.41892,-32.260246,0,chrono_body_contact,0,,,,,,,,0
mpc_tire_model_sweep,pacejka_rigfit,standard,pacejka-rigfit,tire_force_static,dirt,right_left,5.0,0,104,/home/ksha/Documents/sbel/offroad-control/benchmarking/results/mpc_tire_model_sweep_calibrated_20260828_002629/raw/0634_pacejka_rigfit_dirt_right_left_v5_b0_s104,ok,0,19.179511308670044,15.0,0.99,/home/ksha/Documents/sbel/offroad-control/benchmarking/results/mpc_tire_model_sweep_calibrated_20260828_002629/raw/0634_pacejka_rigfit_dirt_right_left_v5_b0_s104/20260828_035101_770405_dirt_right_left_acados_pacejka-rigfit/diag_dirt_right_left_acados_pacejka-rigfit.csv,,,1248,0.41015933335405996,1.347576,0.2554609132040628,4.535077746999077,5.0268,0.9070155493998154,2.6721875,3.4852999999999996,128.2042819451496,37.994767,-32.2503,0,chrono_body_contact,0,,,,,,,,0
mpc_tire_model_sweep,pacejka_rigfit,standard,pacejka-rigfit,tire_force_static,dirt,right_left,5.0,4,100,/home/ksha/Documents/sbel/offroad-control/benchmarking/results/mpc_tire_model_sweep_calibrated_20260828_002629/raw/0635_pacejka_rigfit_dirt_right_left_v5_b4_s100,ok,0,19.341081857681274,15.0,0.99,/home/ksha/Documents/sbel/offroad-control/benchmarking/results/mpc_tire_model_sweep_calibrated_20260828_002629/raw/0635_pacejka_rigfit_dirt_right_left_v5_b4_s100/20260828_035120_983533_dirt_right_left_acados_pacejka-rigfit/diag_dirt_right_left_acados_pacejka-rigfit.csv,,,1248,0.5227032051193689,1.773011,0.3050399002770082,4.625671929824561,5.20977,0.9251343859649122,2.721682692307692,3.640599999999999,128.44088908918246,39.145257,-32.688435,0,chrono_body_contact,0,,,,,,,,0
mpc_tire_model_sweep,pacejka_rigfit,standard,pacejka-rigfit,tire_force_static,dirt,right_left,5.0,4,101,/home/ksha/Documents/sbel/offroad-control/benchmarking/results/mpc_tire_model_sweep_calibrated_20260828_002629/raw/0636_pacejka_rigfit_dirt_right_left_v5_b4_s101,ok,0,19.37983012199402,15.0,0.99,/home/ksha/Documents/sbel/offroad-control/benchmarking/results/mpc_tire_model_sweep_calibrated_20260828_002629/raw/0636_pacejka_rigfit_dirt_right_left_v5_b4_s101/20260828_035140_326731_dirt_right_left_acados_pacejka-rigfit/diag_dirt_right_left_acados_pacejka-rigfit.csv,,,1248,0.45644522603465404,1.511622,0.2730583379501385,4.561305263157895,5.0861,0.9122610526315791,3.1408733974358976,4.65,124.39159625725239,38.581355,-32.375363,0,chrono_body_contact,0,,,,,,,,0
mpc_tire_model_sweep,pacejka_rigfit,standard,pacejka-rigfit,tire_force_static,dirt,right_left,5.0,4,102,/home/ksha/Documents/sbel/offroad-control/benchmarking/results/mpc_tire_model_sweep_calibrated_20260828_002629/raw/0637_pacejka_rigfit_dirt_right_left_v5_b4_s102,ok,0,19.369811534881592,15.0,0.99,/home/ksha/Documents/sbel/offroad-control/benchmarking/results/mpc_tire_model_sweep_calibrated_20260828_002629/raw/0637_pacejka_rigfit_dirt_right_left_v5_b4_s102/20260828_035159_746134_dirt_right_left_acados_pacejka-rigfit/diag_dirt_right_left_acados_pacejka-rigfit.csv,,,1248,0.42581839883984907,1.444631,0.25994262511542016,4.513555216989843,5.07019,0.9027110433979686,2.7360416666666665,3.6452999999999998,128.97429115972733,37.807454,-32.310846,0,chrono_body_contact,0,,,,,,,,0
mpc_tire_model_sweep,pacejka_rigfit,standard,pacejka-rigfit,tire_force_static,dirt,right_left,5.0,4,103,/home/ksha/Documents/sbel/offroad-control/benchmarking/results/mpc_tire_model_sweep_calibrated_20260828_002629/raw/0638_pacejka_rigfit_dirt_right_left_v5_b4_s103,ok,0,19.380075454711914,15.0,0.99,/home/ksha/Documents/sbel/offroad-control/benchmarking/results/mpc_tire_model_sweep_calibrated_20260828_002629/raw/0638_pacejka_rigfit_dirt_right_left_v5_b4_s103/20260828_035219_129452_dirt_right_left_acados_pacejka-rigfit/diag_dirt_right_left_acados_pacejka-rigfit.csv,,,1248,0.42414919542421103,1.383253,0.26281868790397045,4.549999907663897,5.02623,0.9099999815327793,2.7677003205128208,3.6853,127.5913189832194,38.304806,-32.222104,0,chrono_body_contact,0,,,,,,,,0
mpc_tire_model_sweep,pacejka_rigfit,standard,pacejka-rigfit,tire_force_static,dirt,right_left,5.0,4,104,/home/ksha/Documents/sbel/offroad-control/benchmarking/results/mpc_tire_model_sweep_calibrated_20260828_002629/raw/0639_pacejka_rigfit_dirt_right_left_v5_b4_s104,ok,0,19.332062005996704,15.0,0.99,/home/ksha/Documents/sbel/offroad-control/benchmarking/results/mpc_tire_model_sweep_calibrated_20260828_002629/raw/0639_pacejka_rigfit_dirt_right_left_v5_b4_s104/20260828_035238_558524_dirt_right_left_acados_pacejka-rigfit/diag_dirt_right_left_acados_pacejka-rigfit.csv,,,1238,0.38344842782614535,1.302908,0.24032231117266847,4.451757156048015,4.960039999999999,0.890351431209603,2.7437641357027465,3.7225999999999977,126.69096480891633,36.988722,-32.251696,0,chrono_body_contact,0,,,,,,,,0
mpc_tire_model_sweep,pacejka_rigfit,standard,pacejka-rigfit,tire_force_static,dirt,right_left,5.0,8,100,/home/ksha/Documents/sbel/offroad-control/benchmarking/results/mpc_tire_model_sweep_calibrated_20260828_002629/raw/0640_pacejka_rigfit_dirt_right_left_v5_b8_s100,ok,0,19.490252256393433,15.0,0.99,/home/ksha/Documents/sbel/offroad-control/benchmarking/results/mpc_tire_model_sweep_calibrated_20260828_002629/raw/0640_pacejka_rigfit_dirt_right_left_v5_b8_s100/20260828_035257_889388_dirt_right_left_acados_pacejka-rigfit/diag_dirt_right_left_acados_pacejka-rigfit.csv,,,1247,0.39521375580305007,1.572715,0.2248403296398892,4.42923351800554,5.06969,0.885846703601108,2.737241379310345,3.87,127.13674944119234,36.151223,-32.51559,0,chrono_body_contact,0,,,,,,,,0
mpc_tire_model_sweep,pacejka_rigfit,standard,pacejka-rigfit,tire_force_static,dirt,right_left,5.0,8,101,/home/ksha/Documents/sbel/offroad-control/benchmarking/results/mpc_tire_model_sweep_calibrated_20260828_002629/raw/0641_pacejka_rigfit_dirt_right_left_v5_b8_s101,ok,0,19.440674304962158,15.0,0.99,/home/ksha/Documents/sbel/offroad-control/benchmarking/results/mpc_tire_model_sweep_calibrated_20260828_002629/raw/0641_pacejka_rigfit_dirt_right_left_v5_b8_s101/20260828_035317_387880_dirt_right_left_acados_pacejka-rigfit/diag_dirt_right_left_acados_pacejka-rigfit.csv,,,1248,0.3777918740304917,1.481433,0.2183657497691597,4.396679963065558,4.98741,0.8793359926131116,2.6499839743589746,3.65,123.33153940761915,35.975685,-32.371332,0,chrono_body_contact,0,,,,,,,,0
mpc_tire_model_sweep,pacejka_rigfit,standard,pacejka-rigfit,tire_force_static,dirt,right_left,5.0,8,102,/home/ksha/Documents/sbel/offroad-control/benchmarking/results/mpc_tire_model_sweep_calibrated_20260828_002629/raw/0642_pacejka_rigfit_dirt_right_left_v5_b8_s102,ok,0,19.440229892730713,15.0,0.99,/home/ksha/Documents/sbel/offroad-control/benchmarking/results/mpc_tire_model_sweep_calibrated_20260828_002629/raw/0642_pacejka_rigfit_dirt_right_left_v5_b8_s102/20260828_035336_845169_dirt_right_left_acados_pacejka-rigfit/diag_dirt_right_left_acados_pacejka-rigfit.csv,,,1248,0.39339278777228637,1.556299,0.224157269621422,4.43654108956602,5.10954,0.8873082179132039,2.903798076923077,4.44,128.3839857044684,36.380776,-32.458081,0,chrono_body_contact,0,,,,,,,,0
mpc_tire_model_sweep,pacejka_rigfit,standard,pacejka-rigfit,tire_force_static,dirt,right_left,5.0,8,103,/home/ksha/Documents/sbel/offroad-control/benchmarking/results/mpc_tire_model_sweep_calibrated_20260828_002629/raw/0643_pacejka_rigfit_dirt_right_left_v5_b8_s103,ok,0,19.4845769405365,15.0,0.99,/home/ksha/Documents/sbel/offroad-control/benchmarking/results/mpc_tire_model_sweep_calibrated_20260828_002629/raw/0643_pacejka_rigfit_dirt_right_left_v5_b8_s103/20260828_035356_315578_dirt_right_left_acados_pacejka-rigfit/diag_dirt_right_left_acados_pacejka-rigfit.csv,,,1248,0.3579627702455158,1.388462,0.21001862880886427,4.373841458910435,5.01206,0.8747682917820869,2.7232051282051284,3.7352999999999996,126.4586789924218,35.531044,-32.288317,0,chrono_body_contact,0,,,,,,,,0
mpc_tire_model_sweep,pacejka_rigfit,standard,pacejka-rigfit,tire_force_static,dirt,right_left,5.0,8,104,/home/ksha/Documents/sbel/offroad-control/benchmarking/results/mpc_tire_model_sweep_calibrated_20260828_002629/raw/0644_pacejka_rigfit_dirt_right_left_v5_b8_s104,ok,0,19.490312814712524,15.0,0.99,/home/ksha/Documents/sbel/offroad-control/benchmarking/results/mpc_tire_model_sweep_calibrated_20260828_002629/raw/0644_pacejka_rigfit_dirt_right_left_v5_b8_s104/20260828_035415_835793_dirt_right_left_acados_pacejka-rigfit/diag_dirt_right_left_acados_pacejka-rigfit.csv,,,1247,0.3657691025258516,1.395611,0.21288227700831028,4.375040627885503,5.007359999999999,0.8750081255771006,2.7253809141940657,3.74,127.1671884160584,35.568315,-32.359044,0,chrono_body_contact,0,,,,,,,,0
mpc_tire_model_sweep,pacejka_rigfit,standard,pacejka-rigfit,tire_force_static,dirt,right_left,7.0,0,100,/home/ksha/Documents/sbel/offroad-control/benchmarking/results/mpc_tire_model_sweep_calibrated_20260828_002629/raw/0645_pacejka_rigfit_dirt_right_left_v7_b0_s100,ok,0,19.131313800811768,15.0,0.99,/home/ksha/Documents/sbel/offroad-control/benchmarking/results/mpc_tire_model_sweep_calibrated_20260828_002629/raw/0645_pacejka_rigfit_dirt_right_left_v7_b0_s100/20260828_035435_329732_dirt_right_left_acados_pacejka-rigfit/diag_dirt_right_left_acados_pacejka-rigfit.csv,,,1248,1.9204129882084715,5.406984,0.9608431338873498,5.113445891043398,5.8099,0.7304922701490568,3.284815705128205,5.141199999999999,131.30942781989313,42.672799,-36.249052,0,chrono_body_contact,0,,,,,,,,0
mpc_tire_model_sweep,pacejka_rigfit,standard,pacejka-rigfit,tire_force_static,dirt,right_left,7.0,0,101,/home/ksha/Documents/sbel/offroad-control/benchmarking/results/mpc_tire_model_sweep_calibrated_20260828_002629/raw/0646_pacejka_rigfit_dirt_right_left_v7_b0_s101,ok,0,19.130932569503784,15.0,0.99,/home/ksha/Documents/sbel/offroad-control/benchmarking/results/mpc_tire_model_sweep_calibrated_20260828_002629/raw/0646_pacejka_rigfit_dirt_right_left_v7_b0_s101/20260828_035454_495466_dirt_right_left_acados_pacejka-rigfit/diag_dirt_right_left_acados_pacejka-rigfit.csv,,,1248,1.9473730333823382,5.562888,0.9672186131117269,5.104738873499539,5.81388,0.729248410499934,3.2748878205128205,4.6606,127.72256210039288,42.630705,-36.334401,0,chrono_body_contact,0,,,,,,,,0
mpc_tire_model_sweep,pacejka_rigfit,standard,pacejka-rigfit,tire_force_static,dirt,right_left,7.0,0,102,/home/ksha/Documents/sbel/offroad-control/benchmarking/results/mpc_tire_model_sweep_calibrated_20260828_002629/raw/0647_pacejka_rigfit_dirt_right_left_v7_b0_s102,ok,0,19.173586130142212,15.0,0.99,/home/ksha/Documents/sbel/offroad-control/benchmarking/results/mpc_tire_model_sweep_calibrated_20260828_002629/raw/0647_pacejka_rigfit_dirt_right_left_v7_b0_s102/20260828_035513_632620_dirt_right_left_acados_pacejka-rigfit/diag_dirt_right_left_acados_pacejka-rigfit.csv,,,1248,1.9236460985977897,5.449352,0.9627312557710065,5.123517728531856,5.87505,0.7319311040759794,3.5035977564102563,5.737099999999998,132.67427602868307,42.89056,-36.149675,0,chrono_body_contact,0,,,,,,,,0
mpc_tire_model_sweep,pacejka_rigfit,standard,pacejka-rigfit,tire_force_static,dirt,right_left,7.0,0,103,/home/ksha/Documents/sbel/offroad-control/benchmarking/results/mpc_tire_model_sweep_calibrated_20260828_002629/raw/0648_pacejka_rigfit_dirt_right_left_v7_b0_s103,ok,0,19.136587142944336,15.0,0.99,/home/ksha/Documents/sbel/offroad-control/benchmarking/results/mpc_tire_model_sweep_calibrated_20260828_002629/raw/0648_pacejka_rigfit_dirt_right_left_v7_b0_s103/20260828_035532_834276_dirt_right_left_acados_pacejka-rigfit/diag_dirt_right_left_acados_pacejka-rigfit.csv,,,1248,1.88379653399961,5.345541,0.943468837488458,5.108645798707294,5.849819999999999,0.7298065426724706,3.297283653846154,5.667199999999994,131.01384212363072,42.864434,-36.129275,0,chrono_body_contact,0,,,,,,,,0
mpc_tire_model_sweep,pacejka_rigfit,standard,pacejka-rigfit,tire_force_static,dirt,right_left,7.0,0,104,/home/ksha/Documents/sbel/offroad-control/benchmarking/results/mpc_tire_model_sweep_calibrated_20260828_002629/raw/0649_pacejka_rigfit_dirt_right_left_v7_b0_s104,ok,0,19.134652137756348,15.0,0.99,/home/ksha/Documents/sbel/offroad-control/benchmarking/results/mpc_tire_model_sweep_calibrated_20260828_002629/raw/0649_pacejka_rigfit_dirt_right_left_v7_b0_s104/20260828_035551_991170_dirt_right_left_acados_pacejka-rigfit/diag_dirt_right_left_acados_pacejka-rigfit.csv,,,1248,1.9620340305363921,5.565415,0.9871488661126498,5.131028901200369,5.87715,0.7330041287429099,3.238701923076923,5.071799999999998,131.9678794872241,43.132026,-36.247068,0,chrono_body_contact,0,,,,,,,,0
mpc_tire_model_sweep,pacejka_rigfit,standard,pacejka-rigfit,tire_force_static,dirt,right_left,7.0,4,100,/home/ksha/Documents/sbel/offroad-control/benchmarking/results/mpc_tire_model_sweep_calibrated_20260828_002629/raw/0650_pacejka_rigfit_dirt_right_left_v7_b4_s100,ok,0,19.333000898361206,15.0,0.99,/home/ksha/Documents/sbel/offroad-control/benchmarking/results/mpc_tire_model_sweep_calibrated_20260828_002629/raw/0650_pacejka_rigfit_dirt_right_left_v7_b4_s100/20260828_035611_139483_dirt_right_left_acados_pacejka-rigfit/diag_dirt_right_left_acados_pacejka-rigfit.csv,,,1248,1.989335165844753,5.620996,0.9947196565096952,5.103012834718376,5.78717,0.7290018335311965,3.6645112179487174,7.747099999999998,131.27426109399707,42.266832,-36.452175,0,chrono_body_contact,0,,,,,,,,0
mpc_tire_model_sweep,pacejka_rigfit,standard,pacejka-rigfit,tire_force_static,dirt,right_left,7.0,4,101,/home/ksha/Documents/sbel/offroad-control/benchmarking/results/mpc_tire_model_sweep_calibrated_20260828_002629/raw/0651_pacejka_rigfit_dirt_right_left_v7_b4_s101,ok,0,19.334566831588745,15.0,0.99,/home/ksha/Documents/sbel/offroad-control/benchmarking/results/mpc_tire_model_sweep_calibrated_20260828_002629/raw/0651_pacejka_rigfit_dirt_right_left_v7_b4_s101/20260828_035630_495428_dirt_right_left_acados_pacejka-rigfit/diag_dirt_right_left_acados_pacejka-rigfit.csv,,,1248,1.9699753598868481,5.513665,0.9942740055401661,5.128166297322252,5.822229999999999,0.7325951853317504,3.244423076923077,4.705299999999999,127.89304651969215,43.100621,-36.235264,0,chrono_body_contact,0,,,,,,,,0
mpc_tire_model_sweep,pacejka_rigfit,standard,pacejka-rigfit,tire_force_static,dirt,right_left,7.0,4,102,/home/ksha/Documents/sbel/offroad-control/benchmarking/results/mpc_tire_model_sweep_calibrated_20260828_002629/raw/0652_pacejka_rigfit_dirt_right_left_v7_b4_s102,ok,0,19.33617115020752,15.0,0.99,/home/ksha/Documents/sbel/offroad-control/benchmarking/results/mpc_tire_model_sweep_calibrated_20260828_002629/raw/0652_pacejka_rigfit_dirt_right_left_v7_b4_s102/20260828_035649_850464_dirt_right_left_acados_pacejka-rigfit/diag_dirt_right_left_acados_pacejka-rigfit.csv,,,1248,1.967672099522766,5.615394,0.9866842668513388,5.118480701754387,5.827369999999999,0.7312115288220553,3.2961618589743593,5.0752999999999995,132.64081963376952,42.641607,-36.331862,0,chrono_body_contact,0,,,,,,,,0
mpc_tire_model_sweep,pacejka_rigfit,standard,pacejka-rigfit,tire_force_static,dirt,right_left,7.0,4,103,/home/ksha/Documents/sbel/offroad-control/benchmarking/results/mpc_tire_model_sweep_calibrated_20260828_002629/raw/0653_pacejka_rigfit_dirt_right_left_v7_b4_s103,ok,0,19.38353943824768,15.0,0.99,/home/ksha/Documents/sbel/offroad-control/benchmarking/results/mpc_tire_model_sweep_calibrated_20260828_002629/raw/0653_pacejka_rigfit_dirt_right_left_v7_b4_s103/20260828_035709_205584_dirt_right_left_acados_pacejka-rigfit/diag_dirt_right_left_acados_pacejka-rigfit.csv,,,1248,2.0009022516540065,5.63983,1.0066178264081256,5.1336192982456135,5.83982,0.7333741854636591,3.308918269230769,5.36139999999999,131.20114113503723,43.143346,-36.312239,0,chrono_body_contact,0,,,,,,,,0
mpc_tire_model_sweep,pacejka_rigfit,standard,pacejka-rigfit,tire_force_static,dirt,right_left,7.0,4,104,/home/ksha/Documents/sbel/offroad-control/benchmarking/results/mpc_tire_model_sweep_calibrated_20260828_002629/raw/0654_pacejka_rigfit_dirt_right_left_v7_b4_s104,ok,0,19.333113431930542,15.0,0.99,/home/ksha/Documents/sbel/offroad-control/benchmarking/results/mpc_tire_model_sweep_calibrated_20260828_002629/raw/0654_pacejka_rigfit_dirt_right_left_v7_b4_s104/20260828_035728_606430_dirt_right_left_acados_pacejka-rigfit/diag_dirt_right_left_acados_pacejka-rigfit.csv,,,1248,1.9980387909231536,5.791933,0.995101242843952,5.104499076638966,5.81546,0.7292141538055665,3.3091666666666666,5.713599999999997,131.81680631242176,42.505508,-36.501667,0,chrono_body_contact,0,,,,,,,,0
mpc_tire_model_sweep,pacejka_rigfit,standard,pacejka-rigfit,tire_force_static,dirt,right_left,7.0,8,100,/home/ksha/Documents/sbel/offroad-control/benchmarking/results/mpc_tire_model_sweep_calibrated_20260828_002629/raw/0655_pacejka_rigfit_dirt_right_left_v7_b8_s100,ok,0,19.433518409729004,15.0,0.99,/home/ksha/Documents/sbel/offroad-control/benchmarking/results/mpc_tire_model_sweep_calibrated_20260828_002629/raw/0655_pacejka_rigfit_dirt_right_left_v7_b8_s100/20260828_035747_960257_dirt_right_left_acados_pacejka-rigfit/diag_dirt_right_left_acados_pacejka-rigfit.csv,,,1248,1.7899856772723035,5.194141,0.8776874275161588,5.049806278855032,5.80108,0.7214008969792902,3.193581730769231,4.1911999999999985,130.88288375433518,41.567084,-36.072097,0,chrono_body_contact,0,,,,,,,,0
mpc_tire_model_sweep,pacejka_rigfit,standard,pacejka-rigfit,tire_force_static,dirt,right_left,7.0,8,101,/home/ksha/Documents/sbel/offroad-control/benchmarking/results/mpc_tire_model_sweep_calibrated_20260828_002629/raw/0656_pacejka_rigfit_dirt_right_left_v7_b8_s101,ok,0,19.486066579818726,15.0,0.99,/home/ksha/Documents/sbel/offroad-control/benchmarking/results/mpc_tire_model_sweep_calibrated_20260828_002629/raw/0656_pacejka_rigfit_dirt_right_left_v7_b8_s101/20260828_035807_409121_dirt_right_left_acados_pacejka-rigfit/diag_dirt_right_left_acados_pacejka-rigfit.csv,,,1247,1.7526461398491666,5.105471,0.8601444921514313,5.025374330563251,5.72618,0.717910618651893,3.246936647955092,4.3354,126.94422644519891,41.377341,-35.962201,0,chrono_body_contact,0,,,,,,,,0
mpc_tire_model_sweep,pacejka_rigfit,standard,pacejka-rigfit,tire_force_static,dirt,right_left,7.0,8,102,/home/ksha/Documents/sbel/offroad-control/benchmarking/results/mpc_tire_model_sweep_calibrated_20260828_002629/raw/0657_pacejka_rigfit_dirt_right_left_v7_b8_s102,ok,0,19.489527225494385,15.0,0.99,/home/ksha/Documents/sbel/offroad-control/benchmarking/results/mpc_tire_model_sweep_calibrated_20260828_002629/raw/0657_pacejka_rigfit_dirt_right_left_v7_b8_s102/20260828_035826_933304_dirt_right_left_acados_pacejka-rigfit/diag_dirt_right_left_acados_pacejka-rigfit.csv,,,1247,1.7465642393036722,5.127654,0.8551020406278854,5.023726038781164,5.78874,0.7176751483973092,3.2712109061748196,4.570799999999999,131.95051166480417,41.239275,-35.935685,0,chrono_body_contact,0,,,,,,,,0
mpc_tire_model_sweep,pacejka_rigfit,standard,pacejka-rigfit,tire_force_static,dirt,right_left,7.0,8,103,/home/ksha/Documents/sbel/offroad-control/benchmarking/results/mpc_tire_model_sweep_calibrated_20260828_002629/raw/0658_pacejka_rigfit_dirt_right_left_v7_b8_s103,ok,0,19.43503475189209,15.0,0.99,/home/ksha/Documents/sbel/offroad-control/benchmarking/results/mpc_tire_model_sweep_calibrated_20260828_002629/raw/0658_pacejka_rigfit_dirt_right_left_v7_b8_s103/20260828_035846_421363_dirt_right_left_acados_pacejka-rigfit/diag_dirt_right_left_acados_pacejka-rigfit.csv,,,1248,1.7310633177212296,5.097357,0.8533237442289935,5.021212927054479,5.6937299999999995,0.7173161324363541,3.1106891025641024,3.9605999999999995,130.35406521938987,41.119518,-35.923899,0,chrono_body_contact,0,,,,,,,,0
mpc_tire_model_sweep,pacejka_rigfit,standard,pacejka-rigfit,tire_force_static,dirt,right_left,7.0,8,104,/home/ksha/Documents/sbel/offroad-control/benchmarking/results/mpc_tire_model_sweep_calibrated_20260828_002629/raw/0659_pacejka_rigfit_dirt_right_left_v7_b8_s104,ok,0,19.435991764068604,15.0,0.99,/home/ksha/Documents/sbel/offroad-control/benchmarking/results/mpc_tire_model_sweep_calibrated_20260828_002629/raw/0659_pacejka_rigfit_dirt_right_left_v7_b8_s104/20260828_035905_889952_dirt_right_left_acados_pacejka-rigfit/diag_dirt_right_left_acados_pacejka-rigfit.csv,,,1248,1.7493548326755382,5.171164,0.8572870073868881,5.035871837488458,5.82407,0.7194102624983512,3.2088301282051286,4.3706,131.3544250468447,41.485949,-36.022808,0,chrono_body_contact,0,,,,,,,,0
mpc_tire_model_sweep,pacejka_rigfit,standard,pacejka-rigfit,tire_force_static,dirt,right_left,9.0,0,100,/home/ksha/Documents/sbel/offroad-control/benchmarking/results/mpc_tire_model_sweep_calibrated_20260828_002629/raw/0660_pacejka_rigfit_dirt_right_left_v9_b0_s100,ok,0,19.181098222732544,15.0,0.99,/home/ksha/Documents/sbel/offroad-control/benchmarking/results/mpc_tire_model_sweep_calibrated_20260828_002629/raw/0660_pacejka_rigfit_dirt_right_left_v9_b0_s100/20260828_035925_350187_dirt_right_left_acados_pacejka-rigfit/diag_dirt_right_left_acados_pacejka-rigfit.csv,,,1248,1.9151401759707931,5.282089,0.9744434395198524,5.135209787626962,5.82398,0.5705788652918846,3.4702964743589746,11.081799999999998,131.48345132593076,43.148136,-35.786757,0,chrono_body_contact,0,,,,,,,,0
mpc_tire_model_sweep,pacejka_rigfit,standard,pacejka-rigfit,tire_force_static,dirt,right_left,9.0,0,101,/home/ksha/Documents/sbel/offroad-control/benchmarking/results/mpc_tire_model_sweep_calibrated_20260828_002629/raw/0661_pacejka_rigfit_dirt_right_left_v9_b0_s101,ok,0,19.13249683380127,15.0,0.99,/home/ksha/Documents/sbel/offroad-control/benchmarking/results/mpc_tire_model_sweep_calibrated_20260828_002629/raw/0661_pacejka_rigfit_dirt_right_left_v9_b0_s101/20260828_035944_563143_dirt_right_left_acados_pacejka-rigfit/diag_dirt_right_left_acados_pacejka-rigfit.csv,,,1248,1.8576432645637726,5.041536,0.9587026389658356,5.1299362880886425,5.77669,0.5699929208987381,3.5077724358974356,10.47,127.88719498579333,43.45543,-35.414438,0,chrono_body_contact,0,,,,,,,,0
mpc_tire_model_sweep,pacejka_rigfit,standard,pacejka-rigfit,tire_force_static,dirt,right_left,9.0,0,102,/home/ksha/Documents/sbel/offroad-control/benchmarking/results/mpc_tire_model_sweep_calibrated_20260828_002629/raw/0662_pacejka_rigfit_dirt_right_left_v9_b0_s102,ok,0,19.132667303085327,15.0,0.99,/home/ksha/Documents/sbel/offroad-control/benchmarking/results/mpc_tire_model_sweep_calibrated_20260828_002629/raw/0662_pacejka_rigfit_dirt_right_left_v9_b0_s102/20260828_040003_700961_dirt_right_left_acados_pacejka-rigfit/diag_dirt_right_left_acados_pacejka-rigfit.csv,,,1248,1.9536271962094434,5.321271,1.0009751542012928,5.173683102493075,5.87836,0.5748536780547862,3.9300400641025646,9.375399999999996,133.04959884349972,43.794598,-35.669735,0,chrono_body_contact,0,,,,,,,,0
mpc_tire_model_sweep,pacejka_rigfit,standard,pacejka-rigfit,tire_force_static,dirt,right_left,9.0,0,103,/home/ksha/Documents/sbel/offroad-control/benchmarking/results/mpc_tire_model_sweep_calibrated_20260828_002629/raw/0663_pacejka_rigfit_dirt_right_left_v9_b0_s103,ok,0,19.131449222564697,15.0,0.99,/home/ksha/Documents/sbel/offroad-control/benchmarking/results/mpc_tire_model_sweep_calibrated_20260828_002629/raw/0663_pacejka_rigfit_dirt_right_left_v9_b0_s103/20260828_040022_844174_dirt_right_left_acados_pacejka-rigfit/diag_dirt_right_left_acados_pacejka-rigfit.csv,,,1248,1.8600480509153567,5.163103,0.947812300092336,5.1235699907663905,5.789739999999999,0.569285554529599,3.2303445512820512,4.955399999999996,131.13864602214036,43.109952,-35.630097,0,chrono_body_contact,0,,,,,,,,0
mpc_tire_model_sweep,pacejka_rigfit,standard,pacejka-rigfit,tire_force_static,dirt,right_left,9.0,0,104,/home/ksha/Documents/sbel/offroad-control/benchmarking/results/mpc_tire_model_sweep_calibrated_20260828_002629/raw/0664_pacejka_rigfit_dirt_right_left_v9_b0_s104,ok,0,19.17961049079895,15.0,0.99,/home/ksha/Documents/sbel/offroad-control/benchmarking/results/mpc_tire_model_sweep_calibrated_20260828_002629/raw/0664_pacejka_rigfit_dirt_right_left_v9_b0_s104/20260828_040041_993261_dirt_right_left_acados_pacejka-rigfit/diag_dirt_right_left_acados_pacejka-rigfit.csv,,,1248,1.8882008939312935,5.25681,0.9612988393351801,5.128157894736842,5.8038,0.5697953216374269,3.426931089743589,10.15159999999998,132.02160791579252,43.201857,-35.721051,0,chrono_body_contact,0,,,,,,,,0
mpc_tire_model_sweep,pacejka_rigfit,standard,pacejka-rigfit,tire_force_static,dirt,right_left,9.0,4,100,/home/ksha/Documents/sbel/offroad-control/benchmarking/results/mpc_tire_model_sweep_calibrated_20260828_002629/raw/0665_pacejka_rigfit_dirt_right_left_v9_b4_s100,ok,0,19.33092761039734,15.0,0.99,/home/ksha/Documents/sbel/offroad-control/benchmarking/results/mpc_tire_model_sweep_calibrated_20260828_002629/raw/0665_pacejka_rigfit_dirt_right_left_v9_b4_s100/20260828_040101_211602_dirt_right_left_acados_pacejka-rigfit/diag_dirt_right_left_acados_pacejka-rigfit.csv,,,1248,2.0331397655253407,5.566689,1.0387867183748847,5.168521606648199,5.80266,0.5742801785164666,3.41141826923077,10.183199999999989,131.71054299511326,43.409057,-36.026795,0,chrono_body_contact,0,,,,,,,,0
mpc_tire_model_sweep,pacejka_rigfit,standard,pacejka-rigfit,tire_force_static,dirt,right_left,9.0,4,101,/home/ksha/Documents/sbel/offroad-control/benchmarking/results/mpc_tire_model_sweep_calibrated_20260828_002629/raw/0666_pacejka_rigfit_dirt_right_left_v9_b4_s101,ok,0,19.33402705192566,15.0,0.99,/home/ksha/Documents/sbel/offroad-control/benchmarking/results/mpc_tire_model_sweep_calibrated_20260828_002629/raw/0666_pacejka_rigfit_dirt_right_left_v9_b4_s101/20260828_040120_563345_dirt_right_left_acados_pacejka-rigfit/diag_dirt_right_left_acados_pacejka-rigfit.csv,,,1248,2.0146943007065214,5.545537,1.023290758079409,5.142331209602955,5.79399,0.5713701344003284,3.4922355769230764,11.312399999999997,127.9757611958858,43.283163,-35.946129,0,chrono_body_contact,0,,,,,,,,0
mpc_tire_model_sweep,pacejka_rigfit,standard,pacejka-rigfit,tire_force_static,dirt,right_left,9.0,4,102,/home/ksha/Documents/sbel/offroad-control/benchmarking/results/mpc_tire_model_sweep_calibrated_20260828_002629/raw/0667_pacejka_rigfit_dirt_right_left_v9_b4_s102,ok,0,19.386860847473145,15.0,0.99,/home/ksha/Documents/sbel/offroad-control/benchmarking/results/mpc_tire_model_sweep_calibrated_20260828_002629/raw/0667_pacejka_rigfit_dirt_right_left_v9_b4_s102/20260828_040139_914911_dirt_right_left_acados_pacejka-rigfit/diag_dirt_right_left_acados_pacejka-rigfit.csv,,,1248,2.0535493443299906,5.611157,1.0436512696214222,5.1617650046168055,5.84629,0.5735294449574229,3.8022275641025645,10.102399999999998,132.97444495080055,43.396155,-35.985407,0,chrono_body_contact,0,,,,,,,,0
mpc_tire_model_sweep,pacejka_rigfit,standard,pacejka-rigfit,tire_force_static,dirt,right_left,9.0,4,103,/home/ksha/Documents/sbel/offroad-control/benchmarking/results/mpc_tire_model_sweep_calibrated_20260828_002629/raw/0668_pacejka_rigfit_dirt_right_left_v9_b4_s103,ok,0,19.38295865058899,15.0,0.99,/home/ksha/Documents/sbel/offroad-control/benchmarking/results/mpc_tire_model_sweep_calibrated_20260828_002629/raw/0668_pacejka_rigfit_dirt_right_left_v9_b4_s103/20260828_040159_324594_dirt_right_left_acados_pacejka-rigfit/diag_dirt_right_left_acados_pacejka-rigfit.csv,,,1248,1.9572513335702464,5.446402,0.992948783010157,5.112220590951061,5.77361,0.5680245101056735,3.4402323717948717,10.752399999999998,131.09141936368843,42.884432,-35.92944,0,chrono_body_contact,0,,,,,,,,0
mpc_tire_model_sweep,pacejka_rigfit,standard,pacejka-rigfit,tire_force_static,dirt,right_left,9.0,4,104,/home/ksha/Documents/sbel/offroad-control/benchmarking/results/mpc_tire_model_sweep_calibrated_20260828_002629/raw/0669_pacejka_rigfit_dirt_right_left_v9_b4_s104,ok,0,19.381234884262085,15.0,0.99,/home/ksha/Documents/sbel/offroad-control/benchmarking/results/mpc_tire_model_sweep_calibrated_20260828_002629/raw/0669_pacejka_rigfit_dirt_right_left_v9_b4_s104/20260828_040218_724546_dirt_right_left_acados_pacejka-rigfit/diag_dirt_right_left_acados_pacejka-rigfit.csv,,,1248,1.9557834261036577,5.465677,0.9939097202216066,5.111082363804248,5.76624,0.5678980404226942,3.5738541666666666,11.070699999999995,131.9433481180846,42.762824,-35.971885,0,chrono_body_contact,0,,,,,,,,0
mpc_tire_model_sweep,pacejka_rigfit,standard,pacejka-rigfit,tire_force_static,dirt,right_left,9.0,8,100,/home/ksha/Documents/sbel/offroad-control/benchmarking/results/mpc_tire_model_sweep_calibrated_20260828_002629/raw/0670_pacejka_rigfit_dirt_right_left_v9_b8_s100,ok,0,19.484458208084106,15.0,0.99,/home/ksha/Documents/sbel/offroad-control/benchmarking/results/mpc_tire_model_sweep_calibrated_20260828_002629/raw/0670_pacejka_rigfit_dirt_right_left_v9_b8_s100/20260828_040238_120997_dirt_right_left_acados_pacejka-rigfit/diag_dirt_right_left_acados_pacejka-rigfit.csv,,,1247,1.715501121111819,4.885076,0.8494736398891966,5.022564635272391,5.73897,0.5580627372524879,3.42813151563753,10.554199999999991,130.7519482963785,41.351427,-35.702483,0,chrono_body_contact,0,,,,,,,,0
mpc_tire_model_sweep,pacejka_rigfit,standard,pacejka-rigfit,tire_force_static,dirt,right_left,9.0,8,101,/home/ksha/Documents/sbel/offroad-control/benchmarking/results/mpc_tire_model_sweep_calibrated_20260828_002629/raw/0671_pacejka_rigfit_dirt_right_left_v9_b8_s101,ok,0,19.438926458358765,15.0,0.99,/home/ksha/Documents/sbel/offroad-control/benchmarking/results/mpc_tire_model_sweep_calibrated_20260828_002629/raw/0671_pacejka_rigfit_dirt_right_left_v9_b8_s101/20260828_040257_618928_dirt_right_left_acados_pacejka-rigfit/diag_dirt_right_left_acados_pacejka-rigfit.csv,,,1247,1.7448099393876513,4.760391,0.8865872677746998,5.0847492151431215,5.79936,0.5649721350159024,3.384843624699278,10.273199999999997,127.43420230909697,42.608488,-35.264632,0,chrono_body_contact,0,,,,,,,,0
mpc_tire_model_sweep,pacejka_rigfit,standard,pacejka-rigfit,tire_force_static,dirt,right_left,9.0,8,102,/home/ksha/Documents/sbel/offroad-control/benchmarking/results/mpc_tire_model_sweep_calibrated_20260828_002629/raw/0672_pacejka_rigfit_dirt_right_left_v9_b8_s102,ok,0,19.430752992630005,15.0,0.99,/home/ksha/Documents/sbel/offroad-control/benchmarking/results/mpc_tire_model_sweep_calibrated_20260828_002629/raw/0672_pacejka_rigfit_dirt_right_left_v9_b8_s102/20260828_040317_106840_dirt_right_left_acados_pacejka-rigfit/diag_dirt_right_left_acados_pacejka-rigfit.csv,,,1248,1.6833233849404687,4.816721,0.8354155355493997,5.029302308402586,5.72309,0.5588113676002873,3.2750641025641025,9.177199999999994,132.00984777062854,41.412361,-35.498224,0,chrono_body_contact,0,,,,,,,,0
mpc_tire_model_sweep,pacejka_rigfit,standard,pacejka-rigfit,tire_force_static,dirt,right_left,9.0,8,103,/home/ksha/Documents/sbel/offroad-control/benchmarking/results/mpc_tire_model_sweep_calibrated_20260828_002629/raw/0673_pacejka_rigfit_dirt_right_left_v9_b8_s103,ok,0,19.4359929561615,15.0,0.99,/home/ksha/Documents/sbel/offroad-control/benchmarking/results/mpc_tire_model_sweep_calibrated_20260828_002629/raw/0673_pacejka_rigfit_dirt_right_left_v9_b8_s103/20260828_040336_528281_dirt_right_left_acados_pacejka-rigfit/diag_dirt_right_left_acados_pacejka-rigfit.csv,,,1248,1.685206535496945,4.771148,0.8412294607571562,5.03785918744229,5.7475,0.5597621319380323,3.216282051282051,8.149499999999941,130.5027395088656,41.787226,-35.429661,0,chrono_body_contact,0,,,,,,,,0
mpc_tire_model_sweep,pacejka_rigfit,standard,pacejka-rigfit,tire_force_static,dirt,right_left,9.0,8,104,/home/ksha/Documents/sbel/offroad-control/benchmarking/results/mpc_tire_model_sweep_calibrated_20260828_002629/raw/0674_pacejka_rigfit_dirt_right_left_v9_b8_s104,ok,0,19.43393898010254,15.0,0.99,/home/ksha/Documents/sbel/offroad-control/benchmarking/results/mpc_tire_model_sweep_calibrated_20260828_002629/raw/0674_pacejka_rigfit_dirt_right_left_v9_b8_s104/20260828_040355_992828_dirt_right_left_acados_pacejka-rigfit/diag_dirt_right_left_acados_pacejka-rigfit.csv,,,1248,1.7892554263553282,4.882345,0.9131898190212373,5.117892890120037,5.81652,0.5686547655688929,3.183894230769231,4.658299999999997,131.92326082594917,42.883309,-35.373744,0,chrono_body_contact,0,,,,,,,,0
mpc_tire_model_sweep,pacejka_rigfit,standard,pacejka-rigfit,tire_force_static,sand,sinusoidal,5.0,0,100,/home/ksha/Documents/sbel/offroad-control/benchmarking/results/mpc_tire_model_sweep_calibrated_20260828_002629/raw/0675_pacejka_rigfit_sand_sinusoidal_v5_b0_s100,ok,0,19.134340524673462,15.0,0.99,/home/ksha/Documents/sbel/offroad-control/benchmarking/results/mpc_tire_model_sweep_calibrated_20260828_002629/raw/0675_pacejka_rigfit_sand_sinusoidal_v5_b0_s100/20260828_040415_449378_sand_sinusoidal_acados_pacejka-rigfit/diag_sand_sinusoidal_acados_pacejka-rigfit.csv,,,1247,0.13158174590259356,0.419801,0.10496753554939982,3.6030773776546634,5.150429999999999,0.7206154755309326,2.3103127506014434,3.770799999999999,123.45784329361946,47.411617,1.290957,0,chrono_body_contact,0,,,,,,,,0
mpc_tire_model_sweep,pacejka_rigfit,standard,pacejka-rigfit,tire_force_static,sand,sinusoidal,5.0,0,101,/home/ksha/Documents/sbel/offroad-control/benchmarking/results/mpc_tire_model_sweep_calibrated_20260828_002629/raw/0676_pacejka_rigfit_sand_sinusoidal_v5_b0_s101,ok,0,19.13972306251526,15.0,0.99,/home/ksha/Documents/sbel/offroad-control/benchmarking/results/mpc_tire_model_sweep_calibrated_20260828_002629/raw/0676_pacejka_rigfit_sand_sinusoidal_v5_b0_s101/20260828_040434_609255_sand_sinusoidal_acados_pacejka-rigfit/diag_sand_sinusoidal_acados_pacejka-rigfit.csv,,,1248,0.1274926721840359,0.3923,0.1019716675900277,3.458870637119113,5.13655,0.6917741274238226,2.2071634615384617,3.61,118.9980954195106,45.739357,1.933198,0,chrono_body_contact,0,,,,,,,,0
mpc_tire_model_sweep,pacejka_rigfit,standard,pacejka-rigfit,tire_force_static,sand,sinusoidal,5.0,0,102,/home/ksha/Documents/sbel/offroad-control/benchmarking/results/mpc_tire_model_sweep_calibrated_20260828_002629/raw/0677_pacejka_rigfit_sand_sinusoidal_v5_b0_s102,ok,0,19.13323402404785,15.0,0.99,/home/ksha/Documents/sbel/offroad-control/benchmarking/results/mpc_tire_model_sweep_calibrated_20260828_002629/raw/0677_pacejka_rigfit_sand_sinusoidal_v5_b0_s102/20260828_040453_765634_sand_sinusoidal_acados_pacejka-rigfit/diag_sand_sinusoidal_acados_pacejka-rigfit.csv,,,1248,0.12415778214514132,0.393685,0.10069790951061865,3.4266734995383192,5.116029999999999,0.6853346999076638,2.346778846153846,3.8605999999999994,123.70509391029655,45.175785,2.034698,0,chrono_body_contact,0,,,,,,,,0
mpc_tire_model_sweep,pacejka_rigfit,standard,pacejka-rigfit,tire_force_static,sand,sinusoidal,5.0,0,103,/home/ksha/Documents/sbel/offroad-control/benchmarking/results/mpc_tire_model_sweep_calibrated_20260828_002629/raw/0678_pacejka_rigfit_sand_sinusoidal_v5_b0_s103,ok,0,19.181947469711304,15.0,0.99,/home/ksha/Documents/sbel/offroad-control/benchmarking/results/mpc_tire_model_sweep_calibrated_20260828_002629/raw/0678_pacejka_rigfit_sand_sinusoidal_v5_b0_s103/20260828_040512_914249_sand_sinusoidal_acados_pacejka-rigfit/diag_sand_sinusoidal_acados_pacejka-rigfit.csv,,,1248,0.13556201141502153,0.439302,0.10743807202216067,3.5496483841181905,5.16439,0.7099296768236381,2.29380608974359,3.6352999999999995,122.45074268241375,46.848426,1.602733,0,chrono_body_contact,0,,,,,,,,0
mpc_tire_model_sweep,pacejka_rigfit,standard,pacejka-rigfit,tire_force_static,sand,sinusoidal,5.0,0,104,/home/ksha/Documents/sbel/offroad-control/benchmarking/results/mpc_tire_model_sweep_calibrated_20260828_002629/raw/0679_pacejka_rigfit_sand_sinusoidal_v5_b0_s104,ok,0,19.1336088180542,15.0,0.99,/home/ksha/Documents/sbel/offroad-control/benchmarking/results/mpc_tire_model_sweep_calibrated_20260828_002629/raw/0679_pacejka_rigfit_sand_sinusoidal_v5_b0_s104/20260828_040532_132588_sand_sinusoidal_acados_pacejka-rigfit/diag_sand_sinusoidal_acados_pacejka-rigfit.csv,,,1248,0.1293591473964257,0.362126,0.10443076269621421,3.5269452446906735,5.15576,0.7053890489381347,2.528998397435897,4.015299999999999,122.7127590211801,46.580103,1.613973,0,chrono_body_contact,0,,,,,,,,0
mpc_tire_model_sweep,pacejka_rigfit,standard,pacejka-rigfit,tire_force_static,sand,sinusoidal,5.0,4,100,/home/ksha/Documents/sbel/offroad-control/benchmarking/results/mpc_tire_model_sweep_calibrated_20260828_002629/raw/0680_pacejka_rigfit_sand_sinusoidal_v5_b4_s100,ok,0,19.37454319000244,15.0,0.99,/home/ksha/Documents/sbel/offroad-control/benchmarking/results/mpc_tire_model_sweep_calibrated_20260828_002629/raw/0680_pacejka_rigfit_sand_sinusoidal_v5_b4_s100/20260828_040551_296390_sand_sinusoidal_acados_pacejka-rigfit/diag_sand_sinusoidal_acados_pacejka-rigfit.csv,,,1248,0.11737827225593957,0.318594,0.09591520036934441,3.4007819944598334,5.03362,0.6801563988919667,2.2017067307692306,3.6552999999999995,122.58697598309641,44.86184,2.001941,0,chrono_body_contact,0,,,,,,,,0
mpc_tire_model_sweep,pacejka_rigfit,standard,pacejka-rigfit,tire_force_static,sand,sinusoidal,5.0,4,101,/home/ksha/Documents/sbel/offroad-control/benchmarking/results/mpc_tire_model_sweep_calibrated_20260828_002629/raw/0681_pacejka_rigfit_sand_sinusoidal_v5_b4_s101,ok,0,19.371375799179077,15.0,0.99,/home/ksha/Documents/sbel/offroad-control/benchmarking/results/mpc_tire_model_sweep_calibrated_20260828_002629/raw/0681_pacejka_rigfit_sand_sinusoidal_v5_b4_s101/20260828_040610_663478_sand_sinusoidal_acados_pacejka-rigfit/diag_sand_sinusoidal_acados_pacejka-rigfit.csv,,,1248,0.12326816842643798,0.371869,0.10000895013850417,3.4100610341643582,5.07937,0.6820122068328717,2.8361778846153847,4.486499999999999,118.65144358123456,45.188001,2.034579,0,chrono_body_contact,0,,,,,,,,0
mpc_tire_model_sweep,pacejka_rigfit,standard,pacejka-rigfit,tire_force_static,sand,sinusoidal,5.0,4,102,/home/ksha/Documents/sbel/offroad-control/benchmarking/results/mpc_tire_model_sweep_calibrated_20260828_002629/raw/0682_pacejka_rigfit_sand_sinusoidal_v5_b4_s102,ok,0,19.333707332611084,15.0,0.99,/home/ksha/Documents/sbel/offroad-control/benchmarking/results/mpc_tire_model_sweep_calibrated_20260828_002629/raw/0682_pacejka_rigfit_sand_sinusoidal_v5_b4_s102/20260828_040630_052690_sand_sinusoidal_acados_pacejka-rigfit/diag_sand_sinusoidal_acados_pacejka-rigfit.csv,,,1247,0.12713024548102816,0.411225,0.10248256694367497,3.3949294552169897,5.07996,0.6789858910433979,2.3189013632718525,4.129399999999996,123.59353727878914,44.785328,2.099966,0,chrono_body_contact,0,,,,,,,,0
mpc_tire_model_sweep,pacejka_rigfit,standard,pacejka-rigfit,tire_force_static,sand,sinusoidal,5.0,4,103,/home/ksha/Documents/sbel/offroad-control/benchmarking/results/mpc_tire_model_sweep_calibrated_20260828_002629/raw/0683_pacejka_rigfit_sand_sinusoidal_v5_b4_s103,ok,0,19.331904411315918,15.0,0.99,/home/ksha/Documents/sbel/offroad-control/benchmarking/results/mpc_tire_model_sweep_calibrated_20260828_002629/raw/0683_pacejka_rigfit_sand_sinusoidal_v5_b4_s103/20260828_040649_395334_sand_sinusoidal_acados_pacejka-rigfit/diag_sand_sinusoidal_acados_pacejka-rigfit.csv,,,1248,0.13637858035610786,0.44498,0.10851373868882733,3.6454734995383196,5.087629999999999,0.729094699907664,2.2309134615384614,3.59,122.61775117128559,48.079377,1.123,0,chrono_body_contact,0,,,,,,,,0
mpc_tire_model_sweep,pacejka_rigfit,standard,pacejka-rigfit,tire_force_static,sand,sinusoidal,5.0,4,104,/home/ksha/Documents/sbel/offroad-control/benchmarking/results/mpc_tire_model_sweep_calibrated_20260828_002629/raw/0684_pacejka_rigfit_sand_sinusoidal_v5_b4_s104,ok,0,19.373606204986572,15.0,0.99,/home/ksha/Documents/sbel/offroad-control/benchmarking/results/mpc_tire_model_sweep_calibrated_20260828_002629/raw/0684_pacejka_rigfit_sand_sinusoidal_v5_b4_s104/20260828_040708_747842_sand_sinusoidal_acados_pacejka-rigfit/diag_sand_sinusoidal_acados_pacejka-rigfit.csv,,,1248,0.13340882955085917,0.418541,0.10676722899353647,3.4944466297322254,5.17975,0.698889325946445,2.821073717948718,4.550599999999999,122.64936432598647,46.202344,1.75917,0,chrono_body_contact,0,,,,,,,,0
mpc_tire_model_sweep,pacejka_rigfit,standard,pacejka-rigfit,tire_force_static,sand,sinusoidal,5.0,8,100,/home/ksha/Documents/sbel/offroad-control/benchmarking/results/mpc_tire_model_sweep_calibrated_20260828_002629/raw/0685_pacejka_rigfit_sand_sinusoidal_v5_b8_s100,ok,0,19.529608726501465,15.0,0.99,/home/ksha/Documents/sbel/offroad-control/benchmarking/results/mpc_tire_model_sweep_calibrated_20260828_002629/raw/0685_pacejka_rigfit_sand_sinusoidal_v5_b8_s100/20260828_040728_140736_sand_sinusoidal_acados_pacejka-rigfit/diag_sand_sinusoidal_acados_pacejka-rigfit.csv,,,1248,0.15061641528688582,0.46962,0.12057407109879963,3.7073736842105265,5.2216700000000005,0.7414747368421053,2.3060496794871796,3.6752999999999996,123.88214390542824,48.766638,0.735289,0,chrono_body_contact,0,,,,,,,,0
mpc_tire_model_sweep,pacejka_rigfit,standard,pacejka-rigfit,tire_force_static,sand,sinusoidal,5.0,8,101,/home/ksha/Documents/sbel/offroad-control/benchmarking/results/mpc_tire_model_sweep_calibrated_20260828_002629/raw/0686_pacejka_rigfit_sand_sinusoidal_v5_b8_s101,ok,0,19.526240348815918,15.0,0.99,/home/ksha/Documents/sbel/offroad-control/benchmarking/results/mpc_tire_model_sweep_calibrated_20260828_002629/raw/0686_pacejka_rigfit_sand_sinusoidal_v5_b8_s101/20260828_040747_692281_sand_sinusoidal_acados_pacejka-rigfit/diag_sand_sinusoidal_acados_pacejka-rigfit.csv,,,1248,0.13674252965781317,0.390006,0.11012354662973223,3.498812927054478,5.178339999999999,0.6997625854108956,2.280745192307692,3.737099999999998,119.23260304934922,46.388023,1.728306,0,chrono_body_contact,0,,,,,,,,0
mpc_tire_model_sweep,pacejka_rigfit,standard,pacejka-rigfit,tire_force_static,sand,sinusoidal,5.0,8,102,/home/ksha/Documents/sbel/offroad-control/benchmarking/results/mpc_tire_model_sweep_calibrated_20260828_002629/raw/0687_pacejka_rigfit_sand_sinusoidal_v5_b8_s102,ok,0,19.52442955970764,15.0,0.99,/home/ksha/Documents/sbel/offroad-control/benchmarking/results/mpc_tire_model_sweep_calibrated_20260828_002629/raw/0687_pacejka_rigfit_sand_sinusoidal_v5_b8_s102/20260828_040807_237265_sand_sinusoidal_acados_pacejka-rigfit/diag_sand_sinusoidal_acados_pacejka-rigfit.csv,,,1247,0.13545837631811677,0.424392,0.10693722437673131,3.265639889196676,5.16405,0.6531279778393352,2.354803528468324,3.6707999999999994,123.03561211296281,43.0894,2.210342,0,chrono_body_contact,0,,,,,,,,0
mpc_tire_model_sweep,pacejka_rigfit,standard,pacejka-rigfit,tire_force_static,sand,sinusoidal,5.0,8,103,/home/ksha/Documents/sbel/offroad-control/benchmarking/results/mpc_tire_model_sweep_calibrated_20260828_002629/raw/0688_pacejka_rigfit_sand_sinusoidal_v5_b8_s103,ok,0,19.570538997650146,15.0,0.99,/home/ksha/Documents/sbel/offroad-control/benchmarking/results/mpc_tire_model_sweep_calibrated_20260828_002629/raw/0688_pacejka_rigfit_sand_sinusoidal_v5_b8_s103/20260828_040826_823394_sand_sinusoidal_acados_pacejka-rigfit/diag_sand_sinusoidal_acados_pacejka-rigfit.csv,,,1247,0.13989473363841362,0.414788,0.11204185872576178,3.4423947368421053,5.17453,0.6884789473684211,2.4193905372894946,3.8753999999999995,121.80613282585435,45.455542,1.94765,0,chrono_body_contact,0,,,,,,,,0
mpc_tire_model_sweep,pacejka_rigfit,standard,pacejka-rigfit,tire_force_static,sand,sinusoidal,5.0,8,104,/home/ksha/Documents/sbel/offroad-control/benchmarking/results/mpc_tire_model_sweep_calibrated_20260828_002629/raw/0689_pacejka_rigfit_sand_sinusoidal_v5_b8_s104,ok,0,19.573538064956665,15.0,0.99,/home/ksha/Documents/sbel/offroad-control/benchmarking/results/mpc_tire_model_sweep_calibrated_20260828_002629/raw/0689_pacejka_rigfit_sand_sinusoidal_v5_b8_s104/20260828_040846_421839_sand_sinusoidal_acados_pacejka-rigfit/diag_sand_sinusoidal_acados_pacejka-rigfit.csv,,,1247,0.14182731662008466,0.508102,0.11140958725761771,3.413401569713758,5.1893199999999995,0.6826803139427515,2.621042502004811,4.24,122.18704466689678,45.130009,1.940106,0,chrono_body_contact,0,,,,,,,,0
mpc_tire_model_sweep,pacejka_rigfit,standard,pacejka-rigfit,tire_force_static,sand,sinusoidal,7.0,0,100,/home/ksha/Documents/sbel/offroad-control/benchmarking/results/mpc_tire_model_sweep_calibrated_20260828_002629/raw/0690_pacejka_rigfit_sand_sinusoidal_v7_b0_s100,ok,0,19.179443836212158,15.0,0.99,/home/ksha/Documents/sbel/offroad-control/benchmarking/results/mpc_tire_model_sweep_calibrated_20260828_002629/raw/0690_pacejka_rigfit_sand_sinusoidal_v7_b0_s100/20260828_040905_978575_sand_sinusoidal_acados_pacejka-rigfit/diag_sand_sinusoidal_acados_pacejka-rigfit.csv,,,1248,0.2610115802175172,0.738038,0.20358147368421053,3.8089578947368423,5.48004,0.5441368421052631,3.2462339743589745,4.625299999999999,125.10094147445909,49.584392,0.549941,0,chrono_body_contact,0,,,,,,,,0
mpc_tire_model_sweep,pacejka_rigfit,standard,pacejka-rigfit,tire_force_static,sand,sinusoidal,7.0,0,101,/home/ksha/Documents/sbel/offroad-control/benchmarking/results/mpc_tire_model_sweep_calibrated_20260828_002629/raw/0691_pacejka_rigfit_sand_sinusoidal_v7_b0_s101,ok,0,19.13523578643799,15.0,0.99,/home/ksha/Documents/sbel/offroad-control/benchmarking/results/mpc_tire_model_sweep_calibrated_20260828_002629/raw/0691_pacejka_rigfit_sand_sinusoidal_v7_b0_s101/20260828_040925_193012_sand_sinusoidal_acados_pacejka-rigfit/diag_sand_sinusoidal_acados_pacejka-rigfit.csv,,,1248,0.25577481333624535,0.682734,0.19655407756232687,3.7894301939058175,5.46729,0.5413471705579739,2.559455128205128,3.885899999999999,121.05737439867792,49.638878,0.689275,0,chrono_body_contact,0,,,,,,,,0
mpc_tire_model_sweep,pacejka_rigfit,standard,pacejka-rigfit,tire_force_static,sand,sinusoidal,7.0,0,102,/home/ksha/Documents/sbel/offroad-control/benchmarking/results/mpc_tire_model_sweep_calibrated_20260828_002629/raw/0692_pacejka_rigfit_sand_sinusoidal_v7_b0_s102,ok,0,19.135852575302124,15.0,0.99,/home/ksha/Documents/sbel/offroad-control/benchmarking/results/mpc_tire_model_sweep_calibrated_20260828_002629/raw/0692_pacejka_rigfit_sand_sinusoidal_v7_b0_s102/20260828_040944_328122_sand_sinusoidal_acados_pacejka-rigfit/diag_sand_sinusoidal_acados_pacejka-rigfit.csv,,,1248,0.25910531939730724,0.655483,0.20298702954755313,3.867275438596491,5.463349999999999,0.5524679197994987,2.607315705128205,4.205299999999999,126.1976128908359,50.363059,0.178918,0,chrono_body_contact,0,,,,,,,,0
mpc_tire_model_sweep,pacejka_rigfit,standard,pacejka-rigfit,tire_force_static,sand,sinusoidal,7.0,0,103,/home/ksha/Documents/sbel/offroad-control/benchmarking/results/mpc_tire_model_sweep_calibrated_20260828_002629/raw/0693_pacejka_rigfit_sand_sinusoidal_v7_b0_s103,ok,0,19.082893133163452,15.0,0.99,/home/ksha/Documents/sbel/offroad-control/benchmarking/results/mpc_tire_model_sweep_calibrated_20260828_002629/raw/0693_pacejka_rigfit_sand_sinusoidal_v7_b0_s103/20260828_041003_453523_sand_sinusoidal_acados_pacejka-rigfit/diag_sand_sinusoidal_acados_pacejka-rigfit.csv,,,1248,0.2589760263498255,0.698432,0.20264588088642657,3.7758186518928905,5.46233,0.5394026645561272,3.10130608974359,4.75,123.95021070485919,49.291561,0.800216,0,chrono_body_contact,0,,,,,,,,0
mpc_tire_model_sweep,pacejka_rigfit,standard,pacejka-rigfit,tire_force_static,sand,sinusoidal,7.0,0,104,/home/ksha/Documents/sbel/offroad-control/benchmarking/results/mpc_tire_model_sweep_calibrated_20260828_002629/raw/0694_pacejka_rigfit_sand_sinusoidal_v7_b0_s104,ok,0,19.08593511581421,15.0,0.99,/home/ksha/Documents/sbel/offroad-control/benchmarking/results/mpc_tire_model_sweep_calibrated_20260828_002629/raw/0694_pacejka_rigfit_sand_sinusoidal_v7_b0_s104/20260828_041022_552018_sand_sinusoidal_acados_pacejka-rigfit/diag_sand_sinusoidal_acados_pacejka-rigfit.csv,,,1248,0.2594246744008323,0.7037,0.20004184672206834,3.7661261311172667,5.48176,0.538018018731038,2.904423076923077,4.81,124.39018098856383,49.218911,0.803362,0,chrono_body_contact,0,,,,,,,,0
mpc_tire_model_sweep,pacejka_rigfit,standard,pacejka-rigfit,tire_force_static,sand,sinusoidal,7.0,4,100,/home/ksha/Documents/sbel/offroad-control/benchmarking/results/mpc_tire_model_sweep_calibrated_20260828_002629/raw/0695_pacejka_rigfit_sand_sinusoidal_v7_b4_s100,ok,0,19.331441164016724,15.0,0.99,/home/ksha/Documents/sbel/offroad-control/benchmarking/results/mpc_tire_model_sweep_calibrated_20260828_002629/raw/0695_pacejka_rigfit_sand_sinusoidal_v7_b4_s100/20260828_041041_677971_sand_sinusoidal_acados_pacejka-rigfit/diag_sand_sinusoidal_acados_pacejka-rigfit.csv,,,1248,0.26323070282641686,0.689133,0.204729567867036,3.966746999076639,5.4373,0.5666781427252341,2.5855048076923075,4.2,125.61864277131984,51.513368,-0.625465,0,chrono_body_contact,0,,,,,,,,0
mpc_tire_model_sweep,pacejka_rigfit,standard,pacejka-rigfit,tire_force_static,sand,sinusoidal,7.0,4,101,/home/ksha/Documents/sbel/offroad-control/benchmarking/results/mpc_tire_model_sweep_calibrated_20260828_002629/raw/0696_pacejka_rigfit_sand_sinusoidal_v7_b4_s101,ok,0,19.337584495544434,15.0,0.99,/home/ksha/Documents/sbel/offroad-control/benchmarking/results/mpc_tire_model_sweep_calibrated_20260828_002629/raw/0696_pacejka_rigfit_sand_sinusoidal_v7_b4_s101/20260828_041101_017482_sand_sinusoidal_acados_pacejka-rigfit/diag_sand_sinusoidal_acados_pacejka-rigfit.csv,,,1248,0.2608401756942298,0.708088,0.20168580332409972,3.7574781163434903,5.45028,0.5367825880490701,2.554655448717949,3.63,120.79491436561328,49.239361,0.897653,0,chrono_body_contact,0,,,,,,,,0
mpc_tire_model_sweep,pacejka_rigfit,standard,pacejka-rigfit,tire_force_static,sand,sinusoidal,7.0,4,102,/home/ksha/Documents/sbel/offroad-control/benchmarking/results/mpc_tire_model_sweep_calibrated_20260828_002629/raw/0697_pacejka_rigfit_sand_sinusoidal_v7_b4_s102,ok,0,19.33749532699585,15.0,0.99,/home/ksha/Documents/sbel/offroad-control/benchmarking/results/mpc_tire_model_sweep_calibrated_20260828_002629/raw/0697_pacejka_rigfit_sand_sinusoidal_v7_b4_s102/20260828_041120_380611_sand_sinusoidal_acados_pacejka-rigfit/diag_sand_sinusoidal_acados_pacejka-rigfit.csv,,,1248,0.2597330155148169,0.676627,0.20158455678670362,3.818466851338874,5.43148,0.545495264476982,2.5155288461538463,3.62,126.00561402204424,49.850009,0.468307,0,chrono_body_contact,0,,,,,,,,0
mpc_tire_model_sweep,pacejka_rigfit,standard,pacejka-rigfit,tire_force_static,sand,sinusoidal,7.0,4,103,/home/ksha/Documents/sbel/offroad-control/benchmarking/results/mpc_tire_model_sweep_calibrated_20260828_002629/raw/0698_pacejka_rigfit_sand_sinusoidal_v7_b4_s103,ok,0,19.34052586555481,15.0,0.99,/home/ksha/Documents/sbel/offroad-control/benchmarking/results/mpc_tire_model_sweep_calibrated_20260828_002629/raw/0698_pacejka_rigfit_sand_sinusoidal_v7_b4_s103/20260828_041139_740707_sand_sinusoidal_acados_pacejka-rigfit/diag_sand_sinusoidal_acados_pacejka-rigfit.csv,,,1247,0.26305702995177477,0.759684,0.20606243767313018,4.110161126500462,5.4703,0.5871658752143517,2.71906174819567,3.9254,125.10107345227019,53.340108,-1.432227,0,chrono_body_contact,0,,,,,,,,0
mpc_tire_model_sweep,pacejka_rigfit,standard,pacejka-rigfit,tire_force_static,sand,sinusoidal,7.0,4,104,/home/ksha/Documents/sbel/offroad-control/benchmarking/results/mpc_tire_model_sweep_calibrated_20260828_002629/raw/0699_pacejka_rigfit_sand_sinusoidal_v7_b4_s104,ok,0,19.335437059402466,15.0,0.99,/home/ksha/Documents/sbel/offroad-control/benchmarking/results/mpc_tire_model_sweep_calibrated_20260828_002629/raw/0699_pacejka_rigfit_sand_sinusoidal_v7_b4_s104/20260828_041159_101142_sand_sinusoidal_acados_pacejka-rigfit/diag_sand_sinusoidal_acados_pacejka-rigfit.csv,,,1248,0.2619959533101702,0.751217,0.2024898485687904,3.80212539242844,5.43978,0.54316077034692,2.5456330128205127,3.7852999999999994,124.3804312585007,49.736545,0.495685,0,chrono_body_contact,0,,,,,,,,0
mpc_tire_model_sweep,pacejka_rigfit,standard,pacejka-rigfit,tire_force_static,sand,sinusoidal,7.0,8,100,/home/ksha/Documents/sbel/offroad-control/benchmarking/results/mpc_tire_model_sweep_calibrated_20260828_002629/raw/0700_pacejka_rigfit_sand_sinusoidal_v7_b8_s100,ok,0,19.439714431762695,15.0,0.99,/home/ksha/Documents/sbel/offroad-control/benchmarking/results/mpc_tire_model_sweep_calibrated_20260828_002629/raw/0700_pacejka_rigfit_sand_sinusoidal_v7_b8_s100/20260828_041218_476000_sand_sinusoidal_acados_pacejka-rigfit/diag_sand_sinusoidal_acados_pacejka-rigfit.csv,,,1248,0.23551325187343494,0.593111,0.18863811265004615,3.6300100646352726,5.352029999999999,0.5185728663764675,2.548741987179487,3.53,124.17432728080178,47.518593,1.471096,0,chrono_body_contact,0,,,,,,,,0
mpc_tire_model_sweep,pacejka_rigfit,standard,pacejka-rigfit,tire_force_static,sand,sinusoidal,7.0,8,101,/home/ksha/Documents/sbel/offroad-control/benchmarking/results/mpc_tire_model_sweep_calibrated_20260828_002629/raw/0701_pacejka_rigfit_sand_sinusoidal_v7_b8_s101,ok,0,19.43698287010193,15.0,0.99,/home/ksha/Documents/sbel/offroad-control/benchmarking/results/mpc_tire_model_sweep_calibrated_20260828_002629/raw/0701_pacejka_rigfit_sand_sinusoidal_v7_b8_s101/20260828_041237_919062_sand_sinusoidal_acados_pacejka-rigfit/diag_sand_sinusoidal_acados_pacejka-rigfit.csv,,,1247,0.24894628622026194,0.666314,0.19765961957525394,3.7541920590951063,5.368849999999999,0.5363131512993009,2.652830793905373,3.7807999999999993,120.33664149094642,49.282926,0.851105,0,chrono_body_contact,0,,,,,,,,0
mpc_tire_model_sweep,pacejka_rigfit,standard,pacejka-rigfit,tire_force_static,sand,sinusoidal,7.0,8,102,/home/ksha/Documents/sbel/offroad-control/benchmarking/results/mpc_tire_model_sweep_calibrated_20260828_002629/raw/0702_pacejka_rigfit_sand_sinusoidal_v7_b8_s102,ok,0,19.439579963684082,15.0,0.99,/home/ksha/Documents/sbel/offroad-control/benchmarking/results/mpc_tire_model_sweep_calibrated_20260828_002629/raw/0702_pacejka_rigfit_sand_sinusoidal_v7_b8_s102/20260828_041257_383521_sand_sinusoidal_acados_pacejka-rigfit/diag_sand_sinusoidal_acados_pacejka-rigfit.csv,,,1248,0.23210217903237795,0.61593,0.18653447553093264,3.573749122807018,5.33927,0.5105355889724311,2.5142227564102564,3.5652999999999997,124.99431709313043,46.772633,1.803108,0,chrono_body_contact,0,,,,,,,,0
mpc_tire_model_sweep,pacejka_rigfit,standard,pacejka-rigfit,tire_force_static,sand,sinusoidal,7.0,8,103,/home/ksha/Documents/sbel/offroad-control/benchmarking/results/mpc_tire_model_sweep_calibrated_20260828_002629/raw/0703_pacejka_rigfit_sand_sinusoidal_v7_b8_s103,ok,0,19.43186926841736,15.0,0.99,/home/ksha/Documents/sbel/offroad-control/benchmarking/results/mpc_tire_model_sweep_calibrated_20260828_002629/raw/0703_pacejka_rigfit_sand_sinusoidal_v7_b8_s103/20260828_041316_849219_sand_sinusoidal_acados_pacejka-rigfit/diag_sand_sinusoidal_acados_pacejka-rigfit.csv,,,1248,0.2129721181483389,0.615879,0.1684571181902124,3.3606098799630657,5.341489999999999,0.4800871257090094,2.448597756410256,3.5952999999999995,122.4119549025149,44.08654,2.305058,0,chrono_body_contact,0,,,,,,,,0
mpc_tire_model_sweep,pacejka_rigfit,standard,pacejka-rigfit,tire_force_static,sand,sinusoidal,7.0,8,104,/home/ksha/Documents/sbel/offroad-control/benchmarking/results/mpc_tire_model_sweep_calibrated_20260828_002629/raw/0704_pacejka_rigfit_sand_sinusoidal_v7_b8_s104,ok,0,19.432554006576538,15.0,0.99,/home/ksha/Documents/sbel/offroad-control/benchmarking/results/mpc_tire_model_sweep_calibrated_20260828_002629/raw/0704_pacejka_rigfit_sand_sinusoidal_v7_b8_s104/20260828_041336_286498_sand_sinusoidal_acados_pacejka-rigfit/diag_sand_sinusoidal_acados_pacejka-rigfit.csv,,,1248,0.247270393288273,0.701586,0.19691077654662975,3.809763988919667,5.35573,0.5442519984170953,2.5337099358974355,3.6,124.32760808042282,49.878466,0.425023,0,chrono_body_contact,0,,,,,,,,0
mpc_tire_model_sweep,pacejka_rigfit,standard,pacejka-rigfit,tire_force_static,sand,sinusoidal,9.0,0,100,/home/ksha/Documents/sbel/offroad-control/benchmarking/results/mpc_tire_model_sweep_calibrated_20260828_002629/raw/0705_pacejka_rigfit_sand_sinusoidal_v9_b0_s100,ok,0,19.0896155834198,15.0,0.99,/home/ksha/Documents/sbel/offroad-control/benchmarking/results/mpc_tire_model_sweep_calibrated_20260828_002629/raw/0705_pacejka_rigfit_sand_sinusoidal_v9_b0_s100/20260828_041355_737926_sand_sinusoidal_acados_pacejka-rigfit/diag_sand_sinusoidal_acados_pacejka-rigfit.csv,,,1248,0.25990748710288564,0.707869,0.2027624949215143,3.73695540166205,5.48717,0.41521726685133886,2.5902564102564107,3.9052999999999995,124.84705268026394,48.716794,1.000342,0,chrono_body_contact,0,,,,,,,,0
mpc_tire_model_sweep,pacejka_rigfit,standard,pacejka-rigfit,tire_force_static,sand,sinusoidal,9.0,0,101,/home/ksha/Documents/sbel/offroad-control/benchmarking/results/mpc_tire_model_sweep_calibrated_20260828_002629/raw/0706_pacejka_rigfit_sand_sinusoidal_v9_b0_s101,ok,0,19.13506770133972,15.0,0.99,/home/ksha/Documents/sbel/offroad-control/benchmarking/results/mpc_tire_model_sweep_calibrated_20260828_002629/raw/0706_pacejka_rigfit_sand_sinusoidal_v9_b0_s101/20260828_041414_877042_sand_sinusoidal_acados_pacejka-rigfit/diag_sand_sinusoidal_acados_pacejka-rigfit.csv,,,1248,0.259323320882632,0.699922,0.20141639612188367,3.7826395198522618,5.4724,0.4202932799835846,2.572219551282051,3.8,121.03103906045051,49.555841,0.725364,0,chrono_body_contact,0,,,,,,,,0
mpc_tire_model_sweep,pacejka_rigfit,standard,pacejka-rigfit,tire_force_static,sand,sinusoidal,9.0,0,102,/home/ksha/Documents/sbel/offroad-control/benchmarking/results/mpc_tire_model_sweep_calibrated_20260828_002629/raw/0707_pacejka_rigfit_sand_sinusoidal_v9_b0_s102,ok,0,19.139194011688232,15.0,0.99,/home/ksha/Documents/sbel/offroad-control/benchmarking/results/mpc_tire_model_sweep_calibrated_20260828_002629/raw/0707_pacejka_rigfit_sand_sinusoidal_v9_b0_s102/20260828_041434_033427_sand_sinusoidal_acados_pacejka-rigfit/diag_sand_sinusoidal_acados_pacejka-rigfit.csv,,,1248,0.2671403597332495,0.690366,0.21019618282548477,3.884192613111727,5.45707,0.4315769570124141,2.584046474358974,3.7105999999999995,126.33944664401183,50.534198,0.081327,0,chrono_body_contact,0,,,,,,,,0
mpc_tire_model_sweep,pacejka_rigfit,standard,pacejka-rigfit,tire_force_static,sand,sinusoidal,9.0,0,103,/home/ksha/Documents/sbel/offroad-control/benchmarking/results/mpc_tire_model_sweep_calibrated_20260828_002629/raw/0708_pacejka_rigfit_sand_sinusoidal_v9_b0_s103,ok,0,19.13651967048645,15.0,0.99,/home/ksha/Documents/sbel/offroad-control/benchmarking/results/mpc_tire_model_sweep_calibrated_20260828_002629/raw/0708_pacejka_rigfit_sand_sinusoidal_v9_b0_s103/20260828_041453_163904_sand_sinusoidal_acados_pacejka-rigfit/diag_sand_sinusoidal_acados_pacejka-rigfit.csv,,,1248,0.26429347797612335,0.731936,0.20790047737765469,3.8670810710988,5.46903,0.4296756745665333,2.5735897435897437,3.605899999999999,124.2107071028269,50.409401,0.164166,0,chrono_body_contact,0,,,,,,,,0
mpc_tire_model_sweep,pacejka_rigfit,standard,pacejka-rigfit,tire_force_static,sand,sinusoidal,9.0,0,104,/home/ksha/Documents/sbel/offroad-control/benchmarking/results/mpc_tire_model_sweep_calibrated_20260828_002629/raw/0709_pacejka_rigfit_sand_sinusoidal_v9_b0_s104,ok,0,19.08851981163025,15.0,0.99,/home/ksha/Documents/sbel/offroad-control/benchmarking/results/mpc_tire_model_sweep_calibrated_20260828_002629/raw/0709_pacejka_rigfit_sand_sinusoidal_v9_b0_s104/20260828_041512_320188_sand_sinusoidal_acados_pacejka-rigfit/diag_sand_sinusoidal_acados_pacejka-rigfit.csv,,,1248,0.2604767704034483,0.740994,0.2025139436749769,3.7500940904893816,5.47935,0.41667712116548683,2.535,3.58,124.16922404647481,49.059495,0.880745,0,chrono_body_contact,0,,,,,,,,0
mpc_tire_model_sweep,pacejka_rigfit,standard,pacejka-rigfit,tire_force_static,sand,sinusoidal,9.0,4,100,/home/ksha/Documents/sbel/offroad-control/benchmarking/results/mpc_tire_model_sweep_calibrated_20260828_002629/raw/0710_pacejka_rigfit_sand_sinusoidal_v9_b4_s100,ok,0,19.338255882263184,15.0,0.99,/home/ksha/Documents/sbel/offroad-control/benchmarking/results/mpc_tire_model_sweep_calibrated_20260828_002629/raw/0710_pacejka_rigfit_sand_sinusoidal_v9_b4_s100/20260828_041531_434207_sand_sinusoidal_acados_pacejka-rigfit/diag_sand_sinusoidal_acados_pacejka-rigfit.csv,,,1248,0.26010955602751334,0.740413,0.20038253277931672,3.758966851338874,5.45154,0.4176629834820971,2.977011217948718,4.48,124.80396931456323,49.10959,0.801564,0,chrono_body_contact,0,,,,,,,,0
mpc_tire_model_sweep,pacejka_rigfit,standard,pacejka-rigfit,tire_force_static,sand,sinusoidal,9.0,4,101,/home/ksha/Documents/sbel/offroad-control/benchmarking/results/mpc_tire_model_sweep_calibrated_20260828_002629/raw/0711_pacejka_rigfit_sand_sinusoidal_v9_b4_s101,ok,0,19.340521812438965,15.0,0.99,/home/ksha/Documents/sbel/offroad-control/benchmarking/results/mpc_tire_model_sweep_calibrated_20260828_002629/raw/0711_pacejka_rigfit_sand_sinusoidal_v9_b4_s101/20260828_041550_793681_sand_sinusoidal_acados_pacejka-rigfit/diag_sand_sinusoidal_acados_pacejka-rigfit.csv,,,1248,0.26534582533818674,0.71935,0.20722254939981535,3.7492427516158817,5.44466,0.4165825279573202,2.5667147435897433,3.63,120.91715578991347,49.178082,0.922669,0,chrono_body_contact,0,,,,,,,,0
mpc_tire_model_sweep,pacejka_rigfit,standard,pacejka-rigfit,tire_force_static,sand,sinusoidal,9.0,4,102,/home/ksha/Documents/sbel/offroad-control/benchmarking/results/mpc_tire_model_sweep_calibrated_20260828_002629/raw/0712_pacejka_rigfit_sand_sinusoidal_v9_b4_s102,ok,0,19.3363254070282,15.0,0.99,/home/ksha/Documents/sbel/offroad-control/benchmarking/results/mpc_tire_model_sweep_calibrated_20260828_002629/raw/0712_pacejka_rigfit_sand_sinusoidal_v9_b4_s102/20260828_041610_176185_sand_sinusoidal_acados_pacejka-rigfit/diag_sand_sinusoidal_acados_pacejka-rigfit.csv,,,1248,0.2596536889075099,0.692644,0.19924222345337028,3.7122589104339796,5.44516,0.4124732122704422,3.1469150641025645,4.590599999999999,125.6836189387464,48.562116,1.190432,0,chrono_body_contact,0,,,,,,,,0
mpc_tire_model_sweep,pacejka_rigfit,standard,pacejka-rigfit,tire_force_static,sand,sinusoidal,9.0,4,103,/home/ksha/Documents/sbel/offroad-control/benchmarking/results/mpc_tire_model_sweep_calibrated_20260828_002629/raw/0713_pacejka_rigfit_sand_sinusoidal_v9_b4_s103,ok,0,19.337538719177246,15.0,0.99,/home/ksha/Documents/sbel/offroad-control/benchmarking/results/mpc_tire_model_sweep_calibrated_20260828_002629/raw/0713_pacejka_rigfit_sand_sinusoidal_v9_b4_s103/20260828_041629_518199_sand_sinusoidal_acados_pacejka-rigfit/diag_sand_sinusoidal_acados_pacejka-rigfit.csv,,,1247,0.26960351347837885,0.759757,0.212759134810711,4.166769344413665,5.477869999999999,0.46297437160151833,2.6814113873295913,3.8853999999999997,125.33372586408257,53.978016,-1.662675,0,chrono_body_contact,0,,,,,,,,0
mpc_tire_model_sweep,pacejka_rigfit,standard,pacejka-rigfit,tire_force_static,sand,sinusoidal,9.0,4,104,/home/ksha/Documents/sbel/offroad-control/benchmarking/results/mpc_tire_model_sweep_calibrated_20260828_002629/raw/0714_pacejka_rigfit_sand_sinusoidal_v9_b4_s104,ok,0,19.329723596572876,15.0,0.99,/home/ksha/Documents/sbel/offroad-control/benchmarking/results/mpc_tire_model_sweep_calibrated_20260828_002629/raw/0714_pacejka_rigfit_sand_sinusoidal_v9_b4_s104/20260828_041648_891457_sand_sinusoidal_acados_pacejka-rigfit/diag_sand_sinusoidal_acados_pacejka-rigfit.csv,,,1247,0.2666629962682053,0.732061,0.20799577100646352,3.978983471837488,5.45086,0.4421092746486098,2.609687249398556,3.660799999999999,125.0436608812917,51.764492,-0.716435,0,chrono_body_contact,0,,,,,,,,0
mpc_tire_model_sweep,pacejka_rigfit,standard,pacejka-rigfit,tire_force_static,sand,sinusoidal,9.0,8,100,/home/ksha/Documents/sbel/offroad-control/benchmarking/results/mpc_tire_model_sweep_calibrated_20260828_002629/raw/0715_pacejka_rigfit_sand_sinusoidal_v9_b8_s100,ok,0,19.436357498168945,15.0,0.99,/home/ksha/Documents/sbel/offroad-control/benchmarking/results/mpc_tire_model_sweep_calibrated_20260828_002629/raw/0715_pacejka_rigfit_sand_sinusoidal_v9_b8_s100/20260828_041708_221862_sand_sinusoidal_acados_pacejka-rigfit/diag_sand_sinusoidal_acados_pacejka-rigfit.csv,,,1248,0.24282595485415465,0.650904,0.19223989750692522,3.7251788550323175,5.3451,0.4139087616702575,2.6396314102564102,4.011199999999999,124.42811587825044,48.658239,0.992681,0,chrono_body_contact,0,,,,,,,,0
mpc_tire_model_sweep,pacejka_rigfit,standard,pacejka-rigfit,tire_force_static,sand,sinusoidal,9.0,8,101,/home/ksha/Documents/sbel/offroad-control/benchmarking/results/mpc_tire_model_sweep_calibrated_20260828_002629/raw/0716_pacejka_rigfit_sand_sinusoidal_v9_b8_s101,ok,0,19.4418625831604,15.0,0.99,/home/ksha/Documents/sbel/offroad-control/benchmarking/results/mpc_tire_model_sweep_calibrated_20260828_002629/raw/0716_pacejka_rigfit_sand_sinusoidal_v9_b8_s101/20260828_041727_691868_sand_sinusoidal_acados_pacejka-rigfit/diag_sand_sinusoidal_acados_pacejka-rigfit.csv,,,1248,0.24313298616660564,0.649398,0.19361470267774702,3.6872005540166204,5.35311,0.40968895044629117,2.5645673076923075,3.59,120.4619775762534,48.466845,1.222397,0,chrono_body_contact,0,,,,,,,,0
mpc_tire_model_sweep,pacejka_rigfit,standard,pacejka-rigfit,tire_force_static,sand,sinusoidal,9.0,8,102,/home/ksha/Documents/sbel/offroad-control/benchmarking/results/mpc_tire_model_sweep_calibrated_20260828_002629/raw/0717_pacejka_rigfit_sand_sinusoidal_v9_b8_s102,ok,0,19.439207792282104,15.0,0.99,/home/ksha/Documents/sbel/offroad-control/benchmarking/results/mpc_tire_model_sweep_calibrated_20260828_002629/raw/0717_pacejka_rigfit_sand_sinusoidal_v9_b8_s102/20260828_041747_136951_sand_sinusoidal_acados_pacejka-rigfit/diag_sand_sinusoidal_acados_pacejka-rigfit.csv,,,1248,0.2402761182321537,0.656257,0.19233339335180055,3.6608802400738694,5.34433,0.4067644711193188,2.635745192307692,3.6905999999999994,125.30891836667745,47.935254,1.396649,0,chrono_body_contact,0,,,,,,,,0
mpc_tire_model_sweep,pacejka_rigfit,standard,pacejka-rigfit,tire_force_static,sand,sinusoidal,9.0,8,103,/home/ksha/Documents/sbel/offroad-control/benchmarking/results/mpc_tire_model_sweep_calibrated_20260828_002629/raw/0718_pacejka_rigfit_sand_sinusoidal_v9_b8_s103,ok,0,19.436436891555786,15.0,0.99,/home/ksha/Documents/sbel/offroad-control/benchmarking/results/mpc_tire_model_sweep_calibrated_20260828_002629/raw/0718_pacejka_rigfit_sand_sinusoidal_v9_b8_s103/20260828_041806_609069_sand_sinusoidal_acados_pacejka-rigfit/diag_sand_sinusoidal_acados_pacejka-rigfit.csv,,,1248,0.24588043365872594,0.673664,0.1989353370267775,3.6832369344413665,5.32168,0.40924854827126295,2.5835336538461537,3.6052999999999997,123.44557711184407,48.276292,1.261947,0,chrono_body_contact,0,,,,,,,,0
mpc_tire_model_sweep,pacejka_rigfit,standard,pacejka-rigfit,tire_force_static,sand,sinusoidal,9.0,8,104,/home/ksha/Documents/sbel/offroad-control/benchmarking/results/mpc_tire_model_sweep_calibrated_20260828_002629/raw/0719_pacejka_rigfit_sand_sinusoidal_v9_b8_s104,ok,0,19.43708610534668,15.0,0.99,/home/ksha/Documents/sbel/offroad-control/benchmarking/results/mpc_tire_model_sweep_calibrated_20260828_002629/raw/0719_pacejka_rigfit_sand_sinusoidal_v9_b8_s104/20260828_041826_059986_sand_sinusoidal_acados_pacejka-rigfit/diag_sand_sinusoidal_acados_pacejka-rigfit.csv,,,1248,0.24629355313984616,0.62487,0.1958615595567867,3.6585378578024006,5.34507,0.40650420642248897,2.605552884615385,3.8152999999999997,123.74075723322272,47.957011,1.344451,0,chrono_body_contact,0,,,,,,,,0
mpc_tire_model_sweep,pacejka_rigfit,standard,pacejka-rigfit,tire_force_static,sand,lane_change,5.0,0,100,/home/ksha/Documents/sbel/offroad-control/benchmarking/results/mpc_tire_model_sweep_calibrated_20260828_002629/raw/0720_pacejka_rigfit_sand_lane_change_v5_b0_s100,ok,0,19.137622594833374,15.0,0.99,/home/ksha/Documents/sbel/offroad-control/benchmarking/results/mpc_tire_model_sweep_calibrated_20260828_002629/raw/0720_pacejka_rigfit_sand_lane_change_v5_b0_s100/20260828_041845_524544_sand_lane_change_acados_pacejka-rigfit/diag_sand_lane_change_acados_pacejka-rigfit.csv,,,1248,0.063455008278483,0.206282,0.0504586565096953,4.522598060941829,4.9829,0.9045196121883657,2.1157932692307693,3.025899999999999,127.60561796849348,62.838287,2.975588,0,chrono_body_contact,0,,,,,,,,0
mpc_tire_model_sweep,pacejka_rigfit,standard,pacejka-rigfit,tire_force_static,sand,lane_change,5.0,0,101,/home/ksha/Documents/sbel/offroad-control/benchmarking/results/mpc_tire_model_sweep_calibrated_20260828_002629/raw/0721_pacejka_rigfit_sand_lane_change_v5_b0_s101,ok,0,19.13358736038208,15.0,0.99,/home/ksha/Documents/sbel/offroad-control/benchmarking/results/mpc_tire_model_sweep_calibrated_20260828_002629/raw/0721_pacejka_rigfit_sand_lane_change_v5_b0_s101/20260828_041904_684317_sand_lane_change_acados_pacejka-rigfit/diag_sand_lane_change_acados_pacejka-rigfit.csv,,,1248,0.06560403572898411,0.252354,0.05150831578947369,4.544322068328716,5.01623,0.9088644136657432,2.1277083333333335,2.92,123.55109821510086,63.313579,3.045037,0,chrono_body_contact,0,,,,,,,,0
mpc_tire_model_sweep,pacejka_rigfit,standard,pacejka-rigfit,tire_force_static,sand,lane_change,5.0,0,102,/home/ksha/Documents/sbel/offroad-control/benchmarking/results/mpc_tire_model_sweep_calibrated_20260828_002629/raw/0722_pacejka_rigfit_sand_lane_change_v5_b0_s102,ok,0,19.09183359146118,15.0,0.99,/home/ksha/Documents/sbel/offroad-control/benchmarking/results/mpc_tire_model_sweep_calibrated_20260828_002629/raw/0722_pacejka_rigfit_sand_lane_change_v5_b0_s102/20260828_041923_829819_sand_lane_change_acados_pacejka-rigfit/diag_sand_lane_change_acados_pacejka-rigfit.csv,,,1247,0.06622501475398311,0.215321,0.051870417359187446,4.490118005540166,5.05276,0.8980236011080333,1.6948596631916597,2.8915999999999986,128.28116876378533,62.459313,3.072995,0,chrono_body_contact,0,,,,,,,,0
mpc_tire_model_sweep,pacejka_rigfit,standard,pacejka-rigfit,tire_force_static,sand,lane_change,5.0,0,103,/home/ksha/Documents/sbel/offroad-control/benchmarking/results/mpc_tire_model_sweep_calibrated_20260828_002629/raw/0723_pacejka_rigfit_sand_lane_change_v5_b0_s103,ok,0,19.13129162788391,15.0,0.99,/home/ksha/Documents/sbel/offroad-control/benchmarking/results/mpc_tire_model_sweep_calibrated_20260828_002629/raw/0723_pacejka_rigfit_sand_lane_change_v5_b0_s103/20260828_041942_973611_sand_lane_change_acados_pacejka-rigfit/diag_sand_lane_change_acados_pacejka-rigfit.csv,,,1248,0.06511082119935152,0.209061,0.05148447830101569,4.575987903970453,5.11181,0.9151975807940905,1.6479647435897435,2.8752999999999997,127.14811277497418,63.639023,3.051319,0,chrono_body_contact,0,,,,,,,,0
mpc_tire_model_sweep,pacejka_rigfit,standard,pacejka-rigfit,tire_force_static,sand,lane_change,5.0,0,104,/home/ksha/Documents/sbel/offroad-control/benchmarking/results/mpc_tire_model_sweep_calibrated_20260828_002629/raw/0724_pacejka_rigfit_sand_lane_change_v5_b0_s104,ok,0,19.170092344284058,15.0,0.99,/home/ksha/Documents/sbel/offroad-control/benchmarking/results/mpc_tire_model_sweep_calibrated_20260828_002629/raw/0724_pacejka_rigfit_sand_lane_change_v5_b0_s104/20260828_042002_095447_sand_lane_change_acados_pacejka-rigfit/diag_sand_lane_change_acados_pacejka-rigfit.csv,,,1248,0.06344272401123581,0.264673,0.04995335457063712,4.489715974145891,4.99846,0.8979431948291783,1.6343108974358973,2.78,127.08534240842518,62.53551,2.991836,0,chrono_body_contact,0,,,,,,,,0
mpc_tire_model_sweep,pacejka_rigfit,standard,pacejka-rigfit,tire_force_static,sand,lane_change,5.0,4,100,/home/ksha/Documents/sbel/offroad-control/benchmarking/results/mpc_tire_model_sweep_calibrated_20260828_002629/raw/0725_pacejka_rigfit_sand_lane_change_v5_b4_s100,ok,0,19.33531951904297,15.0,0.99,/home/ksha/Documents/sbel/offroad-control/benchmarking/results/mpc_tire_model_sweep_calibrated_20260828_002629/raw/0725_pacejka_rigfit_sand_lane_change_v5_b4_s100/20260828_042021_285510_sand_lane_change_acados_pacejka-rigfit/diag_sand_lane_change_acados_pacejka-rigfit.csv,,,1247,0.06470290060665077,0.220261,0.05083475530932595,4.528685595567868,5.05447,0.9057371191135737,1.7075461106655974,2.8607999999999993,127.60995930861478,63.023569,2.977335,0,chrono_body_contact,0,,,,,,,,0
mpc_tire_model_sweep,pacejka_rigfit,standard,pacejka-rigfit,tire_force_static,sand,lane_change,5.0,4,101,/home/ksha/Documents/sbel/offroad-control/benchmarking/results/mpc_tire_model_sweep_calibrated_20260828_002629/raw/0726_pacejka_rigfit_sand_lane_change_v5_b4_s101,ok,0,19.33835196495056,15.0,0.99,/home/ksha/Documents/sbel/offroad-control/benchmarking/results/mpc_tire_model_sweep_calibrated_20260828_002629/raw/0726_pacejka_rigfit_sand_lane_change_v5_b4_s101/20260828_042040_650426_sand_lane_change_acados_pacejka-rigfit/diag_sand_lane_change_acados_pacejka-rigfit.csv,,,1239,0.06695763849743565,0.262273,0.0524940674053555,4.5172820867959365,5.0673,0.9034564173591872,1.6978611783696527,3.238599999999997,123.0739689363885,63.052789,3.048287,0,chrono_body_contact,0,,,,,,,,0
mpc_tire_model_sweep,pacejka_rigfit,standard,pacejka-rigfit,tire_force_static,sand,lane_change,5.0,4,102,/home/ksha/Documents/sbel/offroad-control/benchmarking/results/mpc_tire_model_sweep_calibrated_20260828_002629/raw/0727_pacejka_rigfit_sand_lane_change_v5_b4_s102,ok,0,19.340481281280518,15.0,0.99,/home/ksha/Documents/sbel/offroad-control/benchmarking/results/mpc_tire_model_sweep_calibrated_20260828_002629/raw/0727_pacejka_rigfit_sand_lane_change_v5_b4_s102/20260828_042059_998092_sand_lane_change_acados_pacejka-rigfit/diag_sand_lane_change_acados_pacejka-rigfit.csv,,,1248,0.06782278006910318,0.244048,0.05254808587257618,4.5256405355494,5.05967,0.9051281071098799,1.6665464743589746,2.77,128.5035327192876,63.031275,3.07154,0,chrono_body_contact,0,,,,,,,,0
mpc_tire_model_sweep,pacejka_rigfit,standard,pacejka-rigfit,tire_force_static,sand,lane_change,5.0,4,103,/home/ksha/Documents/sbel/offroad-control/benchmarking/results/mpc_tire_model_sweep_calibrated_20260828_002629/raw/0728_pacejka_rigfit_sand_lane_change_v5_b4_s103,ok,0,19.379446744918823,15.0,0.99,/home/ksha/Documents/sbel/offroad-control/benchmarking/results/mpc_tire_model_sweep_calibrated_20260828_002629/raw/0728_pacejka_rigfit_sand_lane_change_v5_b4_s103/20260828_042119_381298_sand_lane_change_acados_pacejka-rigfit/diag_sand_lane_change_acados_pacejka-rigfit.csv,,,1248,0.06674975556963972,0.22348,0.05260510156971375,4.465896398891966,4.95479,0.8931792797783933,1.6978205128205128,2.830599999999999,126.5243064998537,62.312353,3.049644,0,chrono_body_contact,0,,,,,,,,0
mpc_tire_model_sweep,pacejka_rigfit,standard,pacejka-rigfit,tire_force_static,sand,lane_change,5.0,4,104,/home/ksha/Documents/sbel/offroad-control/benchmarking/results/mpc_tire_model_sweep_calibrated_20260828_002629/raw/0729_pacejka_rigfit_sand_lane_change_v5_b4_s104,ok,0,19.33309531211853,15.0,0.99,/home/ksha/Documents/sbel/offroad-control/benchmarking/results/mpc_tire_model_sweep_calibrated_20260828_002629/raw/0729_pacejka_rigfit_sand_lane_change_v5_b4_s104/20260828_042138_772994_sand_lane_change_acados_pacejka-rigfit/diag_sand_lane_change_acados_pacejka-rigfit.csv,,,1248,0.06496594268191141,0.26362,0.05116121237303786,4.45286675900277,5.01355,0.8905733518005541,1.6441346153846155,2.81,126.92810412512544,62.151785,2.992142,0,chrono_body_contact,0,,,,,,,,0
mpc_tire_model_sweep,pacejka_rigfit,standard,pacejka-rigfit,tire_force_static,sand,lane_change,5.0,8,100,/home/ksha/Documents/sbel/offroad-control/benchmarking/results/mpc_tire_model_sweep_calibrated_20260828_002629/raw/0730_pacejka_rigfit_sand_lane_change_v5_b8_s100,ok,0,19.477131605148315,15.0,0.99,/home/ksha/Documents/sbel/offroad-control/benchmarking/results/mpc_tire_model_sweep_calibrated_20260828_002629/raw/0730_pacejka_rigfit_sand_lane_change_v5_b8_s100/20260828_042158_118757_sand_lane_change_acados_pacejka-rigfit/diag_sand_lane_change_acados_pacejka-rigfit.csv,,,1248,0.06356172879225375,0.248881,0.05065983933518005,4.384472668513389,4.95401,0.8768945337026779,1.6587740384615386,2.8405999999999993,126.76458008653206,60.960389,2.989766,0,chrono_body_contact,0,,,,,,,,0
mpc_tire_model_sweep,pacejka_rigfit,standard,pacejka-rigfit,tire_force_static,sand,lane_change,5.0,8,101,/home/ksha/Documents/sbel/offroad-control/benchmarking/results/mpc_tire_model_sweep_calibrated_20260828_002629/raw/0731_pacejka_rigfit_sand_lane_change_v5_b8_s101,ok,0,19.481762170791626,15.0,0.99,/home/ksha/Documents/sbel/offroad-control/benchmarking/results/mpc_tire_model_sweep_calibrated_20260828_002629/raw/0731_pacejka_rigfit_sand_lane_change_v5_b8_s101/20260828_042217_613176_sand_lane_change_acados_pacejka-rigfit/diag_sand_lane_change_acados_pacejka-rigfit.csv,,,1247,0.0664902694151301,0.213613,0.05319615604801477,4.466656971375809,5.0721,0.8933313942751617,1.6974258219727345,2.83,123.00699425844797,62.262669,3.046823,0,chrono_body_contact,0,,,,,,,,0
mpc_tire_model_sweep,pacejka_rigfit,standard,pacejka-rigfit,tire_force_static,sand,lane_change,5.0,8,102,/home/ksha/Documents/sbel/offroad-control/benchmarking/results/mpc_tire_model_sweep_calibrated_20260828_002629/raw/0732_pacejka_rigfit_sand_lane_change_v5_b8_s102,ok,0,19.435347318649292,15.0,0.99,/home/ksha/Documents/sbel/offroad-control/benchmarking/results/mpc_tire_model_sweep_calibrated_20260828_002629/raw/0732_pacejka_rigfit_sand_lane_change_v5_b8_s102/20260828_042237_111237_sand_lane_change_acados_pacejka-rigfit/diag_sand_lane_change_acados_pacejka-rigfit.csv,,,1248,0.06567810801361029,0.200142,0.05242373222530009,4.402866943674976,5.04536,0.8805733887349951,1.9873237179487182,3.0117999999999983,127.75303447958257,61.254347,3.086693,0,chrono_body_contact,0,,,,,,,,0
mpc_tire_model_sweep,pacejka_rigfit,standard,pacejka-rigfit,tire_force_static,sand,lane_change,5.0,8,103,/home/ksha/Documents/sbel/offroad-control/benchmarking/results/mpc_tire_model_sweep_calibrated_20260828_002629/raw/0733_pacejka_rigfit_sand_lane_change_v5_b8_s103,ok,0,19.435599327087402,15.0,0.99,/home/ksha/Documents/sbel/offroad-control/benchmarking/results/mpc_tire_model_sweep_calibrated_20260828_002629/raw/0733_pacejka_rigfit_sand_lane_change_v5_b8_s103/20260828_042256_566109_sand_lane_change_acados_pacejka-rigfit/diag_sand_lane_change_acados_pacejka-rigfit.csv,,,1248,0.0660095142694494,0.231007,0.051985771006463524,4.430759556786704,5.02288,0.8861519113573408,2.1156891025641027,3.1564999999999985,126.29805241782923,61.675431,3.055504,0,chrono_body_contact,0,,,,,,,,0
mpc_tire_model_sweep,pacejka_rigfit,standard,pacejka-rigfit,tire_force_static,sand,lane_change,5.0,8,104,/home/ksha/Documents/sbel/offroad-control/benchmarking/results/mpc_tire_model_sweep_calibrated_20260828_002629/raw/0734_pacejka_rigfit_sand_lane_change_v5_b8_s104,ok,0,19.4325532913208,15.0,0.99,/home/ksha/Documents/sbel/offroad-control/benchmarking/results/mpc_tire_model_sweep_calibrated_20260828_002629/raw/0734_pacejka_rigfit_sand_lane_change_v5_b8_s104/20260828_042316_012804_sand_lane_change_acados_pacejka-rigfit/diag_sand_lane_change_acados_pacejka-rigfit.csv,,,1248,0.06453787030220354,0.260821,0.05165388088642659,4.340906648199446,4.98846,0.8681813296398891,1.6610096153846154,2.890599999999999,126.2837981723526,60.516059,3.010008,0,chrono_body_contact,0,,,,,,,,0
mpc_tire_model_sweep,pacejka_rigfit,standard,pacejka-rigfit,tire_force_static,sand,lane_change,7.0,0,100,/home/ksha/Documents/sbel/offroad-control/benchmarking/results/mpc_tire_model_sweep_calibrated_20260828_002629/raw/0735_pacejka_rigfit_sand_lane_change_v7_b0_s100,ok,0,19.07723045349121,15.0,0.99,/home/ksha/Documents/sbel/offroad-control/benchmarking/results/mpc_tire_model_sweep_calibrated_20260828_002629/raw/0735_pacejka_rigfit_sand_lane_change_v7_b0_s100/20260828_042335_463706_sand_lane_change_acados_pacejka-rigfit/diag_sand_lane_change_acados_pacejka-rigfit.csv,,,1248,0.09311699019477336,0.346669,0.06878565004616806,5.755116251154202,6.648719999999999,0.8221594644506002,2.1880929487179483,4.0253,135.54802504784837,78.864012,2.977519,0,chrono_body_contact,0,,,,,,,,0
mpc_tire_model_sweep,pacejka_rigfit,standard,pacejka-rigfit,tire_force_static,sand,lane_change,7.0,0,101,/home/ksha/Documents/sbel/offroad-control/benchmarking/results/mpc_tire_model_sweep_calibrated_20260828_002629/raw/0736_pacejka_rigfit_sand_lane_change_v7_b0_s101,ok,0,19.13348364830017,15.0,0.99,/home/ksha/Documents/sbel/offroad-control/benchmarking/results/mpc_tire_model_sweep_calibrated_20260828_002629/raw/0736_pacejka_rigfit_sand_lane_change_v7_b0_s101/20260828_042354_558813_sand_lane_change_acados_pacejka-rigfit/diag_sand_lane_change_acados_pacejka-rigfit.csv,,,1248,0.0927828170892816,0.354838,0.06949672206832871,5.770627331486611,6.660909999999999,0.8243753330695158,2.5115945512820517,5.0005999999999995,131.69548111966293,79.272153,3.046189,0,chrono_body_contact,0,,,,,,,,0
mpc_tire_model_sweep,pacejka_rigfit,standard,pacejka-rigfit,tire_force_static,sand,lane_change,7.0,0,102,/home/ksha/Documents/sbel/offroad-control/benchmarking/results/mpc_tire_model_sweep_calibrated_20260828_002629/raw/0737_pacejka_rigfit_sand_lane_change_v7_b0_s102,ok,0,19.13494110107422,15.0,0.99,/home/ksha/Documents/sbel/offroad-control/benchmarking/results/mpc_tire_model_sweep_calibrated_20260828_002629/raw/0737_pacejka_rigfit_sand_lane_change_v7_b0_s102/20260828_042413_735366_sand_lane_change_acados_pacejka-rigfit/diag_sand_lane_change_acados_pacejka-rigfit.csv,,,1247,0.09330136158628184,0.290923,0.07055279778393352,5.771300831024932,6.64826,0.824471547289276,2.2714595028067364,4.3153999999999995,136.93690721946527,79.127273,3.082674,0,chrono_body_contact,0,,,,,,,,0
mpc_tire_model_sweep,pacejka_rigfit,standard,pacejka-rigfit,tire_force_static,sand,lane_change,7.0,0,103,/home/ksha/Documents/sbel/offroad-control/benchmarking/results/mpc_tire_model_sweep_calibrated_20260828_002629/raw/0738_pacejka_rigfit_sand_lane_change_v7_b0_s103,ok,0,19.133686304092407,15.0,0.99,/home/ksha/Documents/sbel/offroad-control/benchmarking/results/mpc_tire_model_sweep_calibrated_20260828_002629/raw/0738_pacejka_rigfit_sand_lane_change_v7_b0_s103/20260828_042432_864879_sand_lane_change_acados_pacejka-rigfit/diag_sand_lane_change_acados_pacejka-rigfit.csv,,,1248,0.09449857711029203,0.358853,0.0715279916897507,5.765084395198523,6.6416900000000005,0.8235834850283604,2.199078525641026,3.8652999999999995,135.07529155323084,79.091901,3.050886,0,chrono_body_contact,0,,,,,,,,0
mpc_tire_model_sweep,pacejka_rigfit,standard,pacejka-rigfit,tire_force_static,sand,lane_change,7.0,0,104,/home/ksha/Documents/sbel/offroad-control/benchmarking/results/mpc_tire_model_sweep_calibrated_20260828_002629/raw/0739_pacejka_rigfit_sand_lane_change_v7_b0_s104,ok,0,19.13482117652893,15.0,0.99,/home/ksha/Documents/sbel/offroad-control/benchmarking/results/mpc_tire_model_sweep_calibrated_20260828_002629/raw/0739_pacejka_rigfit_sand_lane_change_v7_b0_s104/20260828_042452_017647_sand_lane_change_acados_pacejka-rigfit/diag_sand_lane_change_acados_pacejka-rigfit.csv,,,1248,0.09386093717694809,0.355125,0.06925377931671284,5.758005632502308,6.64738,0.8225722332146155,2.288157051282051,4.32,135.3064167218723,79.02367,3.001767,0,chrono_body_contact,0,,,,,,,,0
mpc_tire_model_sweep,pacejka_rigfit,standard,pacejka-rigfit,tire_force_static,sand,lane_change,7.0,4,100,/home/ksha/Documents/sbel/offroad-control/benchmarking/results/mpc_tire_model_sweep_calibrated_20260828_002629/raw/0740_pacejka_rigfit_sand_lane_change_v7_b4_s100,ok,0,19.33860683441162,15.0,0.99,/home/ksha/Documents/sbel/offroad-control/benchmarking/results/mpc_tire_model_sweep_calibrated_20260828_002629/raw/0740_pacejka_rigfit_sand_lane_change_v7_b4_s100/20260828_042511_191773_sand_lane_change_acados_pacejka-rigfit/diag_sand_lane_change_acados_pacejka-rigfit.csv,,,1248,0.09567850260847426,0.345922,0.07066350877192983,5.748750323176362,6.63248,0.8212500461680518,2.224439102564103,4.095299999999999,135.53487737955095,78.937793,2.979472,0,chrono_body_contact,0,,,,,,,,0
mpc_tire_model_sweep,pacejka_rigfit,standard,pacejka-rigfit,tire_force_static,sand,lane_change,7.0,4,101,/home/ksha/Documents/sbel/offroad-control/benchmarking/results/mpc_tire_model_sweep_calibrated_20260828_002629/raw/0741_pacejka_rigfit_sand_lane_change_v7_b4_s101,ok,0,19.337311506271362,15.0,0.99,/home/ksha/Documents/sbel/offroad-control/benchmarking/results/mpc_tire_model_sweep_calibrated_20260828_002629/raw/0741_pacejka_rigfit_sand_lane_change_v7_b4_s101/20260828_042530_527163_sand_lane_change_acados_pacejka-rigfit/diag_sand_lane_change_acados_pacejka-rigfit.csv,,,1248,0.09650989520458894,0.37857,0.07192872206832872,5.792659002770083,6.650949999999999,0.8275227146814405,2.194222756410256,3.8452999999999995,131.8747311197713,79.715384,3.04737,0,chrono_body_contact,0,,,,,,,,0
mpc_tire_model_sweep,pacejka_rigfit,standard,pacejka-rigfit,tire_force_static,sand,lane_change,7.0,4,102,/home/ksha/Documents/sbel/offroad-control/benchmarking/results/mpc_tire_model_sweep_calibrated_20260828_002629/raw/0742_pacejka_rigfit_sand_lane_change_v7_b4_s102,ok,0,19.335784912109375,15.0,0.99,/home/ksha/Documents/sbel/offroad-control/benchmarking/results/mpc_tire_model_sweep_calibrated_20260828_002629/raw/0742_pacejka_rigfit_sand_lane_change_v7_b4_s102/20260828_042549_887787_sand_lane_change_acados_pacejka-rigfit/diag_sand_lane_change_acados_pacejka-rigfit.csv,,,1248,0.09468669196535788,0.307681,0.07183961034164359,5.786054293628809,6.62918,0.8265791848041156,2.669591346153846,4.72,137.06859879843924,79.470255,3.076959,0,chrono_body_contact,0,,,,,,,,0
mpc_tire_model_sweep,pacejka_rigfit,standard,pacejka-rigfit,tire_force_static,sand,lane_change,7.0,4,103,/home/ksha/Documents/sbel/offroad-control/benchmarking/results/mpc_tire_model_sweep_calibrated_20260828_002629/raw/0743_pacejka_rigfit_sand_lane_change_v7_b4_s103,ok,0,19.38318133354187,15.0,0.99,/home/ksha/Documents/sbel/offroad-control/benchmarking/results/mpc_tire_model_sweep_calibrated_20260828_002629/raw/0743_pacejka_rigfit_sand_lane_change_v7_b4_s103/20260828_042609_234180_sand_lane_change_acados_pacejka-rigfit/diag_sand_lane_change_acados_pacejka-rigfit.csv,,,1248,0.09732298917707487,0.363544,0.07349106463527239,5.776782640812558,6.6346799999999995,0.8252546629732226,2.20786858974359,3.82,135.16536781155384,79.405338,3.050962,0,chrono_body_contact,0,,,,,,,,0
mpc_tire_model_sweep,pacejka_rigfit,standard,pacejka-rigfit,tire_force_static,sand,lane_change,7.0,4,104,/home/ksha/Documents/sbel/offroad-control/benchmarking/results/mpc_tire_model_sweep_calibrated_20260828_002629/raw/0744_pacejka_rigfit_sand_lane_change_v7_b4_s104,ok,0,19.33492136001587,15.0,0.99,/home/ksha/Documents/sbel/offroad-control/benchmarking/results/mpc_tire_model_sweep_calibrated_20260828_002629/raw/0744_pacejka_rigfit_sand_lane_change_v7_b4_s104/20260828_042628_638567_sand_lane_change_acados_pacejka-rigfit/diag_sand_lane_change_acados_pacejka-rigfit.csv,,,1248,0.0967898855021862,0.361791,0.07184631855955678,5.761469436749769,6.61665,0.8230670623928241,2.2079967948717947,3.9553,135.3421237940084,79.222691,2.991736,0,chrono_body_contact,0,,,,,,,,0
mpc_tire_model_sweep,pacejka_rigfit,standard,pacejka-rigfit,tire_force_static,sand,lane_change,7.0,8,100,/home/ksha/Documents/sbel/offroad-control/benchmarking/results/mpc_tire_model_sweep_calibrated_20260828_002629/raw/0745_pacejka_rigfit_sand_lane_change_v7_b8_s100,ok,0,19.431885719299316,15.0,0.99,/home/ksha/Documents/sbel/offroad-control/benchmarking/results/mpc_tire_model_sweep_calibrated_20260828_002629/raw/0745_pacejka_rigfit_sand_lane_change_v7_b8_s100/20260828_042647_980043_sand_lane_change_acados_pacejka-rigfit/diag_sand_lane_change_acados_pacejka-rigfit.csv,,,1248,0.09625240420016101,0.353253,0.0707505567867036,5.5719788550323175,6.33839,0.7959969792903311,2.188261217948718,3.961199999999999,134.29623091251017,76.483336,2.982265,0,chrono_body_contact,0,,,,,,,,0
mpc_tire_model_sweep,pacejka_rigfit,standard,pacejka-rigfit,tire_force_static,sand,lane_change,7.0,8,101,/home/ksha/Documents/sbel/offroad-control/benchmarking/results/mpc_tire_model_sweep_calibrated_20260828_002629/raw/0746_pacejka_rigfit_sand_lane_change_v7_b8_s101,ok,0,19.48665714263916,15.0,0.99,/home/ksha/Documents/sbel/offroad-control/benchmarking/results/mpc_tire_model_sweep_calibrated_20260828_002629/raw/0746_pacejka_rigfit_sand_lane_change_v7_b8_s101/20260828_042707_435023_sand_lane_change_acados_pacejka-rigfit/diag_sand_lane_change_acados_pacejka-rigfit.csv,,,1248,0.09529195674471852,0.340566,0.07133309048938134,5.556313665743305,6.31468,0.7937590951061865,2.196017628205128,4.15,129.98085134219752,76.49028,3.047682,0,chrono_body_contact,0,,,,,,,,0
mpc_tire_model_sweep,pacejka_rigfit,standard,pacejka-rigfit,tire_force_static,sand,lane_change,7.0,8,102,/home/ksha/Documents/sbel/offroad-control/benchmarking/results/mpc_tire_model_sweep_calibrated_20260828_002629/raw/0747_pacejka_rigfit_sand_lane_change_v7_b8_s102,ok,0,19.435187101364136,15.0,0.99,/home/ksha/Documents/sbel/offroad-control/benchmarking/results/mpc_tire_model_sweep_calibrated_20260828_002629/raw/0747_pacejka_rigfit_sand_lane_change_v7_b8_s102/20260828_042726_955116_sand_lane_change_acados_pacejka-rigfit/diag_sand_lane_change_acados_pacejka-rigfit.csv,,,1248,0.09420556866715536,0.305756,0.07048399999999999,5.605659833795014,6.2982000000000005,0.800808547685002,2.1917628205128206,4.035899999999999,135.65047917175548,76.968655,3.076805,0,chrono_body_contact,0,,,,,,,,0
mpc_tire_model_sweep,pacejka_rigfit,standard,pacejka-rigfit,tire_force_static,sand,lane_change,7.0,8,103,/home/ksha/Documents/sbel/offroad-control/benchmarking/results/mpc_tire_model_sweep_calibrated_20260828_002629/raw/0748_pacejka_rigfit_sand_lane_change_v7_b8_s103,ok,0,19.43269681930542,15.0,0.99,/home/ksha/Documents/sbel/offroad-control/benchmarking/results/mpc_tire_model_sweep_calibrated_20260828_002629/raw/0748_pacejka_rigfit_sand_lane_change_v7_b8_s103/20260828_042746_400433_sand_lane_change_acados_pacejka-rigfit/diag_sand_lane_change_acados_pacejka-rigfit.csv,,,1248,0.094002459121254,0.361023,0.07054132132963989,5.534873407202216,6.2660100000000005,0.790696201028888,2.192548076923077,4.01,133.35079315986135,76.13133,3.049514,0,chrono_body_contact,0,,,,,,,,0
mpc_tire_model_sweep,pacejka_rigfit,standard,pacejka-rigfit,tire_force_static,sand,lane_change,7.0,8,104,/home/ksha/Documents/sbel/offroad-control/benchmarking/results/mpc_tire_model_sweep_calibrated_20260828_002629/raw/0749_pacejka_rigfit_sand_lane_change_v7_b8_s104,ok,0,19.488014936447144,15.0,0.99,/home/ksha/Documents/sbel/offroad-control/benchmarking/results/mpc_tire_model_sweep_calibrated_20260828_002629/raw/0749_pacejka_rigfit_sand_lane_change_v7_b8_s104/20260828_042805_865368_sand_lane_change_acados_pacejka-rigfit/diag_sand_lane_change_acados_pacejka-rigfit.csv,,,1248,0.09616913389986342,0.371446,0.06952409510618653,5.589659556786704,6.33822,0.798522793826672,2.266442307692308,4.1606,134.08751508677526,76.839505,2.99623,0,chrono_body_contact,0,,,,,,,,0
mpc_tire_model_sweep,pacejka_rigfit,standard,pacejka-rigfit,tire_force_static,sand,lane_change,9.0,0,100,/home/ksha/Documents/sbel/offroad-control/benchmarking/results/mpc_tire_model_sweep_calibrated_20260828_002629/raw/0750_pacejka_rigfit_sand_lane_change_v9_b0_s100,ok,0,19.086230039596558,15.0,0.99,/home/ksha/Documents/sbel/offroad-control/benchmarking/results/mpc_tire_model_sweep_calibrated_20260828_002629/raw/0750_pacejka_rigfit_sand_lane_change_v9_b0_s100/20260828_042825_354053_sand_lane_change_acados_pacejka-rigfit/diag_sand_lane_change_acados_pacejka-rigfit.csv,,,1248,0.10994235237228386,0.408967,0.07818215604801478,5.812688457987074,6.66883,0.6458542731096748,2.423621794871795,4.16,135.9386693654,79.631836,2.981956,0,chrono_body_contact,0,,,,,,,,0
mpc_tire_model_sweep,pacejka_rigfit,standard,pacejka-rigfit,tire_force_static,sand,lane_change,9.0,0,101,/home/ksha/Documents/sbel/offroad-control/benchmarking/results/mpc_tire_model_sweep_calibrated_20260828_002629/raw/0751_pacejka_rigfit_sand_lane_change_v9_b0_s101,ok,0,19.165180206298828,15.0,0.99,/home/ksha/Documents/sbel/offroad-control/benchmarking/results/mpc_tire_model_sweep_calibrated_20260828_002629/raw/0751_pacejka_rigfit_sand_lane_change_v9_b0_s101/20260828_042844_464377_sand_lane_change_acados_pacejka-rigfit/diag_sand_lane_change_acados_pacejka-rigfit.csv,,,1248,0.10955169795231168,0.445563,0.07863143674976915,5.810837303785781,6.661490000000001,0.6456485893095312,2.388341346153846,4.105899999999999,131.97185324185716,79.804768,3.046533,0,chrono_body_contact,0,,,,,,,,0
mpc_tire_model_sweep,pacejka_rigfit,standard,pacejka-rigfit,tire_force_static,sand,lane_change,9.0,0,102,/home/ksha/Documents/sbel/offroad-control/benchmarking/results/mpc_tire_model_sweep_calibrated_20260828_002629/raw/0752_pacejka_rigfit_sand_lane_change_v9_b0_s102,ok,0,19.118921041488647,15.0,0.99,/home/ksha/Documents/sbel/offroad-control/benchmarking/results/mpc_tire_model_sweep_calibrated_20260828_002629/raw/0752_pacejka_rigfit_sand_lane_change_v9_b0_s102/20260828_042903_638282_sand_lane_change_acados_pacejka-rigfit/diag_sand_lane_change_acados_pacejka-rigfit.csv,,,1248,0.11143309765575889,0.367347,0.08113822345337027,5.81239704524469,6.64623,0.6458218939160766,2.6245592948717946,4.86,137.24531048744439,79.666006,3.065013,0,chrono_body_contact,0,,,,,,,,0
mpc_tire_model_sweep,pacejka_rigfit,standard,pacejka-rigfit,tire_force_static,sand,lane_change,9.0,0,103,/home/ksha/Documents/sbel/offroad-control/benchmarking/results/mpc_tire_model_sweep_calibrated_20260828_002629/raw/0753_pacejka_rigfit_sand_lane_change_v9_b0_s103,ok,0,19.119381427764893,15.0,0.99,/home/ksha/Documents/sbel/offroad-control/benchmarking/results/mpc_tire_model_sweep_calibrated_20260828_002629/raw/0753_pacejka_rigfit_sand_lane_change_v9_b0_s103/20260828_042922_775215_sand_lane_change_acados_pacejka-rigfit/diag_sand_lane_change_acados_pacejka-rigfit.csv,,,1247,0.114049492399516,0.429464,0.08256166574330563,5.8177697137580795,6.641649999999999,0.6464188570842311,2.5121170809943862,4.290799999999999,135.3013204068983,79.790744,3.050106,0,chrono_body_contact,0,,,,,,,,0
mpc_tire_model_sweep,pacejka_rigfit,standard,pacejka-rigfit,tire_force_static,sand,lane_change,9.0,0,104,/home/ksha/Documents/sbel/offroad-control/benchmarking/results/mpc_tire_model_sweep_calibrated_20260828_002629/raw/0754_pacejka_rigfit_sand_lane_change_v9_b0_s104,ok,0,19.131906032562256,15.0,0.99,/home/ksha/Documents/sbel/offroad-control/benchmarking/results/mpc_tire_model_sweep_calibrated_20260828_002629/raw/0754_pacejka_rigfit_sand_lane_change_v9_b0_s104/20260828_042941_939404_sand_lane_change_acados_pacejka-rigfit/diag_sand_lane_change_acados_pacejka-rigfit.csv,,,1248,0.11378730124933382,0.438848,0.08097167682363804,5.822669990766389,6.647,0.6469633323073766,2.4066666666666667,4.055299999999999,135.74999600732963,79.871714,3.007824,0,chrono_body_contact,0,,,,,,,,0
mpc_tire_model_sweep,pacejka_rigfit,standard,pacejka-rigfit,tire_force_static,sand,lane_change,9.0,4,100,/home/ksha/Documents/sbel/offroad-control/benchmarking/results/mpc_tire_model_sweep_calibrated_20260828_002629/raw/0755_pacejka_rigfit_sand_lane_change_v9_b4_s100,ok,0,19.378774166107178,15.0,0.99,/home/ksha/Documents/sbel/offroad-control/benchmarking/results/mpc_tire_model_sweep_calibrated_20260828_002629/raw/0755_pacejka_rigfit_sand_lane_change_v9_b4_s100/20260828_043001_060806_sand_lane_change_acados_pacejka-rigfit/diag_sand_lane_change_acados_pacejka-rigfit.csv,,,1248,0.11306491385467017,0.416966,0.08071248014773774,5.818026962142197,6.66235,0.6464474402380218,2.4108092948717945,4.055299999999999,136.0121819287575,79.852667,2.986525,0,chrono_body_contact,0,,,,,,,,0
mpc_tire_model_sweep,pacejka_rigfit,standard,pacejka-rigfit,tire_force_static,sand,lane_change,9.0,4,101,/home/ksha/Documents/sbel/offroad-control/benchmarking/results/mpc_tire_model_sweep_calibrated_20260828_002629/raw/0756_pacejka_rigfit_sand_lane_change_v9_b4_s101,ok,0,19.336944580078125,15.0,0.99,/home/ksha/Documents/sbel/offroad-control/benchmarking/results/mpc_tire_model_sweep_calibrated_20260828_002629/raw/0756_pacejka_rigfit_sand_lane_change_v9_b4_s101/20260828_043020_461137_sand_lane_change_acados_pacejka-rigfit/diag_sand_lane_change_acados_pacejka-rigfit.csv,,,1248,0.11330241989922507,0.4558,0.08139523638042476,5.8118257617728535,6.63595,0.6457584179747615,3.0538782051282047,4.9453,132.00594805139116,79.966385,3.047739,0,chrono_body_contact,0,,,,,,,,0
mpc_tire_model_sweep,pacejka_rigfit,standard,pacejka-rigfit,tire_force_static,sand,lane_change,9.0,4,102,/home/ksha/Documents/sbel/offroad-control/benchmarking/results/mpc_tire_model_sweep_calibrated_20260828_002629/raw/0757_pacejka_rigfit_sand_lane_change_v9_b4_s102,ok,0,19.37797737121582,15.0,0.99,/home/ksha/Documents/sbel/offroad-control/benchmarking/results/mpc_tire_model_sweep_calibrated_20260828_002629/raw/0757_pacejka_rigfit_sand_lane_change_v9_b4_s102/20260828_043039_814780_sand_lane_change_acados_pacejka-rigfit/diag_sand_lane_change_acados_pacejka-rigfit.csv,,,1248,0.11255276135611025,0.369026,0.08199613019390581,5.814258541089567,6.62528,0.6460287267877296,2.398405448717949,4.0253,137.28422105913612,79.861989,3.072985,0,chrono_body_contact,0,,,,,,,,0
mpc_tire_model_sweep,pacejka_rigfit,standard,pacejka-rigfit,tire_force_static,sand,lane_change,9.0,4,103,/home/ksha/Documents/sbel/offroad-control/benchmarking/results/mpc_tire_model_sweep_calibrated_20260828_002629/raw/0758_pacejka_rigfit_sand_lane_change_v9_b4_s103,ok,0,19.37946343421936,15.0,0.99,/home/ksha/Documents/sbel/offroad-control/benchmarking/results/mpc_tire_model_sweep_calibrated_20260828_002629/raw/0758_pacejka_rigfit_sand_lane_change_v9_b4_s103/20260828_043059_220442_sand_lane_change_acados_pacejka-rigfit/diag_sand_lane_change_acados_pacejka-rigfit.csv,,,1248,0.11263031285762408,0.413626,0.08242504709141274,5.804771283471838,6.61485,0.6449745870524264,2.398966346153846,3.9452999999999996,135.34912032699987,79.783476,3.05773,0,chrono_body_contact,0,,,,,,,,0
mpc_tire_model_sweep,pacejka_rigfit,standard,pacejka-rigfit,tire_force_static,sand,lane_change,9.0,4,104,/home/ksha/Documents/sbel/offroad-control/benchmarking/results/mpc_tire_model_sweep_calibrated_20260828_002629/raw/0759_pacejka_rigfit_sand_lane_change_v9_b4_s104,ok,0,19.337385177612305,15.0,0.99,/home/ksha/Documents/sbel/offroad-control/benchmarking/results/mpc_tire_model_sweep_calibrated_20260828_002629/raw/0759_pacejka_rigfit_sand_lane_change_v9_b4_s104/20260828_043118_617383_sand_lane_change_acados_pacejka-rigfit/diag_sand_lane_change_acados_pacejka-rigfit.csv,,,1248,0.11570546243544344,0.436177,0.08296706371191136,5.81973379501385,6.62319,0.6466370883348722,2.3901682692307693,3.87,135.7483136241985,79.995675,3.011556,0,chrono_body_contact,0,,,,,,,,0
mpc_tire_model_sweep,pacejka_rigfit,standard,pacejka-rigfit,tire_force_static,sand,lane_change,9.0,8,100,/home/ksha/Documents/sbel/offroad-control/benchmarking/results/mpc_tire_model_sweep_calibrated_20260828_002629/raw/0760_pacejka_rigfit_sand_lane_change_v9_b8_s100,ok,0,19.433465003967285,15.0,0.99,/home/ksha/Documents/sbel/offroad-control/benchmarking/results/mpc_tire_model_sweep_calibrated_20260828_002629/raw/0760_pacejka_rigfit_sand_lane_change_v9_b8_s100/20260828_043137_957685_sand_lane_change_acados_pacejka-rigfit/diag_sand_lane_change_acados_pacejka-rigfit.csv,,,1248,0.11603661683597816,0.434756,0.08143536380424746,5.6451967682363815,6.30095,0.627244085359598,2.4081490384615383,4.1,134.78168254391693,77.465055,2.974901,0,chrono_body_contact,0,,,,,,,,0
mpc_tire_model_sweep,pacejka_rigfit,standard,pacejka-rigfit,tire_force_static,sand,lane_change,9.0,8,101,/home/ksha/Documents/sbel/offroad-control/benchmarking/results/mpc_tire_model_sweep_calibrated_20260828_002629/raw/0761_pacejka_rigfit_sand_lane_change_v9_b8_s101,ok,0,19.442916870117188,15.0,0.99,/home/ksha/Documents/sbel/offroad-control/benchmarking/results/mpc_tire_model_sweep_calibrated_20260828_002629/raw/0761_pacejka_rigfit_sand_lane_change_v9_b8_s101/20260828_043157_450862_sand_lane_change_acados_pacejka-rigfit/diag_sand_lane_change_acados_pacejka-rigfit.csv,,,1247,0.11164320121693859,0.452305,0.07999654570637119,5.634909325946445,6.35766,0.6261010362162717,2.502886928628709,4.2,130.43384666660089,77.528028,3.04399,0,chrono_body_contact,0,,,,,,,,0
mpc_tire_model_sweep,pacejka_rigfit,standard,pacejka-rigfit,tire_force_static,sand,lane_change,9.0,8,102,/home/ksha/Documents/sbel/offroad-control/benchmarking/results/mpc_tire_model_sweep_calibrated_20260828_002629/raw/0762_pacejka_rigfit_sand_lane_change_v9_b8_s102,ok,0,19.481192588806152,15.0,0.99,/home/ksha/Documents/sbel/offroad-control/benchmarking/results/mpc_tire_model_sweep_calibrated_20260828_002629/raw/0762_pacejka_rigfit_sand_lane_change_v9_b8_s102/20260828_043216_884411_sand_lane_change_acados_pacejka-rigfit/diag_sand_lane_change_acados_pacejka-rigfit.csv,,,1248,0.11281384664674161,0.378505,0.0814369298245614,5.652968698060942,6.369299999999999,0.6281076331178824,3.100849358974359,5.3706,135.98811174889448,77.618743,3.075306,0,chrono_body_contact,0,,,,,,,,0
mpc_tire_model_sweep,pacejka_rigfit,standard,pacejka-rigfit,tire_force_static,sand,lane_change,9.0,8,103,/home/ksha/Documents/sbel/offroad-control/benchmarking/results/mpc_tire_model_sweep_calibrated_20260828_002629/raw/0763_pacejka_rigfit_sand_lane_change_v9_b8_s103,ok,0,19.52432894706726,15.0,0.99,/home/ksha/Documents/sbel/offroad-control/benchmarking/results/mpc_tire_model_sweep_calibrated_20260828_002629/raw/0763_pacejka_rigfit_sand_lane_change_v9_b8_s103/20260828_043236_406979_sand_lane_change_acados_pacejka-rigfit/diag_sand_lane_change_acados_pacejka-rigfit.csv,,,1248,0.11612912530046762,0.42415,0.08288109233610341,5.642427608494922,6.285469999999999,0.6269364009438801,2.425985576923077,4.215299999999999,134.05654441815375,77.511248,3.042122,0,chrono_body_contact,0,,,,,,,,0
mpc_tire_model_sweep,pacejka_rigfit,standard,pacejka-rigfit,tire_force_static,sand,lane_change,9.0,8,104,/home/ksha/Documents/sbel/offroad-control/benchmarking/results/mpc_tire_model_sweep_calibrated_20260828_002629/raw/0764_pacejka_rigfit_sand_lane_change_v9_b8_s104,ok,0,19.437146425247192,15.0,0.99,/home/ksha/Documents/sbel/offroad-control/benchmarking/results/mpc_tire_model_sweep_calibrated_20260828_002629/raw/0764_pacejka_rigfit_sand_lane_change_v9_b8_s104/20260828_043255_931500_sand_lane_change_acados_pacejka-rigfit/diag_sand_lane_change_acados_pacejka-rigfit.csv,,,1248,0.11391838206441308,0.452937,0.07927230101569713,5.63063296398892,6.336790000000001,0.6256258848876578,2.4628525641025645,4.121799999999999,134.36782832737714,77.39245,2.997428,0,chrono_body_contact,0,,,,,,,,0
mpc_tire_model_sweep,pacejka_rigfit,standard,pacejka-rigfit,tire_force_static,sand,right_left,5.0,0,100,/home/ksha/Documents/sbel/offroad-control/benchmarking/results/mpc_tire_model_sweep_calibrated_20260828_002629/raw/0765_pacejka_rigfit_sand_right_left_v5_b0_s100,ok,0,19.137630224227905,15.0,0.99,/home/ksha/Documents/sbel/offroad-control/benchmarking/results/mpc_tire_model_sweep_calibrated_20260828_002629/raw/0765_pacejka_rigfit_sand_right_left_v5_b0_s100/20260828_043315_398901_sand_right_left_acados_pacejka-rigfit/diag_sand_right_left_acados_pacejka-rigfit.csv,,,1248,0.31802697655697315,1.158708,0.19969043120960295,4.341999630655586,5.0240599999999995,0.8683999261311172,2.6714342948717946,3.53,126.76471746973883,35.173892,-32.068487,0,chrono_body_contact,0,,,,,,,,0
mpc_tire_model_sweep,pacejka_rigfit,standard,pacejka-rigfit,tire_force_static,sand,right_left,5.0,0,101,/home/ksha/Documents/sbel/offroad-control/benchmarking/results/mpc_tire_model_sweep_calibrated_20260828_002629/raw/0766_pacejka_rigfit_sand_right_left_v5_b0_s101,ok,0,19.089177131652832,15.0,0.99,/home/ksha/Documents/sbel/offroad-control/benchmarking/results/mpc_tire_model_sweep_calibrated_20260828_002629/raw/0766_pacejka_rigfit_sand_right_left_v5_b0_s101/20260828_043334_535543_sand_right_left_acados_pacejka-rigfit/diag_sand_right_left_acados_pacejka-rigfit.csv,,,1248,0.3035720058459619,1.035321,0.19657433425669435,4.326522068328717,4.95598,0.8653044136657433,2.672451923076923,3.5452999999999997,123.0222194906453,35.093723,-31.867289,0,chrono_body_contact,0,,,,,,,,0
mpc_tire_model_sweep,pacejka_rigfit,standard,pacejka-rigfit,tire_force_static,sand,right_left,5.0,0,102,/home/ksha/Documents/sbel/offroad-control/benchmarking/results/mpc_tire_model_sweep_calibrated_20260828_002629/raw/0767_pacejka_rigfit_sand_right_left_v5_b0_s102,ok,0,19.13314199447632,15.0,0.99,/home/ksha/Documents/sbel/offroad-control/benchmarking/results/mpc_tire_model_sweep_calibrated_20260828_002629/raw/0767_pacejka_rigfit_sand_right_left_v5_b0_s102/20260828_043353_644237_sand_right_left_acados_pacejka-rigfit/diag_sand_right_left_acados_pacejka-rigfit.csv,,,1247,0.28850984474124736,1.020356,0.1866189085872576,4.331611726685133,5.0482,0.8663223453370266,2.9379791499599035,4.7,127.88837075001663,35.333872,-31.889594,0,chrono_body_contact,0,,,,,,,,0
mpc_tire_model_sweep,pacejka_rigfit,standard,pacejka-rigfit,tire_force_static,sand,right_left,5.0,0,103,/home/ksha/Documents/sbel/offroad-control/benchmarking/results/mpc_tire_model_sweep_calibrated_20260828_002629/raw/0768_pacejka_rigfit_sand_right_left_v5_b0_s103,ok,0,19.13798451423645,15.0,0.99,/home/ksha/Documents/sbel/offroad-control/benchmarking/results/mpc_tire_model_sweep_calibrated_20260828_002629/raw/0768_pacejka_rigfit_sand_right_left_v5_b0_s103/20260828_043412_819708_sand_right_left_acados_pacejka-rigfit/diag_sand_right_left_acados_pacejka-rigfit.csv,,,1248,0.3145690223741573,1.139603,0.19874774145891042,4.37482271468144,5.08915,0.874964542936288,2.667588141025641,3.65,126.56861778434072,35.833175,-32.023157,0,chrono_body_contact,0,,,,,,,,0
mpc_tire_model_sweep,pacejka_rigfit,standard,pacejka-rigfit,tire_force_static,sand,right_left,5.0,0,104,/home/ksha/Documents/sbel/offroad-control/benchmarking/results/mpc_tire_model_sweep_calibrated_20260828_002629/raw/0769_pacejka_rigfit_sand_right_left_v5_b0_s104,ok,0,19.132920503616333,15.0,0.99,/home/ksha/Documents/sbel/offroad-control/benchmarking/results/mpc_tire_model_sweep_calibrated_20260828_002629/raw/0769_pacejka_rigfit_sand_right_left_v5_b0_s104/20260828_043431_970707_sand_right_left_acados_pacejka-rigfit/diag_sand_right_left_acados_pacejka-rigfit.csv,,,1247,0.31130648465399324,1.05876,0.19824194644506002,4.332607386888273,4.96472,0.8665214773776546,3.5048757016840417,4.5354,127.01255319196322,35.116304,-31.983311,0,chrono_body_contact,0,,,,,,,,0
mpc_tire_model_sweep,pacejka_rigfit,standard,pacejka-rigfit,tire_force_static,sand,right_left,5.0,4,100,/home/ksha/Documents/sbel/offroad-control/benchmarking/results/mpc_tire_model_sweep_calibrated_20260828_002629/raw/0770_pacejka_rigfit_sand_right_left_v5_b4_s100,ok,0,19.33574104309082,15.0,0.99,/home/ksha/Documents/sbel/offroad-control/benchmarking/results/mpc_tire_model_sweep_calibrated_20260828_002629/raw/0770_pacejka_rigfit_sand_right_left_v5_b4_s100/20260828_043451_120273_sand_right_left_acados_pacejka-rigfit/diag_sand_right_left_acados_pacejka-rigfit.csv,,,1248,0.29571389313113744,1.057316,0.19078084025854108,4.3240750692520775,5.05155,0.8648150138504155,2.666041666666667,3.620599999999999,126.7088001628419,35.168917,-31.967482,0,chrono_body_contact,0,,,,,,,,0
mpc_tire_model_sweep,pacejka_rigfit,standard,pacejka-rigfit,tire_force_static,sand,right_left,5.0,4,101,/home/ksha/Documents/sbel/offroad-control/benchmarking/results/mpc_tire_model_sweep_calibrated_20260828_002629/raw/0771_pacejka_rigfit_sand_right_left_v5_b4_s101,ok,0,19.33315944671631,15.0,0.99,/home/ksha/Documents/sbel/offroad-control/benchmarking/results/mpc_tire_model_sweep_calibrated_20260828_002629/raw/0771_pacejka_rigfit_sand_right_left_v5_b4_s101/20260828_043510_491860_sand_right_left_acados_pacejka-rigfit/diag_sand_right_left_acados_pacejka-rigfit.csv,,,1248,0.3181554465342139,1.156121,0.20192954755309328,4.373504155124654,5.11909,0.8747008310249308,2.6554166666666665,3.68,123.33352067267171,36.077407,-32.03451,0,chrono_body_contact,0,,,,,,,,0
mpc_tire_model_sweep,pacejka_rigfit,standard,pacejka-rigfit,tire_force_static,sand,right_left,5.0,4,102,/home/ksha/Documents/sbel/offroad-control/benchmarking/results/mpc_tire_model_sweep_calibrated_20260828_002629/raw/0772_pacejka_rigfit_sand_right_left_v5_b4_s102,ok,0,19.337356567382812,15.0,0.99,/home/ksha/Documents/sbel/offroad-control/benchmarking/results/mpc_tire_model_sweep_calibrated_20260828_002629/raw/0772_pacejka_rigfit_sand_right_left_v5_b4_s102/20260828_043529_827490_sand_right_left_acados_pacejka-rigfit/diag_sand_right_left_acados_pacejka-rigfit.csv,,,1248,0.3042582040155503,1.05834,0.19508721514312097,4.2957205909510625,5.015000000000001,0.8591441181902125,2.7106891025641024,3.6352999999999995,127.69809930292509,34.638011,-31.860712,0,chrono_body_contact,0,,,,,,,,0
mpc_tire_model_sweep,pacejka_rigfit,standard,pacejka-rigfit,tire_force_static,sand,right_left,5.0,4,103,/home/ksha/Documents/sbel/offroad-control/benchmarking/results/mpc_tire_model_sweep_calibrated_20260828_002629/raw/0773_pacejka_rigfit_sand_right_left_v5_b4_s103,ok,0,19.33608865737915,15.0,0.99,/home/ksha/Documents/sbel/offroad-control/benchmarking/results/mpc_tire_model_sweep_calibrated_20260828_002629/raw/0773_pacejka_rigfit_sand_right_left_v5_b4_s103/20260828_043549_203453_sand_right_left_acados_pacejka-rigfit/diag_sand_right_left_acados_pacejka-rigfit.csv,,,1248,0.303562048312541,1.068603,0.1967446509695291,4.329835734072023,5.00355,0.8659671468144046,2.8239983974358975,3.6653,126.31634785247789,35.23774,-31.918526,0,chrono_body_contact,0,,,,,,,,0
mpc_tire_model_sweep,pacejka_rigfit,standard,pacejka-rigfit,tire_force_static,sand,right_left,5.0,4,104,/home/ksha/Documents/sbel/offroad-control/benchmarking/results/mpc_tire_model_sweep_calibrated_20260828_002629/raw/0774_pacejka_rigfit_sand_right_left_v5_b4_s104,ok,0,19.380696296691895,15.0,0.99,/home/ksha/Documents/sbel/offroad-control/benchmarking/results/mpc_tire_model_sweep_calibrated_20260828_002629/raw/0774_pacejka_rigfit_sand_right_left_v5_b4_s104/20260828_043608_538940_sand_right_left_acados_pacejka-rigfit/diag_sand_right_left_acados_pacejka-rigfit.csv,,,1248,0.3114291596299253,1.088625,0.1988229482917821,4.283863527239151,4.96948,0.8567727054478302,3.071971153846154,4.625299999999999,126.78288687821657,34.451143,-31.913733,0,chrono_body_contact,0,,,,,,,,0
mpc_tire_model_sweep,pacejka_rigfit,standard,pacejka-rigfit,tire_force_static,sand,right_left,5.0,8,100,/home/ksha/Documents/sbel/offroad-control/benchmarking/results/mpc_tire_model_sweep_calibrated_20260828_002629/raw/0775_pacejka_rigfit_sand_right_left_v5_b8_s100,ok,0,19.488177061080933,15.0,0.99,/home/ksha/Documents/sbel/offroad-control/benchmarking/results/mpc_tire_model_sweep_calibrated_20260828_002629/raw/0775_pacejka_rigfit_sand_right_left_v5_b8_s100/20260828_043627_992748_sand_right_left_acados_pacejka-rigfit/diag_sand_right_left_acados_pacejka-rigfit.csv,,,1247,0.2612901369736701,0.995856,0.16717805909510622,4.209385595567867,4.860539999999999,0.8418771191135734,2.734474739374499,3.7307999999999995,125.94742770274682,33.398903,-31.586475,0,chrono_body_contact,0,,,,,,,,0
mpc_tire_model_sweep,pacejka_rigfit,standard,pacejka-rigfit,tire_force_static,sand,right_left,5.0,8,101,/home/ksha/Documents/sbel/offroad-control/benchmarking/results/mpc_tire_model_sweep_calibrated_20260828_002629/raw/0776_pacejka_rigfit_sand_right_left_v5_b8_s101,ok,0,19.43243098258972,15.0,0.99,/home/ksha/Documents/sbel/offroad-control/benchmarking/results/mpc_tire_model_sweep_calibrated_20260828_002629/raw/0776_pacejka_rigfit_sand_right_left_v5_b8_s101/20260828_043647_452991_sand_right_left_acados_pacejka-rigfit/diag_sand_right_left_acados_pacejka-rigfit.csv,,,1248,0.2835634249148984,1.143298,0.1753936518928901,4.220792243767313,4.9197999999999995,0.8441584487534627,2.633934294871795,3.5352999999999994,122.40892702082901,33.557086,-31.681122,0,chrono_body_contact,0,,,,,,,,0
mpc_tire_model_sweep,pacejka_rigfit,standard,pacejka-rigfit,tire_force_static,sand,right_left,5.0,8,102,/home/ksha/Documents/sbel/offroad-control/benchmarking/results/mpc_tire_model_sweep_calibrated_20260828_002629/raw/0777_pacejka_rigfit_sand_right_left_v5_b8_s102,ok,0,19.42874813079834,15.0,0.99,/home/ksha/Documents/sbel/offroad-control/benchmarking/results/mpc_tire_model_sweep_calibrated_20260828_002629/raw/0777_pacejka_rigfit_sand_right_left_v5_b8_s102/20260828_043706_925541_sand_right_left_acados_pacejka-rigfit/diag_sand_right_left_acados_pacejka-rigfit.csv,,,1248,0.2766517806469053,1.054017,0.17070239981532778,4.216666759002771,4.9341,0.8433333518005541,2.604831730769231,3.5905999999999993,127.20175041286734,33.430397,-31.642126,0,chrono_body_contact,0,,,,,,,,0
mpc_tire_model_sweep,pacejka_rigfit,standard,pacejka-rigfit,tire_force_static,sand,right_left,5.0,8,103,/home/ksha/Documents/sbel/offroad-control/benchmarking/results/mpc_tire_model_sweep_calibrated_20260828_002629/raw/0778_pacejka_rigfit_sand_right_left_v5_b8_s103,ok,0,19.43413519859314,15.0,0.99,/home/ksha/Documents/sbel/offroad-control/benchmarking/results/mpc_tire_model_sweep_calibrated_20260828_002629/raw/0778_pacejka_rigfit_sand_right_left_v5_b8_s103/20260828_043726_360098_sand_right_left_acados_pacejka-rigfit/diag_sand_right_left_acados_pacejka-rigfit.csv,,,1248,0.254534247092405,0.97487,0.16133324469067406,4.159011726685134,4.82559,0.8318023453370268,2.6308413461538462,3.6653,125.27220087244457,32.769687,-31.315612,0,chrono_body_contact,0,,,,,,,,0
mpc_tire_model_sweep,pacejka_rigfit,standard,pacejka-rigfit,tire_force_static,sand,right_left,5.0,8,104,/home/ksha/Documents/sbel/offroad-control/benchmarking/results/mpc_tire_model_sweep_calibrated_20260828_002629/raw/0779_pacejka_rigfit_sand_right_left_v5_b8_s104,ok,0,19.476243495941162,15.0,0.99,/home/ksha/Documents/sbel/offroad-control/benchmarking/results/mpc_tire_model_sweep_calibrated_20260828_002629/raw/0779_pacejka_rigfit_sand_right_left_v5_b8_s104/20260828_043745_840832_sand_right_left_acados_pacejka-rigfit/diag_sand_right_left_acados_pacejka-rigfit.csv,,,1248,0.29867757612021084,1.14501,0.17824426500461682,4.223977469990767,4.93227,0.8447954939981533,2.6025400641025644,3.4852999999999996,126.41278774510668,33.424021,-31.817756,0,chrono_body_contact,0,,,,,,,,0
mpc_tire_model_sweep,pacejka_rigfit,standard,pacejka-rigfit,tire_force_static,sand,right_left,7.0,0,100,/home/ksha/Documents/sbel/offroad-control/benchmarking/results/mpc_tire_model_sweep_calibrated_20260828_002629/raw/0780_pacejka_rigfit_sand_right_left_v7_b0_s100,ok,0,19.17901611328125,15.0,0.99,/home/ksha/Documents/sbel/offroad-control/benchmarking/results/mpc_tire_model_sweep_calibrated_20260828_002629/raw/0780_pacejka_rigfit_sand_right_left_v7_b0_s100/20260828_043805_306075_sand_right_left_acados_pacejka-rigfit/diag_sand_right_left_acados_pacejka-rigfit.csv,,,1248,1.4721607098505194,5.440681,0.6689796278855032,4.765347737765467,5.178599999999999,0.6807639625379238,3.3749439102564103,10.690599999999998,129.12818837697944,35.947516,-36.396881,0,chrono_body_contact,0,,,,,,,,0
mpc_tire_model_sweep,pacejka_rigfit,standard,pacejka-rigfit,tire_force_static,sand,right_left,7.0,0,101,/home/ksha/Documents/sbel/offroad-control/benchmarking/results/mpc_tire_model_sweep_calibrated_20260828_002629/raw/0781_pacejka_rigfit_sand_right_left_v7_b0_s101,ok,0,19.13131046295166,15.0,0.99,/home/ksha/Documents/sbel/offroad-control/benchmarking/results/mpc_tire_model_sweep_calibrated_20260828_002629/raw/0781_pacejka_rigfit_sand_right_left_v7_b0_s101/20260828_043824_507636_sand_right_left_acados_pacejka-rigfit/diag_sand_right_left_acados_pacejka-rigfit.csv,,,1247,1.5486992069551067,5.53225,0.7117967929759704,4.789921626617375,5.19487,0.6842745180881965,3.428460304731355,11.016999999999998,125.67559066972568,36.428886,-36.434407,0,chrono_body_contact,0,,,,,,,,0
mpc_tire_model_sweep,pacejka_rigfit,standard,pacejka-rigfit,tire_force_static,sand,right_left,7.0,0,102,/home/ksha/Documents/sbel/offroad-control/benchmarking/results/mpc_tire_model_sweep_calibrated_20260828_002629/raw/0782_pacejka_rigfit_sand_right_left_v7_b0_s102,ok,0,19.133429288864136,15.0,0.99,/home/ksha/Documents/sbel/offroad-control/benchmarking/results/mpc_tire_model_sweep_calibrated_20260828_002629/raw/0782_pacejka_rigfit_sand_right_left_v7_b0_s102/20260828_043843_683466_sand_right_left_acados_pacejka-rigfit/diag_sand_right_left_acados_pacejka-rigfit.csv,,,1248,1.502096738801169,5.40237,0.6863308836565097,4.772378855032318,5.1855899999999995,0.6817684078617596,4.113181089743589,10.907099999999998,130.47248455482958,36.099276,-36.316276,0,chrono_body_contact,0,,,,,,,,0
mpc_tire_model_sweep,pacejka_rigfit,standard,pacejka-rigfit,tire_force_static,sand,right_left,7.0,0,103,/home/ksha/Documents/sbel/offroad-control/benchmarking/results/mpc_tire_model_sweep_calibrated_20260828_002629/raw/0783_pacejka_rigfit_sand_right_left_v7_b0_s103,ok,0,19.131656646728516,15.0,0.99,/home/ksha/Documents/sbel/offroad-control/benchmarking/results/mpc_tire_model_sweep_calibrated_20260828_002629/raw/0783_pacejka_rigfit_sand_right_left_v7_b0_s103/20260828_043902_824621_sand_right_left_acados_pacejka-rigfit/diag_sand_right_left_acados_pacejka-rigfit.csv,,,1248,1.5339244494562752,5.431528,0.7016137331486613,4.778190766389659,5.18659,0.6825986809128084,4.075753205128205,7.51079999999999,128.807838665499,36.169165,-36.414481,0,chrono_body_contact,0,,,,,,,,0
mpc_tire_model_sweep,pacejka_rigfit,standard,pacejka-rigfit,tire_force_static,sand,right_left,7.0,0,104,/home/ksha/Documents/sbel/offroad-control/benchmarking/results/mpc_tire_model_sweep_calibrated_20260828_002629/raw/0784_pacejka_rigfit_sand_right_left_v7_b0_s104,ok,0,19.08148169517517,15.0,0.99,/home/ksha/Documents/sbel/offroad-control/benchmarking/results/mpc_tire_model_sweep_calibrated_20260828_002629/raw/0784_pacejka_rigfit_sand_right_left_v7_b0_s104/20260828_043921_965491_sand_right_left_acados_pacejka-rigfit/diag_sand_right_left_acados_pacejka-rigfit.csv,,,1248,1.4954922918335884,5.402094,0.6821393850415512,4.768044321329639,5.17913,0.681149188761377,3.456057692307692,5.302999999999997,129.7676421138416,36.089337,-36.402094,0,chrono_body_contact,0,,,,,,,,0
mpc_tire_model_sweep,pacejka_rigfit,standard,pacejka-rigfit,tire_force_static,sand,right_left,7.0,4,100,/home/ksha/Documents/sbel/offroad-control/benchmarking/results/mpc_tire_model_sweep_calibrated_20260828_002629/raw/0785_pacejka_rigfit_sand_right_left_v7_b4_s100,ok,0,19.33316993713379,15.0,0.99,/home/ksha/Documents/sbel/offroad-control/benchmarking/results/mpc_tire_model_sweep_calibrated_20260828_002629/raw/0785_pacejka_rigfit_sand_right_left_v7_b4_s100/20260828_043941_074867_sand_right_left_acados_pacejka-rigfit/diag_sand_right_left_acados_pacejka-rigfit.csv,,,1248,1.5565165054252628,5.65627,0.7101427700831023,4.771928254847645,5.14851,0.6817040364068064,3.6898237179487174,10.232399999999997,129.2054028400458,35.904943,-36.612191,0,chrono_body_contact,0,,,,,,,,0
mpc_tire_model_sweep,pacejka_rigfit,standard,pacejka-rigfit,tire_force_static,sand,right_left,7.0,4,101,/home/ksha/Documents/sbel/offroad-control/benchmarking/results/mpc_tire_model_sweep_calibrated_20260828_002629/raw/0786_pacejka_rigfit_sand_right_left_v7_b4_s101,ok,0,19.331270456314087,15.0,0.99,/home/ksha/Documents/sbel/offroad-control/benchmarking/results/mpc_tire_model_sweep_calibrated_20260828_002629/raw/0786_pacejka_rigfit_sand_right_left_v7_b4_s101/20260828_044000_431710_sand_right_left_acados_pacejka-rigfit/diag_sand_right_left_acados_pacejka-rigfit.csv,,,1248,1.50125183396372,5.536409,0.6809720387811634,4.758685595567866,5.1524399999999995,0.6798122279382666,3.398165064102564,10.128399999999992,125.5009589953788,36.033031,-36.445389,0,chrono_body_contact,0,,,,,,,,0
mpc_tire_model_sweep,pacejka_rigfit,standard,pacejka-rigfit,tire_force_static,sand,right_left,7.0,4,102,/home/ksha/Documents/sbel/offroad-control/benchmarking/results/mpc_tire_model_sweep_calibrated_20260828_002629/raw/0787_pacejka_rigfit_sand_right_left_v7_b4_s102,ok,0,19.339382648468018,15.0,0.99,/home/ksha/Documents/sbel/offroad-control/benchmarking/results/mpc_tire_model_sweep_calibrated_20260828_002629/raw/0787_pacejka_rigfit_sand_right_left_v7_b4_s102/20260828_044019_797546_sand_right_left_acados_pacejka-rigfit/diag_sand_right_left_acados_pacejka-rigfit.csv,,,1248,1.5438927858945473,5.591255,0.7019291301939058,4.769941735918745,5.1449,0.6814202479883921,3.4008573717948716,10.500599999999999,130.4589929543596,36.010668,-36.508218,0,chrono_body_contact,0,,,,,,,,0
mpc_tire_model_sweep,pacejka_rigfit,standard,pacejka-rigfit,tire_force_static,sand,right_left,7.0,4,103,/home/ksha/Documents/sbel/offroad-control/benchmarking/results/mpc_tire_model_sweep_calibrated_20260828_002629/raw/0788_pacejka_rigfit_sand_right_left_v7_b4_s103,ok,0,19.335325479507446,15.0,0.99,/home/ksha/Documents/sbel/offroad-control/benchmarking/results/mpc_tire_model_sweep_calibrated_20260828_002629/raw/0788_pacejka_rigfit_sand_right_left_v7_b4_s103/20260828_044039_133314_sand_right_left_acados_pacejka-rigfit/diag_sand_right_left_acados_pacejka-rigfit.csv,,,1248,1.5784602495620508,5.591647,0.7190841892890121,4.78392188365651,5.1456800000000005,0.68341741195093,3.330232371794872,5.9407999999999905,128.85492594400844,36.171118,-36.581668,0,chrono_body_contact,0,,,,,,,,0
mpc_tire_model_sweep,pacejka_rigfit,standard,pacejka-rigfit,tire_force_static,sand,right_left,7.0,4,104,/home/ksha/Documents/sbel/offroad-control/benchmarking/results/mpc_tire_model_sweep_calibrated_20260828_002629/raw/0789_pacejka_rigfit_sand_right_left_v7_b4_s104,ok,0,19.33059859275818,15.0,0.99,/home/ksha/Documents/sbel/offroad-control/benchmarking/results/mpc_tire_model_sweep_calibrated_20260828_002629/raw/0789_pacejka_rigfit_sand_right_left_v7_b4_s104/20260828_044058_505133_sand_right_left_acados_pacejka-rigfit/diag_sand_right_left_acados_pacejka-rigfit.csv,,,1248,1.5483030427530626,5.572174,0.7067774358264082,4.773249676823638,5.14959,0.6818928109748054,3.303613782051282,7.769099999999961,129.83196468914488,36.066754,-36.572174,0,chrono_body_contact,0,,,,,,,,0
mpc_tire_model_sweep,pacejka_rigfit,standard,pacejka-rigfit,tire_force_static,sand,right_left,7.0,8,100,/home/ksha/Documents/sbel/offroad-control/benchmarking/results/mpc_tire_model_sweep_calibrated_20260828_002629/raw/0790_pacejka_rigfit_sand_right_left_v7_b8_s100,ok,0,19.435489892959595,15.0,0.99,/home/ksha/Documents/sbel/offroad-control/benchmarking/results/mpc_tire_model_sweep_calibrated_20260828_002629/raw/0790_pacejka_rigfit_sand_right_left_v7_b8_s100/20260828_044117_837988_sand_right_left_acados_pacejka-rigfit/diag_sand_right_left_acados_pacejka-rigfit.csv,,,1248,1.3871015905339386,5.115011,0.6202476731301938,4.684682086795938,5.134259999999999,0.6692402981137054,3.3972916666666673,8.3253,128.74860272951557,34.933381,-36.037606,0,chrono_body_contact,0,,,,,,,,0
mpc_tire_model_sweep,pacejka_rigfit,standard,pacejka-rigfit,tire_force_static,sand,right_left,7.0,8,101,/home/ksha/Documents/sbel/offroad-control/benchmarking/results/mpc_tire_model_sweep_calibrated_20260828_002629/raw/0791_pacejka_rigfit_sand_right_left_v7_b8_s101,ok,0,19.43351650238037,15.0,0.99,/home/ksha/Documents/sbel/offroad-control/benchmarking/results/mpc_tire_model_sweep_calibrated_20260828_002629/raw/0791_pacejka_rigfit_sand_right_left_v7_b8_s101/20260828_044137_291642_sand_right_left_acados_pacejka-rigfit/diag_sand_right_left_acados_pacejka-rigfit.csv,,,1248,1.3865194557535685,5.098689,0.6175913120960295,4.6726154201292704,5.13337,0.6675164885898958,3.8371153846153847,9.8906,124.85647945155637,35.066157,-35.977078,0,chrono_body_contact,0,,,,,,,,0
mpc_tire_model_sweep,pacejka_rigfit,standard,pacejka-rigfit,tire_force_static,sand,right_left,7.0,8,102,/home/ksha/Documents/sbel/offroad-control/benchmarking/results/mpc_tire_model_sweep_calibrated_20260828_002629/raw/0792_pacejka_rigfit_sand_right_left_v7_b8_s102,ok,0,19.481263875961304,15.0,0.99,/home/ksha/Documents/sbel/offroad-control/benchmarking/results/mpc_tire_model_sweep_calibrated_20260828_002629/raw/0792_pacejka_rigfit_sand_right_left_v7_b8_s102/20260828_044156_752127_sand_right_left_acados_pacejka-rigfit/diag_sand_right_left_acados_pacejka-rigfit.csv,,,1247,1.3439012272030235,4.972368,0.5977022927054477,4.660910433979686,5.127339999999999,0.6658443477113838,3.5491900561347234,10.904799999999996,129.55934022753974,34.787406,-35.858553,0,chrono_body_contact,0,,,,,,,,0
mpc_tire_model_sweep,pacejka_rigfit,standard,pacejka-rigfit,tire_force_static,sand,right_left,7.0,8,103,/home/ksha/Documents/sbel/offroad-control/benchmarking/results/mpc_tire_model_sweep_calibrated_20260828_002629/raw/0793_pacejka_rigfit_sand_right_left_v7_b8_s103,ok,0,19.4346981048584,15.0,0.99,/home/ksha/Documents/sbel/offroad-control/benchmarking/results/mpc_tire_model_sweep_calibrated_20260828_002629/raw/0793_pacejka_rigfit_sand_right_left_v7_b8_s103/20260828_044216_259672_sand_right_left_acados_pacejka-rigfit/diag_sand_right_left_acados_pacejka-rigfit.csv,,,1248,1.4540480544720917,5.103147,0.6571704773776545,4.708661588180979,5.14207,0.6726659411687113,3.3348157051282055,8.644199999999996,128.38051699977223,35.448202,-36.054076,0,chrono_body_contact,0,,,,,,,,0
mpc_tire_model_sweep,pacejka_rigfit,standard,pacejka-rigfit,tire_force_static,sand,right_left,7.0,8,104,/home/ksha/Documents/sbel/offroad-control/benchmarking/results/mpc_tire_model_sweep_calibrated_20260828_002629/raw/0794_pacejka_rigfit_sand_right_left_v7_b8_s104,ok,0,19.482765913009644,15.0,0.99,/home/ksha/Documents/sbel/offroad-control/benchmarking/results/mpc_tire_model_sweep_calibrated_20260828_002629/raw/0794_pacejka_rigfit_sand_right_left_v7_b8_s104/20260828_044235_716048_sand_right_left_acados_pacejka-rigfit/diag_sand_right_left_acados_pacejka-rigfit.csv,,,1248,1.36146449894643,5.002954,0.610158323176362,4.671801292705447,5.1385700000000005,0.6674001846722067,3.2908974358974357,8.332699999999983,129.2539038214961,34.939331,-35.967454,0,chrono_body_contact,0,,,,,,,,0
mpc_tire_model_sweep,pacejka_rigfit,standard,pacejka-rigfit,tire_force_static,sand,right_left,9.0,0,100,/home/ksha/Documents/sbel/offroad-control/benchmarking/results/mpc_tire_model_sweep_calibrated_20260828_002629/raw/0795_pacejka_rigfit_sand_right_left_v9_b0_s100,ok,0,19.086375951766968,15.0,0.99,/home/ksha/Documents/sbel/offroad-control/benchmarking/results/mpc_tire_model_sweep_calibrated_20260828_002629/raw/0795_pacejka_rigfit_sand_right_left_v9_b0_s100/20260828_044255_212553_sand_right_left_acados_pacejka-rigfit/diag_sand_right_left_acados_pacejka-rigfit.csv,,,1248,1.6202418972320682,5.62679,0.7511565226223452,4.824502585410895,5.24899,0.5360558428234328,3.3896875,10.697699999999998,129.53512222351077,36.732107,-36.571956,0,chrono_body_contact,0,,,,,,,,0
mpc_tire_model_sweep,pacejka_rigfit,standard,pacejka-rigfit,tire_force_static,sand,right_left,9.0,0,101,/home/ksha/Documents/sbel/offroad-control/benchmarking/results/mpc_tire_model_sweep_calibrated_20260828_002629/raw/0796_pacejka_rigfit_sand_right_left_v9_b0_s101,ok,0,19.132686376571655,15.0,0.99,/home/ksha/Documents/sbel/offroad-control/benchmarking/results/mpc_tire_model_sweep_calibrated_20260828_002629/raw/0796_pacejka_rigfit_sand_right_left_v9_b0_s101/20260828_044314_347398_sand_right_left_acados_pacejka-rigfit/diag_sand_right_left_acados_pacejka-rigfit.csv,,,1248,1.5838461305239069,5.603153,0.7279216842105263,4.8043014773776545,5.2420599999999995,0.5338112752641838,4.23104967948718,11.821799999999998,125.76582676335263,36.660724,-36.502325,0,chrono_body_contact,0,,,,,,,,0
mpc_tire_model_sweep,pacejka_rigfit,standard,pacejka-rigfit,tire_force_static,sand,right_left,9.0,0,102,/home/ksha/Documents/sbel/offroad-control/benchmarking/results/mpc_tire_model_sweep_calibrated_20260828_002629/raw/0797_pacejka_rigfit_sand_right_left_v9_b0_s102,ok,0,19.080573558807373,15.0,0.99,/home/ksha/Documents/sbel/offroad-control/benchmarking/results/mpc_tire_model_sweep_calibrated_20260828_002629/raw/0797_pacejka_rigfit_sand_right_left_v9_b0_s102/20260828_044333_480567_sand_right_left_acados_pacejka-rigfit/diag_sand_right_left_acados_pacejka-rigfit.csv,,,1248,1.5985551977627996,5.51224,0.7395841015697137,4.818116805170821,5.237539999999999,0.5353463116856468,3.378285256410256,9.882399999999997,130.76550641776632,36.719663,-36.417676,0,chrono_body_contact,0,,,,,,,,0
mpc_tire_model_sweep,pacejka_rigfit,standard,pacejka-rigfit,tire_force_static,sand,right_left,9.0,0,103,/home/ksha/Documents/sbel/offroad-control/benchmarking/results/mpc_tire_model_sweep_calibrated_20260828_002629/raw/0798_pacejka_rigfit_sand_right_left_v9_b0_s103,ok,0,19.081801652908325,15.0,0.99,/home/ksha/Documents/sbel/offroad-control/benchmarking/results/mpc_tire_model_sweep_calibrated_20260828_002629/raw/0798_pacejka_rigfit_sand_right_left_v9_b0_s103/20260828_044352_573389_sand_right_left_acados_pacejka-rigfit/diag_sand_right_left_acados_pacejka-rigfit.csv,,,1248,1.6233553061778911,5.551514,0.75372289289012,4.819711449676823,5.2473,0.5355234944085359,3.6549839743589745,10.636599999999994,129.08302351356238,36.739942,-36.500346,0,chrono_body_contact,0,,,,,,,,0
mpc_tire_model_sweep,pacejka_rigfit,standard,pacejka-rigfit,tire_force_static,sand,right_left,9.0,0,104,/home/ksha/Documents/sbel/offroad-control/benchmarking/results/mpc_tire_model_sweep_calibrated_20260828_002629/raw/0799_pacejka_rigfit_sand_right_left_v9_b0_s104,ok,0,19.184174299240112,15.0,0.99,/home/ksha/Documents/sbel/offroad-control/benchmarking/results/mpc_tire_model_sweep_calibrated_20260828_002629/raw/0799_pacejka_rigfit_sand_right_left_v9_b0_s104/20260828_044411_695072_sand_right_left_acados_pacejka-rigfit/diag_sand_right_left_acados_pacejka-rigfit.csv,,,1247,1.5899430497948994,5.522947,0.7340113868882733,4.80806703601108,5.22937,0.5342296706678977,3.6553167602245393,11.606399999999994,130.01097863344262,36.591902,-36.521172,0,chrono_body_contact,0,,,,,,,,0
mpc_tire_model_sweep,pacejka_rigfit,standard,pacejka-rigfit,tire_force_static,sand,right_left,9.0,4,100,/home/ksha/Documents/sbel/offroad-control/benchmarking/results/mpc_tire_model_sweep_calibrated_20260828_002629/raw/0800_pacejka_rigfit_sand_right_left_v9_b4_s100,ok,0,19.32866597175598,15.0,0.99,/home/ksha/Documents/sbel/offroad-control/benchmarking/results/mpc_tire_model_sweep_calibrated_20260828_002629/raw/0800_pacejka_rigfit_sand_right_left_v9_b4_s100/20260828_044430_887258_sand_right_left_acados_pacejka-rigfit/diag_sand_right_left_acados_pacejka-rigfit.csv,,,1247,1.6267906929092866,5.724991,0.7509489658356417,4.809639704524469,5.1771899999999995,0.5344044116138299,3.6223736968724944,9.014999999999992,129.52082303558385,36.407481,-36.674482,0,chrono_body_contact,0,,,,,,,,0
mpc_tire_model_sweep,pacejka_rigfit,standard,pacejka-rigfit,tire_force_static,sand,right_left,9.0,4,101,/home/ksha/Documents/sbel/offroad-control/benchmarking/results/mpc_tire_model_sweep_calibrated_20260828_002629/raw/0801_pacejka_rigfit_sand_right_left_v9_b4_s101,ok,0,19.375632524490356,15.0,0.99,/home/ksha/Documents/sbel/offroad-control/benchmarking/results/mpc_tire_model_sweep_calibrated_20260828_002629/raw/0801_pacejka_rigfit_sand_right_left_v9_b4_s101/20260828_044450_227918_sand_right_left_acados_pacejka-rigfit/diag_sand_right_left_acados_pacejka-rigfit.csv,,,1248,1.6636194404889606,5.797125,0.7686229732225299,4.823242197599261,5.19729,0.5359157997332512,4.0539983974358975,11.307099999999998,125.89794235424975,36.7426,-36.694784,0,chrono_body_contact,0,,,,,,,,0
mpc_tire_model_sweep,pacejka_rigfit,standard,pacejka-rigfit,tire_force_static,sand,right_left,9.0,4,102,/home/ksha/Documents/sbel/offroad-control/benchmarking/results/mpc_tire_model_sweep_calibrated_20260828_002629/raw/0802_pacejka_rigfit_sand_right_left_v9_b4_s102,ok,0,19.37361168861389,15.0,0.99,/home/ksha/Documents/sbel/offroad-control/benchmarking/results/mpc_tire_model_sweep_calibrated_20260828_002629/raw/0802_pacejka_rigfit_sand_right_left_v9_b4_s102/20260828_044509_626251_sand_right_left_acados_pacejka-rigfit/diag_sand_right_left_acados_pacejka-rigfit.csv,,,1247,1.6092025218469637,5.603482,0.7444036435826408,4.804383379501385,5.19498,0.5338203755001538,3.5052285485164396,10.915399999999982,130.68676387242814,36.487593,-36.5127,0,chrono_body_contact,0,,,,,,,,0
mpc_tire_model_sweep,pacejka_rigfit,standard,pacejka-rigfit,tire_force_static,sand,right_left,9.0,4,103,/home/ksha/Documents/sbel/offroad-control/benchmarking/results/mpc_tire_model_sweep_calibrated_20260828_002629/raw/0803_pacejka_rigfit_sand_right_left_v9_b4_s103,ok,0,19.331562042236328,15.0,0.99,/home/ksha/Documents/sbel/offroad-control/benchmarking/results/mpc_tire_model_sweep_calibrated_20260828_002629/raw/0803_pacejka_rigfit_sand_right_left_v9_b4_s103/20260828_044529_022576_sand_right_left_acados_pacejka-rigfit/diag_sand_right_left_acados_pacejka-rigfit.csv,,,1248,1.6146689785279518,5.595624,0.742806434903047,4.794040535549399,5.17774,0.5326711706166,3.5854807692307693,11.051199999999998,128.93044443760806,36.3817,-36.567984,0,chrono_body_contact,0,,,,,,,,0
mpc_tire_model_sweep,pacejka_rigfit,standard,pacejka-rigfit,tire_force_static,sand,right_left,9.0,4,104,/home/ksha/Documents/sbel/offroad-control/benchmarking/results/mpc_tire_model_sweep_calibrated_20260828_002629/raw/0804_pacejka_rigfit_sand_right_left_v9_b4_s104,ok,0,19.380030632019043,15.0,0.99,/home/ksha/Documents/sbel/offroad-control/benchmarking/results/mpc_tire_model_sweep_calibrated_20260828_002629/raw/0804_pacejka_rigfit_sand_right_left_v9_b4_s104/20260828_044548_368866_sand_right_left_acados_pacejka-rigfit/diag_sand_right_left_acados_pacejka-rigfit.csv,,,1248,1.6334124857684367,5.695026,0.7531588439519852,4.813770175438596,5.19796,0.5348633528265107,3.535096153846154,9.780599999999998,130.11754124511023,36.595199,-36.695026,0,chrono_body_contact,0,,,,,,,,0
mpc_tire_model_sweep,pacejka_rigfit,standard,pacejka-rigfit,tire_force_static,sand,right_left,9.0,8,100,/home/ksha/Documents/sbel/offroad-control/benchmarking/results/mpc_tire_model_sweep_calibrated_20260828_002629/raw/0805_pacejka_rigfit_sand_right_left_v9_b8_s100,ok,0,19.47652244567871,15.0,0.99,/home/ksha/Documents/sbel/offroad-control/benchmarking/results/mpc_tire_model_sweep_calibrated_20260828_002629/raw/0805_pacejka_rigfit_sand_right_left_v9_b8_s100/20260828_044607_767860_sand_right_left_acados_pacejka-rigfit/diag_sand_right_left_acados_pacejka-rigfit.csv,,,1248,1.5489662292185433,5.319405,0.7119506629732226,4.751723545706371,5.19491,0.5279692828562634,3.3893589743589745,10.4853,129.22766226329028,35.797014,-36.263414,0,chrono_body_contact,0,,,,,,,,0
mpc_tire_model_sweep,pacejka_rigfit,standard,pacejka-rigfit,tire_force_static,sand,right_left,9.0,8,101,/home/ksha/Documents/sbel/offroad-control/benchmarking/results/mpc_tire_model_sweep_calibrated_20260828_002629/raw/0806_pacejka_rigfit_sand_right_left_v9_b8_s101,ok,0,19.47715926170349,15.0,0.99,/home/ksha/Documents/sbel/offroad-control/benchmarking/results/mpc_tire_model_sweep_calibrated_20260828_002629/raw/0806_pacejka_rigfit_sand_right_left_v9_b8_s101/20260828_044627_270500_sand_right_left_acados_pacejka-rigfit/diag_sand_right_left_acados_pacejka-rigfit.csv,,,1248,1.5281594929646403,5.250848,0.7028172123730378,4.748313942751615,5.17858,0.5275904380835128,3.42979967948718,10.364799999999995,125.32899240566648,36.034393,-36.144011,0,chrono_body_contact,0,,,,,,,,0
mpc_tire_model_sweep,pacejka_rigfit,standard,pacejka-rigfit,tire_force_static,sand,right_left,9.0,8,102,/home/ksha/Documents/sbel/offroad-control/benchmarking/results/mpc_tire_model_sweep_calibrated_20260828_002629/raw/0807_pacejka_rigfit_sand_right_left_v9_b8_s102,ok,0,19.469870805740356,15.0,0.99,/home/ksha/Documents/sbel/offroad-control/benchmarking/results/mpc_tire_model_sweep_calibrated_20260828_002629/raw/0807_pacejka_rigfit_sand_right_left_v9_b8_s102/20260828_044646_757177_sand_right_left_acados_pacejka-rigfit/diag_sand_right_left_acados_pacejka-rigfit.csv,,,1247,1.4928253409389307,5.219906,0.6796550637119112,4.735503047091412,5.1628,0.5261670052323791,3.5486607858861268,10.805599999999995,130.03153357463611,35.764495,-36.128066,0,chrono_body_contact,0,,,,,,,,0
mpc_tire_model_sweep,pacejka_rigfit,standard,pacejka-rigfit,tire_force_static,sand,right_left,9.0,8,103,/home/ksha/Documents/sbel/offroad-control/benchmarking/results/mpc_tire_model_sweep_calibrated_20260828_002629/raw/0808_pacejka_rigfit_sand_right_left_v9_b8_s103,ok,0,19.473536014556885,15.0,0.99,/home/ksha/Documents/sbel/offroad-control/benchmarking/results/mpc_tire_model_sweep_calibrated_20260828_002629/raw/0808_pacejka_rigfit_sand_right_left_v9_b8_s103/20260828_044706_256033_sand_right_left_acados_pacejka-rigfit/diag_sand_right_left_acados_pacejka-rigfit.csv,,,1248,1.553375267730243,5.22424,0.7168971505078485,4.758368421052632,5.17847,0.5287076023391813,3.34431891025641,10.371799999999999,128.72933541396404,36.119692,-36.169252,0,chrono_body_contact,0,,,,,,,,0
mpc_tire_model_sweep,pacejka_rigfit,standard,pacejka-rigfit,tire_force_static,sand,right_left,9.0,8,104,/home/ksha/Documents/sbel/offroad-control/benchmarking/results/mpc_tire_model_sweep_calibrated_20260828_002629/raw/0809_pacejka_rigfit_sand_right_left_v9_b8_s104,ok,0,19.477933406829834,15.0,0.99,/home/ksha/Documents/sbel/offroad-control/benchmarking/results/mpc_tire_model_sweep_calibrated_20260828_002629/raw/0809_pacejka_rigfit_sand_right_left_v9_b8_s104/20260828_044725_727551_sand_right_left_acados_pacejka-rigfit/diag_sand_right_left_acados_pacejka-rigfit.csv,,,1248,1.4765579599585226,5.141326,0.6722812317636195,4.716524930747922,5.13824,0.524058325638658,3.9256410256410255,10.291799999999999,129.56822538090267,35.502252,-36.137426,0,chrono_body_contact,0,,,,,,,,0
