experiment,variant,controller_mode,mpc_model,nn_model,terrain,path,speed_mps,bumpiness,seed,run_dir,status,rc,wall_s,sim_s,rt_factor,diag_csv,collision_csv,shield_csv,n_samples,rms_cte_m,max_abs_cte_m,mean_abs_cte_m,mean_speed_mps,p95_speed_mps,speed_ratio,mean_solve_ms,p99_solve_ms,progress_m,final_x_m,final_y_m,collisions,collision_source,near_misses,min_clearance_m,intervention_rate_pct,filter_solve_ms,mean_abs_dsteer,mean_abs_dthrottle,notes,extra_sim_diag_csv,extra_launch_identity_match,extra_observed_path,extra_observed_speed_mps,extra_observed_sim_seed,extra_observed_ros_domain_id,extra_observed_sim_ports,extra_observed_ctrl_ports,extra_profile_estimator_diagnostics_applicable,extra_profile_estimator_diagnostics_complete,extra_profile_estimator_diagnostics_error,extra_profile_estimator_required_concurrent_windows,extra_profile_estimator_publication_ready,extra_profile_estimator_publication_applied,extra_profile_estimator_abstained,extra_profile_estimator_readiness_rows,extra_profile_estimator_update_rows,extra_profile_estimator_time_to_first_ready_s,extra_profile_estimator_time_to_first_update_s,extra_profile_estimator_max_concurrent_windows,extra_profile_estimator_lifetime_accepted_windows,extra_profile_estimator_lifetime_rejected_windows,extra_profile_estimator_profile_force_gain_final,extra_profile_estimator_profile_ax_bias_final_mps2,extra_profile_estimator_profile_ay_bias_final_mps2,extra_profile_estimator_profile_bound_hits_max,extra_profile_estimator_feature_envelope_excursions_max,extra_profile_estimator_readiness_consistent,extra_estimator_backend,extra_estimator_contract_version,extra_conditioning_role,extra_controller_prior_terrain,extra_reference_profile_sha256,extra_reference_policy,extra_truth_free_controller_packet,extra_controller_tire_force_truth_rows,extra_profile_estimator_snapshot_rows,extra_profile_estimator_unique_snapshot_count,extra_profile_estimator_ready_snapshot_count,extra_profile_estimator_applied_snapshot_count,extra_profile_estimator_final_snapshot_seq,extra_profile_estimator_fallback_rows,extra_profile_estimator_max_evidence_age_s,extra_profile_estimator_min_snapshot_confidence,extra_profile_estimator_max_boundary_mass,extra_profile_estimator_min_observability_singular_value,extra_profile_estimator_update_wall_ms_median,extra_profile_estimator_update_wall_ms_p95,extra_profile_estimator_update_wall_ms_max
tire_model_with_estimator_ablation,nn_static,standard,nn,tire_force_static,clay,sinusoidal,5.0,0,400,/home/ksha/Documents/sbel/offroad-control/benchmarking/results/tire_model_with_estimator_ablation_20260827_225959/raw/0000_nn_static_clay_sinusoidal_v5_b0_s400,ok,0,24.19751238822937,20.0,1.0,/home/ksha/Documents/sbel/offroad-control/benchmarking/results/tire_model_with_estimator_ablation_20260827_225959/raw/0000_nn_static_clay_sinusoidal_v5_b0_s400/20260827_230000_450551_clay_sinusoidal_acados_static_mlp/diag_clay_sinusoidal_acados_static_mlp.csv,,,1667,0.06901702053881346,0.211665,0.055084441,4.202496999999999,4.942025,0.8404993999999999,6.002327534493102,6.633399999999999,160.24582477232033,59.512228,-1.722069,0,chrono_body_contact,0,,,,,,,,True,sinusoidal,5.0,400,53,[25000],[25001],False,True,,12,False,False,False,0,0,,,0,0,0,,,,0,0,True,disabled,backend_compatibility,matched-terrain oracle-information baseline,matched_plant,f544d4c607d9f35cff9cbf38b8d140aa1d8904401cf08a56f3c5a58132af58c5,shared_worst_case_phi13_curvature_v1,True,0,,,,,,,,,,,,,
tire_model_with_estimator_ablation,nn_static,standard,nn,tire_force_static,clay,sinusoidal,5.0,0,403,/home/ksha/Documents/sbel/offroad-control/benchmarking/results/tire_model_with_estimator_ablation_20260827_225959/raw/0003_nn_static_clay_sinusoidal_v5_b0_s403,ok,0,25.978763103485107,20.0,1.0,/home/ksha/Documents/sbel/offroad-control/benchmarking/results/tire_model_with_estimator_ablation_20260827_225959/raw/0003_nn_static_clay_sinusoidal_v5_b0_s403/20260827_230026_210882_clay_sinusoidal_acados_static_mlp/diag_clay_sinusoidal_acados_static_mlp.csv,,,1228,0.08137690054873056,0.266758,0.0633241381294964,4.092810215827338,4.94275,0.8185620431654677,14.585765472312703,16.37,125.849453528287,56.835715,-1.955979,0,chrono_body_contact,0,,,,,,,,True,sinusoidal,5.0,403,59,[25006],[25007],False,True,,12,False,False,False,0,0,,,0,0,0,,,,0,0,True,disabled,backend_compatibility,matched-terrain oracle-information baseline,matched_plant,f544d4c607d9f35cff9cbf38b8d140aa1d8904401cf08a56f3c5a58132af58c5,shared_worst_case_phi13_curvature_v1,True,0,,,,,,,,,,,,,
tire_model_with_estimator_ablation,nn_static,standard,nn,tire_force_static,clay,sinusoidal,7.0,0,402,/home/ksha/Documents/sbel/offroad-control/benchmarking/results/tire_model_with_estimator_ablation_20260827_225959/raw/0007_nn_static_clay_sinusoidal_v7_b0_s402,ok,0,26.17259669303894,20.0,0.99,/home/ksha/Documents/sbel/offroad-control/benchmarking/results/tire_model_with_estimator_ablation_20260827_225959/raw/0007_nn_static_clay_sinusoidal_v7_b0_s402/20260827_230026_160678_clay_sinusoidal_acados_static_mlp/diag_clay_sinusoidal_acados_static_mlp.csv,,,1281,0.12260135310371321,0.37903,0.09178398654104979,4.400190309555855,5.1990799999999995,0.6285986156508364,14.013708040593285,15.268000000000002,131.64476153827303,62.380714,-1.244962,0,chrono_body_contact,0,,,,,,,,True,sinusoidal,7.0,402,67,[25014],[25015],False,True,,12,False,False,False,0,0,,,0,0,0,,,,0,0,True,disabled,backend_compatibility,matched-terrain oracle-information baseline,matched_plant,dc58ccfda201c75bc0d828da6f9710e91377898701de047f0e4ef191b0e89544,shared_worst_case_phi13_curvature_v1,True,0,,,,,,,,,,,,,
tire_model_with_estimator_ablation,nn_static,standard,nn,tire_force_static,clay,sinusoidal,5.0,0,401,/home/ksha/Documents/sbel/offroad-control/benchmarking/results/tire_model_with_estimator_ablation_20260827_225959/raw/0001_nn_static_clay_sinusoidal_v5_b0_s401,ok,0,26.179370880126953,20.0,1.0,/home/ksha/Documents/sbel/offroad-control/benchmarking/results/tire_model_with_estimator_ablation_20260827_225959/raw/0001_nn_static_clay_sinusoidal_v5_b0_s401/20260827_230026_199324_clay_sinusoidal_acados_static_mlp/diag_clay_sinusoidal_acados_static_mlp.csv,,,1245,0.09703898949171207,0.359075,0.07395005205479452,4.383516575342465,4.953715,0.8767033150684931,14.475068273092369,15.695599999999999,131.01231670418707,63.838728,-0.642065,0,chrono_body_contact,0,,,,,,,,True,sinusoidal,5.0,401,55,[25002],[25003],False,True,,12,False,False,False,0,0,,,0,0,0,,,,0,0,True,disabled,backend_compatibility,matched-terrain oracle-information baseline,matched_plant,f544d4c607d9f35cff9cbf38b8d140aa1d8904401cf08a56f3c5a58132af58c5,shared_worst_case_phi13_curvature_v1,True,0,,,,,,,,,,,,,
tire_model_with_estimator_ablation,nn_static,standard,nn,tire_force_static,clay,sinusoidal,7.0,0,400,/home/ksha/Documents/sbel/offroad-control/benchmarking/results/tire_model_with_estimator_ablation_20260827_225959/raw/0005_nn_static_clay_sinusoidal_v7_b0_s400,ok,0,26.178826808929443,20.0,0.99,/home/ksha/Documents/sbel/offroad-control/benchmarking/results/tire_model_with_estimator_ablation_20260827_225959/raw/0005_nn_static_clay_sinusoidal_v7_b0_s400/20260827_230026_254174_clay_sinusoidal_acados_static_mlp/diag_clay_sinusoidal_acados_static_mlp.csv,,,1282,0.09483868625921409,0.3022,0.07268475407608696,4.154174048913044,5.0451,0.5934534355590062,14.016521060842434,15.5919,131.51334205603106,58.189095,-1.965425,0,chrono_body_contact,0,,,,,,,,True,sinusoidal,7.0,400,63,[25010],[25011],False,True,,12,False,False,False,0,0,,,0,0,0,,,,0,0,True,disabled,backend_compatibility,matched-terrain oracle-information baseline,matched_plant,dc58ccfda201c75bc0d828da6f9710e91377898701de047f0e4ef191b0e89544,shared_worst_case_phi13_curvature_v1,True,0,,,,,,,,,,,,,
tire_model_with_estimator_ablation,nn_static,standard,nn,tire_force_static,clay,sinusoidal,5.0,0,402,/home/ksha/Documents/sbel/offroad-control/benchmarking/results/tire_model_with_estimator_ablation_20260827_225959/raw/0002_nn_static_clay_sinusoidal_v5_b0_s402,ok,0,26.225252389907837,20.0,0.99,/home/ksha/Documents/sbel/offroad-control/benchmarking/results/tire_model_with_estimator_ablation_20260827_225959/raw/0002_nn_static_clay_sinusoidal_v5_b0_s402/20260827_230026_219670_clay_sinusoidal_acados_static_mlp/diag_clay_sinusoidal_acados_static_mlp.csv,,,1260,0.0915610434114108,0.321886,0.07118833288409704,4.4367439353099725,4.9925,0.8873487870619945,14.311888888888891,15.398200000000003,130.88449606229568,66.224362,0.459471,0,chrono_body_contact,0,,,,,,,,True,sinusoidal,5.0,402,57,[25004],[25005],False,True,,12,False,False,False,0,0,,,0,0,0,,,,0,0,True,disabled,backend_compatibility,matched-terrain oracle-information baseline,matched_plant,f544d4c607d9f35cff9cbf38b8d140aa1d8904401cf08a56f3c5a58132af58c5,shared_worst_case_phi13_curvature_v1,True,0,,,,,,,,,,,,,
tire_model_with_estimator_ablation,nn_static,standard,nn,tire_force_static,clay,sinusoidal,7.0,0,403,/home/ksha/Documents/sbel/offroad-control/benchmarking/results/tire_model_with_estimator_ablation_20260827_225959/raw/0008_nn_static_clay_sinusoidal_v7_b0_s403,ok,0,26.23738980293274,20.0,1.0,/home/ksha/Documents/sbel/offroad-control/benchmarking/results/tire_model_with_estimator_ablation_20260827_225959/raw/0008_nn_static_clay_sinusoidal_v7_b0_s403/20260827_230026_172661_clay_sinusoidal_acados_static_mlp/diag_clay_sinusoidal_acados_static_mlp.csv,,,1256,0.11827999631036286,0.40136,0.08783833287671233,4.455550547945205,5.156479999999999,0.6365072211350293,14.337643312101912,15.716000000000003,131.11898217002442,63.587857,-0.864355,0,chrono_body_contact,0,,,,,,,,True,sinusoidal,7.0,403,69,[25016],[25017],False,True,,12,False,False,False,0,0,,,0,0,0,,,,0,0,True,disabled,backend_compatibility,matched-terrain oracle-information baseline,matched_plant,dc58ccfda201c75bc0d828da6f9710e91377898701de047f0e4ef191b0e89544,shared_worst_case_phi13_curvature_v1,True,0,,,,,,,,,,,,,
tire_model_with_estimator_ablation,nn_static,standard,nn,tire_force_static,clay,sinusoidal,7.0,0,401,/home/ksha/Documents/sbel/offroad-control/benchmarking/results/tire_model_with_estimator_ablation_20260827_225959/raw/0006_nn_static_clay_sinusoidal_v7_b0_s401,ok,0,26.27486228942871,20.0,1.0,/home/ksha/Documents/sbel/offroad-control/benchmarking/results/tire_model_with_estimator_ablation_20260827_225959/raw/0006_nn_static_clay_sinusoidal_v7_b0_s401/20260827_230026_413213_clay_sinusoidal_acados_static_mlp/diag_clay_sinusoidal_acados_static_mlp.csv,,,1256,0.10299202306877019,0.322783,0.07746443110504775,4.315914870395634,5.091,0.6165592671993763,14.33269904458599,15.857500000000005,129.47558156646676,60.871215,-1.672314,0,chrono_body_contact,0,,,,,,,,True,sinusoidal,7.0,401,65,[25012],[25013],False,True,,12,False,False,False,0,0,,,0,0,0,,,,0,0,True,disabled,backend_compatibility,matched-terrain oracle-information baseline,matched_plant,dc58ccfda201c75bc0d828da6f9710e91377898701de047f0e4ef191b0e89544,shared_worst_case_phi13_curvature_v1,True,0,,,,,,,,,,,,,
tire_model_with_estimator_ablation,nn_static,standard,nn,tire_force_static,clay,sinusoidal,5.0,0,404,/home/ksha/Documents/sbel/offroad-control/benchmarking/results/tire_model_with_estimator_ablation_20260827_225959/raw/0004_nn_static_clay_sinusoidal_v5_b0_s404,ok,0,26.28063702583313,20.0,1.0,/home/ksha/Documents/sbel/offroad-control/benchmarking/results/tire_model_with_estimator_ablation_20260827_225959/raw/0004_nn_static_clay_sinusoidal_v5_b0_s404/20260827_230026_185732_clay_sinusoidal_acados_static_mlp/diag_clay_sinusoidal_acados_static_mlp.csv,,,1274,0.08527925297904757,0.311764,0.06442245975443382,4.100758935879946,5.0132,0.8201517871759891,14.112794348508634,15.7808,132.07484263257106,57.568858,-1.934804,0,chrono_body_contact,0,,,,,,,,True,sinusoidal,5.0,404,61,[25008],[25009],False,True,,12,False,False,False,0,0,,,0,0,0,,,,0,0,True,disabled,backend_compatibility,matched-terrain oracle-information baseline,matched_plant,f544d4c607d9f35cff9cbf38b8d140aa1d8904401cf08a56f3c5a58132af58c5,shared_worst_case_phi13_curvature_v1,True,0,,,,,,,,,,,,,
tire_model_with_estimator_ablation,nn_static,standard,nn,tire_force_static,clay,sinusoidal,9.0,0,402,/home/ksha/Documents/sbel/offroad-control/benchmarking/results/tire_model_with_estimator_ablation_20260827_225959/raw/0012_nn_static_clay_sinusoidal_v9_b0_s402,ok,0,25.92856502532959,20.0,1.0,/home/ksha/Documents/sbel/offroad-control/benchmarking/results/tire_model_with_estimator_ablation_20260827_225959/raw/0012_nn_static_clay_sinusoidal_v9_b0_s402/20260827_230052_795826_clay_sinusoidal_acados_static_mlp/diag_clay_sinusoidal_acados_static_mlp.csv,,,1261,0.10369049094353772,0.355756,0.08020699585635359,4.309413259668508,5.14347,0.4788236955187231,14.231245043616179,15.744000000000014,131.33262912691094,60.397873,-1.802728,0,chrono_body_contact,0,,,,,,,,True,sinusoidal,9.0,402,77,[25024],[25025],False,True,,12,False,False,False,0,0,,,0,0,0,,,,0,0,True,disabled,backend_compatibility,matched-terrain oracle-information baseline,matched_plant,dc58ccfda201c75bc0d828da6f9710e91377898701de047f0e4ef191b0e89544,shared_worst_case_phi13_curvature_v1,True,0,,,,,,,,,,,,,
tire_model_with_estimator_ablation,nn_static,standard,nn,tire_force_static,clay,sinusoidal,9.0,0,401,/home/ksha/Documents/sbel/offroad-control/benchmarking/results/tire_model_with_estimator_ablation_20260827_225959/raw/0011_nn_static_clay_sinusoidal_v9_b0_s401,ok,0,25.97794795036316,20.0,1.0,/home/ksha/Documents/sbel/offroad-control/benchmarking/results/tire_model_with_estimator_ablation_20260827_225959/raw/0011_nn_static_clay_sinusoidal_v9_b0_s401/20260827_230052_651751_clay_sinusoidal_acados_static_mlp/diag_clay_sinusoidal_acados_static_mlp.csv,,,1259,0.13312176417315455,0.4305,0.0988089054054054,4.693543783783784,5.190645,0.5215048648648648,14.279444003177124,15.89,134.97305123984353,69.552513,1.593611,0,chrono_body_contact,0,,,,,,,,True,sinusoidal,9.0,401,75,[25022],[25023],False,True,,12,False,False,False,0,0,,,0,0,0,,,,0,0,True,disabled,backend_compatibility,matched-terrain oracle-information baseline,matched_plant,dc58ccfda201c75bc0d828da6f9710e91377898701de047f0e4ef191b0e89544,shared_worst_case_phi13_curvature_v1,True,0,,,,,,,,,,,,,
tire_model_with_estimator_ablation,nn_static,standard,nn,tire_force_static,clay,lane_change,5.0,0,401,/home/ksha/Documents/sbel/offroad-control/benchmarking/results/tire_model_with_estimator_ablation_20260827_225959/raw/0016_nn_static_clay_lane_change_v5_b0_s401,ok,0,26.026642084121704,20.0,0.99,/home/ksha/Documents/sbel/offroad-control/benchmarking/results/tire_model_with_estimator_ablation_20260827_225959/raw/0016_nn_static_clay_lane_change_v5_b0_s401/20260827_230052_486339_clay_lane_change_acados_static_mlp/diag_clay_lane_change_acados_static_mlp.csv,,,1246,0.1127325235541425,0.497999,0.06980821322537112,4.446018083670715,5.5206,0.889203616734143,14.494293739967897,15.4455,135.0958975962041,80.879957,3.031833,0,chrono_body_contact,0,,,,,,,,True,lane_change,5.0,401,85,[25032],[25033],False,True,,12,False,False,False,0,0,,,0,0,0,,,,0,0,True,disabled,backend_compatibility,matched-terrain oracle-information baseline,matched_plant,c95613694247a1005b45d05d79e96eab52db905aea2667907ed2515e9ac3b36a,shared_worst_case_phi13_curvature_v1,True,0,,,,,,,,,,,,,
tire_model_with_estimator_ablation,nn_static,standard,nn,tire_force_static,clay,sinusoidal,7.0,0,404,/home/ksha/Documents/sbel/offroad-control/benchmarking/results/tire_model_with_estimator_ablation_20260827_225959/raw/0009_nn_static_clay_sinusoidal_v7_b0_s404,ok,0,26.027677059173584,20.0,1.0,/home/ksha/Documents/sbel/offroad-control/benchmarking/results/tire_model_with_estimator_ablation_20260827_225959/raw/0009_nn_static_clay_sinusoidal_v7_b0_s404/20260827_230052_643361_clay_sinusoidal_acados_static_mlp/diag_clay_sinusoidal_acados_static_mlp.csv,,,1241,0.12081546037775727,0.380856,0.0914676941015089,4.640901508916324,5.21034,0.6629859298451891,14.498686543110393,15.877999999999997,132.77977705890447,69.801283,1.763507,0,chrono_body_contact,0,,,,,,,,True,sinusoidal,7.0,404,71,[25018],[25019],False,True,,12,False,False,False,0,0,,,0,0,0,,,,0,0,True,disabled,backend_compatibility,matched-terrain oracle-information baseline,matched_plant,dc58ccfda201c75bc0d828da6f9710e91377898701de047f0e4ef191b0e89544,shared_worst_case_phi13_curvature_v1,True,0,,,,,,,,,,,,,
tire_model_with_estimator_ablation,nn_static,standard,nn,tire_force_static,clay,sinusoidal,9.0,0,404,/home/ksha/Documents/sbel/offroad-control/benchmarking/results/tire_model_with_estimator_ablation_20260827_225959/raw/0014_nn_static_clay_sinusoidal_v9_b0_s404,ok,0,26.0276198387146,20.0,0.99,/home/ksha/Documents/sbel/offroad-control/benchmarking/results/tire_model_with_estimator_ablation_20260827_225959/raw/0014_nn_static_clay_sinusoidal_v9_b0_s404/20260827_230052_703446_clay_sinusoidal_acados_static_mlp/diag_clay_sinusoidal_acados_static_mlp.csv,,,1260,0.10309746932570112,0.322741,0.0809341320754717,4.592481940700808,5.140725,0.5102757711889787,14.320936507936507,15.388200000000003,135.01545734297738,68.934287,1.522074,0,chrono_body_contact,0,,,,,,,,True,sinusoidal,9.0,404,81,[25028],[25029],False,True,,12,False,False,False,0,0,,,0,0,0,,,,0,0,True,disabled,backend_compatibility,matched-terrain oracle-information baseline,matched_plant,dc58ccfda201c75bc0d828da6f9710e91377898701de047f0e4ef191b0e89544,shared_worst_case_phi13_curvature_v1,True,0,,,,,,,,,,,,,
tire_model_with_estimator_ablation,nn_static,standard,nn,tire_force_static,clay,sinusoidal,9.0,0,403,/home/ksha/Documents/sbel/offroad-control/benchmarking/results/tire_model_with_estimator_ablation_20260827_225959/raw/0013_nn_static_clay_sinusoidal_v9_b0_s403,ok,0,26.02763032913208,20.0,0.99,/home/ksha/Documents/sbel/offroad-control/benchmarking/results/tire_model_with_estimator_ablation_20260827_225959/raw/0013_nn_static_clay_sinusoidal_v9_b0_s403/20260827_230052_388150_clay_sinusoidal_acados_static_mlp/diag_clay_sinusoidal_acados_static_mlp.csv,,,1266,0.10107530657276477,0.341152,0.07635124076607387,4.3078993160054715,5.1631,0.4786554795561635,14.195718799368088,15.45,128.1272728763869,60.765969,-1.720313,0,chrono_body_contact,0,,,,,,,,True,sinusoidal,9.0,403,79,[25026],[25027],False,True,,12,False,False,False,0,0,,,0,0,0,,,,0,0,True,disabled,backend_compatibility,matched-terrain oracle-information baseline,matched_plant,dc58ccfda201c75bc0d828da6f9710e91377898701de047f0e4ef191b0e89544,shared_worst_case_phi13_curvature_v1,True,0,,,,,,,,,,,,,
tire_model_with_estimator_ablation,nn_static,standard,nn,tire_force_static,clay,lane_change,5.0,0,400,/home/ksha/Documents/sbel/offroad-control/benchmarking/results/tire_model_with_estimator_ablation_20260827_225959/raw/0015_nn_static_clay_lane_change_v5_b0_s400,ok,0,26.13488793373108,20.0,1.0,/home/ksha/Documents/sbel/offroad-control/benchmarking/results/tire_model_with_estimator_ablation_20260827_225959/raw/0015_nn_static_clay_lane_change_v5_b0_s400/20260827_230052_719544_clay_lane_change_acados_static_mlp/diag_clay_lane_change_acados_static_mlp.csv,,,1162,0.12952806221225227,0.521351,0.07823117867435159,4.450595244956772,5.430535,0.8901190489913544,15.524285714285716,16.556800000000013,128.91636785663064,80.375477,3.020188,0,chrono_body_contact,0,,,,,,,,True,lane_change,5.0,400,83,[25030],[25031],False,True,,12,False,False,False,0,0,,,0,0,0,,,,0,0,True,disabled,backend_compatibility,matched-terrain oracle-information baseline,matched_plant,c95613694247a1005b45d05d79e96eab52db905aea2667907ed2515e9ac3b36a,shared_worst_case_phi13_curvature_v1,True,0,,,,,,,,,,,,,
tire_model_with_estimator_ablation,nn_static,standard,nn,tire_force_static,clay,sinusoidal,9.0,0,400,/home/ksha/Documents/sbel/offroad-control/benchmarking/results/tire_model_with_estimator_ablation_20260827_225959/raw/0010_nn_static_clay_sinusoidal_v9_b0_s400,ok,0,26.17929744720459,20.0,1.0,/home/ksha/Documents/sbel/offroad-control/benchmarking/results/tire_model_with_estimator_ablation_20260827_225959/raw/0010_nn_static_clay_sinusoidal_v9_b0_s400/20260827_230052_666652_clay_sinusoidal_acados_static_mlp/diag_clay_sinusoidal_acados_static_mlp.csv,,,1256,0.09814746286590985,0.362323,0.07458757162534435,4.261741873278237,5.10605,0.473526874808693,14.327635350318474,16.544000000000004,128.0417789968164,59.73567,-1.885482,0,chrono_body_contact,0,,,,,,,,True,sinusoidal,9.0,400,73,[25020],[25021],False,True,,12,False,False,False,0,0,,,0,0,0,,,,0,0,True,disabled,backend_compatibility,matched-terrain oracle-information baseline,matched_plant,dc58ccfda201c75bc0d828da6f9710e91377898701de047f0e4ef191b0e89544,shared_worst_case_phi13_curvature_v1,True,0,,,,,,,,,,,,,
tire_model_with_estimator_ablation,nn_static,standard,nn,tire_force_static,clay,lane_change,5.0,0,402,/home/ksha/Documents/sbel/offroad-control/benchmarking/results/tire_model_with_estimator_ablation_20260827_225959/raw/0017_nn_static_clay_lane_change_v5_b0_s402,ok,0,26.024906635284424,20.0,0.99,/home/ksha/Documents/sbel/offroad-control/benchmarking/results/tire_model_with_estimator_ablation_20260827_225959/raw/0017_nn_static_clay_lane_change_v5_b0_s402/20260827_230118_930115_clay_lane_change_acados_static_mlp/diag_clay_lane_change_acados_static_mlp.csv,,,1247,0.1473952233348094,0.597891,0.08874497590361445,4.380089156626505,5.38597,0.8760178313253011,14.496992782678428,15.5854,135.39615343459462,80.04732,3.087418,0,chrono_body_contact,0,,,,,,,,True,lane_change,5.0,402,87,[25034],[25035],False,True,,12,False,False,False,0,0,,,0,0,0,,,,0,0,True,disabled,backend_compatibility,matched-terrain oracle-information baseline,matched_plant,c95613694247a1005b45d05d79e96eab52db905aea2667907ed2515e9ac3b36a,shared_worst_case_phi13_curvature_v1,True,0,,,,,,,,,,,,,
tire_model_with_estimator_ablation,nn_static,standard,nn,tire_force_static,clay,lane_change,7.0,0,404,/home/ksha/Documents/sbel/offroad-control/benchmarking/results/tire_model_with_estimator_ablation_20260827_225959/raw/0024_nn_static_clay_lane_change_v7_b0_s404,ok,0,26.077068090438843,20.0,1.0,/home/ksha/Documents/sbel/offroad-control/benchmarking/results/tire_model_with_estimator_ablation_20260827_225959/raw/0024_nn_static_clay_lane_change_v7_b0_s404/20260827_230118_887132_clay_lane_change_acados_static_mlp/diag_clay_lane_change_acados_static_mlp.csv,,,1233,0.399045617116672,0.755723,0.2963284191374663,4.359184770889487,6.855185,0.622740681555641,14.607161394971612,16.509600000000013,141.5551799511632,83.827073,3.691961,0,chrono_body_contact,0,,,,,,,,True,lane_change,7.0,404,0,[25048],[25049],False,True,,12,False,False,False,0,0,,,0,0,0,,,,0,0,True,disabled,backend_compatibility,matched-terrain oracle-information baseline,matched_plant,7085653a638402e5abfa5737dcf5188cf3bc55fb7a7340a71403cb917f35b2aa,shared_worst_case_phi13_curvature_v1,True,0,,,,,,,,,,,,,
tire_model_with_estimator_ablation,nn_static,standard,nn,tire_force_static,clay,lane_change,5.0,0,404,/home/ksha/Documents/sbel/offroad-control/benchmarking/results/tire_model_with_estimator_ablation_20260827_225959/raw/0019_nn_static_clay_lane_change_v5_b0_s404,ok,0,26.08240270614624,20.0,1.0,/home/ksha/Documents/sbel/offroad-control/benchmarking/results/tire_model_with_estimator_ablation_20260827_225959/raw/0019_nn_static_clay_lane_change_v5_b0_s404/20260827_230118_782550_clay_lane_change_acados_static_mlp/diag_clay_lane_change_acados_static_mlp.csv,,,1217,0.12476645597067078,0.467856,0.07728963623789765,4.498415214384509,5.40969,0.8996830428769018,14.863344289235824,15.873599999999998,134.90758775040877,80.245456,3.07048,0,chrono_body_contact,0,,,,,,,,True,lane_change,5.0,404,91,[25038],[25039],False,True,,12,False,False,False,0,0,,,0,0,0,,,,0,0,True,disabled,backend_compatibility,matched-terrain oracle-information baseline,matched_plant,c95613694247a1005b45d05d79e96eab52db905aea2667907ed2515e9ac3b36a,shared_worst_case_phi13_curvature_v1,True,0,,,,,,,,,,,,,
tire_model_with_estimator_ablation,nn_static,standard,nn,tire_force_static,clay,lane_change,5.0,0,403,/home/ksha/Documents/sbel/offroad-control/benchmarking/results/tire_model_with_estimator_ablation_20260827_225959/raw/0018_nn_static_clay_lane_change_v5_b0_s403,ok,0,26.126823902130127,20.0,1.0,/home/ksha/Documents/sbel/offroad-control/benchmarking/results/tire_model_with_estimator_ablation_20260827_225959/raw/0018_nn_static_clay_lane_change_v5_b0_s403/20260827_230118_812921_clay_lane_change_acados_static_mlp/diag_clay_lane_change_acados_static_mlp.csv,,,1223,0.12764206971864356,0.509429,0.07977831181318683,4.421891620879121,5.399015,0.8843783241758242,14.758421913327881,15.841199999999999,134.27701074171415,80.461877,2.966843,0,chrono_body_contact,0,,,,,,,,True,lane_change,5.0,403,89,[25036],[25037],False,True,,12,False,False,False,0,0,,,0,0,0,,,,0,0,True,disabled,backend_compatibility,matched-terrain oracle-information baseline,matched_plant,c95613694247a1005b45d05d79e96eab52db905aea2667907ed2515e9ac3b36a,shared_worst_case_phi13_curvature_v1,True,0,,,,,,,,,,,,,
tire_model_with_estimator_ablation,nn_static,standard,nn,tire_force_static,clay,lane_change,7.0,0,400,/home/ksha/Documents/sbel/offroad-control/benchmarking/results/tire_model_with_estimator_ablation_20260827_225959/raw/0020_nn_static_clay_lane_change_v7_b0_s400,ok,0,26.128441333770752,20.0,1.0,/home/ksha/Documents/sbel/offroad-control/benchmarking/results/tire_model_with_estimator_ablation_20260827_225959/raw/0020_nn_static_clay_lane_change_v7_b0_s400/20260827_230118_816409_clay_lane_change_acados_static_mlp/diag_clay_lane_change_acados_static_mlp.csv,,,1185,0.16602197608839694,0.698258,0.09596792628650905,4.14596842837274,6.81814,0.5922812040532486,15.173856540084389,17.7416,135.45939802724504,81.919763,2.994172,0,chrono_body_contact,0,,,,,,,,True,lane_change,7.0,400,93,[25040],[25041],False,True,,12,False,False,False,0,0,,,0,0,0,,,,0,0,True,disabled,backend_compatibility,matched-terrain oracle-information baseline,matched_plant,7085653a638402e5abfa5737dcf5188cf3bc55fb7a7340a71403cb917f35b2aa,shared_worst_case_phi13_curvature_v1,True,0,,,,,,,,,,,,,
tire_model_with_estimator_ablation,nn_static,standard,nn,tire_force_static,clay,lane_change,7.0,0,401,/home/ksha/Documents/sbel/offroad-control/benchmarking/results/tire_model_with_estimator_ablation_20260827_225959/raw/0021_nn_static_clay_lane_change_v7_b0_s401,ok,0,26.125779390335083,20.0,0.99,/home/ksha/Documents/sbel/offroad-control/benchmarking/results/tire_model_with_estimator_ablation_20260827_225959/raw/0021_nn_static_clay_lane_change_v7_b0_s401/20260827_230118_934166_clay_lane_change_acados_static_mlp/diag_clay_lane_change_acados_static_mlp.csv,,,1259,0.15673503276580145,0.640147,0.09438582460732985,4.105899083769634,6.648195,0.5865570119670905,14.348260524225575,15.804200000000002,140.06010682276488,80.981653,2.96537,0,chrono_body_contact,0,,,,,,,,True,lane_change,7.0,401,95,[25042],[25043],False,True,,12,False,False,False,0,0,,,0,0,0,,,,0,0,True,disabled,backend_compatibility,matched-terrain oracle-information baseline,matched_plant,7085653a638402e5abfa5737dcf5188cf3bc55fb7a7340a71403cb917f35b2aa,shared_worst_case_phi13_curvature_v1,True,0,,,,,,,,,,,,,
tire_model_with_estimator_ablation,nn_static,standard,nn,tire_force_static,clay,lane_change,7.0,0,403,/home/ksha/Documents/sbel/offroad-control/benchmarking/results/tire_model_with_estimator_ablation_20260827_225959/raw/0023_nn_static_clay_lane_change_v7_b0_s403,ok,0,26.135053634643555,20.0,1.0,/home/ksha/Documents/sbel/offroad-control/benchmarking/results/tire_model_with_estimator_ablation_20260827_225959/raw/0023_nn_static_clay_lane_change_v7_b0_s403/20260827_230118_982431_clay_lane_change_acados_static_mlp/diag_clay_lane_change_acados_static_mlp.csv,,,1255,0.16354033342663032,0.694537,0.10668098289473683,4.2010451315789465,6.826239999999999,0.6001493045112781,14.3337609561753,16.090600000000002,139.52364354277535,82.835229,2.929939,0,chrono_body_contact,0,,,,,,,,True,lane_change,7.0,403,99,[25046],[25047],False,True,,12,False,False,False,0,0,,,0,0,0,,,,0,0,True,disabled,backend_compatibility,matched-terrain oracle-information baseline,matched_plant,7085653a638402e5abfa5737dcf5188cf3bc55fb7a7340a71403cb917f35b2aa,shared_worst_case_phi13_curvature_v1,True,0,,,,,,,,,,,,,
tire_model_with_estimator_ablation,nn_static,standard,nn,tire_force_static,clay,lane_change,7.0,0,402,/home/ksha/Documents/sbel/offroad-control/benchmarking/results/tire_model_with_estimator_ablation_20260827_225959/raw/0022_nn_static_clay_lane_change_v7_b0_s402,ok,0,26.224056243896484,20.0,1.0,/home/ksha/Documents/sbel/offroad-control/benchmarking/results/tire_model_with_estimator_ablation_20260827_225959/raw/0022_nn_static_clay_lane_change_v7_b0_s402/20260827_230119_032834_clay_lane_change_acados_static_mlp/diag_clay_lane_change_acados_static_mlp.csv,,,1263,0.1665867416110844,0.636609,0.09854512532299742,4.125976485788113,6.8263,0.5894252122554448,14.247577197149646,16.052199999999978,141.13193505352842,81.823786,2.997807,0,chrono_body_contact,0,,,,,,,,True,lane_change,7.0,402,97,[25044],[25045],False,True,,12,False,False,False,0,0,,,0,0,0,,,,0,0,True,disabled,backend_compatibility,matched-terrain oracle-information baseline,matched_plant,7085653a638402e5abfa5737dcf5188cf3bc55fb7a7340a71403cb917f35b2aa,shared_worst_case_phi13_curvature_v1,True,0,,,,,,,,,,,,,
tire_model_with_estimator_ablation,nn_static,standard,nn,tire_force_static,clay,lane_change,9.0,0,401,/home/ksha/Documents/sbel/offroad-control/benchmarking/results/tire_model_with_estimator_ablation_20260827_225959/raw/0026_nn_static_clay_lane_change_v9_b0_s401,ok,0,25.8759286403656,20.0,1.0,/home/ksha/Documents/sbel/offroad-control/benchmarking/results/tire_model_with_estimator_ablation_20260827_225959/raw/0026_nn_static_clay_lane_change_v9_b0_s401/20260827_230145_119787_clay_lane_change_acados_static_mlp/diag_clay_lane_change_acados_static_mlp.csv,,,1260,0.19222836508584346,0.537582,0.14854174210526316,4.424146578947368,7.85914,0.49157184210526306,14.233777777777776,17.3738000000001,142.51935986463002,84.790158,2.789701,0,chrono_body_contact,0,,,,,,,,True,lane_change,9.0,401,4,[25052],[25053],False,True,,12,False,False,False,0,0,,,0,0,0,,,,0,0,True,disabled,backend_compatibility,matched-terrain oracle-information baseline,matched_plant,8738935243860ac000075a211607e15f3d93aec40193a3fb27ed22c8942c3b2e,shared_worst_case_phi13_curvature_v1,True,0,,,,,,,,,,,,,
tire_model_with_estimator_ablation,nn_static,standard,nn,tire_force_static,clay,right_left,5.0,0,400,/home/ksha/Documents/sbel/offroad-control/benchmarking/results/tire_model_with_estimator_ablation_20260827_225959/raw/0030_nn_static_clay_right_left_v5_b0_s400,ok,0,25.97906494140625,20.0,1.0,/home/ksha/Documents/sbel/offroad-control/benchmarking/results/tire_model_with_estimator_ablation_20260827_225959/raw/0030_nn_static_clay_right_left_v5_b0_s400/20260827_230144_929979_clay_right_left_acados_static_mlp/diag_clay_right_left_acados_static_mlp.csv,,,1227,0.13272004921122882,0.407025,0.10641901508916325,3.51548683127572,4.36462,0.703097366255144,14.691915240423798,15.5048,130.02683962871185,44.305489,-30.966375,0,chrono_body_contact,0,,,,,,,,True,right_left,5.0,400,12,[25060],[25061],False,True,,12,False,False,False,0,0,,,0,0,0,,,,0,0,True,disabled,backend_compatibility,matched-terrain oracle-information baseline,matched_plant,2df275ec6c3a4a1b2fbc274414784eef849a9e55ab7130f9593a0001877583aa,shared_worst_case_phi13_curvature_v1,True,0,,,,,,,,,,,,,
tire_model_with_estimator_ablation,nn_static,standard,nn,tire_force_static,clay,lane_change,9.0,0,402,/home/ksha/Documents/sbel/offroad-control/benchmarking/results/tire_model_with_estimator_ablation_20260827_225959/raw/0027_nn_static_clay_lane_change_v9_b0_s402,ok,0,26.028709888458252,20.0,1.0,/home/ksha/Documents/sbel/offroad-control/benchmarking/results/tire_model_with_estimator_ablation_20260827_225959/raw/0027_nn_static_clay_lane_change_v9_b0_s402/20260827_230145_075878_clay_lane_change_acados_static_mlp/diag_clay_lane_change_acados_static_mlp.csv,,,1270,0.23456710258821784,0.729185,0.17650263932291665,4.477772916666667,7.835375,0.4975303240740741,14.135157480314959,15.926199999999998,143.64159357456944,85.299502,3.382116,0,chrono_body_contact,0,,,,,,,,True,lane_change,9.0,402,6,[25054],[25055],False,True,,12,False,False,False,0,0,,,0,0,0,,,,0,0,True,disabled,backend_compatibility,matched-terrain oracle-information baseline,matched_plant,8738935243860ac000075a211607e15f3d93aec40193a3fb27ed22c8942c3b2e,shared_worst_case_phi13_curvature_v1,True,0,,,,,,,,,,,,,
tire_model_with_estimator_ablation,nn_static,standard,nn,tire_force_static,clay,right_left,5.0,0,402,/home/ksha/Documents/sbel/offroad-control/benchmarking/results/tire_model_with_estimator_ablation_20260827_225959/raw/0032_nn_static_clay_right_left_v5_b0_s402,ok,0,26.031992197036743,20.0,0.99,/home/ksha/Documents/sbel/offroad-control/benchmarking/results/tire_model_with_estimator_ablation_20260827_225959/raw/0032_nn_static_clay_right_left_v5_b0_s402/20260827_230145_142519_clay_right_left_acados_static_mlp/diag_clay_right_left_acados_static_mlp.csv,,,1242,0.12211853827392975,0.36766,0.09777239972899729,3.4584361788617883,4.285035000000001,0.6916872357723577,14.490982286634459,15.405899999999999,126.89524329356954,43.569577,-31.012618,0,chrono_body_contact,0,,,,,,,,True,right_left,5.0,402,16,[25064],[25065],False,True,,12,False,False,False,0,0,,,0,0,0,,,,0,0,True,disabled,backend_compatibility,matched-terrain oracle-information baseline,matched_plant,2df275ec6c3a4a1b2fbc274414784eef849a9e55ab7130f9593a0001877583aa,shared_worst_case_phi13_curvature_v1,True,0,,,,,,,,,,,,,
tire_model_with_estimator_ablation,nn_static,standard,nn,tire_force_static,clay,lane_change,9.0,0,404,/home/ksha/Documents/sbel/offroad-control/benchmarking/results/tire_model_with_estimator_ablation_20260827_225959/raw/0029_nn_static_clay_lane_change_v9_b0_s404,ok,0,26.07834243774414,20.0,1.0,/home/ksha/Documents/sbel/offroad-control/benchmarking/results/tire_model_with_estimator_ablation_20260827_225959/raw/0029_nn_static_clay_lane_change_v9_b0_s404/20260827_230145_191969_clay_lane_change_acados_static_mlp/diag_clay_lane_change_acados_static_mlp.csv,,,1251,0.6318877504390009,1.181495,0.47027826058201055,4.533515476190476,7.829575,0.5037239417989418,14.362957633892886,15.965,148.6976145641774,85.783678,4.056841,0,chrono_body_contact,0,,,,,,,,True,lane_change,9.0,404,10,[25058],[25059],False,True,,12,False,False,False,0,0,,,0,0,0,,,,0,0,True,disabled,backend_compatibility,matched-terrain oracle-information baseline,matched_plant,8738935243860ac000075a211607e15f3d93aec40193a3fb27ed22c8942c3b2e,shared_worst_case_phi13_curvature_v1,True,0,,,,,,,,,,,,,
tire_model_with_estimator_ablation,nn_static,standard,nn,tire_force_static,clay,lane_change,9.0,0,403,/home/ksha/Documents/sbel/offroad-control/benchmarking/results/tire_model_with_estimator_ablation_20260827_225959/raw/0028_nn_static_clay_lane_change_v9_b0_s403,ok,0,26.377347469329834,20.0,1.0,/home/ksha/Documents/sbel/offroad-control/benchmarking/results/tire_model_with_estimator_ablation_20260827_225959/raw/0028_nn_static_clay_lane_change_v9_b0_s403/20260827_230145_099559_clay_lane_change_acados_static_mlp/diag_clay_lane_change_acados_static_mlp.csv,,,1246,0.5250454647859519,0.946933,0.40412732506527416,4.344831592689295,7.85415,0.4827590658543661,14.44073836276083,16.9775,142.6650154326098,84.856924,3.817306,0,chrono_body_contact,0,,,,,,,,True,lane_change,9.0,403,8,[25056],[25057],False,True,,12,False,False,False,0,0,,,0,0,0,,,,0,0,True,disabled,backend_compatibility,matched-terrain oracle-information baseline,matched_plant,8738935243860ac000075a211607e15f3d93aec40193a3fb27ed22c8942c3b2e,shared_worst_case_phi13_curvature_v1,True,0,,,,,,,,,,,,,
tire_model_with_estimator_ablation,nn_static,standard,nn,tire_force_static,clay,lane_change,9.0,0,400,/home/ksha/Documents/sbel/offroad-control/benchmarking/results/tire_model_with_estimator_ablation_20260827_225959/raw/0025_nn_static_clay_lane_change_v9_b0_s400,ok,0,26.38064169883728,20.0,1.0,/home/ksha/Documents/sbel/offroad-control/benchmarking/results/tire_model_with_estimator_ablation_20260827_225959/raw/0025_nn_static_clay_lane_change_v9_b0_s400/20260827_230144_909096_clay_lane_change_acados_static_mlp/diag_clay_lane_change_acados_static_mlp.csv,,,1185,0.41269268321772035,0.811345,0.31773249444444446,4.404455138888888,7.88199,0.4893839043209876,15.166784810126583,17.239600000000067,138.5178469718005,84.687791,2.410646,0,chrono_body_contact,0,,,,,,,,True,lane_change,9.0,400,2,[25050],[25051],False,True,,12,False,False,False,0,0,,,0,0,0,,,,0,0,True,disabled,backend_compatibility,matched-terrain oracle-information baseline,matched_plant,8738935243860ac000075a211607e15f3d93aec40193a3fb27ed22c8942c3b2e,shared_worst_case_phi13_curvature_v1,True,0,,,,,,,,,,,,,
tire_model_with_estimator_ablation,nn_static,standard,nn,tire_force_static,clay,right_left,5.0,0,401,/home/ksha/Documents/sbel/offroad-control/benchmarking/results/tire_model_with_estimator_ablation_20260827_225959/raw/0031_nn_static_clay_right_left_v5_b0_s401,ok,0,26.38240146636963,20.0,1.0,/home/ksha/Documents/sbel/offroad-control/benchmarking/results/tire_model_with_estimator_ablation_20260827_225959/raw/0031_nn_static_clay_right_left_v5_b0_s401/20260827_230145_275343_clay_right_left_acados_static_mlp/diag_clay_right_left_acados_static_mlp.csv,,,1207,0.15457013159942462,0.500275,0.11812028827586209,3.699771724137931,4.55094,0.7399543448275863,14.976661143330572,15.748800000000001,125.24542173226143,46.724327,-30.980701,0,chrono_body_contact,0,,,,,,,,True,right_left,5.0,401,14,[25062],[25063],False,True,,12,False,False,False,0,0,,,0,0,0,,,,0,0,True,disabled,backend_compatibility,matched-terrain oracle-information baseline,matched_plant,2df275ec6c3a4a1b2fbc274414784eef849a9e55ab7130f9593a0001877583aa,shared_worst_case_phi13_curvature_v1,True,0,,,,,,,,,,,,,
tire_model_with_estimator_ablation,nn_static,standard,nn,tire_force_static,clay,right_left,7.0,0,402,/home/ksha/Documents/sbel/offroad-control/benchmarking/results/tire_model_with_estimator_ablation_20260827_225959/raw/0037_nn_static_clay_right_left_v7_b0_s402,ok,0,25.979527473449707,20.0,0.99,/home/ksha/Documents/sbel/offroad-control/benchmarking/results/tire_model_with_estimator_ablation_20260827_225959/raw/0037_nn_static_clay_right_left_v7_b0_s402/20260827_230211_463721_clay_right_left_acados_static_mlp/diag_clay_right_left_acados_static_mlp.csv,,,1208,0.16010822869850735,0.500006,0.12076453064066853,3.972810306406685,5.554759999999999,0.5675443294866692,14.870960264900662,16.20740000000001,127.16138340433099,51.839585,-30.884898,0,chrono_body_contact,0,,,,,,,,True,right_left,7.0,402,26,[25074],[25075],False,True,,12,False,False,False,0,0,,,0,0,0,,,,0,0,True,disabled,backend_compatibility,matched-terrain oracle-information baseline,matched_plant,2a22058ceeef679f207bd5220377a736edae3e63c7f59afab2d351bc5e8d1aca,shared_worst_case_phi13_curvature_v1,True,0,,,,,,,,,,,,,
tire_model_with_estimator_ablation,nn_static,standard,nn,tire_force_static,clay,right_left,5.0,0,404,/home/ksha/Documents/sbel/offroad-control/benchmarking/results/tire_model_with_estimator_ablation_20260827_225959/raw/0034_nn_static_clay_right_left_v5_b0_s404,ok,0,26.330061674118042,20.0,0.98,/home/ksha/Documents/sbel/offroad-control/benchmarking/results/tire_model_with_estimator_ablation_20260827_225959/raw/0034_nn_static_clay_right_left_v5_b0_s404/20260827_230211_486622_clay_right_left_acados_static_mlp/diag_clay_right_left_acados_static_mlp.csv,,,1207,0.12529551626435664,0.373078,0.10042655939226519,3.53037044198895,4.332445,0.70607408839779,15.15310687655344,16.3994,129.6430829236962,44.638736,-30.90238,0,chrono_body_contact,0,,,,,,,,True,right_left,5.0,404,20,[25068],[25069],False,True,,12,False,False,False,0,0,,,0,0,0,,,,0,0,True,disabled,backend_compatibility,matched-terrain oracle-information baseline,matched_plant,2df275ec6c3a4a1b2fbc274414784eef849a9e55ab7130f9593a0001877583aa,shared_worst_case_phi13_curvature_v1,True,0,,,,,,,,,,,,,
tire_model_with_estimator_ablation,nn_static,standard,nn,tire_force_static,clay,right_left,7.0,0,404,/home/ksha/Documents/sbel/offroad-control/benchmarking/results/tire_model_with_estimator_ablation_20260827_225959/raw/0039_nn_static_clay_right_left_v7_b0_s404,ok,0,26.33087468147278,20.0,0.99,/home/ksha/Documents/sbel/offroad-control/benchmarking/results/tire_model_with_estimator_ablation_20260827_225959/raw/0039_nn_static_clay_right_left_v7_b0_s404/20260827_230211_515631_clay_right_left_acados_static_mlp/diag_clay_right_left_acados_static_mlp.csv,,,1199,0.15747818071533856,0.490354,0.12012713110181311,3.8038456066945603,5.2270199999999996,0.5434065152420801,15.098690575479567,16.490799999999997,129.30789288069457,49.267636,-30.886348,0,chrono_body_contact,0,,,,,,,,True,right_left,7.0,404,30,[25078],[25079],False,True,,12,False,False,False,0,0,,,0,0,0,,,,0,0,True,disabled,backend_compatibility,matched-terrain oracle-information baseline,matched_plant,2a22058ceeef679f207bd5220377a736edae3e63c7f59afab2d351bc5e8d1aca,shared_worst_case_phi13_curvature_v1,True,0,,,,,,,,,,,,,
tire_model_with_estimator_ablation,nn_static,standard,nn,tire_force_static,clay,right_left,7.0,0,403,/home/ksha/Documents/sbel/offroad-control/benchmarking/results/tire_model_with_estimator_ablation_20260827_225959/raw/0038_nn_static_clay_right_left_v7_b0_s403,ok,0,26.38230323791504,20.0,0.99,/home/ksha/Documents/sbel/offroad-control/benchmarking/results/tire_model_with_estimator_ablation_20260827_225959/raw/0038_nn_static_clay_right_left_v7_b0_s403/20260827_230211_372319_clay_right_left_acados_static_mlp/diag_clay_right_left_acados_static_mlp.csv,,,1202,0.16008128087176907,0.479778,0.1242021344537815,3.9669484593837536,5.4951300000000005,0.5667069227691076,15.105241264559067,16.1998,129.89858136325557,51.786899,-30.949625,0,chrono_body_contact,0,,,,,,,,True,right_left,7.0,403,28,[25076],[25077],False,True,,12,False,False,False,0,0,,,0,0,0,,,,0,0,True,disabled,backend_compatibility,matched-terrain oracle-information baseline,matched_plant,2a22058ceeef679f207bd5220377a736edae3e63c7f59afab2d351bc5e8d1aca,shared_worst_case_phi13_curvature_v1,True,0,,,,,,,,,,,,,
tire_model_with_estimator_ablation,nn_static,standard,nn,tire_force_static,clay,right_left,9.0,0,400,/home/ksha/Documents/sbel/offroad-control/benchmarking/results/tire_model_with_estimator_ablation_20260827_225959/raw/0040_nn_static_clay_right_left_v9_b0_s400,ok,0,26.381842136383057,20.0,0.99,/home/ksha/Documents/sbel/offroad-control/benchmarking/results/tire_model_with_estimator_ablation_20260827_225959/raw/0040_nn_static_clay_right_left_v9_b0_s400/20260827_230211_597572_clay_right_left_acados_static_mlp/diag_clay_right_left_acados_static_mlp.csv,,,1199,0.15765064089788727,0.445819,0.11976996244784423,3.9869561891516,5.843350000000001,0.44299513212795555,15.121451209341117,16.613999999999997,128.84679574511296,51.622835,-30.962746,0,chrono_body_contact,0,,,,,,,,True,right_left,9.0,400,32,[25080],[25081],False,True,,12,False,False,False,0,0,,,0,0,0,,,,0,0,True,disabled,backend_compatibility,matched-terrain oracle-information baseline,matched_plant,2fd2c1dbb42c39cc163281ad14f69d4122484783b6b75aa488f2ea05e6c9793b,shared_worst_case_phi13_curvature_v1,True,0,,,,,,,,,,,,,
tire_model_with_estimator_ablation,nn_static,standard,nn,tire_force_static,clay,right_left,5.0,0,403,/home/ksha/Documents/sbel/offroad-control/benchmarking/results/tire_model_with_estimator_ablation_20260827_225959/raw/0033_nn_static_clay_right_left_v5_b0_s403,ok,0,26.38294792175293,20.0,0.98,/home/ksha/Documents/sbel/offroad-control/benchmarking/results/tire_model_with_estimator_ablation_20260827_225959/raw/0033_nn_static_clay_right_left_v5_b0_s403/20260827_230211_317046_clay_right_left_acados_static_mlp/diag_clay_right_left_acados_static_mlp.csv,,,1156,0.13944396474713314,0.423059,0.10979694805194803,3.5610151515151522,4.3751,0.7122030303030304,15.75311418685121,17.5935,119.26054720125444,45.01954,-31.018491,0,chrono_body_contact,0,,,,,,,,True,right_left,5.0,403,18,[25066],[25067],False,True,,12,False,False,False,0,0,,,0,0,0,,,,0,0,True,disabled,backend_compatibility,matched-terrain oracle-information baseline,matched_plant,2df275ec6c3a4a1b2fbc274414784eef849a9e55ab7130f9593a0001877583aa,shared_worst_case_phi13_curvature_v1,True,0,,,,,,,,,,,,,
tire_model_with_estimator_ablation,nn_static,standard,nn,tire_force_static,clay,right_left,7.0,0,401,/home/ksha/Documents/sbel/offroad-control/benchmarking/results/tire_model_with_estimator_ablation_20260827_225959/raw/0036_nn_static_clay_right_left_v7_b0_s401,ok,0,26.382900714874268,20.0,0.98,/home/ksha/Documents/sbel/offroad-control/benchmarking/results/tire_model_with_estimator_ablation_20260827_225959/raw/0036_nn_static_clay_right_left_v7_b0_s401/20260827_230211_493119_clay_right_left_acados_static_mlp/diag_clay_right_left_acados_static_mlp.csv,,,1242,0.16996001636392966,0.53396,0.13051266221628838,3.8584008010680906,5.26332,0.5512001144382986,14.790000000000001,16.085399999999996,131.6524303386876,49.960384,-30.961286,0,chrono_body_contact,0,,,,,,,,True,right_left,7.0,401,24,[25072],[25073],False,True,,12,False,False,False,0,0,,,0,0,0,,,,0,0,True,disabled,backend_compatibility,matched-terrain oracle-information baseline,matched_plant,2a22058ceeef679f207bd5220377a736edae3e63c7f59afab2d351bc5e8d1aca,shared_worst_case_phi13_curvature_v1,True,0,,,,,,,,,,,,,
tire_model_with_estimator_ablation,nn_static,standard,nn,tire_force_static,clay,right_left,7.0,0,400,/home/ksha/Documents/sbel/offroad-control/benchmarking/results/tire_model_with_estimator_ablation_20260827_225959/raw/0035_nn_static_clay_right_left_v7_b0_s400,ok,0,26.481525897979736,20.0,0.98,/home/ksha/Documents/sbel/offroad-control/benchmarking/results/tire_model_with_estimator_ablation_20260827_225959/raw/0035_nn_static_clay_right_left_v7_b0_s400/20260827_230211_548086_clay_right_left_acados_static_mlp/diag_clay_right_left_acados_static_mlp.csv,,,1239,0.146769419652217,0.417905,0.11609096761133603,3.8003456140350873,5.0399,0.5429065162907267,14.797086359967716,16.080999999999996,132.27182827597045,49.855523,-30.981301,0,chrono_body_contact,0,,,,,,,,True,right_left,7.0,400,22,[25070],[25071],False,True,,12,False,False,False,0,0,,,0,0,0,,,,0,0,True,disabled,backend_compatibility,matched-terrain oracle-information baseline,matched_plant,2a22058ceeef679f207bd5220377a736edae3e63c7f59afab2d351bc5e8d1aca,shared_worst_case_phi13_curvature_v1,True,0,,,,,,,,,,,,,
tire_model_with_estimator_ablation,nn_static,standard,nn,tire_force_static,dirt,sinusoidal,5.0,0,402,/home/ksha/Documents/sbel/offroad-control/benchmarking/results/tire_model_with_estimator_ablation_20260827_225959/raw/0047_nn_static_dirt_sinusoidal_v5_b0_s402,ok,0,26.029273748397827,20.0,1.0,/home/ksha/Documents/sbel/offroad-control/benchmarking/results/tire_model_with_estimator_ablation_20260827_225959/raw/0047_nn_static_dirt_sinusoidal_v5_b0_s402/20260827_230238_048946_dirt_sinusoidal_acados_static_mlp/diag_dirt_sinusoidal_acados_static_mlp.csv,,,1214,0.06770026632414049,0.194241,0.05485378932584269,4.613048595505618,4.968780000000001,0.9226097191011237,14.824151565074136,15.5587,132.22796431082168,73.397703,2.044026,0,chrono_body_contact,0,,,,,,,,True,sinusoidal,5.0,402,46,[25094],[25095],False,True,,12,False,False,False,0,0,,,0,0,0,,,,0,0,True,disabled,backend_compatibility,matched-terrain oracle-information baseline,matched_plant,f544d4c607d9f35cff9cbf38b8d140aa1d8904401cf08a56f3c5a58132af58c5,shared_worst_case_phi13_curvature_v1,True,0,,,,,,,,,,,,,
tire_model_with_estimator_ablation,nn_static,standard,nn,tire_force_static,dirt,sinusoidal,5.0,0,401,/home/ksha/Documents/sbel/offroad-control/benchmarking/results/tire_model_with_estimator_ablation_20260827_225959/raw/0046_nn_static_dirt_sinusoidal_v5_b0_s401,ok,0,26.078487873077393,20.0,1.0,/home/ksha/Documents/sbel/offroad-control/benchmarking/results/tire_model_with_estimator_ablation_20260827_225959/raw/0046_nn_static_dirt_sinusoidal_v5_b0_s401/20260827_230238_184307_dirt_sinusoidal_acados_static_mlp/diag_dirt_sinusoidal_acados_static_mlp.csv,,,1203,0.06977424443594925,0.220507,0.05637176933895922,4.694908016877637,5.1046499999999995,0.9389816033755274,14.981837073981714,15.97,130.85546650211558,73.41598,1.956146,0,chrono_body_contact,0,,,,,,,,True,sinusoidal,5.0,401,44,[25092],[25093],False,True,,12,False,False,False,0,0,,,0,0,0,,,,0,0,True,disabled,backend_compatibility,matched-terrain oracle-information baseline,matched_plant,f544d4c607d9f35cff9cbf38b8d140aa1d8904401cf08a56f3c5a58132af58c5,shared_worst_case_phi13_curvature_v1,True,0,,,,,,,,,,,,,
tire_model_with_estimator_ablation,nn_static,standard,nn,tire_force_static,clay,right_left,9.0,0,401,/home/ksha/Documents/sbel/offroad-control/benchmarking/results/tire_model_with_estimator_ablation_20260827_225959/raw/0041_nn_static_clay_right_left_v9_b0_s401,ok,0,26.133903741836548,20.0,0.99,/home/ksha/Documents/sbel/offroad-control/benchmarking/results/tire_model_with_estimator_ablation_20260827_225959/raw/0041_nn_static_clay_right_left_v9_b0_s401/20260827_230238_046199_clay_right_left_acados_static_mlp/diag_clay_right_left_acados_static_mlp.csv,,,1212,0.16906625708432618,0.555836,0.12849049791955616,3.913389181692094,5.7175,0.43482102018801044,14.931006600660064,15.5189,128.10521718609772,50.78418,-30.954623,0,chrono_body_contact,0,,,,,,,,True,right_left,9.0,401,34,[25082],[25083],False,True,,12,False,False,False,0,0,,,0,0,0,,,,0,0,True,disabled,backend_compatibility,matched-terrain oracle-information baseline,matched_plant,2fd2c1dbb42c39cc163281ad14f69d4122484783b6b75aa488f2ea05e6c9793b,shared_worst_case_phi13_curvature_v1,True,0,,,,,,,,,,,,,
tire_model_with_estimator_ablation,nn_static,standard,nn,tire_force_static,clay,right_left,9.0,0,404,/home/ksha/Documents/sbel/offroad-control/benchmarking/results/tire_model_with_estimator_ablation_20260827_225959/raw/0044_nn_static_clay_right_left_v9_b0_s404,ok,0,26.180649757385254,20.0,0.99,/home/ksha/Documents/sbel/offroad-control/benchmarking/results/tire_model_with_estimator_ablation_20260827_225959/raw/0044_nn_static_clay_right_left_v9_b0_s404/20260827_230238_101693_clay_right_left_acados_static_mlp/diag_clay_right_left_acados_static_mlp.csv,,,1216,0.15971400966987515,0.503418,0.12246162896551725,3.9714406896551724,5.80436,0.4412711877394636,14.924004934210526,15.538499999999999,135.15996840231992,52.088803,-30.912877,0,chrono_body_contact,0,,,,,,,,True,right_left,9.0,404,40,[25088],[25089],False,True,,12,False,False,False,0,0,,,0,0,0,,,,0,0,True,disabled,backend_compatibility,matched-terrain oracle-information baseline,matched_plant,2fd2c1dbb42c39cc163281ad14f69d4122484783b6b75aa488f2ea05e6c9793b,shared_worst_case_phi13_curvature_v1,True,0,,,,,,,,,,,,,
tire_model_with_estimator_ablation,nn_static,standard,nn,tire_force_static,dirt,sinusoidal,5.0,0,400,/home/ksha/Documents/sbel/offroad-control/benchmarking/results/tire_model_with_estimator_ablation_20260827_225959/raw/0045_nn_static_dirt_sinusoidal_v5_b0_s400,ok,0,26.231828927993774,20.0,1.0,/home/ksha/Documents/sbel/offroad-control/benchmarking/results/tire_model_with_estimator_ablation_20260827_225959/raw/0045_nn_static_dirt_sinusoidal_v5_b0_s400/20260827_230237_909318_dirt_sinusoidal_acados_static_mlp/diag_dirt_sinusoidal_acados_static_mlp.csv,,,1216,0.06571683752412336,0.232043,0.05282386713286714,4.648701538461538,5.05321,0.9297403076923076,14.842302631578946,15.628499999999999,132.90360050237447,73.301874,1.977923,0,chrono_body_contact,0,,,,,,,,True,sinusoidal,5.0,400,42,[25090],[25091],False,True,,12,False,False,False,0,0,,,0,0,0,,,,0,0,True,disabled,backend_compatibility,matched-terrain oracle-information baseline,matched_plant,f544d4c607d9f35cff9cbf38b8d140aa1d8904401cf08a56f3c5a58132af58c5,shared_worst_case_phi13_curvature_v1,True,0,,,,,,,,,,,,,
tire_model_with_estimator_ablation,nn_static,standard,nn,tire_force_static,dirt,sinusoidal,5.0,0,403,/home/ksha/Documents/sbel/offroad-control/benchmarking/results/tire_model_with_estimator_ablation_20260827_225959/raw/0048_nn_static_dirt_sinusoidal_v5_b0_s403,ok,0,26.27975845336914,20.0,1.0,/home/ksha/Documents/sbel/offroad-control/benchmarking/results/tire_model_with_estimator_ablation_20260827_225959/raw/0048_nn_static_dirt_sinusoidal_v5_b0_s403/20260827_230238_189963_dirt_sinusoidal_acados_static_mlp/diag_dirt_sinusoidal_acados_static_mlp.csv,,,1229,0.06833019374133889,0.213404,0.05433720746887967,4.615915491009682,5.0363500000000005,0.9231830982019364,14.674247355573636,15.564400000000001,130.05644020385313,70.903806,1.825683,0,chrono_body_contact,0,,,,,,,,True,sinusoidal,5.0,403,48,[25096],[25097],False,True,,12,False,False,False,0,0,,,0,0,0,,,,0,0,True,disabled,backend_compatibility,matched-terrain oracle-information baseline,matched_plant,f544d4c607d9f35cff9cbf38b8d140aa1d8904401cf08a56f3c5a58132af58c5,shared_worst_case_phi13_curvature_v1,True,0,,,,,,,,,,,,,
tire_model_with_estimator_ablation,nn_static,standard,nn,tire_force_static,clay,right_left,9.0,0,403,/home/ksha/Documents/sbel/offroad-control/benchmarking/results/tire_model_with_estimator_ablation_20260827_225959/raw/0043_nn_static_clay_right_left_v9_b0_s403,ok,0,26.283883571624756,20.0,0.98,/home/ksha/Documents/sbel/offroad-control/benchmarking/results/tire_model_with_estimator_ablation_20260827_225959/raw/0043_nn_static_clay_right_left_v9_b0_s403/20260827_230238_021160_clay_right_left_acados_static_mlp/diag_clay_right_left_acados_static_mlp.csv,,,1245,0.17647877598730072,0.476107,0.13572377747989275,4.116254825737265,6.132275,0.45736164730414053,14.674610441767069,15.4156,133.11657709300894,54.102267,-30.94339,0,chrono_body_contact,0,,,,,,,,True,right_left,9.0,403,38,[25086],[25087],False,True,,12,False,False,False,0,0,,,0,0,0,,,,0,0,True,disabled,backend_compatibility,matched-terrain oracle-information baseline,matched_plant,2fd2c1dbb42c39cc163281ad14f69d4122484783b6b75aa488f2ea05e6c9793b,shared_worst_case_phi13_curvature_v1,True,0,,,,,,,,,,,,,
tire_model_with_estimator_ablation,nn_static,standard,nn,tire_force_static,clay,right_left,9.0,0,402,/home/ksha/Documents/sbel/offroad-control/benchmarking/results/tire_model_with_estimator_ablation_20260827_225959/raw/0042_nn_static_clay_right_left_v9_b0_s402,ok,0,26.329533100128174,20.0,0.98,/home/ksha/Documents/sbel/offroad-control/benchmarking/results/tire_model_with_estimator_ablation_20260827_225959/raw/0042_nn_static_clay_right_left_v9_b0_s402/20260827_230237_827574_clay_right_left_acados_static_mlp/diag_clay_right_left_acados_static_mlp.csv,,,1151,0.1546468167008765,0.438233,0.11918579855072464,3.9555546376811592,5.720884999999999,0.43950607085346216,15.87245873153779,16.795,124.15102124421415,51.878388,-30.97832,0,chrono_body_contact,0,,,,,,,,True,right_left,9.0,402,36,[25084],[25085],False,True,,12,False,False,False,0,0,,,0,0,0,,,,0,0,True,disabled,backend_compatibility,matched-terrain oracle-information baseline,matched_plant,2fd2c1dbb42c39cc163281ad14f69d4122484783b6b75aa488f2ea05e6c9793b,shared_worst_case_phi13_curvature_v1,True,0,,,,,,,,,,,,,
tire_model_with_estimator_ablation,nn_static,standard,nn,tire_force_static,dirt,sinusoidal,7.0,0,400,/home/ksha/Documents/sbel/offroad-control/benchmarking/results/tire_model_with_estimator_ablation_20260827_225959/raw/0050_nn_static_dirt_sinusoidal_v7_b0_s400,ok,0,25.931368589401245,20.0,0.99,/home/ksha/Documents/sbel/offroad-control/benchmarking/results/tire_model_with_estimator_ablation_20260827_225959/raw/0050_nn_static_dirt_sinusoidal_v7_b0_s400/20260827_230304_179054_dirt_sinusoidal_acados_static_mlp/diag_dirt_sinusoidal_acados_static_mlp.csv,,,1149,0.07603486239463034,0.230947,0.06156963703703704,4.846872592592593,5.35142,0.6924103703703705,15.661348999129677,17.501199999999997,129.88036195484545,74.325089,1.886785,0,chrono_body_contact,0,,,,,,,,True,sinusoidal,7.0,400,52,[25100],[25101],False,True,,12,False,False,False,0,0,,,0,0,0,,,,0,0,True,disabled,backend_compatibility,matched-terrain oracle-information baseline,matched_plant,dc58ccfda201c75bc0d828da6f9710e91377898701de047f0e4ef191b0e89544,shared_worst_case_phi13_curvature_v1,True,0,,,,,,,,,,,,,
tire_model_with_estimator_ablation,nn_static,standard,nn,tire_force_static,dirt,sinusoidal,7.0,0,402,/home/ksha/Documents/sbel/offroad-control/benchmarking/results/tire_model_with_estimator_ablation_20260827_225959/raw/0052_nn_static_dirt_sinusoidal_v7_b0_s402,ok,0,26.028833150863647,20.0,0.99,/home/ksha/Documents/sbel/offroad-control/benchmarking/results/tire_model_with_estimator_ablation_20260827_225959/raw/0052_nn_static_dirt_sinusoidal_v7_b0_s402/20260827_230304_522295_dirt_sinusoidal_acados_static_mlp/diag_dirt_sinusoidal_acados_static_mlp.csv,,,1204,0.06946216520216045,0.24738,0.0557014221598878,4.800379382889201,5.2241800000000005,0.6857684832698858,14.99081395348837,15.75,131.24924436250566,76.122097,1.612,0,chrono_body_contact,0,,,,,,,,True,sinusoidal,7.0,402,56,[25104],[25105],False,True,,12,False,False,False,0,0,,,0,0,0,,,,0,0,True,disabled,backend_compatibility,matched-terrain oracle-information baseline,matched_plant,dc58ccfda201c75bc0d828da6f9710e91377898701de047f0e4ef191b0e89544,shared_worst_case_phi13_curvature_v1,True,0,,,,,,,,,,,,,
tire_model_with_estimator_ablation,nn_static,standard,nn,tire_force_static,dirt,sinusoidal,5.0,0,404,/home/ksha/Documents/sbel/offroad-control/benchmarking/results/tire_model_with_estimator_ablation_20260827_225959/raw/0049_nn_static_dirt_sinusoidal_v5_b0_s404,ok,0,26.079687118530273,20.0,1.0,/home/ksha/Documents/sbel/offroad-control/benchmarking/results/tire_model_with_estimator_ablation_20260827_225959/raw/0049_nn_static_dirt_sinusoidal_v5_b0_s404/20260827_230304_598267_dirt_sinusoidal_acados_static_mlp/diag_dirt_sinusoidal_acados_static_mlp.csv,,,1216,0.07072279326391571,0.2073,0.056928556179775276,4.408977949438202,4.9990049999999995,0.8817955898876404,14.825386513157893,15.77,130.7832840023052,64.762358,-0.031722,0,chrono_body_contact,0,,,,,,,,True,sinusoidal,5.0,404,50,[25098],[25099],False,True,,12,False,False,False,0,0,,,0,0,0,,,,0,0,True,disabled,backend_compatibility,matched-terrain oracle-information baseline,matched_plant,f544d4c607d9f35cff9cbf38b8d140aa1d8904401cf08a56f3c5a58132af58c5,shared_worst_case_phi13_curvature_v1,True,0,,,,,,,,,,,,,
tire_model_with_estimator_ablation,nn_static,standard,nn,tire_force_static,dirt,sinusoidal,9.0,0,400,/home/ksha/Documents/sbel/offroad-control/benchmarking/results/tire_model_with_estimator_ablation_20260827_225959/raw/0055_nn_static_dirt_sinusoidal_v9_b0_s400,ok,0,26.128488779067993,20.0,0.99,/home/ksha/Documents/sbel/offroad-control/benchmarking/results/tire_model_with_estimator_ablation_20260827_225959/raw/0055_nn_static_dirt_sinusoidal_v9_b0_s400/20260827_230304_284407_dirt_sinusoidal_acados_static_mlp/diag_dirt_sinusoidal_acados_static_mlp.csv,,,1213,0.06935502057614727,0.217669,0.055519249649368864,4.765894530154278,5.15194,0.5295438366838087,14.896471558120364,15.812799999999994,131.7497613539097,75.049489,1.778565,0,chrono_body_contact,0,,,,,,,,True,sinusoidal,9.0,400,62,[25110],[25111],False,True,,12,False,False,False,0,0,,,0,0,0,,,,0,0,True,disabled,backend_compatibility,matched-terrain oracle-information baseline,matched_plant,dc58ccfda201c75bc0d828da6f9710e91377898701de047f0e4ef191b0e89544,shared_worst_case_phi13_curvature_v1,True,0,,,,,,,,,,,,,
tire_model_with_estimator_ablation,nn_static,standard,nn,tire_force_static,dirt,sinusoidal,7.0,0,403,/home/ksha/Documents/sbel/offroad-control/benchmarking/results/tire_model_with_estimator_ablation_20260827_225959/raw/0053_nn_static_dirt_sinusoidal_v7_b0_s403,ok,0,26.22914481163025,20.0,0.99,/home/ksha/Documents/sbel/offroad-control/benchmarking/results/tire_model_with_estimator_ablation_20260827_225959/raw/0053_nn_static_dirt_sinusoidal_v7_b0_s403/20260827_230304_471214_dirt_sinusoidal_acados_static_mlp/diag_dirt_sinusoidal_acados_static_mlp.csv,,,1236,0.07030820511503573,0.241391,0.0568657689133425,4.80353961485557,5.21941,0.6862199449793671,14.644174757281554,15.58,133.43411122312884,74.241392,1.906644,0,chrono_body_contact,0,,,,,,,,True,sinusoidal,7.0,403,58,[25106],[25107],False,True,,12,False,False,False,0,0,,,0,0,0,,,,0,0,True,disabled,backend_compatibility,matched-terrain oracle-information baseline,matched_plant,dc58ccfda201c75bc0d828da6f9710e91377898701de047f0e4ef191b0e89544,shared_worst_case_phi13_curvature_v1,True,0,,,,,,,,,,,,,
tire_model_with_estimator_ablation,nn_static,standard,nn,tire_force_static,dirt,sinusoidal,9.0,0,401,/home/ksha/Documents/sbel/offroad-control/benchmarking/results/tire_model_with_estimator_ablation_20260827_225959/raw/0056_nn_static_dirt_sinusoidal_v9_b0_s401,ok,0,26.22857689857483,20.0,1.0,/home/ksha/Documents/sbel/offroad-control/benchmarking/results/tire_model_with_estimator_ablation_20260827_225959/raw/0056_nn_static_dirt_sinusoidal_v9_b0_s401/20260827_230304_442320_dirt_sinusoidal_acados_static_mlp/diag_dirt_sinusoidal_acados_static_mlp.csv,,,1211,0.07110234981630156,0.227815,0.05691373352033661,4.633862131837307,5.17664,0.5148735702041453,14.90601981833196,15.765000000000004,130.27586064604162,68.406669,1.2848,0,chrono_body_contact,0,,,,,,,,True,sinusoidal,9.0,401,64,[25112],[25113],False,True,,12,False,False,False,0,0,,,0,0,0,,,,0,0,True,disabled,backend_compatibility,matched-terrain oracle-information baseline,matched_plant,dc58ccfda201c75bc0d828da6f9710e91377898701de047f0e4ef191b0e89544,shared_worst_case_phi13_curvature_v1,True,0,,,,,,,,,,,,,
tire_model_with_estimator_ablation,nn_static,standard,nn,tire_force_static,dirt,sinusoidal,7.0,0,401,/home/ksha/Documents/sbel/offroad-control/benchmarking/results/tire_model_with_estimator_ablation_20260827_225959/raw/0051_nn_static_dirt_sinusoidal_v7_b0_s401,ok,0,26.229491233825684,20.0,0.99,/home/ksha/Documents/sbel/offroad-control/benchmarking/results/tire_model_with_estimator_ablation_20260827_225959/raw/0051_nn_static_dirt_sinusoidal_v7_b0_s401/20260827_230304_373871_dirt_sinusoidal_acados_static_mlp/diag_dirt_sinusoidal_acados_static_mlp.csv,,,1249,0.07210048845549093,0.205347,0.057564998641304356,4.660053668478261,5.216325,0.6657219526397515,14.55357886309047,15.5152,131.99422556307005,68.378385,1.275547,0,chrono_body_contact,0,,,,,,,,True,sinusoidal,7.0,401,54,[25102],[25103],False,True,,12,False,False,False,0,0,,,0,0,0,,,,0,0,True,disabled,backend_compatibility,matched-terrain oracle-information baseline,matched_plant,dc58ccfda201c75bc0d828da6f9710e91377898701de047f0e4ef191b0e89544,shared_worst_case_phi13_curvature_v1,True,0,,,,,,,,,,,,,
tire_model_with_estimator_ablation,nn_static,standard,nn,tire_force_static,dirt,sinusoidal,7.0,0,404,/home/ksha/Documents/sbel/offroad-control/benchmarking/results/tire_model_with_estimator_ablation_20260827_225959/raw/0054_nn_static_dirt_sinusoidal_v7_b0_s404,ok,0,26.27879810333252,20.0,0.99,/home/ksha/Documents/sbel/offroad-control/benchmarking/results/tire_model_with_estimator_ablation_20260827_225959/raw/0054_nn_static_dirt_sinusoidal_v7_b0_s404/20260827_230304_385619_dirt_sinusoidal_acados_static_mlp/diag_dirt_sinusoidal_acados_static_mlp.csv,,,1242,0.07521213695639056,0.215193,0.061711876923076926,4.395638881118881,5.07275,0.6279484115884115,14.537753623188406,15.72,134.75766467922026,63.206218,-0.769154,0,chrono_body_contact,0,,,,,,,,True,sinusoidal,7.0,404,60,[25108],[25109],False,True,,12,False,False,False,0,0,,,0,0,0,,,,0,0,True,disabled,backend_compatibility,matched-terrain oracle-information baseline,matched_plant,dc58ccfda201c75bc0d828da6f9710e91377898701de047f0e4ef191b0e89544,shared_worst_case_phi13_curvature_v1,True,0,,,,,,,,,,,,,
tire_model_with_estimator_ablation,nn_static,standard,nn,tire_force_static,dirt,lane_change,5.0,0,402,/home/ksha/Documents/sbel/offroad-control/benchmarking/results/tire_model_with_estimator_ablation_20260827_225959/raw/0062_nn_static_dirt_lane_change_v5_b0_s402,ok,0,26.02799677848816,20.0,1.0,/home/ksha/Documents/sbel/offroad-control/benchmarking/results/tire_model_with_estimator_ablation_20260827_225959/raw/0062_nn_static_dirt_lane_change_v5_b0_s402/20260827_230330_820249_dirt_lane_change_acados_static_mlp/diag_dirt_lane_change_acados_static_mlp.csv,,,1242,0.05361353614929355,0.241386,0.04222213678618858,3.927643027888446,5.53066,0.7855286055776892,14.456159420289858,15.5559,137.80751937173295,78.920989,3.020505,0,chrono_body_contact,0,,,,,,,,True,lane_change,5.0,402,76,[25124],[25125],False,True,,12,False,False,False,0,0,,,0,0,0,,,,0,0,True,disabled,backend_compatibility,matched-terrain oracle-information baseline,matched_plant,c95613694247a1005b45d05d79e96eab52db905aea2667907ed2515e9ac3b36a,shared_worst_case_phi13_curvature_v1,True,0,,,,,,,,,,,,,
tire_model_with_estimator_ablation,nn_static,standard,nn,tire_force_static,dirt,lane_change,5.0,0,401,/home/ksha/Documents/sbel/offroad-control/benchmarking/results/tire_model_with_estimator_ablation_20260827_225959/raw/0061_nn_static_dirt_lane_change_v5_b0_s401,ok,0,26.07826542854309,20.0,1.0,/home/ksha/Documents/sbel/offroad-control/benchmarking/results/tire_model_with_estimator_ablation_20260827_225959/raw/0061_nn_static_dirt_lane_change_v5_b0_s401/20260827_230330_689341_dirt_lane_change_acados_static_mlp/diag_dirt_lane_change_acados_static_mlp.csv,,,1235,0.05215794938377957,0.15674,0.041423993297587135,3.9537286863270777,5.55205,0.7907457372654155,14.568639676113358,17.091200000000025,136.2774428351,79.057333,3.042547,0,chrono_body_contact,0,,,,,,,,True,lane_change,5.0,401,74,[25122],[25123],False,True,,12,False,False,False,0,0,,,0,0,0,,,,0,0,True,disabled,backend_compatibility,matched-terrain oracle-information baseline,matched_plant,c95613694247a1005b45d05d79e96eab52db905aea2667907ed2515e9ac3b36a,shared_worst_case_phi13_curvature_v1,True,0,,,,,,,,,,,,,
tire_model_with_estimator_ablation,nn_static,standard,nn,tire_force_static,dirt,lane_change,5.0,0,404,/home/ksha/Documents/sbel/offroad-control/benchmarking/results/tire_model_with_estimator_ablation_20260827_225959/raw/0064_nn_static_dirt_lane_change_v5_b0_s404,ok,0,26.07692527770996,20.0,0.99,/home/ksha/Documents/sbel/offroad-control/benchmarking/results/tire_model_with_estimator_ablation_20260827_225959/raw/0064_nn_static_dirt_lane_change_v5_b0_s404/20260827_230330_817455_dirt_lane_change_acados_static_mlp/diag_dirt_lane_change_acados_static_mlp.csv,,,1235,0.05092839001323355,0.178582,0.04107595046854083,3.901806827309237,5.52666,0.7803613654618473,14.577465587044532,16.242800000000006,137.2072277419373,79.041886,3.088206,0,chrono_body_contact,0,,,,,,,,True,lane_change,5.0,404,80,[25128],[25129],False,True,,12,False,False,False,0,0,,,0,0,0,,,,0,0,True,disabled,backend_compatibility,matched-terrain oracle-information baseline,matched_plant,c95613694247a1005b45d05d79e96eab52db905aea2667907ed2515e9ac3b36a,shared_worst_case_phi13_curvature_v1,True,0,,,,,,,,,,,,,
tire_model_with_estimator_ablation,nn_static,standard,nn,tire_force_static,dirt,sinusoidal,9.0,0,402,/home/ksha/Documents/sbel/offroad-control/benchmarking/results/tire_model_with_estimator_ablation_20260827_225959/raw/0057_nn_static_dirt_sinusoidal_v9_b0_s402,ok,0,26.127504110336304,20.0,1.0,/home/ksha/Documents/sbel/offroad-control/benchmarking/results/tire_model_with_estimator_ablation_20260827_225959/raw/0057_nn_static_dirt_sinusoidal_v9_b0_s402/20260827_230330_775295_dirt_sinusoidal_acados_static_mlp/diag_dirt_sinusoidal_acados_static_mlp.csv,,,1147,0.0716000971369496,0.222562,0.05748572606774669,4.85156936671576,5.26378,0.5390632629684178,15.653879686137751,16.52,126.21624910270596,76.072183,1.62892,0,chrono_body_contact,0,,,,,,,,True,sinusoidal,9.0,402,66,[25114],[25115],False,True,,12,False,False,False,0,0,,,0,0,0,,,,0,0,True,disabled,backend_compatibility,matched-terrain oracle-information baseline,matched_plant,dc58ccfda201c75bc0d828da6f9710e91377898701de047f0e4ef191b0e89544,shared_worst_case_phi13_curvature_v1,True,0,,,,,,,,,,,,,
tire_model_with_estimator_ablation,nn_static,standard,nn,tire_force_static,dirt,lane_change,5.0,0,400,/home/ksha/Documents/sbel/offroad-control/benchmarking/results/tire_model_with_estimator_ablation_20260827_225959/raw/0060_nn_static_dirt_lane_change_v5_b0_s400,ok,0,26.13835620880127,20.0,1.0,/home/ksha/Documents/sbel/offroad-control/benchmarking/results/tire_model_with_estimator_ablation_20260827_225959/raw/0060_nn_static_dirt_lane_change_v5_b0_s400/20260827_230330_496075_dirt_lane_change_acados_static_mlp/diag_dirt_lane_change_acados_static_mlp.csv,,,1240,0.05050292985524796,0.184384,0.040184107712765954,3.925988031914893,5.353419999999999,0.7851976063829786,14.538790322580644,15.876599999999994,134.27009392946076,78.910982,3.037983,0,chrono_body_contact,0,,,,,,,,True,lane_change,5.0,400,72,[25120],[25121],False,True,,12,False,False,False,0,0,,,0,0,0,,,,0,0,True,disabled,backend_compatibility,matched-terrain oracle-information baseline,matched_plant,c95613694247a1005b45d05d79e96eab52db905aea2667907ed2515e9ac3b36a,shared_worst_case_phi13_curvature_v1,True,0,,,,,,,,,,,,,
tire_model_with_estimator_ablation,nn_static,standard,nn,tire_force_static,dirt,lane_change,5.0,0,403,/home/ksha/Documents/sbel/offroad-control/benchmarking/results/tire_model_with_estimator_ablation_20260827_225959/raw/0063_nn_static_dirt_lane_change_v5_b0_s403,ok,0,26.228166341781616,20.0,1.0,/home/ksha/Documents/sbel/offroad-control/benchmarking/results/tire_model_with_estimator_ablation_20260827_225959/raw/0063_nn_static_dirt_lane_change_v5_b0_s403/20260827_230330_496203_dirt_lane_change_acados_static_mlp/diag_dirt_lane_change_acados_static_mlp.csv,,,1245,0.05165492413131466,0.179136,0.040916597625329815,3.8931605540897096,5.517395,0.7786321108179419,14.4835983935743,16.6568,134.651128677852,79.074918,2.984823,0,chrono_body_contact,0,,,,,,,,True,lane_change,5.0,403,78,[25126],[25127],False,True,,12,False,False,False,0,0,,,0,0,0,,,,0,0,True,disabled,backend_compatibility,matched-terrain oracle-information baseline,matched_plant,c95613694247a1005b45d05d79e96eab52db905aea2667907ed2515e9ac3b36a,shared_worst_case_phi13_curvature_v1,True,0,,,,,,,,,,,,,
tire_model_with_estimator_ablation,nn_static,standard,nn,tire_force_static,dirt,sinusoidal,9.0,0,404,/home/ksha/Documents/sbel/offroad-control/benchmarking/results/tire_model_with_estimator_ablation_20260827_225959/raw/0059_nn_static_dirt_sinusoidal_v9_b0_s404,ok,0,26.230607986450195,20.0,1.0,/home/ksha/Documents/sbel/offroad-control/benchmarking/results/tire_model_with_estimator_ablation_20260827_225959/raw/0059_nn_static_dirt_sinusoidal_v9_b0_s404/20260827_230330_587094_dirt_sinusoidal_acados_static_mlp/diag_dirt_sinusoidal_acados_static_mlp.csv,,,1235,0.07375664688220886,0.209745,0.059856824657534245,4.753241232876713,5.290265,0.5281379147640792,14.60791093117409,15.466600000000001,134.956135224308,71.723752,1.981905,0,chrono_body_contact,0,,,,,,,,True,sinusoidal,9.0,404,70,[25118],[25119],False,True,,12,False,False,False,0,0,,,0,0,0,,,,0,0,True,disabled,backend_compatibility,matched-terrain oracle-information baseline,matched_plant,dc58ccfda201c75bc0d828da6f9710e91377898701de047f0e4ef191b0e89544,shared_worst_case_phi13_curvature_v1,True,0,,,,,,,,,,,,,
tire_model_with_estimator_ablation,nn_static,standard,nn,tire_force_static,dirt,sinusoidal,9.0,0,403,/home/ksha/Documents/sbel/offroad-control/benchmarking/results/tire_model_with_estimator_ablation_20260827_225959/raw/0058_nn_static_dirt_sinusoidal_v9_b0_s403,ok,0,26.230557918548584,20.0,1.0,/home/ksha/Documents/sbel/offroad-control/benchmarking/results/tire_model_with_estimator_ablation_20260827_225959/raw/0058_nn_static_dirt_sinusoidal_v9_b0_s403/20260827_230330_728946_dirt_sinusoidal_acados_static_mlp/diag_dirt_sinusoidal_acados_static_mlp.csv,,,1244,0.07480273129167882,0.27841,0.05941254965034965,4.468013426573426,5.15667,0.49644593628593625,14.461752411575562,19.60619999999996,131.15244300478702,63.871351,-0.50178,0,chrono_body_contact,0,,,,,,,,True,sinusoidal,9.0,403,68,[25116],[25117],False,True,,12,False,False,False,0,0,,,0,0,0,,,,0,0,True,disabled,backend_compatibility,matched-terrain oracle-information baseline,matched_plant,dc58ccfda201c75bc0d828da6f9710e91377898701de047f0e4ef191b0e89544,shared_worst_case_phi13_curvature_v1,True,0,,,,,,,,,,,,,
tire_model_with_estimator_ablation,nn_static,standard,nn,tire_force_static,dirt,lane_change,7.0,0,401,/home/ksha/Documents/sbel/offroad-control/benchmarking/results/tire_model_with_estimator_ablation_20260827_225959/raw/0066_nn_static_dirt_lane_change_v7_b0_s401,ok,0,26.07796812057495,20.0,0.99,/home/ksha/Documents/sbel/offroad-control/benchmarking/results/tire_model_with_estimator_ablation_20260827_225959/raw/0066_nn_static_dirt_lane_change_v7_b0_s401/20260827_230357_028428_dirt_lane_change_acados_static_mlp/diag_dirt_lane_change_acados_static_mlp.csv,,,1272,0.054783249172402106,0.164655,0.043384300254452925,3.766408651399491,7.187575,0.5380583787713559,14.125,16.6458,142.80259374343007,80.851757,3.027073,0,chrono_body_contact,0,,,,,,,,True,lane_change,7.0,401,84,[25132],[25133],False,True,,12,False,False,False,0,0,,,0,0,0,,,,0,0,True,disabled,backend_compatibility,matched-terrain oracle-information baseline,matched_plant,7085653a638402e5abfa5737dcf5188cf3bc55fb7a7340a71403cb917f35b2aa,shared_worst_case_phi13_curvature_v1,True,0,,,,,,,,,,,,,
tire_model_with_estimator_ablation,nn_static,standard,nn,tire_force_static,dirt,lane_change,7.0,0,403,/home/ksha/Documents/sbel/offroad-control/benchmarking/results/tire_model_with_estimator_ablation_20260827_225959/raw/0068_nn_static_dirt_lane_change_v7_b0_s403,ok,0,26.0794677734375,20.0,1.0,/home/ksha/Documents/sbel/offroad-control/benchmarking/results/tire_model_with_estimator_ablation_20260827_225959/raw/0068_nn_static_dirt_lane_change_v7_b0_s403/20260827_230357_002237_dirt_lane_change_acados_static_mlp/diag_dirt_lane_change_acados_static_mlp.csv,,,1278,0.054381629650228996,0.182451,0.04276589001264222,3.756536409608091,7.1443,0.5366480585154416,14.06320813771518,15.660700000000002,143.65016217146274,80.770069,2.981441,0,chrono_body_contact,0,,,,,,,,True,lane_change,7.0,403,88,[25136],[25137],False,True,,12,False,False,False,0,0,,,0,0,0,,,,0,0,True,disabled,backend_compatibility,matched-terrain oracle-information baseline,matched_plant,7085653a638402e5abfa5737dcf5188cf3bc55fb7a7340a71403cb917f35b2aa,shared_worst_case_phi13_curvature_v1,True,0,,,,,,,,,,,,,
tire_model_with_estimator_ablation,nn_static,standard,nn,tire_force_static,dirt,lane_change,7.0,0,402,/home/ksha/Documents/sbel/offroad-control/benchmarking/results/tire_model_with_estimator_ablation_20260827_225959/raw/0067_nn_static_dirt_lane_change_v7_b0_s402,ok,0,26.078097105026245,20.0,1.0,/home/ksha/Documents/sbel/offroad-control/benchmarking/results/tire_model_with_estimator_ablation_20260827_225959/raw/0067_nn_static_dirt_lane_change_v7_b0_s402/20260827_230356_753467_dirt_lane_change_acados_static_mlp/diag_dirt_lane_change_acados_static_mlp.csv,,,1273,0.05566557917991754,0.24112,0.043932179617834397,3.753212993630574,7.172,0.5361732848043677,14.084713275726633,15.723999999999998,143.85920412153945,80.944264,3.018926,0,chrono_body_contact,0,,,,,,,,True,lane_change,7.0,402,86,[25134],[25135],False,True,,12,False,False,False,0,0,,,0,0,0,,,,0,0,True,disabled,backend_compatibility,matched-terrain oracle-information baseline,matched_plant,7085653a638402e5abfa5737dcf5188cf3bc55fb7a7340a71403cb917f35b2aa,shared_worst_case_phi13_curvature_v1,True,0,,,,,,,,,,,,,
tire_model_with_estimator_ablation,nn_static,standard,nn,tire_force_static,dirt,lane_change,7.0,0,400,/home/ksha/Documents/sbel/offroad-control/benchmarking/results/tire_model_with_estimator_ablation_20260827_225959/raw/0065_nn_static_dirt_lane_change_v7_b0_s400,ok,0,26.08427381515503,20.0,1.0,/home/ksha/Documents/sbel/offroad-control/benchmarking/results/tire_model_with_estimator_ablation_20260827_225959/raw/0065_nn_static_dirt_lane_change_v7_b0_s400/20260827_230357_059943_dirt_lane_change_acados_static_mlp/diag_dirt_lane_change_acados_static_mlp.csv,,,1294,0.053341308601087614,0.184656,0.04275395641344957,3.71018094645081,7.13679,0.5300258494929728,13.862859350850078,15.5107,145.5944178769886,80.626478,3.037845,0,chrono_body_contact,0,,,,,,,,True,lane_change,7.0,400,82,[25130],[25131],False,True,,12,False,False,False,0,0,,,0,0,0,,,,0,0,True,disabled,backend_compatibility,matched-terrain oracle-information baseline,matched_plant,7085653a638402e5abfa5737dcf5188cf3bc55fb7a7340a71403cb917f35b2aa,shared_worst_case_phi13_curvature_v1,True,0,,,,,,,,,,,,,
tire_model_with_estimator_ablation,nn_static,standard,nn,tire_force_static,dirt,lane_change,9.0,0,401,/home/ksha/Documents/sbel/offroad-control/benchmarking/results/tire_model_with_estimator_ablation_20260827_225959/raw/0071_nn_static_dirt_lane_change_v9_b0_s401,ok,0,26.1277813911438,20.0,1.0,/home/ksha/Documents/sbel/offroad-control/benchmarking/results/tire_model_with_estimator_ablation_20260827_225959/raw/0071_nn_static_dirt_lane_change_v9_b0_s401/20260827_230357_118250_dirt_lane_change_acados_static_mlp/diag_dirt_lane_change_acados_static_mlp.csv,,,1219,0.17337102190199902,0.695763,0.1074106855263158,3.7824168421052633,8.08303,0.42026853801169595,14.694265791632484,17.721599999999974,142.52933460949262,82.942267,3.095178,0,chrono_body_contact,0,,,,,,,,True,lane_change,9.0,401,94,[25142],[25143],False,True,,12,False,False,False,0,0,,,0,0,0,,,,0,0,True,disabled,backend_compatibility,matched-terrain oracle-information baseline,matched_plant,8738935243860ac000075a211607e15f3d93aec40193a3fb27ed22c8942c3b2e,shared_worst_case_phi13_curvature_v1,True,0,,,,,,,,,,,,,
tire_model_with_estimator_ablation,nn_static,standard,nn,tire_force_static,dirt,lane_change,7.0,0,404,/home/ksha/Documents/sbel/offroad-control/benchmarking/results/tire_model_with_estimator_ablation_20260827_225959/raw/0069_nn_static_dirt_lane_change_v7_b0_s404,ok,0,26.127843379974365,20.0,1.0,/home/ksha/Documents/sbel/offroad-control/benchmarking/results/tire_model_with_estimator_ablation_20260827_225959/raw/0069_nn_static_dirt_lane_change_v7_b0_s404/20260827_230356_995028_dirt_lane_change_acados_static_mlp/diag_dirt_lane_change_acados_static_mlp.csv,,,1274,0.05431646597162628,0.176594,0.043545775949367094,3.6976651898734176,7.2348,0.5282378842676311,14.092598116169546,15.852699999999999,146.84438466805858,80.934927,3.076603,0,chrono_body_contact,0,,,,,,,,True,lane_change,7.0,404,90,[25138],[25139],False,True,,12,False,False,False,0,0,,,0,0,0,,,,0,0,True,disabled,backend_compatibility,matched-terrain oracle-information baseline,matched_plant,7085653a638402e5abfa5737dcf5188cf3bc55fb7a7340a71403cb917f35b2aa,shared_worst_case_phi13_curvature_v1,True,0,,,,,,,,,,,,,
tire_model_with_estimator_ablation,nn_static,standard,nn,tire_force_static,dirt,lane_change,9.0,0,402,/home/ksha/Documents/sbel/offroad-control/benchmarking/results/tire_model_with_estimator_ablation_20260827_225959/raw/0072_nn_static_dirt_lane_change_v9_b0_s402,ok,0,26.181525230407715,20.0,1.0,/home/ksha/Documents/sbel/offroad-control/benchmarking/results/tire_model_with_estimator_ablation_20260827_225959/raw/0072_nn_static_dirt_lane_change_v9_b0_s402/20260827_230356_758908_dirt_lane_change_acados_static_mlp/diag_dirt_lane_change_acados_static_mlp.csv,,,1271,0.2161945579228328,0.70429,0.16499583842239188,3.9804711195928757,8.1548,0.44227456884365285,14.152722265932336,18.054999999999996,145.32052655498427,83.758745,3.213648,0,chrono_body_contact,0,,,,,,,,True,lane_change,9.0,402,96,[25144],[25145],False,True,,12,False,False,False,0,0,,,0,0,0,,,,0,0,True,disabled,backend_compatibility,matched-terrain oracle-information baseline,matched_plant,8738935243860ac000075a211607e15f3d93aec40193a3fb27ed22c8942c3b2e,shared_worst_case_phi13_curvature_v1,True,0,,,,,,,,,,,,,
tire_model_with_estimator_ablation,nn_static,standard,nn,tire_force_static,dirt,lane_change,9.0,0,400,/home/ksha/Documents/sbel/offroad-control/benchmarking/results/tire_model_with_estimator_ablation_20260827_225959/raw/0070_nn_static_dirt_lane_change_v9_b0_s400,ok,0,26.228094577789307,20.0,1.0,/home/ksha/Documents/sbel/offroad-control/benchmarking/results/tire_model_with_estimator_ablation_20260827_225959/raw/0070_nn_static_dirt_lane_change_v9_b0_s400/20260827_230356_850905_dirt_lane_change_acados_static_mlp/diag_dirt_lane_change_acados_static_mlp.csv,,,1260,0.18441961992542955,0.693309,0.13454901278772377,3.9287406649616368,8.156235,0.436526740551293,14.264007936507937,18.922300000000003,146.61318476997965,83.957748,3.182284,0,chrono_body_contact,0,,,,,,,,True,lane_change,9.0,400,92,[25140],[25141],False,True,,12,False,False,False,0,0,,,0,0,0,,,,0,0,True,disabled,backend_compatibility,matched-terrain oracle-information baseline,matched_plant,8738935243860ac000075a211607e15f3d93aec40193a3fb27ed22c8942c3b2e,shared_worst_case_phi13_curvature_v1,True,0,,,,,,,,,,,,,
tire_model_with_estimator_ablation,nn_static,standard,nn,tire_force_static,dirt,lane_change,9.0,0,404,/home/ksha/Documents/sbel/offroad-control/benchmarking/results/tire_model_with_estimator_ablation_20260827_225959/raw/0074_nn_static_dirt_lane_change_v9_b0_s404,ok,0,26.02777886390686,20.0,1.0,/home/ksha/Documents/sbel/offroad-control/benchmarking/results/tire_model_with_estimator_ablation_20260827_225959/raw/0074_nn_static_dirt_lane_change_v9_b0_s404/20260827_230423_208772_dirt_lane_change_acados_static_mlp/diag_dirt_lane_change_acados_static_mlp.csv,,,1270,0.22307096616981528,0.761941,0.16681596040868454,3.9344007662835248,8.15293,0.4371556406981694,14.137007874015747,17.283699999999985,148.7076591950712,83.859221,3.282388,0,chrono_body_contact,0,,,,,,,,True,lane_change,9.0,404,100,[25148],[25149],False,True,,12,False,False,False,0,0,,,0,0,0,,,,0,0,True,disabled,backend_compatibility,matched-terrain oracle-information baseline,matched_plant,8738935243860ac000075a211607e15f3d93aec40193a3fb27ed22c8942c3b2e,shared_worst_case_phi13_curvature_v1,True,0,,,,,,,,,,,,,
tire_model_with_estimator_ablation,nn_static,standard,nn,tire_force_static,dirt,right_left,5.0,0,402,/home/ksha/Documents/sbel/offroad-control/benchmarking/results/tire_model_with_estimator_ablation_20260827_225959/raw/0077_nn_static_dirt_right_left_v5_b0_s402,ok,0,26.087504863739014,20.0,1.0,/home/ksha/Documents/sbel/offroad-control/benchmarking/results/tire_model_with_estimator_ablation_20260827_225959/raw/0077_nn_static_dirt_right_left_v5_b0_s402/20260827_230423_310634_dirt_right_left_acados_static_mlp/diag_dirt_right_left_acados_static_mlp.csv,,,1200,0.1125901875064694,0.318409,0.0922390028050491,3.5851612903225805,4.43228,0.7170322580645161,15.036850000000001,15.7304,127.13792340828189,46.878503,-30.900818,0,chrono_body_contact,0,,,,,,,,True,right_left,5.0,402,5,[25154],[25155],False,True,,12,False,False,False,0,0,,,0,0,0,,,,0,0,True,disabled,backend_compatibility,matched-terrain oracle-information baseline,matched_plant,2df275ec6c3a4a1b2fbc274414784eef849a9e55ab7130f9593a0001877583aa,shared_worst_case_phi13_curvature_v1,True,0,,,,,,,,,,,,,
tire_model_with_estimator_ablation,nn_static,standard,nn,tire_force_static,dirt,right_left,5.0,0,404,/home/ksha/Documents/sbel/offroad-control/benchmarking/results/tire_model_with_estimator_ablation_20260827_225959/raw/0079_nn_static_dirt_right_left_v5_b0_s404,ok,0,26.2270188331604,20.0,0.99,/home/ksha/Documents/sbel/offroad-control/benchmarking/results/tire_model_with_estimator_ablation_20260827_225959/raw/0079_nn_static_dirt_right_left_v5_b0_s404/20260827_230423_159526_dirt_right_left_acados_static_mlp/diag_dirt_right_left_acados_static_mlp.csv,,,1210,0.1234499690255595,0.350466,0.09883265193370168,3.660572790055248,4.381595,0.7321145580110496,15.005578512396694,15.9191,131.65866116474686,47.731086,-30.891746,0,chrono_body_contact,0,,,,,,,,True,right_left,5.0,404,9,[25158],[25159],False,True,,12,False,False,False,0,0,,,0,0,0,,,,0,0,True,disabled,backend_compatibility,matched-terrain oracle-information baseline,matched_plant,2df275ec6c3a4a1b2fbc274414784eef849a9e55ab7130f9593a0001877583aa,shared_worst_case_phi13_curvature_v1,True,0,,,,,,,,,,,,,
tire_model_with_estimator_ablation,nn_static,standard,nn,tire_force_static,dirt,right_left,7.0,0,400,/home/ksha/Documents/sbel/offroad-control/benchmarking/results/tire_model_with_estimator_ablation_20260827_225959/raw/0080_nn_static_dirt_right_left_v7_b0_s400,ok,0,26.274726629257202,20.0,0.99,/home/ksha/Documents/sbel/offroad-control/benchmarking/results/tire_model_with_estimator_ablation_20260827_225959/raw/0080_nn_static_dirt_right_left_v7_b0_s400/20260827_230423_228808_dirt_right_left_acados_static_mlp/diag_dirt_right_left_acados_static_mlp.csv,,,1230,0.17580940334371914,0.511196,0.1267626598915989,4.1588872628726286,5.77032,0.5941267518389469,14.742178861788616,15.644200000000001,130.86159072528403,55.348703,-31.032245,0,chrono_body_contact,0,,,,,,,,True,right_left,7.0,400,11,[25160],[25161],False,True,,12,False,False,False,0,0,,,0,0,0,,,,0,0,True,disabled,backend_compatibility,matched-terrain oracle-information baseline,matched_plant,2a22058ceeef679f207bd5220377a736edae3e63c7f59afab2d351bc5e8d1aca,shared_worst_case_phi13_curvature_v1,True,0,,,,,,,,,,,,,
tire_model_with_estimator_ablation,nn_static,standard,nn,tire_force_static,dirt,right_left,5.0,0,401,/home/ksha/Documents/sbel/offroad-control/benchmarking/results/tire_model_with_estimator_ablation_20260827_225959/raw/0076_nn_static_dirt_right_left_v5_b0_s401,ok,0,26.2789089679718,20.0,1.0,/home/ksha/Documents/sbel/offroad-control/benchmarking/results/tire_model_with_estimator_ablation_20260827_225959/raw/0076_nn_static_dirt_right_left_v5_b0_s401/20260827_230422_998145_dirt_right_left_acados_static_mlp/diag_dirt_right_left_acados_static_mlp.csv,,,1217,0.10874876299585577,0.338642,0.08807570775623269,3.6953811634349036,4.584035,0.7390762326869807,14.84421528348398,15.625199999999998,127.78797971017349,48.594478,-30.973267,0,chrono_body_contact,0,,,,,,,,True,right_left,5.0,401,3,[25152],[25153],False,True,,12,False,False,False,0,0,,,0,0,0,,,,0,0,True,disabled,backend_compatibility,matched-terrain oracle-information baseline,matched_plant,2df275ec6c3a4a1b2fbc274414784eef849a9e55ab7130f9593a0001877583aa,shared_worst_case_phi13_curvature_v1,True,0,,,,,,,,,,,,,
tire_model_with_estimator_ablation,nn_static,standard,nn,tire_force_static,dirt,right_left,5.0,0,403,/home/ksha/Documents/sbel/offroad-control/benchmarking/results/tire_model_with_estimator_ablation_20260827_225959/raw/0078_nn_static_dirt_right_left_v5_b0_s403,ok,0,26.28325581550598,20.0,0.98,/home/ksha/Documents/sbel/offroad-control/benchmarking/results/tire_model_with_estimator_ablation_20260827_225959/raw/0078_nn_static_dirt_right_left_v5_b0_s403/20260827_230423_066992_dirt_right_left_acados_static_mlp/diag_dirt_right_left_acados_static_mlp.csv,,,1220,0.11273292884260877,0.321161,0.09081562500000001,3.67857032967033,4.590225,0.735714065934066,15.01600819672131,15.81,128.88742622603394,48.83293,-31.009537,0,chrono_body_contact,0,,,,,,,,True,right_left,5.0,403,7,[25156],[25157],False,True,,12,False,False,False,0,0,,,0,0,0,,,,0,0,True,disabled,backend_compatibility,matched-terrain oracle-information baseline,matched_plant,2df275ec6c3a4a1b2fbc274414784eef849a9e55ab7130f9593a0001877583aa,shared_worst_case_phi13_curvature_v1,True,0,,,,,,,,,,,,,
tire_model_with_estimator_ablation,nn_static,standard,nn,tire_force_static,dirt,lane_change,9.0,0,403,/home/ksha/Documents/sbel/offroad-control/benchmarking/results/tire_model_with_estimator_ablation_20260827_225959/raw/0073_nn_static_dirt_lane_change_v9_b0_s403,ok,0,26.330479383468628,20.0,1.0,/home/ksha/Documents/sbel/offroad-control/benchmarking/results/tire_model_with_estimator_ablation_20260827_225959/raw/0073_nn_static_dirt_lane_change_v9_b0_s403/20260827_230423_299543_dirt_lane_change_acados_static_mlp/diag_dirt_lane_change_acados_static_mlp.csv,,,1246,0.17326929789792925,0.761588,0.10038565116279069,3.8784488372093024,8.193085,0.4309387596899225,14.44435794542536,19.752,142.3122259913274,83.3138,2.934432,0,chrono_body_contact,0,,,,,,,,True,lane_change,9.0,403,98,[25146],[25147],False,True,,12,False,False,False,0,0,,,0,0,0,,,,0,0,True,disabled,backend_compatibility,matched-terrain oracle-information baseline,matched_plant,8738935243860ac000075a211607e15f3d93aec40193a3fb27ed22c8942c3b2e,shared_worst_case_phi13_curvature_v1,True,0,,,,,,,,,,,,,
tire_model_with_estimator_ablation,nn_static,standard,nn,tire_force_static,dirt,right_left,5.0,0,400,/home/ksha/Documents/sbel/offroad-control/benchmarking/results/tire_model_with_estimator_ablation_20260827_225959/raw/0075_nn_static_dirt_right_left_v5_b0_s400,ok,0,26.38531255722046,20.0,0.99,/home/ksha/Documents/sbel/offroad-control/benchmarking/results/tire_model_with_estimator_ablation_20260827_225959/raw/0075_nn_static_dirt_right_left_v5_b0_s400/20260827_230423_181252_dirt_right_left_acados_static_mlp/diag_dirt_right_left_acados_static_mlp.csv,,,1140,0.11374429110822216,0.324788,0.09192940204678363,3.5550621345029243,4.39885,0.7110124269005849,15.965578947368423,16.796599999999994,122.7977773843314,47.115393,-30.961566,0,chrono_body_contact,0,,,,,,,,True,right_left,5.0,400,1,[25150],[25151],False,True,,12,False,False,False,0,0,,,0,0,0,,,,0,0,True,disabled,backend_compatibility,matched-terrain oracle-information baseline,matched_plant,2df275ec6c3a4a1b2fbc274414784eef849a9e55ab7130f9593a0001877583aa,shared_worst_case_phi13_curvature_v1,True,0,,,,,,,,,,,,,
tire_model_with_estimator_ablation,nn_static,standard,nn,tire_force_static,dirt,right_left,7.0,0,403,/home/ksha/Documents/sbel/offroad-control/benchmarking/results/tire_model_with_estimator_ablation_20260827_225959/raw/0083_nn_static_dirt_right_left_v7_b0_s403,ok,0,26.028923988342285,20.0,0.99,/home/ksha/Documents/sbel/offroad-control/benchmarking/results/tire_model_with_estimator_ablation_20260827_225959/raw/0083_nn_static_dirt_right_left_v7_b0_s403/20260827_230449_600841_dirt_right_left_acados_static_mlp/diag_dirt_right_left_acados_static_mlp.csv,,,1201,0.13691740031670158,0.433166,0.10253807412587412,4.004716083916084,5.66048,0.5721022977022977,15.01580349708576,15.63,130.96280125533184,53.55176,-30.957556,0,chrono_body_contact,0,,,,,,,,True,right_left,7.0,403,17,[25166],[25167],False,True,,12,False,False,False,0,0,,,0,0,0,,,,0,0,True,disabled,backend_compatibility,matched-terrain oracle-information baseline,matched_plant,2a22058ceeef679f207bd5220377a736edae3e63c7f59afab2d351bc5e8d1aca,shared_worst_case_phi13_curvature_v1,True,0,,,,,,,,,,,,,
tire_model_with_estimator_ablation,nn_static,standard,nn,tire_force_static,dirt,right_left,9.0,0,402,/home/ksha/Documents/sbel/offroad-control/benchmarking/results/tire_model_with_estimator_ablation_20260827_225959/raw/0087_nn_static_dirt_right_left_v9_b0_s402,ok,0,26.080939531326294,20.0,0.99,/home/ksha/Documents/sbel/offroad-control/benchmarking/results/tire_model_with_estimator_ablation_20260827_225959/raw/0087_nn_static_dirt_right_left_v9_b0_s402/20260827_230449_660003_dirt_right_left_acados_static_mlp/diag_dirt_right_left_acados_static_mlp.csv,,,1189,0.16795447729292948,0.5162,0.12386222630834512,4.147201838755305,6.315439999999999,0.460800204306145,15.18506307821699,15.751199999999999,129.78003154517103,55.448294,-30.887394,0,chrono_body_contact,0,,,,,,,,True,right_left,9.0,402,25,[25174],[25175],False,True,,12,False,False,False,0,0,,,0,0,0,,,,0,0,True,disabled,backend_compatibility,matched-terrain oracle-information baseline,matched_plant,2fd2c1dbb42c39cc163281ad14f69d4122484783b6b75aa488f2ea05e6c9793b,shared_worst_case_phi13_curvature_v1,True,0,,,,,,,,,,,,,
tire_model_with_estimator_ablation,nn_static,standard,nn,tire_force_static,dirt,right_left,9.0,0,400,/home/ksha/Documents/sbel/offroad-control/benchmarking/results/tire_model_with_estimator_ablation_20260827_225959/raw/0085_nn_static_dirt_right_left_v9_b0_s400,ok,0,26.131324529647827,20.0,0.99,/home/ksha/Documents/sbel/offroad-control/benchmarking/results/tire_model_with_estimator_ablation_20260827_225959/raw/0085_nn_static_dirt_right_left_v9_b0_s400/20260827_230449_767473_dirt_right_left_acados_static_mlp/diag_dirt_right_left_acados_static_mlp.csv,,,1192,0.1626699379940694,0.521078,0.1179896797752809,4.2910671348314615,6.612905,0.47678523720349575,15.158305369127515,15.72,133.63815228888257,57.859616,-30.976324,0,chrono_body_contact,0,,,,,,,,True,right_left,9.0,400,21,[25170],[25171],False,True,,12,False,False,False,0,0,,,0,0,0,,,,0,0,True,disabled,backend_compatibility,matched-terrain oracle-information baseline,matched_plant,2fd2c1dbb42c39cc163281ad14f69d4122484783b6b75aa488f2ea05e6c9793b,shared_worst_case_phi13_curvature_v1,True,0,,,,,,,,,,,,,
tire_model_with_estimator_ablation,nn_static,standard,nn,tire_force_static,dirt,right_left,9.0,0,403,/home/ksha/Documents/sbel/offroad-control/benchmarking/results/tire_model_with_estimator_ablation_20260827_225959/raw/0088_nn_static_dirt_right_left_v9_b0_s403,ok,0,26.1765398979187,20.0,0.99,/home/ksha/Documents/sbel/offroad-control/benchmarking/results/tire_model_with_estimator_ablation_20260827_225959/raw/0088_nn_static_dirt_right_left_v9_b0_s403/20260827_230449_635284_dirt_right_left_acados_static_mlp/diag_dirt_right_left_acados_static_mlp.csv,,,1142,0.16477997030727867,0.526215,0.11935080294117648,4.234074264705883,6.54475,0.47045269607843143,15.845744308231174,16.4559,126.8274697135147,57.186331,-31.011912,0,chrono_body_contact,0,,,,,,,,True,right_left,9.0,403,27,[25176],[25177],False,True,,12,False,False,False,0,0,,,0,0,0,,,,0,0,True,disabled,backend_compatibility,matched-terrain oracle-information baseline,matched_plant,2fd2c1dbb42c39cc163281ad14f69d4122484783b6b75aa488f2ea05e6c9793b,shared_worst_case_phi13_curvature_v1,True,0,,,,,,,,,,,,,
tire_model_with_estimator_ablation,nn_static,standard,nn,tire_force_static,dirt,right_left,7.0,0,402,/home/ksha/Documents/sbel/offroad-control/benchmarking/results/tire_model_with_estimator_ablation_20260827_225959/raw/0082_nn_static_dirt_right_left_v7_b0_s402,ok,0,26.176361083984375,20.0,0.99,/home/ksha/Documents/sbel/offroad-control/benchmarking/results/tire_model_with_estimator_ablation_20260827_225959/raw/0082_nn_static_dirt_right_left_v7_b0_s402/20260827_230449_662915_dirt_right_left_acados_static_mlp/diag_dirt_right_left_acados_static_mlp.csv,,,1220,0.13047565849008103,0.40978,0.09947543828016644,4.020183356449375,5.6112,0.5743119080641964,14.845204918032785,15.47,130.71691661075903,54.123604,-30.994007,0,chrono_body_contact,0,,,,,,,,True,right_left,7.0,402,15,[25164],[25165],False,True,,12,False,False,False,0,0,,,0,0,0,,,,0,0,True,disabled,backend_compatibility,matched-terrain oracle-information baseline,matched_plant,2a22058ceeef679f207bd5220377a736edae3e63c7f59afab2d351bc5e8d1aca,shared_worst_case_phi13_curvature_v1,True,0,,,,,,,,,,,,,
tire_model_with_estimator_ablation,nn_static,standard,nn,tire_force_static,dirt,right_left,9.0,0,401,/home/ksha/Documents/sbel/offroad-control/benchmarking/results/tire_model_with_estimator_ablation_20260827_225959/raw/0086_nn_static_dirt_right_left_v9_b0_s401,ok,0,26.329689025878906,20.0,0.99,/home/ksha/Documents/sbel/offroad-control/benchmarking/results/tire_model_with_estimator_ablation_20260827_225959/raw/0086_nn_static_dirt_right_left_v9_b0_s401/20260827_230449_703596_dirt_right_left_acados_static_mlp/diag_dirt_right_left_acados_static_mlp.csv,,,1217,0.17086676220072458,0.532181,0.12462490424076608,4.209363337893297,6.51475,0.4677070375436997,14.905653245686114,15.51,134.92408334703472,57.099579,-30.957519,0,chrono_body_contact,0,,,,,,,,True,right_left,9.0,401,23,[25172],[25173],False,True,,12,False,False,False,0,0,,,0,0,0,,,,0,0,True,disabled,backend_compatibility,matched-terrain oracle-information baseline,matched_plant,2fd2c1dbb42c39cc163281ad14f69d4122484783b6b75aa488f2ea05e6c9793b,shared_worst_case_phi13_curvature_v1,True,0,,,,,,,,,,,,,
tire_model_with_estimator_ablation,nn_static,standard,nn,tire_force_static,dirt,right_left,7.0,0,401,/home/ksha/Documents/sbel/offroad-control/benchmarking/results/tire_model_with_estimator_ablation_20260827_225959/raw/0081_nn_static_dirt_right_left_v7_b0_s401,ok,0,26.334274768829346,20.0,0.98,/home/ksha/Documents/sbel/offroad-control/benchmarking/results/tire_model_with_estimator_ablation_20260827_225959/raw/0081_nn_static_dirt_right_left_v7_b0_s401/20260827_230449_432434_dirt_right_left_acados_static_mlp/diag_dirt_right_left_acados_static_mlp.csv,,,1211,0.15881294372656227,0.512741,0.11621193026499303,4.14242259414226,5.71714,0.5917746563060371,15.180231213872833,15.738000000000001,135.61446156926502,56.192276,-30.964242,0,chrono_body_contact,0,,,,,,,,True,right_left,7.0,401,13,[25162],[25163],False,True,,12,False,False,False,0,0,,,0,0,0,,,,0,0,True,disabled,backend_compatibility,matched-terrain oracle-information baseline,matched_plant,2a22058ceeef679f207bd5220377a736edae3e63c7f59afab2d351bc5e8d1aca,shared_worst_case_phi13_curvature_v1,True,0,,,,,,,,,,,,,
tire_model_with_estimator_ablation,nn_static,standard,nn,tire_force_static,dirt,right_left,7.0,0,404,/home/ksha/Documents/sbel/offroad-control/benchmarking/results/tire_model_with_estimator_ablation_20260827_225959/raw/0084_nn_static_dirt_right_left_v7_b0_s404,ok,0,26.38089370727539,20.0,0.99,/home/ksha/Documents/sbel/offroad-control/benchmarking/results/tire_model_with_estimator_ablation_20260827_225959/raw/0084_nn_static_dirt_right_left_v7_b0_s404/20260827_230449_681365_dirt_right_left_acados_static_mlp/diag_dirt_right_left_acados_static_mlp.csv,,,1203,0.1672040586177799,0.567484,0.11984920665742024,4.124461581137309,5.7276,0.5892087973053298,15.15870324189526,15.749600000000001,133.4527832519211,55.577827,-30.927142,0,chrono_body_contact,0,,,,,,,,True,right_left,7.0,404,19,[25168],[25169],False,True,,12,False,False,False,0,0,,,0,0,0,,,,0,0,True,disabled,backend_compatibility,matched-terrain oracle-information baseline,matched_plant,2a22058ceeef679f207bd5220377a736edae3e63c7f59afab2d351bc5e8d1aca,shared_worst_case_phi13_curvature_v1,True,0,,,,,,,,,,,,,
tire_model_with_estimator_ablation,nn_static,standard,nn,tire_force_static,sand,sinusoidal,5.0,0,403,/home/ksha/Documents/sbel/offroad-control/benchmarking/results/tire_model_with_estimator_ablation_20260827_225959/raw/0093_nn_static_sand_sinusoidal_v5_b0_s403,ok,0,26.08260226249695,20.0,0.99,/home/ksha/Documents/sbel/offroad-control/benchmarking/results/tire_model_with_estimator_ablation_20260827_225959/raw/0093_nn_static_sand_sinusoidal_v5_b0_s403/20260827_230516_093966_sand_sinusoidal_acados_static_mlp/diag_sand_sinusoidal_acados_static_mlp.csv,,,1189,0.06555244330711242,0.207197,0.05295623032904149,4.5728783977110155,5.03329,0.9145756795422031,15.187964676198485,16.202399999999997,129.14478928883844,73.023078,1.985482,0,chrono_body_contact,0,,,,,,,,True,sinusoidal,5.0,403,37,[25186],[25187],False,True,,12,False,False,False,0,0,,,0,0,0,,,,0,0,True,disabled,backend_compatibility,matched-terrain oracle-information baseline,matched_plant,f544d4c607d9f35cff9cbf38b8d140aa1d8904401cf08a56f3c5a58132af58c5,shared_worst_case_phi13_curvature_v1,True,0,,,,,,,,,,,,,
tire_model_with_estimator_ablation,nn_static,standard,nn,tire_force_static,sand,sinusoidal,5.0,0,402,/home/ksha/Documents/sbel/offroad-control/benchmarking/results/tire_model_with_estimator_ablation_20260827_225959/raw/0092_nn_static_sand_sinusoidal_v5_b0_s402,ok,0,26.132015466690063,20.0,0.99,/home/ksha/Documents/sbel/offroad-control/benchmarking/results/tire_model_with_estimator_ablation_20260827_225959/raw/0092_nn_static_sand_sinusoidal_v5_b0_s402/20260827_230515_876121_sand_sinusoidal_acados_static_mlp/diag_sand_sinusoidal_acados_static_mlp.csv,,,1206,0.07100384439609764,0.248891,0.05660551893408135,4.669302805049089,5.04952,0.9338605610098177,14.933963515754561,15.867000000000003,129.75783973867067,74.791886,1.88926,0,chrono_body_contact,0,,,,,,,,True,sinusoidal,5.0,402,35,[25184],[25185],False,True,,12,False,False,False,0,0,,,0,0,0,,,,0,0,True,disabled,backend_compatibility,matched-terrain oracle-information baseline,matched_plant,f544d4c607d9f35cff9cbf38b8d140aa1d8904401cf08a56f3c5a58132af58c5,shared_worst_case_phi13_curvature_v1,True,0,,,,,,,,,,,,,
tire_model_with_estimator_ablation,nn_static,standard,nn,tire_force_static,sand,sinusoidal,5.0,0,401,/home/ksha/Documents/sbel/offroad-control/benchmarking/results/tire_model_with_estimator_ablation_20260827_225959/raw/0091_nn_static_sand_sinusoidal_v5_b0_s401,ok,0,26.13052487373352,20.0,0.99,/home/ksha/Documents/sbel/offroad-control/benchmarking/results/tire_model_with_estimator_ablation_20260827_225959/raw/0091_nn_static_sand_sinusoidal_v5_b0_s401/20260827_230516_092969_sand_sinusoidal_acados_static_mlp/diag_sand_sinusoidal_acados_static_mlp.csv,,,1229,0.06666580568342775,0.234658,0.05334158219178082,4.65718205479452,4.973695,0.931436410958904,14.671090317331164,15.738800000000001,135.27491798828146,75.183407,1.752946,0,chrono_body_contact,0,,,,,,,,True,sinusoidal,5.0,401,33,[25182],[25183],False,True,,12,False,False,False,0,0,,,0,0,0,,,,0,0,True,disabled,backend_compatibility,matched-terrain oracle-information baseline,matched_plant,f544d4c607d9f35cff9cbf38b8d140aa1d8904401cf08a56f3c5a58132af58c5,shared_worst_case_phi13_curvature_v1,True,0,,,,,,,,,,,,,
tire_model_with_estimator_ablation,nn_static,standard,nn,tire_force_static,dirt,right_left,9.0,0,404,/home/ksha/Documents/sbel/offroad-control/benchmarking/results/tire_model_with_estimator_ablation_20260827_225959/raw/0089_nn_static_dirt_right_left_v9_b0_s404,ok,0,26.230735301971436,20.0,1.0,/home/ksha/Documents/sbel/offroad-control/benchmarking/results/tire_model_with_estimator_ablation_20260827_225959/raw/0089_nn_static_dirt_right_left_v9_b0_s404/20260827_230516_110534_dirt_right_left_acados_static_mlp/diag_dirt_right_left_acados_static_mlp.csv,,,1197,0.15668564801790097,0.544209,0.11275363983050847,4.176217655367232,6.3267,0.4640241839296924,15.094152046783623,15.9004,133.20804158097275,55.805161,-30.884044,0,chrono_body_contact,0,,,,,,,,True,right_left,9.0,404,29,[25178],[25179],False,True,,12,False,False,False,0,0,,,0,0,0,,,,0,0,True,disabled,backend_compatibility,matched-terrain oracle-information baseline,matched_plant,2fd2c1dbb42c39cc163281ad14f69d4122484783b6b75aa488f2ea05e6c9793b,shared_worst_case_phi13_curvature_v1,True,0,,,,,,,,,,,,,
tire_model_with_estimator_ablation,nn_static,standard,nn,tire_force_static,sand,sinusoidal,7.0,0,401,/home/ksha/Documents/sbel/offroad-control/benchmarking/results/tire_model_with_estimator_ablation_20260827_225959/raw/0096_nn_static_sand_sinusoidal_v7_b0_s401,ok,0,26.280280590057373,20.0,0.98,/home/ksha/Documents/sbel/offroad-control/benchmarking/results/tire_model_with_estimator_ablation_20260827_225959/raw/0096_nn_static_sand_sinusoidal_v7_b0_s401/20260827_230516_015298_sand_sinusoidal_acados_static_mlp/diag_sand_sinusoidal_acados_static_mlp.csv,,,1217,0.06585907749912472,0.212028,0.05243350549450549,4.786968818681319,5.20029,0.6838526883830456,15.00976170912079,15.8768,133.04626610243906,76.631255,1.384172,0,chrono_body_contact,0,,,,,,,,True,sinusoidal,7.0,401,43,[25192],[25193],False,True,,12,False,False,False,0,0,,,0,0,0,,,,0,0,True,disabled,backend_compatibility,matched-terrain oracle-information baseline,matched_plant,dc58ccfda201c75bc0d828da6f9710e91377898701de047f0e4ef191b0e89544,shared_worst_case_phi13_curvature_v1,True,0,,,,,,,,,,,,,
tire_model_with_estimator_ablation,nn_static,standard,nn,tire_force_static,sand,sinusoidal,5.0,0,400,/home/ksha/Documents/sbel/offroad-control/benchmarking/results/tire_model_with_estimator_ablation_20260827_225959/raw/0090_nn_static_sand_sinusoidal_v5_b0_s400,ok,0,26.33074140548706,20.0,0.98,/home/ksha/Documents/sbel/offroad-control/benchmarking/results/tire_model_with_estimator_ablation_20260827_225959/raw/0090_nn_static_sand_sinusoidal_v5_b0_s400/20260827_230515_800141_sand_sinusoidal_acados_static_mlp/diag_sand_sinusoidal_acados_static_mlp.csv,,,1156,0.06765173906788813,0.229055,0.055395241982507296,4.714699271137026,5.091575000000001,0.9429398542274052,15.769749134948098,16.7345,130.07654793839237,77.623499,1.016489,0,chrono_body_contact,0,,,,,,,,True,sinusoidal,5.0,400,31,[25180],[25181],False,True,,12,False,False,False,0,0,,,0,0,0,,,,0,0,True,disabled,backend_compatibility,matched-terrain oracle-information baseline,matched_plant,f544d4c607d9f35cff9cbf38b8d140aa1d8904401cf08a56f3c5a58132af58c5,shared_worst_case_phi13_curvature_v1,True,0,,,,,,,,,,,,,
tire_model_with_estimator_ablation,nn_static,standard,nn,tire_force_static,sand,sinusoidal,5.0,0,404,/home/ksha/Documents/sbel/offroad-control/benchmarking/results/tire_model_with_estimator_ablation_20260827_225959/raw/0094_nn_static_sand_sinusoidal_v5_b0_s404,ok,0,26.431418418884277,20.0,0.98,/home/ksha/Documents/sbel/offroad-control/benchmarking/results/tire_model_with_estimator_ablation_20260827_225959/raw/0094_nn_static_sand_sinusoidal_v5_b0_s404/20260827_230515_885945_sand_sinusoidal_acados_static_mlp/diag_sand_sinusoidal_acados_static_mlp.csv,,,1239,0.06909097985058327,0.196895,0.05535414382632293,4.558817639077341,4.99252,0.9117635278154681,14.70721549636804,15.926199999999998,133.21049444997982,71.020066,1.843086,0,chrono_body_contact,0,,,,,,,,True,sinusoidal,5.0,404,39,[25188],[25189],False,True,,12,False,False,False,0,0,,,0,0,0,,,,0,0,True,disabled,backend_compatibility,matched-terrain oracle-information baseline,matched_plant,f544d4c607d9f35cff9cbf38b8d140aa1d8904401cf08a56f3c5a58132af58c5,shared_worst_case_phi13_curvature_v1,True,0,,,,,,,,,,,,,
tire_model_with_estimator_ablation,nn_static,standard,nn,tire_force_static,sand,sinusoidal,7.0,0,400,/home/ksha/Documents/sbel/offroad-control/benchmarking/results/tire_model_with_estimator_ablation_20260827_225959/raw/0095_nn_static_sand_sinusoidal_v7_b0_s400,ok,0,26.481547355651855,20.0,0.98,/home/ksha/Documents/sbel/offroad-control/benchmarking/results/tire_model_with_estimator_ablation_20260827_225959/raw/0095_nn_static_sand_sinusoidal_v7_b0_s400/20260827_230516_082588_sand_sinusoidal_acados_static_mlp/diag_sand_sinusoidal_acados_static_mlp.csv,,,1228,0.06723421028362954,0.235613,0.054179466032608696,4.768666711956522,5.156475,0.6812381017080745,14.953428338762215,15.7946,134.81714919333228,75.794414,1.505088,0,chrono_body_contact,0,,,,,,,,True,sinusoidal,7.0,400,41,[25190],[25191],False,True,,12,False,False,False,0,0,,,0,0,0,,,,0,0,True,disabled,backend_compatibility,matched-terrain oracle-information baseline,matched_plant,dc58ccfda201c75bc0d828da6f9710e91377898701de047f0e4ef191b0e89544,shared_worst_case_phi13_curvature_v1,True,0,,,,,,,,,,,,,
tire_model_with_estimator_ablation,nn_static,standard,nn,tire_force_static,sand,sinusoidal,9.0,0,400,/home/ksha/Documents/sbel/offroad-control/benchmarking/results/tire_model_with_estimator_ablation_20260827_225959/raw/0100_nn_static_sand_sinusoidal_v9_b0_s400,ok,0,26.080997943878174,20.0,1.0,/home/ksha/Documents/sbel/offroad-control/benchmarking/results/tire_model_with_estimator_ablation_20260827_225959/raw/0100_nn_static_sand_sinusoidal_v9_b0_s400/20260827_230542_412838_sand_sinusoidal_acados_static_mlp/diag_sand_sinusoidal_acados_static_mlp.csv,,,1223,0.06932898405954876,0.207212,0.056308262500000004,4.844996527777778,5.2295799999999995,0.5383329475308642,14.731144726083404,15.4078,135.3573735742828,77.5092,1.075607,0,chrono_body_contact,0,,,,,,,,True,sinusoidal,9.0,400,51,[25200],[25201],False,True,,12,False,False,False,0,0,,,0,0,0,,,,0,0,True,disabled,backend_compatibility,matched-terrain oracle-information baseline,matched_plant,dc58ccfda201c75bc0d828da6f9710e91377898701de047f0e4ef191b0e89544,shared_worst_case_phi13_curvature_v1,True,0,,,,,,,,,,,,,
tire_model_with_estimator_ablation,nn_static,standard,nn,tire_force_static,sand,sinusoidal,7.0,0,404,/home/ksha/Documents/sbel/offroad-control/benchmarking/results/tire_model_with_estimator_ablation_20260827_225959/raw/0099_nn_static_sand_sinusoidal_v7_b0_s404,ok,0,26.081424951553345,20.0,0.99,/home/ksha/Documents/sbel/offroad-control/benchmarking/results/tire_model_with_estimator_ablation_20260827_225959/raw/0099_nn_static_sand_sinusoidal_v7_b0_s404/20260827_230542_457272_sand_sinusoidal_acados_static_mlp/diag_sand_sinusoidal_acados_static_mlp.csv,,,1222,0.06779562059812369,0.22872,0.053929880330123796,4.750072214580468,5.1952799999999995,0.678581744940067,14.756775777414074,15.47,137.2702985590762,76.648369,1.450577,0,chrono_body_contact,0,,,,,,,,True,sinusoidal,7.0,404,49,[25198],[25199],False,True,,12,False,False,False,0,0,,,0,0,0,,,,0,0,True,disabled,backend_compatibility,matched-terrain oracle-information baseline,matched_plant,dc58ccfda201c75bc0d828da6f9710e91377898701de047f0e4ef191b0e89544,shared_worst_case_phi13_curvature_v1,True,0,,,,,,,,,,,,,
tire_model_with_estimator_ablation,nn_static,standard,nn,tire_force_static,sand,sinusoidal,7.0,0,403,/home/ksha/Documents/sbel/offroad-control/benchmarking/results/tire_model_with_estimator_ablation_20260827_225959/raw/0098_nn_static_sand_sinusoidal_v7_b0_s403,ok,0,26.12959384918213,20.0,0.99,/home/ksha/Documents/sbel/offroad-control/benchmarking/results/tire_model_with_estimator_ablation_20260827_225959/raw/0098_nn_static_sand_sinusoidal_v7_b0_s403/20260827_230542_443170_sand_sinusoidal_acados_static_mlp/diag_sand_sinusoidal_acados_static_mlp.csv,,,1213,0.06868158817000497,0.20567,0.05562143472222222,4.786019305555556,5.199745,0.6837170436507938,14.951879637262985,15.768799999999999,134.19427857686085,76.974151,1.210289,0,chrono_body_contact,0,,,,,,,,True,sinusoidal,7.0,403,47,[25196],[25197],False,True,,12,False,False,False,0,0,,,0,0,0,,,,0,0,True,disabled,backend_compatibility,matched-terrain oracle-information baseline,matched_plant,dc58ccfda201c75bc0d828da6f9710e91377898701de047f0e4ef191b0e89544,shared_worst_case_phi13_curvature_v1,True,0,,,,,,,,,,,,,
tire_model_with_estimator_ablation,nn_static,standard,nn,tire_force_static,sand,sinusoidal,9.0,0,402,/home/ksha/Documents/sbel/offroad-control/benchmarking/results/tire_model_with_estimator_ablation_20260827_225959/raw/0102_nn_static_sand_sinusoidal_v9_b0_s402,ok,0,26.181623458862305,20.0,1.0,/home/ksha/Documents/sbel/offroad-control/benchmarking/results/tire_model_with_estimator_ablation_20260827_225959/raw/0102_nn_static_sand_sinusoidal_v9_b0_s402/20260827_230542_470410_sand_sinusoidal_acados_static_mlp/diag_sand_sinusoidal_acados_static_mlp.csv,,,1201,0.07262092690950007,0.247473,0.05822594389901822,4.925148246844319,5.27432,0.5472386940938132,14.988484596169856,15.78,133.29904156967666,79.884396,0.172967,0,chrono_body_contact,0,,,,,,,,True,sinusoidal,9.0,402,55,[25204],[25205],False,True,,12,False,False,False,0,0,,,0,0,0,,,,0,0,True,disabled,backend_compatibility,matched-terrain oracle-information baseline,matched_plant,dc58ccfda201c75bc0d828da6f9710e91377898701de047f0e4ef191b0e89544,shared_worst_case_phi13_curvature_v1,True,0,,,,,,,,,,,,,
tire_model_with_estimator_ablation,nn_static,standard,nn,tire_force_static,sand,sinusoidal,9.0,0,401,/home/ksha/Documents/sbel/offroad-control/benchmarking/results/tire_model_with_estimator_ablation_20260827_225959/raw/0101_nn_static_sand_sinusoidal_v9_b0_s401,ok,0,26.231276035308838,20.0,0.99,/home/ksha/Documents/sbel/offroad-control/benchmarking/results/tire_model_with_estimator_ablation_20260827_225959/raw/0101_nn_static_sand_sinusoidal_v9_b0_s401/20260827_230542_548512_sand_sinusoidal_acados_static_mlp/diag_sand_sinusoidal_acados_static_mlp.csv,,,1212,0.06891598671166871,0.229104,0.05528771030640669,4.6542045961002785,5.140015,0.517133844011142,14.896749174917492,15.7689,128.46105815119284,71.494088,1.91733,0,chrono_body_contact,0,,,,,,,,True,sinusoidal,9.0,401,53,[25202],[25203],False,True,,12,False,False,False,0,0,,,0,0,0,,,,0,0,True,disabled,backend_compatibility,matched-terrain oracle-information baseline,matched_plant,dc58ccfda201c75bc0d828da6f9710e91377898701de047f0e4ef191b0e89544,shared_worst_case_phi13_curvature_v1,True,0,,,,,,,,,,,,,
tire_model_with_estimator_ablation,nn_static,standard,nn,tire_force_static,sand,sinusoidal,7.0,0,402,/home/ksha/Documents/sbel/offroad-control/benchmarking/results/tire_model_with_estimator_ablation_20260827_225959/raw/0097_nn_static_sand_sinusoidal_v7_b0_s402,ok,0,26.329261779785156,20.0,1.0,/home/ksha/Documents/sbel/offroad-control/benchmarking/results/tire_model_with_estimator_ablation_20260827_225959/raw/0097_nn_static_sand_sinusoidal_v7_b0_s402/20260827_230542_510558_sand_sinusoidal_acados_static_mlp/diag_sand_sinusoidal_acados_static_mlp.csv,,,1199,0.06988779032357055,0.214131,0.05720930434782608,4.7628750350631135,5.29462,0.6804107192947305,15.056747289407841,16.002399999999998,128.60166408976968,72.295384,1.947265,0,chrono_body_contact,0,,,,,,,,True,sinusoidal,7.0,402,45,[25194],[25195],False,True,,12,False,False,False,0,0,,,0,0,0,,,,0,0,True,disabled,backend_compatibility,matched-terrain oracle-information baseline,matched_plant,dc58ccfda201c75bc0d828da6f9710e91377898701de047f0e4ef191b0e89544,shared_worst_case_phi13_curvature_v1,True,0,,,,,,,,,,,,,
tire_model_with_estimator_ablation,nn_static,standard,nn,tire_force_static,sand,sinusoidal,9.0,0,404,/home/ksha/Documents/sbel/offroad-control/benchmarking/results/tire_model_with_estimator_ablation_20260827_225959/raw/0104_nn_static_sand_sinusoidal_v9_b0_s404,ok,0,26.3310649394989,20.0,0.98,/home/ksha/Documents/sbel/offroad-control/benchmarking/results/tire_model_with_estimator_ablation_20260827_225959/raw/0104_nn_static_sand_sinusoidal_v9_b0_s404/20260827_230542_718927_sand_sinusoidal_acados_static_mlp/diag_sand_sinusoidal_acados_static_mlp.csv,,,1152,0.06629990662084781,0.187406,0.05315925290697674,4.8664,5.155155,0.540711111111111,15.758298611111108,16.7049,132.22527720155307,78.296226,0.791062,0,chrono_body_contact,0,,,,,,,,True,sinusoidal,9.0,404,59,[25208],[25209],False,True,,12,False,False,False,0,0,,,0,0,0,,,,0,0,True,disabled,backend_compatibility,matched-terrain oracle-information baseline,matched_plant,dc58ccfda201c75bc0d828da6f9710e91377898701de047f0e4ef191b0e89544,shared_worst_case_phi13_curvature_v1,True,0,,,,,,,,,,,,,
tire_model_with_estimator_ablation,nn_static,standard,nn,tire_force_static,sand,sinusoidal,9.0,0,403,/home/ksha/Documents/sbel/offroad-control/benchmarking/results/tire_model_with_estimator_ablation_20260827_225959/raw/0103_nn_static_sand_sinusoidal_v9_b0_s403,ok,0,26.330869913101196,20.0,0.99,/home/ksha/Documents/sbel/offroad-control/benchmarking/results/tire_model_with_estimator_ablation_20260827_225959/raw/0103_nn_static_sand_sinusoidal_v9_b0_s403/20260827_230542_512680_sand_sinusoidal_acados_static_mlp/diag_sand_sinusoidal_acados_static_mlp.csv,,,1210,0.0747606447354596,0.227651,0.05971148663853726,4.8107016877637125,5.2783999999999995,0.5345224097515237,14.922628099173554,15.876400000000004,130.87569632649837,72.816334,1.976746,0,chrono_body_contact,0,,,,,,,,True,sinusoidal,9.0,403,57,[25206],[25207],False,True,,12,False,False,False,0,0,,,0,0,0,,,,0,0,True,disabled,backend_compatibility,matched-terrain oracle-information baseline,matched_plant,dc58ccfda201c75bc0d828da6f9710e91377898701de047f0e4ef191b0e89544,shared_worst_case_phi13_curvature_v1,True,0,,,,,,,,,,,,,
tire_model_with_estimator_ablation,nn_static,standard,nn,tire_force_static,sand,lane_change,7.0,0,402,/home/ksha/Documents/sbel/offroad-control/benchmarking/results/tire_model_with_estimator_ablation_20260827_225959/raw/0112_nn_static_sand_lane_change_v7_b0_s402,ok,0,25.976912260055542,20.0,1.0,/home/ksha/Documents/sbel/offroad-control/benchmarking/results/tire_model_with_estimator_ablation_20260827_225959/raw/0112_nn_static_sand_lane_change_v7_b0_s402/20260827_230608_690823_sand_lane_change_acados_static_mlp/diag_sand_lane_change_acados_static_mlp.csv,,,1278,0.05420000854597475,0.254799,0.04302375603557814,3.852913087674714,6.5623499999999995,0.550416155382102,14.010782472613458,15.5123,142.7122430404624,81.598007,3.028218,0,chrono_body_contact,0,,,,,,,,True,lane_change,7.0,402,75,[25224],[25225],False,True,,12,False,False,False,0,0,,,0,0,0,,,,0,0,True,disabled,backend_compatibility,matched-terrain oracle-information baseline,matched_plant,7085653a638402e5abfa5737dcf5188cf3bc55fb7a7340a71403cb917f35b2aa,shared_worst_case_phi13_curvature_v1,True,0,,,,,,,,,,,,,
tire_model_with_estimator_ablation,nn_static,standard,nn,tire_force_static,sand,lane_change,7.0,0,400,/home/ksha/Documents/sbel/offroad-control/benchmarking/results/tire_model_with_estimator_ablation_20260827_225959/raw/0110_nn_static_sand_lane_change_v7_b0_s400,ok,0,26.0302312374115,20.0,1.0,/home/ksha/Documents/sbel/offroad-control/benchmarking/results/tire_model_with_estimator_ablation_20260827_225959/raw/0110_nn_static_sand_lane_change_v7_b0_s400/20260827_230608_781019_sand_lane_change_acados_static_mlp/diag_sand_lane_change_acados_static_mlp.csv,,,1205,0.053901496891863174,0.172312,0.04347756140350877,3.810389203778677,6.5776,0.5443413148255253,14.854390041493776,16.5584,138.02396701569404,81.692959,3.058136,0,chrono_body_contact,0,,,,,,,,True,lane_change,7.0,400,71,[25220],[25221],False,True,,12,False,False,False,0,0,,,0,0,0,,,,0,0,True,disabled,backend_compatibility,matched-terrain oracle-information baseline,matched_plant,7085653a638402e5abfa5737dcf5188cf3bc55fb7a7340a71403cb917f35b2aa,shared_worst_case_phi13_curvature_v1,True,0,,,,,,,,,,,,,
tire_model_with_estimator_ablation,nn_static,standard,nn,tire_force_static,sand,lane_change,5.0,0,400,/home/ksha/Documents/sbel/offroad-control/benchmarking/results/tire_model_with_estimator_ablation_20260827_225959/raw/0105_nn_static_sand_lane_change_v5_b0_s400,ok,0,26.12812113761902,20.0,1.0,/home/ksha/Documents/sbel/offroad-control/benchmarking/results/tire_model_with_estimator_ablation_20260827_225959/raw/0105_nn_static_sand_lane_change_v5_b0_s400/20260827_230608_993222_sand_lane_change_acados_static_mlp/diag_sand_lane_change_acados_static_mlp.csv,,,1264,0.05132197142539969,0.175871,0.04091520130718954,3.950924575163399,5.43018,0.7901849150326797,14.232318037974684,15.81709999999991,137.4834103159762,78.872974,3.024791,0,chrono_body_contact,0,,,,,,,,True,lane_change,5.0,400,61,[25210],[25211],False,True,,12,False,False,False,0,0,,,0,0,0,,,,0,0,True,disabled,backend_compatibility,matched-terrain oracle-information baseline,matched_plant,c95613694247a1005b45d05d79e96eab52db905aea2667907ed2515e9ac3b36a,shared_worst_case_phi13_curvature_v1,True,0,,,,,,,,,,,,,
tire_model_with_estimator_ablation,nn_static,standard,nn,tire_force_static,sand,lane_change,5.0,0,402,/home/ksha/Documents/sbel/offroad-control/benchmarking/results/tire_model_with_estimator_ablation_20260827_225959/raw/0107_nn_static_sand_lane_change_v5_b0_s402,ok,0,26.130356788635254,20.0,0.99,/home/ksha/Documents/sbel/offroad-control/benchmarking/results/tire_model_with_estimator_ablation_20260827_225959/raw/0107_nn_static_sand_lane_change_v5_b0_s402/20260827_230608_996578_sand_lane_change_acados_static_mlp/diag_sand_lane_change_acados_static_mlp.csv,,,1248,0.05267546787688566,0.244031,0.041424275725593665,3.9241683377308703,5.493915,0.784833667546174,14.433974358974357,15.782999999999998,136.16337969984892,78.625101,3.008147,0,chrono_body_contact,0,,,,,,,,True,lane_change,5.0,402,65,[25214],[25215],False,True,,12,False,False,False,0,0,,,0,0,0,,,,0,0,True,disabled,backend_compatibility,matched-terrain oracle-information baseline,matched_plant,c95613694247a1005b45d05d79e96eab52db905aea2667907ed2515e9ac3b36a,shared_worst_case_phi13_curvature_v1,True,0,,,,,,,,,,,,,
tire_model_with_estimator_ablation,nn_static,standard,nn,tire_force_static,sand,lane_change,5.0,0,403,/home/ksha/Documents/sbel/offroad-control/benchmarking/results/tire_model_with_estimator_ablation_20260827_225959/raw/0108_nn_static_sand_lane_change_v5_b0_s403,ok,0,26.131385326385498,20.0,1.0,/home/ksha/Documents/sbel/offroad-control/benchmarking/results/tire_model_with_estimator_ablation_20260827_225959/raw/0108_nn_static_sand_lane_change_v5_b0_s403/20260827_230608_896814_sand_lane_change_acados_static_mlp/diag_sand_lane_change_acados_static_mlp.csv,,,1238,0.05248650731704091,0.175322,0.042091877169559415,4.0242767690253665,5.32974,0.8048553538050733,14.565371567043618,15.595199999999995,133.52881215509063,78.817362,2.969678,0,chrono_body_contact,0,,,,,,,,True,lane_change,5.0,403,67,[25216],[25217],False,True,,12,False,False,False,0,0,,,0,0,0,,,,0,0,True,disabled,backend_compatibility,matched-terrain oracle-information baseline,matched_plant,c95613694247a1005b45d05d79e96eab52db905aea2667907ed2515e9ac3b36a,shared_worst_case_phi13_curvature_v1,True,0,,,,,,,,,,,,,
tire_model_with_estimator_ablation,nn_static,standard,nn,tire_force_static,sand,lane_change,5.0,0,401,/home/ksha/Documents/sbel/offroad-control/benchmarking/results/tire_model_with_estimator_ablation_20260827_225959/raw/0106_nn_static_sand_lane_change_v5_b0_s401,ok,0,26.227789640426636,20.0,1.0,/home/ksha/Documents/sbel/offroad-control/benchmarking/results/tire_model_with_estimator_ablation_20260827_225959/raw/0106_nn_static_sand_lane_change_v5_b0_s401/20260827_230608_913963_sand_lane_change_acados_static_mlp/diag_sand_lane_change_acados_static_mlp.csv,,,1236,0.051521290094588036,0.163713,0.04101773262032085,3.9822457219251337,5.41679,0.7964491443850268,14.612564724919094,16.3365,136.04655391652275,78.815911,3.015216,0,chrono_body_contact,0,,,,,,,,True,lane_change,5.0,401,63,[25212],[25213],False,True,,12,False,False,False,0,0,,,0,0,0,,,,0,0,True,disabled,backend_compatibility,matched-terrain oracle-information baseline,matched_plant,c95613694247a1005b45d05d79e96eab52db905aea2667907ed2515e9ac3b36a,shared_worst_case_phi13_curvature_v1,True,0,,,,,,,,,,,,,
tire_model_with_estimator_ablation,nn_static,standard,nn,tire_force_static,sand,lane_change,5.0,0,404,/home/ksha/Documents/sbel/offroad-control/benchmarking/results/tire_model_with_estimator_ablation_20260827_225959/raw/0109_nn_static_sand_lane_change_v5_b0_s404,ok,0,26.2280490398407,20.0,1.0,/home/ksha/Documents/sbel/offroad-control/benchmarking/results/tire_model_with_estimator_ablation_20260827_225959/raw/0109_nn_static_sand_lane_change_v5_b0_s404/20260827_230608_877898_sand_lane_change_acados_static_mlp/diag_sand_lane_change_acados_static_mlp.csv,,,1235,0.05189707146371595,0.185104,0.041527629183400264,3.9830959839357427,5.3649700000000005,0.7966191967871485,14.629659919028338,15.656600000000001,139.2718090296616,78.744451,3.084694,0,chrono_body_contact,0,,,,,,,,True,lane_change,5.0,404,69,[25218],[25219],False,True,,12,False,False,False,0,0,,,0,0,0,,,,0,0,True,disabled,backend_compatibility,matched-terrain oracle-information baseline,matched_plant,c95613694247a1005b45d05d79e96eab52db905aea2667907ed2515e9ac3b36a,shared_worst_case_phi13_curvature_v1,True,0,,,,,,,,,,,,,
tire_model_with_estimator_ablation,nn_static,standard,nn,tire_force_static,sand,lane_change,7.0,0,401,/home/ksha/Documents/sbel/offroad-control/benchmarking/results/tire_model_with_estimator_ablation_20260827_225959/raw/0111_nn_static_sand_lane_change_v7_b0_s401,ok,0,26.28327226638794,20.0,1.0,/home/ksha/Documents/sbel/offroad-control/benchmarking/results/tire_model_with_estimator_ablation_20260827_225959/raw/0111_nn_static_sand_lane_change_v7_b0_s401/20260827_230608_866373_sand_lane_change_acados_static_mlp/diag_sand_lane_change_acados_static_mlp.csv,,,1268,0.051976777394503036,0.151591,0.04095722151898735,3.7910640506329116,6.579715,0.5415805786618445,14.189329652996845,16.796599999999998,144.1323475145391,81.78197,3.016624,0,chrono_body_contact,0,,,,,,,,True,lane_change,7.0,401,73,[25222],[25223],False,True,,12,False,False,False,0,0,,,0,0,0,,,,0,0,True,disabled,backend_compatibility,matched-terrain oracle-information baseline,matched_plant,7085653a638402e5abfa5737dcf5188cf3bc55fb7a7340a71403cb917f35b2aa,shared_worst_case_phi13_curvature_v1,True,0,,,,,,,,,,,,,
tire_model_with_estimator_ablation,nn_static,standard,nn,tire_force_static,sand,lane_change,9.0,0,401,/home/ksha/Documents/sbel/offroad-control/benchmarking/results/tire_model_with_estimator_ablation_20260827_225959/raw/0116_nn_static_sand_lane_change_v9_b0_s401,ok,0,26.027043342590332,20.0,1.0,/home/ksha/Documents/sbel/offroad-control/benchmarking/results/tire_model_with_estimator_ablation_20260827_225959/raw/0116_nn_static_sand_lane_change_v9_b0_s401/20260827_230635_295265_sand_lane_change_acados_static_mlp/diag_sand_lane_change_acados_static_mlp.csv,,,1282,0.05392903955782488,0.154311,0.042934873096446696,3.903685532994924,6.59658,0.433742836999436,14.008065522620909,15.917600000000002,144.46784080552192,81.899194,3.028385,0,chrono_body_contact,0,,,,,,,,True,lane_change,9.0,401,83,[25232],[25233],False,True,,12,False,False,False,0,0,,,0,0,0,,,,0,0,True,disabled,backend_compatibility,matched-terrain oracle-information baseline,matched_plant,8738935243860ac000075a211607e15f3d93aec40193a3fb27ed22c8942c3b2e,shared_worst_case_phi13_curvature_v1,True,0,,,,,,,,,,,,,
tire_model_with_estimator_ablation,nn_static,standard,nn,tire_force_static,sand,lane_change,9.0,0,402,/home/ksha/Documents/sbel/offroad-control/benchmarking/results/tire_model_with_estimator_ablation_20260827_225959/raw/0117_nn_static_sand_lane_change_v9_b0_s402,ok,0,26.031874895095825,20.0,1.0,/home/ksha/Documents/sbel/offroad-control/benchmarking/results/tire_model_with_estimator_ablation_20260827_225959/raw/0117_nn_static_sand_lane_change_v9_b0_s402/20260827_230635_297557_sand_lane_change_acados_static_mlp/diag_sand_lane_change_acados_static_mlp.csv,,,1288,0.05454098589459624,0.193621,0.04338416753246754,3.8284775324675326,6.569240000000001,0.42538639249639254,13.903672360248448,15.713899999999997,144.31873123482086,81.79141,3.114899,0,chrono_body_contact,0,,,,,,,,True,lane_change,9.0,402,85,[25234],[25235],False,True,,12,False,False,False,0,0,,,0,0,0,,,,0,0,True,disabled,backend_compatibility,matched-terrain oracle-information baseline,matched_plant,8738935243860ac000075a211607e15f3d93aec40193a3fb27ed22c8942c3b2e,shared_worst_case_phi13_curvature_v1,True,0,,,,,,,,,,,,,
tire_model_with_estimator_ablation,nn_static,standard,nn,tire_force_static,sand,lane_change,9.0,0,403,/home/ksha/Documents/sbel/offroad-control/benchmarking/results/tire_model_with_estimator_ablation_20260827_225959/raw/0118_nn_static_sand_lane_change_v9_b0_s403,ok,0,26.078330755233765,20.0,0.99,/home/ksha/Documents/sbel/offroad-control/benchmarking/results/tire_model_with_estimator_ablation_20260827_225959/raw/0118_nn_static_sand_lane_change_v9_b0_s403/20260827_230635_196555_sand_lane_change_acados_static_mlp/diag_sand_lane_change_acados_static_mlp.csv,,,1281,0.053831064912464574,0.17505,0.042729198209718676,3.8462649616368285,6.575279999999999,0.4273627735152032,14.098532396565185,15.568000000000001,143.6395583016847,81.854611,3.012393,0,chrono_body_contact,0,,,,,,,,True,lane_change,9.0,403,87,[25236],[25237],False,True,,12,False,False,False,0,0,,,0,0,0,,,,0,0,True,disabled,backend_compatibility,matched-terrain oracle-information baseline,matched_plant,8738935243860ac000075a211607e15f3d93aec40193a3fb27ed22c8942c3b2e,shared_worst_case_phi13_curvature_v1,True,0,,,,,,,,,,,,,
tire_model_with_estimator_ablation,nn_static,standard,nn,tire_force_static,sand,lane_change,9.0,0,404,/home/ksha/Documents/sbel/offroad-control/benchmarking/results/tire_model_with_estimator_ablation_20260827_225959/raw/0119_nn_static_sand_lane_change_v9_b0_s404,ok,0,26.08275842666626,20.0,0.99,/home/ksha/Documents/sbel/offroad-control/benchmarking/results/tire_model_with_estimator_ablation_20260827_225959/raw/0119_nn_static_sand_lane_change_v9_b0_s404/20260827_230635_147319_sand_lane_change_acados_static_mlp/diag_sand_lane_change_acados_static_mlp.csv,,,1271,0.052105821138087434,0.147455,0.04162861282051283,3.877922564102564,6.594205,0.4308802849002849,14.180291109362708,15.580999999999998,144.1096885696193,81.853549,3.116126,0,chrono_body_contact,0,,,,,,,,True,lane_change,9.0,404,89,[25238],[25239],False,True,,12,False,False,False,0,0,,,0,0,0,,,,0,0,True,disabled,backend_compatibility,matched-terrain oracle-information baseline,matched_plant,8738935243860ac000075a211607e15f3d93aec40193a3fb27ed22c8942c3b2e,shared_worst_case_phi13_curvature_v1,True,0,,,,,,,,,,,,,
tire_model_with_estimator_ablation,nn_static,standard,nn,tire_force_static,sand,right_left,5.0,0,400,/home/ksha/Documents/sbel/offroad-control/benchmarking/results/tire_model_with_estimator_ablation_20260827_225959/raw/0120_nn_static_sand_right_left_v5_b0_s400,ok,0,26.129430294036865,20.0,0.99,/home/ksha/Documents/sbel/offroad-control/benchmarking/results/tire_model_with_estimator_ablation_20260827_225959/raw/0120_nn_static_sand_right_left_v5_b0_s400/20260827_230635_350605_sand_right_left_acados_static_mlp/diag_sand_right_left_acados_static_mlp.csv,,,1218,0.11821345736959202,0.380169,0.09235122558459423,3.730836038514443,4.616169999999999,0.7461672077028886,14.842651888341543,15.45,129.71237537635426,48.671634,-30.979631,0,chrono_body_contact,0,,,,,,,,True,right_left,5.0,400,91,[25240],[25241],False,True,,12,False,False,False,0,0,,,0,0,0,,,,0,0,True,disabled,backend_compatibility,matched-terrain oracle-information baseline,matched_plant,2df275ec6c3a4a1b2fbc274414784eef849a9e55ab7130f9593a0001877583aa,shared_worst_case_phi13_curvature_v1,True,0,,,,,,,,,,,,,
tire_model_with_estimator_ablation,nn_static,standard,nn,tire_force_static,sand,lane_change,7.0,0,403,/home/ksha/Documents/sbel/offroad-control/benchmarking/results/tire_model_with_estimator_ablation_20260827_225959/raw/0113_nn_static_sand_lane_change_v7_b0_s403,ok,0,26.228126525878906,20.0,1.0,/home/ksha/Documents/sbel/offroad-control/benchmarking/results/tire_model_with_estimator_ablation_20260827_225959/raw/0113_nn_static_sand_lane_change_v7_b0_s403/20260827_230635_180436_sand_lane_change_acados_static_mlp/diag_sand_lane_change_acados_static_mlp.csv,,,1186,0.055355386308794136,0.181397,0.04428324583333333,3.943164305555555,6.56966,0.5633091865079364,15.155295109612142,17.69100000000003,134.3033371445007,81.71487,3.06121,0,chrono_body_contact,0,,,,,,,,True,lane_change,7.0,403,77,[25226],[25227],False,True,,12,False,False,False,0,0,,,0,0,0,,,,0,0,True,disabled,backend_compatibility,matched-terrain oracle-information baseline,matched_plant,7085653a638402e5abfa5737dcf5188cf3bc55fb7a7340a71403cb917f35b2aa,shared_worst_case_phi13_curvature_v1,True,0,,,,,,,,,,,,,
tire_model_with_estimator_ablation,nn_static,standard,nn,tire_force_static,sand,lane_change,7.0,0,404,/home/ksha/Documents/sbel/offroad-control/benchmarking/results/tire_model_with_estimator_ablation_20260827_225959/raw/0114_nn_static_sand_lane_change_v7_b0_s404,ok,0,26.22958779335022,20.0,1.0,/home/ksha/Documents/sbel/offroad-control/benchmarking/results/tire_model_with_estimator_ablation_20260827_225959/raw/0114_nn_static_sand_lane_change_v7_b0_s404/20260827_230635_188221_sand_lane_change_acados_static_mlp/diag_sand_lane_change_acados_static_mlp.csv,,,1267,0.054070542317438665,0.182591,0.04369721822849807,3.8578367137355585,6.5852200000000005,0.5511195305336513,14.197000789265982,15.600199999999997,143.83904451993527,81.704641,3.085642,0,chrono_body_contact,0,,,,,,,,True,lane_change,7.0,404,79,[25228],[25229],False,True,,12,False,False,False,0,0,,,0,0,0,,,,0,0,True,disabled,backend_compatibility,matched-terrain oracle-information baseline,matched_plant,7085653a638402e5abfa5737dcf5188cf3bc55fb7a7340a71403cb917f35b2aa,shared_worst_case_phi13_curvature_v1,True,0,,,,,,,,,,,,,
tire_model_with_estimator_ablation,nn_static,standard,nn,tire_force_static,sand,lane_change,9.0,0,400,/home/ksha/Documents/sbel/offroad-control/benchmarking/results/tire_model_with_estimator_ablation_20260827_225959/raw/0115_nn_static_sand_lane_change_v9_b0_s400,ok,0,26.279532194137573,20.0,1.0,/home/ksha/Documents/sbel/offroad-control/benchmarking/results/tire_model_with_estimator_ablation_20260827_225959/raw/0115_nn_static_sand_lane_change_v9_b0_s400/20260827_230635_271587_sand_lane_change_acados_static_mlp/diag_sand_lane_change_acados_static_mlp.csv,,,1245,0.05474932469112236,0.208344,0.043595226267880365,3.9264170351105334,6.60794,0.43626855945672594,14.464827309236947,16.677199999999978,139.20270699890338,81.848292,2.992043,0,chrono_body_contact,0,,,,,,,,True,lane_change,9.0,400,81,[25230],[25231],False,True,,12,False,False,False,0,0,,,0,0,0,,,,0,0,True,disabled,backend_compatibility,matched-terrain oracle-information baseline,matched_plant,8738935243860ac000075a211607e15f3d93aec40193a3fb27ed22c8942c3b2e,shared_worst_case_phi13_curvature_v1,True,0,,,,,,,,,,,,,
tire_model_with_estimator_ablation,nn_static,standard,nn,tire_force_static,sand,right_left,7.0,0,401,/home/ksha/Documents/sbel/offroad-control/benchmarking/results/tire_model_with_estimator_ablation_20260827_225959/raw/0126_nn_static_sand_right_left_v7_b0_s401,ok,0,26.029521465301514,20.0,0.99,/home/ksha/Documents/sbel/offroad-control/benchmarking/results/tire_model_with_estimator_ablation_20260827_225959/raw/0126_nn_static_sand_right_left_v7_b0_s401/20260827_230701_282427_sand_right_left_acados_static_mlp/diag_sand_right_left_acados_static_mlp.csv,,,1230,0.1457909154008769,0.490167,0.10581602319236018,4.224342701227831,5.75518,0.603477528746833,14.675268292682928,15.778400000000001,135.09282947359713,56.509342,-30.968408,0,chrono_body_contact,0,,,,,,,,True,right_left,7.0,401,2,[25252],[25253],False,True,,12,False,False,False,0,0,,,0,0,0,,,,0,0,True,disabled,backend_compatibility,matched-terrain oracle-information baseline,matched_plant,2a22058ceeef679f207bd5220377a736edae3e63c7f59afab2d351bc5e8d1aca,shared_worst_case_phi13_curvature_v1,True,0,,,,,,,,,,,,,
tire_model_with_estimator_ablation,nn_static,standard,nn,tire_force_static,sand,right_left,7.0,0,402,/home/ksha/Documents/sbel/offroad-control/benchmarking/results/tire_model_with_estimator_ablation_20260827_225959/raw/0127_nn_static_sand_right_left_v7_b0_s402,ok,0,26.18237566947937,20.0,1.0,/home/ksha/Documents/sbel/offroad-control/benchmarking/results/tire_model_with_estimator_ablation_20260827_225959/raw/0127_nn_static_sand_right_left_v7_b0_s402/20260827_230701_434847_sand_right_left_acados_static_mlp/diag_sand_right_left_acados_static_mlp.csv,,,1198,0.159067334616472,0.49493,0.11649656373937678,4.210905949008499,5.731775000000001,0.6015579927154998,15.089532554257097,15.69,130.79419654720772,56.215978,-30.877525,0,chrono_body_contact,0,,,,,,,,True,right_left,7.0,402,4,[25254],[25255],False,True,,12,False,False,False,0,0,,,0,0,0,,,,0,0,True,disabled,backend_compatibility,matched-terrain oracle-information baseline,matched_plant,2a22058ceeef679f207bd5220377a736edae3e63c7f59afab2d351bc5e8d1aca,shared_worst_case_phi13_curvature_v1,True,0,,,,,,,,,,,,,
tire_model_with_estimator_ablation,nn_static,standard,nn,tire_force_static,sand,right_left,7.0,0,400,/home/ksha/Documents/sbel/offroad-control/benchmarking/results/tire_model_with_estimator_ablation_20260827_225959/raw/0125_nn_static_sand_right_left_v7_b0_s400,ok,0,26.230086088180542,20.0,1.0,/home/ksha/Documents/sbel/offroad-control/benchmarking/results/tire_model_with_estimator_ablation_20260827_225959/raw/0125_nn_static_sand_right_left_v7_b0_s400/20260827_230701_539805_sand_right_left_acados_static_mlp/diag_sand_right_left_acados_static_mlp.csv,,,1229,0.1529723947114717,0.434658,0.11426817759562842,4.137631147540983,5.64127,0.5910901639344261,14.703539462978032,15.35,133.86816894961305,55.113933,-30.954627,0,chrono_body_contact,0,,,,,,,,True,right_left,7.0,400,0,[25250],[25251],False,True,,12,False,False,False,0,0,,,0,0,0,,,,0,0,True,disabled,backend_compatibility,matched-terrain oracle-information baseline,matched_plant,2a22058ceeef679f207bd5220377a736edae3e63c7f59afab2d351bc5e8d1aca,shared_worst_case_phi13_curvature_v1,True,0,,,,,,,,,,,,,
tire_model_with_estimator_ablation,nn_static,standard,nn,tire_force_static,sand,right_left,5.0,0,402,/home/ksha/Documents/sbel/offroad-control/benchmarking/results/tire_model_with_estimator_ablation_20260827_225959/raw/0122_nn_static_sand_right_left_v5_b0_s402,ok,0,26.230732679367065,20.0,0.99,/home/ksha/Documents/sbel/offroad-control/benchmarking/results/tire_model_with_estimator_ablation_20260827_225959/raw/0122_nn_static_sand_right_left_v5_b0_s402/20260827_230701_543859_sand_right_left_acados_static_mlp/diag_sand_right_left_acados_static_mlp.csv,,,1211,0.10883926614853383,0.310746,0.08803595580110497,3.726424033149171,4.528684999999999,0.7452848066298342,14.954715111478118,15.709000000000001,127.37120767960836,48.805132,-30.889235,0,chrono_body_contact,0,,,,,,,,True,right_left,5.0,402,95,[25244],[25245],False,True,,12,False,False,False,0,0,,,0,0,0,,,,0,0,True,disabled,backend_compatibility,matched-terrain oracle-information baseline,matched_plant,2df275ec6c3a4a1b2fbc274414784eef849a9e55ab7130f9593a0001877583aa,shared_worst_case_phi13_curvature_v1,True,0,,,,,,,,,,,,,
tire_model_with_estimator_ablation,nn_static,standard,nn,tire_force_static,sand,right_left,5.0,0,401,/home/ksha/Documents/sbel/offroad-control/benchmarking/results/tire_model_with_estimator_ablation_20260827_225959/raw/0121_nn_static_sand_right_left_v5_b0_s401,ok,0,26.28035831451416,20.0,0.99,/home/ksha/Documents/sbel/offroad-control/benchmarking/results/tire_model_with_estimator_ablation_20260827_225959/raw/0121_nn_static_sand_right_left_v5_b0_s401/20260827_230701_459052_sand_right_left_acados_static_mlp/diag_sand_right_left_acados_static_mlp.csv,,,1216,0.12167321289328273,0.369564,0.09620512121212123,3.7216403581267214,4.61985,0.7443280716253443,14.939531250000002,15.586999999999998,127.17950624494638,48.576375,-30.972206,0,chrono_body_contact,0,,,,,,,,True,right_left,5.0,401,93,[25242],[25243],False,True,,12,False,False,False,0,0,,,0,0,0,,,,0,0,True,disabled,backend_compatibility,matched-terrain oracle-information baseline,matched_plant,2df275ec6c3a4a1b2fbc274414784eef849a9e55ab7130f9593a0001877583aa,shared_worst_case_phi13_curvature_v1,True,0,,,,,,,,,,,,,
tire_model_with_estimator_ablation,nn_static,standard,nn,tire_force_static,sand,right_left,5.0,0,403,/home/ksha/Documents/sbel/offroad-control/benchmarking/results/tire_model_with_estimator_ablation_20260827_225959/raw/0123_nn_static_sand_right_left_v5_b0_s403,ok,0,26.281895875930786,20.0,0.99,/home/ksha/Documents/sbel/offroad-control/benchmarking/results/tire_model_with_estimator_ablation_20260827_225959/raw/0123_nn_static_sand_right_left_v5_b0_s403/20260827_230701_496117_sand_right_left_acados_static_mlp/diag_sand_right_left_acados_static_mlp.csv,,,1195,0.13139107966005925,0.433821,0.10071518016759777,3.8339761173184352,4.707000000000001,0.766795223463687,15.158677824267784,15.801799999999998,126.50438016509321,50.169219,-30.962897,0,chrono_body_contact,0,,,,,,,,True,right_left,5.0,403,97,[25246],[25247],False,True,,12,False,False,False,0,0,,,0,0,0,,,,0,0,True,disabled,backend_compatibility,matched-terrain oracle-information baseline,matched_plant,2df275ec6c3a4a1b2fbc274414784eef849a9e55ab7130f9593a0001877583aa,shared_worst_case_phi13_curvature_v1,True,0,,,,,,,,,,,,,
tire_model_with_estimator_ablation,nn_static,standard,nn,tire_force_static,sand,right_left,7.0,0,403,/home/ksha/Documents/sbel/offroad-control/benchmarking/results/tire_model_with_estimator_ablation_20260827_225959/raw/0128_nn_static_sand_right_left_v7_b0_s403,ok,0,26.482656717300415,20.0,0.97,/home/ksha/Documents/sbel/offroad-control/benchmarking/results/tire_model_with_estimator_ablation_20260827_225959/raw/0128_nn_static_sand_right_left_v7_b0_s403/20260827_230701_624901_sand_right_left_acados_static_mlp/diag_sand_right_left_acados_static_mlp.csv,,,1168,0.1445652134373099,0.438216,0.10950249928876246,4.006273826458037,5.52333,0.5723248323511482,15.804751712328768,16.4332,128.89782109607842,54.375568,-30.953216,0,chrono_body_contact,0,,,,,,,,True,right_left,7.0,403,6,[25256],[25257],False,True,,12,False,False,False,0,0,,,0,0,0,,,,0,0,True,disabled,backend_compatibility,matched-terrain oracle-information baseline,matched_plant,2a22058ceeef679f207bd5220377a736edae3e63c7f59afab2d351bc5e8d1aca,shared_worst_case_phi13_curvature_v1,True,0,,,,,,,,,,,,,
tire_model_with_estimator_ablation,nn_static,standard,nn,tire_force_static,sand,right_left,5.0,0,404,/home/ksha/Documents/sbel/offroad-control/benchmarking/results/tire_model_with_estimator_ablation_20260827_225959/raw/0124_nn_static_sand_right_left_v5_b0_s404,ok,0,26.533173322677612,20.0,0.97,/home/ksha/Documents/sbel/offroad-control/benchmarking/results/tire_model_with_estimator_ablation_20260827_225959/raw/0124_nn_static_sand_right_left_v5_b0_s404/20260827_230701_389449_sand_right_left_acados_static_mlp/diag_sand_right_left_acados_static_mlp.csv,,,1228,0.11218695615371974,0.326132,0.09075102578018998,3.6624413839891456,4.544239999999999,0.7324882767978291,15.039201954397393,15.6173,132.34058684139166,48.599469,-30.892033,0,chrono_body_contact,0,,,,,,,,True,right_left,5.0,404,99,[25248],[25249],False,True,,12,False,False,False,0,0,,,0,0,0,,,,0,0,True,disabled,backend_compatibility,matched-terrain oracle-information baseline,matched_plant,2df275ec6c3a4a1b2fbc274414784eef849a9e55ab7130f9593a0001877583aa,shared_worst_case_phi13_curvature_v1,True,0,,,,,,,,,,,,,
tire_model_with_estimator_ablation,nn_static,standard,nn,tire_force_static,sand,right_left,9.0,0,400,/home/ksha/Documents/sbel/offroad-control/benchmarking/results/tire_model_with_estimator_ablation_20260827_225959/raw/0130_nn_static_sand_right_left_v9_b0_s400,ok,0,26.039041757583618,20.0,1.0,/home/ksha/Documents/sbel/offroad-control/benchmarking/results/tire_model_with_estimator_ablation_20260827_225959/raw/0130_nn_static_sand_right_left_v9_b0_s400/20260827_230728_005017_sand_right_left_acados_static_mlp/diag_sand_right_left_acados_static_mlp.csv,,,1206,0.1513969133477258,0.476206,0.11090443618513324,4.204718653576437,5.69768,0.46719096150849304,14.956451077943616,15.679,130.86683438521234,56.615297,-30.978509,0,chrono_body_contact,0,,,,,,,,True,right_left,9.0,400,10,[25260],[25261],False,True,,12,False,False,False,0,0,,,0,0,0,,,,0,0,True,disabled,backend_compatibility,matched-terrain oracle-information baseline,matched_plant,2fd2c1dbb42c39cc163281ad14f69d4122484783b6b75aa488f2ea05e6c9793b,shared_worst_case_phi13_curvature_v1,True,0,,,,,,,,,,,,,
tire_model_with_estimator_ablation,nn_estimator,standard,nn,tire_force_static,clay,sinusoidal,5.0,0,401,/home/ksha/Documents/sbel/offroad-control/benchmarking/results/tire_model_with_estimator_ablation_20260827_225959/raw/0136_nn_estimator_clay_sinusoidal_v5_b0_s401,ok,0,26.07999086380005,20.0,1.0,/home/ksha/Documents/sbel/offroad-control/benchmarking/results/tire_model_with_estimator_ablation_20260827_225959/raw/0136_nn_estimator_clay_sinusoidal_v5_b0_s401/20260827_230728_023113_dirt_sinusoidal_acados_static_mlp/diag_dirt_sinusoidal_acados_static_mlp.csv,,,1181,0.104558170191043,0.439358,0.07967378466076697,4.402207227138643,5.066515,0.8804414454277285,14.756435224386113,15.882000000000001,126.08537677092558,64.053374,-0.616236,0,chrono_body_contact,0,,,,,,,,True,sinusoidal,5.0,401,22,[25272],[25273],True,True,,8,True,True,False,560,20,10.044,10.044,16,27,12,0.998674,0.004916,0.003573,0,0,True,grit,independent_n_phi_joint_profile,promoted independent-n-phi online estimator,dirt,f544d4c607d9f35cff9cbf38b8d140aa1d8904401cf08a56f3c5a58132af58c5,shared_worst_case_phi13_curvature_v1,True,0,560.0,20.0,20.0,20.0,20.0,621.0,0.768,0.367386,0.049206,0.359441,14.634217,26.01470045,26.54764
tire_model_with_estimator_ablation,nn_static,standard,nn,tire_force_static,sand,right_left,9.0,0,402,/home/ksha/Documents/sbel/offroad-control/benchmarking/results/tire_model_with_estimator_ablation_20260827_225959/raw/0132_nn_static_sand_right_left_v9_b0_s402,ok,0,26.128645420074463,20.0,1.0,/home/ksha/Documents/sbel/offroad-control/benchmarking/results/tire_model_with_estimator_ablation_20260827_225959/raw/0132_nn_static_sand_right_left_v9_b0_s402/20260827_230728_315898_sand_right_left_acados_static_mlp/diag_sand_right_left_acados_static_mlp.csv,,,1216,0.15757354971038748,0.476181,0.11775685812672176,4.090538292011019,5.599175,0.454504254667891,14.845773026315788,15.700999999999995,129.61657588290038,54.777797,-30.892667,0,chrono_body_contact,0,,,,,,,,True,right_left,9.0,402,14,[25264],[25265],False,True,,12,False,False,False,0,0,,,0,0,0,,,,0,0,True,disabled,backend_compatibility,matched-terrain oracle-information baseline,matched_plant,2fd2c1dbb42c39cc163281ad14f69d4122484783b6b75aa488f2ea05e6c9793b,shared_worst_case_phi13_curvature_v1,True,0,,,,,,,,,,,,,
tire_model_with_estimator_ablation,nn_static,standard,nn,tire_force_static,sand,right_left,9.0,0,404,/home/ksha/Documents/sbel/offroad-control/benchmarking/results/tire_model_with_estimator_ablation_20260827_225959/raw/0134_nn_static_sand_right_left_v9_b0_s404,ok,0,26.131980419158936,20.0,0.99,/home/ksha/Documents/sbel/offroad-control/benchmarking/results/tire_model_with_estimator_ablation_20260827_225959/raw/0134_nn_static_sand_right_left_v9_b0_s404/20260827_230728_108748_sand_right_left_acados_static_mlp/diag_sand_right_left_acados_static_mlp.csv,,,1137,0.1511434261059301,0.51541,0.1123224307004471,4.063074664679583,5.5853,0.45145274051995365,15.869525065963062,16.6764,130.37231234396594,54.543576,-30.887378,0,chrono_body_contact,0,,,,,,,,True,right_left,9.0,404,18,[25268],[25269],False,True,,12,False,False,False,0,0,,,0,0,0,,,,0,0,True,disabled,backend_compatibility,matched-terrain oracle-information baseline,matched_plant,2fd2c1dbb42c39cc163281ad14f69d4122484783b6b75aa488f2ea05e6c9793b,shared_worst_case_phi13_curvature_v1,True,0,,,,,,,,,,,,,
tire_model_with_estimator_ablation,nn_static,standard,nn,tire_force_static,sand,right_left,9.0,0,403,/home/ksha/Documents/sbel/offroad-control/benchmarking/results/tire_model_with_estimator_ablation_20260827_225959/raw/0133_nn_static_sand_right_left_v9_b0_s403,ok,0,26.180027961730957,20.0,0.99,/home/ksha/Documents/sbel/offroad-control/benchmarking/results/tire_model_with_estimator_ablation_20260827_225959/raw/0133_nn_static_sand_right_left_v9_b0_s403/20260827_230728_089854_sand_right_left_acados_static_mlp/diag_sand_right_left_acados_static_mlp.csv,,,1215,0.1579110129813842,0.530747,0.11320646758620691,4.203904827586207,5.7013799999999994,0.4671005363984675,14.939967078189298,15.694399999999995,132.81570862766455,56.795086,-30.953108,0,chrono_body_contact,0,,,,,,,,True,right_left,9.0,403,16,[25266],[25267],False,True,,12,False,False,False,0,0,,,0,0,0,,,,0,0,True,disabled,backend_compatibility,matched-terrain oracle-information baseline,matched_plant,2fd2c1dbb42c39cc163281ad14f69d4122484783b6b75aa488f2ea05e6c9793b,shared_worst_case_phi13_curvature_v1,True,0,,,,,,,,,,,,,
tire_model_with_estimator_ablation,nn_estimator,standard,nn,tire_force_static,clay,sinusoidal,5.0,0,400,/home/ksha/Documents/sbel/offroad-control/benchmarking/results/tire_model_with_estimator_ablation_20260827_225959/raw/0135_nn_estimator_clay_sinusoidal_v5_b0_s400,ok,0,26.178598165512085,20.0,0.99,/home/ksha/Documents/sbel/offroad-control/benchmarking/results/tire_model_with_estimator_ablation_20260827_225959/raw/0135_nn_estimator_clay_sinusoidal_v5_b0_s400/20260827_230728_057573_dirt_sinusoidal_acados_static_mlp/diag_dirt_sinusoidal_acados_static_mlp.csv,,,1208,0.08207488461705419,0.28914,0.0633813526850508,4.218498838896952,5.01014,0.8436997677793905,14.525687086092715,15.95,122.8190886488457,59.345229,-1.881473,0,chrono_body_contact,0,,,,,,,,True,sinusoidal,5.0,400,20,[25270],[25271],True,True,,8,True,True,False,484,17,11.544,11.544,16,24,15,1.002436,0.015467,-0.001192,0,0,True,grit,independent_n_phi_joint_profile,promoted independent-n-phi online estimator,dirt,f544d4c607d9f35cff9cbf38b8d140aa1d8904401cf08a56f3c5a58132af58c5,shared_worst_case_phi13_curvature_v1,True,0,484.0,17.0,17.0,17.0,17.0,724.0,0.762,0.339574,0.045425,0.331807,14.383764,26.3997712,26.593312
tire_model_with_estimator_ablation,nn_static,standard,nn,tire_force_static,sand,right_left,7.0,0,404,/home/ksha/Documents/sbel/offroad-control/benchmarking/results/tire_model_with_estimator_ablation_20260827_225959/raw/0129_nn_static_sand_right_left_v7_b0_s404,ok,0,26.23060417175293,20.0,0.98,/home/ksha/Documents/sbel/offroad-control/benchmarking/results/tire_model_with_estimator_ablation_20260827_225959/raw/0129_nn_static_sand_right_left_v7_b0_s404/20260827_230728_066288_sand_right_left_acados_static_mlp/diag_sand_right_left_acados_static_mlp.csv,,,1240,0.14959322253510995,0.482506,0.11393520939597315,4.107076241610738,5.624479999999999,0.5867251773729626,14.728895161290325,15.604399999999995,136.5895892254497,55.485306,-30.894192,0,chrono_body_contact,0,,,,,,,,True,right_left,7.0,404,8,[25258],[25259],False,True,,12,False,False,False,0,0,,,0,0,0,,,,0,0,True,disabled,backend_compatibility,matched-terrain oracle-information baseline,matched_plant,2a22058ceeef679f207bd5220377a736edae3e63c7f59afab2d351bc5e8d1aca,shared_worst_case_phi13_curvature_v1,True,0,,,,,,,,,,,,,
tire_model_with_estimator_ablation,nn_static,standard,nn,tire_force_static,sand,right_left,9.0,0,401,/home/ksha/Documents/sbel/offroad-control/benchmarking/results/tire_model_with_estimator_ablation_20260827_225959/raw/0131_nn_static_sand_right_left_v9_b0_s401,ok,0,26.48284649848938,20.0,0.99,/home/ksha/Documents/sbel/offroad-control/benchmarking/results/tire_model_with_estimator_ablation_20260827_225959/raw/0131_nn_static_sand_right_left_v9_b0_s401/20260827_230728_281461_sand_right_left_acados_static_mlp/diag_sand_right_left_acados_static_mlp.csv,,,1199,0.1544937929781333,0.513132,0.11404605042016806,4.0411609243697475,5.46012,0.4490178804855275,15.1857964970809,15.93,130.58498143327458,54.757491,-30.968718,0,chrono_body_contact,0,,,,,,,,True,right_left,9.0,401,12,[25262],[25263],False,True,,12,False,False,False,0,0,,,0,0,0,,,,0,0,True,disabled,backend_compatibility,matched-terrain oracle-information baseline,matched_plant,2fd2c1dbb42c39cc163281ad14f69d4122484783b6b75aa488f2ea05e6c9793b,shared_worst_case_phi13_curvature_v1,True,0,,,,,,,,,,,,,
tire_model_with_estimator_ablation,nn_estimator,standard,nn,tire_force_static,clay,sinusoidal,5.0,0,404,/home/ksha/Documents/sbel/offroad-control/benchmarking/results/tire_model_with_estimator_ablation_20260827_225959/raw/0139_nn_estimator_clay_sinusoidal_v5_b0_s404,ok,0,26.027467966079712,20.0,0.99,/home/ksha/Documents/sbel/offroad-control/benchmarking/results/tire_model_with_estimator_ablation_20260827_225959/raw/0139_nn_estimator_clay_sinusoidal_v5_b0_s404/20260827_230754_412722_dirt_sinusoidal_acados_static_mlp/diag_dirt_sinusoidal_acados_static_mlp.csv,,,1189,0.08716592038880298,0.295361,0.06824258702064896,4.346576401179941,4.98086,0.8693152802359881,14.639932716568547,15.754799999999996,127.59077826807167,63.615701,-0.674361,0,chrono_body_contact,0,,,,,,,,True,sinusoidal,5.0,404,28,[25278],[25279],True,True,,8,True,True,False,561,20,10.044,10.044,16,27,12,0.99923,0.021641,0.008926,0,0,True,grit,independent_n_phi_joint_profile,promoted independent-n-phi online estimator,dirt,f544d4c607d9f35cff9cbf38b8d140aa1d8904401cf08a56f3c5a58132af58c5,shared_worst_case_phi13_curvature_v1,True,0,561.0,20.0,20.0,20.0,20.0,628.0,0.768,0.316708,0.041249,0.315611,14.2283865,26.0984299,26.914364
tire_model_with_estimator_ablation,nn_estimator,standard,nn,tire_force_static,clay,sinusoidal,7.0,0,401,/home/ksha/Documents/sbel/offroad-control/benchmarking/results/tire_model_with_estimator_ablation_20260827_225959/raw/0141_nn_estimator_clay_sinusoidal_v7_b0_s401,ok,0,26.075650691986084,20.0,1.0,/home/ksha/Documents/sbel/offroad-control/benchmarking/results/tire_model_with_estimator_ablation_20260827_225959/raw/0141_nn_estimator_clay_sinusoidal_v7_b0_s401/20260827_230754_628090_dirt_sinusoidal_acados_static_mlp/diag_dirt_sinusoidal_acados_static_mlp.csv,,,1191,0.11283777419900226,0.369524,0.08521005286343612,4.33534845814978,5.1665,0.6193354940213972,14.64144416456759,15.964999999999996,124.6775217914921,61.633607,-1.578406,0,chrono_body_contact,0,,,,,,,,True,sinusoidal,7.0,401,32,[25282],[25283],True,True,,8,True,True,False,476,17,11.532,11.532,16,24,15,0.997586,0.020552,0.004608,0,0,True,grit,independent_n_phi_joint_profile,promoted independent-n-phi online estimator,dirt,dc58ccfda201c75bc0d828da6f9710e91377898701de047f0e4ef191b0e89544,shared_worst_case_phi13_curvature_v1,True,0,476.0,17.0,17.0,17.0,17.0,715.0,0.768,0.355201,0.033135,0.491626,14.545338,27.1603696,30.660156
tire_model_with_estimator_ablation,nn_estimator,standard,nn,tire_force_static,clay,sinusoidal,7.0,0,400,/home/ksha/Documents/sbel/offroad-control/benchmarking/results/tire_model_with_estimator_ablation_20260827_225959/raw/0140_nn_estimator_clay_sinusoidal_v7_b0_s400,ok,0,26.177860021591187,20.0,0.99,/home/ksha/Documents/sbel/offroad-control/benchmarking/results/tire_model_with_estimator_ablation_20260827_225959/raw/0140_nn_estimator_clay_sinusoidal_v7_b0_s400/20260827_230754_490799_dirt_sinusoidal_acados_static_mlp/diag_dirt_sinusoidal_acados_static_mlp.csv,,,1209,0.10010632931417833,0.426353,0.07728352906976745,4.272095203488372,5.13481,0.6102993147840532,14.495707196029779,15.695200000000003,127.03596225736321,60.791455,-1.666706,0,chrono_body_contact,0,,,,,,,,True,sinusoidal,7.0,400,30,[25280],[25281],True,True,,8,True,True,False,444,16,12.024,12.024,16,23,16,0.997989,-0.00441,0.003883,0,0,True,grit,independent_n_phi_joint_profile,promoted independent-n-phi online estimator,dirt,dc58ccfda201c75bc0d828da6f9710e91377898701de047f0e4ef191b0e89544,shared_worst_case_phi13_curvature_v1,True,0,444.0,16.0,16.0,16.0,16.0,765.0,0.774,0.411588,0.040465,0.669242,14.0250895,25.695270999999998,25.767262
tire_model_with_estimator_ablation,nn_estimator,standard,nn,tire_force_static,clay,sinusoidal,5.0,0,402,/home/ksha/Documents/sbel/offroad-control/benchmarking/results/tire_model_with_estimator_ablation_20260827_225959/raw/0137_nn_estimator_clay_sinusoidal_v5_b0_s402,ok,0,26.18698763847351,20.0,0.99,/home/ksha/Documents/sbel/offroad-control/benchmarking/results/tire_model_with_estimator_ablation_20260827_225959/raw/0137_nn_estimator_clay_sinusoidal_v5_b0_s402/20260827_230754_508958_dirt_sinusoidal_acados_static_mlp/diag_dirt_sinusoidal_acados_static_mlp.csv,,,1192,0.09197746185972128,0.314061,0.07330439791356186,4.279918032786885,4.9959,0.8559836065573769,14.641996644295304,16.0327,125.16058130141298,61.203047,-1.503346,0,chrono_body_contact,0,,,,,,,,True,sinusoidal,5.0,402,24,[25274],[25275],True,True,,8,True,True,False,468,17,11.544,11.544,16,24,15,0.997339,-0.001369,0.010028,0,0,True,grit,independent_n_phi_joint_profile,promoted independent-n-phi online estimator,dirt,f544d4c607d9f35cff9cbf38b8d140aa1d8904401cf08a56f3c5a58132af58c5,shared_worst_case_phi13_curvature_v1,True,0,468.0,17.0,17.0,17.0,17.0,724.0,0.768,0.32543,0.04421,0.394763,14.198452,26.148326,26.182022
tire_model_with_estimator_ablation,nn_estimator,standard,nn,tire_force_static,clay,sinusoidal,7.0,0,404,/home/ksha/Documents/sbel/offroad-control/benchmarking/results/tire_model_with_estimator_ablation_20260827_225959/raw/0144_nn_estimator_clay_sinusoidal_v7_b0_s404,ok,0,26.19225811958313,20.0,1.0,/home/ksha/Documents/sbel/offroad-control/benchmarking/results/tire_model_with_estimator_ablation_20260827_225959/raw/0144_nn_estimator_clay_sinusoidal_v7_b0_s404/20260827_230754_552224_dirt_sinusoidal_acados_static_mlp/diag_dirt_sinusoidal_acados_static_mlp.csv,,,1203,0.09190626155151538,0.283151,0.07171418409425627,4.301237555228277,5.07911,0.6144625078897539,14.538512053200334,17.4872,129.3369903904304,60.923188,-1.586449,0,chrono_body_contact,0,,,,,,,,True,sinusoidal,7.0,404,38,[25288],[25289],True,True,,8,True,True,False,450,16,12.024,12.024,16,23,16,1.002079,0.022258,0.006623,0,0,True,grit,independent_n_phi_joint_profile,promoted independent-n-phi online estimator,dirt,dc58ccfda201c75bc0d828da6f9710e91377898701de047f0e4ef191b0e89544,shared_worst_case_phi13_curvature_v1,True,0,450.0,16.0,16.0,16.0,16.0,753.0,0.762,0.365422,0.031381,0.482892,14.157405,25.723235,25.839254
tire_model_with_estimator_ablation,nn_estimator,standard,nn,tire_force_static,clay,sinusoidal,7.0,0,402,/home/ksha/Documents/sbel/offroad-control/benchmarking/results/tire_model_with_estimator_ablation_20260827_225959/raw/0142_nn_estimator_clay_sinusoidal_v7_b0_s402,ok,0,26.278371810913086,20.0,1.0,/home/ksha/Documents/sbel/offroad-control/benchmarking/results/tire_model_with_estimator_ablation_20260827_225959/raw/0142_nn_estimator_clay_sinusoidal_v7_b0_s402/20260827_230754_522715_dirt_sinusoidal_acados_static_mlp/diag_dirt_sinusoidal_acados_static_mlp.csv,,,1193,0.13644628496029487,0.46846,0.1002065918958032,4.538647322720694,5.16915,0.6483781889600991,14.612011735121543,17.197599999999966,126.89449522230868,65.452548,0.02533,0,chrono_body_contact,0,,,,,,,,True,sinusoidal,7.0,402,34,[25284],[25285],True,True,,8,True,True,False,541,19,10.524,10.524,16,26,13,1.000546,0.041398,0.011658,0,0,True,grit,independent_n_phi_joint_profile,promoted independent-n-phi online estimator,dirt,dc58ccfda201c75bc0d828da6f9710e91377898701de047f0e4ef191b0e89544,shared_worst_case_phi13_curvature_v1,True,0,541.0,19.0,19.0,19.0,19.0,652.0,0.762,0.361453,0.043815,0.364683,14.116252,25.7310006,25.843182
tire_model_with_estimator_ablation,nn_estimator,standard,nn,tire_force_static,clay,sinusoidal,7.0,0,403,/home/ksha/Documents/sbel/offroad-control/benchmarking/results/tire_model_with_estimator_ablation_20260827_225959/raw/0143_nn_estimator_clay_sinusoidal_v7_b0_s403,ok,0,26.280758380889893,20.0,0.99,/home/ksha/Documents/sbel/offroad-control/benchmarking/results/tire_model_with_estimator_ablation_20260827_225959/raw/0143_nn_estimator_clay_sinusoidal_v7_b0_s403/20260827_230754_625815_dirt_sinusoidal_acados_static_mlp/diag_dirt_sinusoidal_acados_static_mlp.csv,,,1126,0.10548736762813192,0.355413,0.07915363734567901,4.397783950617284,5.122815,0.6282548500881834,15.593197158081704,18.02,119.69392017946183,62.977556,-1.168388,0,chrono_body_contact,0,,,,,,,,True,sinusoidal,7.0,403,36,[25286],[25287],True,True,,8,True,True,False,451,17,11.544,11.544,16,24,15,0.999175,0.024632,-0.002679,0,0,True,grit,independent_n_phi_joint_profile,promoted independent-n-phi online estimator,dirt,dc58ccfda201c75bc0d828da6f9710e91377898701de047f0e4ef191b0e89544,shared_worst_case_phi13_curvature_v1,True,0,451.0,17.0,17.0,17.0,17.0,675.0,0.78,0.349325,0.048761,0.514927,16.849633,27.4818292,27.52205
tire_model_with_estimator_ablation,nn_estimator,standard,nn,tire_force_static,clay,sinusoidal,5.0,0,403,/home/ksha/Documents/sbel/offroad-control/benchmarking/results/tire_model_with_estimator_ablation_20260827_225959/raw/0138_nn_estimator_clay_sinusoidal_v5_b0_s403,ok,0,26.3261137008667,20.0,0.99,/home/ksha/Documents/sbel/offroad-control/benchmarking/results/tire_model_with_estimator_ablation_20260827_225959/raw/0138_nn_estimator_clay_sinusoidal_v5_b0_s403/20260827_230754_419502_dirt_sinusoidal_acados_static_mlp/diag_dirt_sinusoidal_acados_static_mlp.csv,,,1220,0.08569070918438584,0.305562,0.06731394540229885,4.301797413793103,4.971175000000001,0.8603594827586207,14.309811475409838,18.954799999999995,125.42812672442331,61.182993,-1.557271,0,chrono_body_contact,0,,,,,,,,True,sinusoidal,5.0,403,26,[25276],[25277],True,True,,8,True,True,False,484,17,11.532,11.532,16,24,15,1.000308,0.008485,0.006485,0,0,True,grit,independent_n_phi_joint_profile,promoted independent-n-phi online estimator,dirt,f544d4c607d9f35cff9cbf38b8d140aa1d8904401cf08a56f3c5a58132af58c5,shared_worst_case_phi13_curvature_v1,True,0,484.0,17.0,17.0,17.0,17.0,736.0,0.768,0.32396,0.029238,0.222692,15.669606,26.0104182,26.129359
tire_model_with_estimator_ablation,nn_estimator,standard,nn,tire_force_static,clay,sinusoidal,9.0,0,404,/home/ksha/Documents/sbel/offroad-control/benchmarking/results/tire_model_with_estimator_ablation_20260827_225959/raw/0149_nn_estimator_clay_sinusoidal_v9_b0_s404,ok,0,25.92426347732544,20.0,0.99,/home/ksha/Documents/sbel/offroad-control/benchmarking/results/tire_model_with_estimator_ablation_20260827_225959/raw/0149_nn_estimator_clay_sinusoidal_v9_b0_s404/20260827_230820_869159_dirt_sinusoidal_acados_static_mlp/diag_dirt_sinusoidal_acados_static_mlp.csv,,,1150,0.12962483420544613,0.42207,0.09753480412371135,4.64549351988218,5.21924,0.5161659466535755,14.841921739130434,16.395500000000002,127.95632622086639,68.979685,1.524259,0,chrono_body_contact,0,,,,,,,,True,sinusoidal,9.0,404,48,[25298],[25299],True,True,,8,True,True,False,557,20,10.044,10.044,16,27,12,0.999416,0.02608,0.001079,0,0,True,grit,independent_n_phi_joint_profile,promoted independent-n-phi online estimator,dirt,dc58ccfda201c75bc0d828da6f9710e91377898701de047f0e4ef191b0e89544,shared_worst_case_phi13_curvature_v1,True,0,557.0,20.0,20.0,20.0,20.0,593.0,0.768,0.33873,0.036165,0.41839,14.468872000000001,26.222490099999998,26.319981
tire_model_with_estimator_ablation,nn_estimator,standard,nn,tire_force_static,clay,lane_change,5.0,0,401,/home/ksha/Documents/sbel/offroad-control/benchmarking/results/tire_model_with_estimator_ablation_20260827_225959/raw/0151_nn_estimator_clay_lane_change_v5_b0_s401,ok,0,26.075678825378418,20.0,1.0,/home/ksha/Documents/sbel/offroad-control/benchmarking/results/tire_model_with_estimator_ablation_20260827_225959/raw/0151_nn_estimator_clay_lane_change_v5_b0_s401/20260827_230820_972457_dirt_lane_change_acados_static_mlp/diag_dirt_lane_change_acados_static_mlp.csv,,,1183,0.13467714974547268,0.55902,0.0824499799426934,4.419635386819484,5.40669,0.8839270773638969,14.872535925612848,15.990800000000004,133.62546831520604,80.167326,3.014063,0,chrono_body_contact,0,,,,,,,,True,lane_change,5.0,401,52,[25302],[25303],True,True,,8,True,True,False,357,7,7.536,7.536,14,17,22,0.999921,0.013554,-0.005719,0,1,True,grit,independent_n_phi_joint_profile,promoted independent-n-phi online estimator,dirt,c95613694247a1005b45d05d79e96eab52db905aea2667907ed2515e9ac3b36a,shared_worst_case_phi13_curvature_v1,True,0,727.0,7.0,7.0,7.0,7.0,826.0,9.732,0.314015,0.049247,0.337237,24.788228,26.1069825,26.308623
tire_model_with_estimator_ablation,nn_estimator,standard,nn,tire_force_static,clay,lane_change,5.0,0,400,/home/ksha/Documents/sbel/offroad-control/benchmarking/results/tire_model_with_estimator_ablation_20260827_225959/raw/0150_nn_estimator_clay_lane_change_v5_b0_s400,ok,0,26.081978797912598,20.0,0.99,/home/ksha/Documents/sbel/offroad-control/benchmarking/results/tire_model_with_estimator_ablation_20260827_225959/raw/0150_nn_estimator_clay_lane_change_v5_b0_s400/20260827_230820_792761_dirt_lane_change_acados_static_mlp/diag_dirt_lane_change_acados_static_mlp.csv,,,1189,0.14052379376330582,0.540897,0.08455312073863636,4.353716619318182,5.289375,0.8707433238636364,14.85793103448276,16.0312,131.88166323474525,80.279953,3.033211,0,chrono_body_contact,0,,,,,,,,True,lane_change,5.0,400,50,[25300],[25301],True,True,,8,True,True,False,327,6,7.536,7.536,13,16,23,1.000708,0.003867,0.001765,0,1,True,grit,independent_n_phi_joint_profile,promoted independent-n-phi online estimator,dirt,c95613694247a1005b45d05d79e96eab52db905aea2667907ed2515e9ac3b36a,shared_worst_case_phi13_curvature_v1,True,0,733.0,6.0,6.0,6.0,6.0,862.0,10.242,0.241279,0.042354,0.15054,12.935143,22.24782225,24.689488
tire_model_with_estimator_ablation,nn_estimator,standard,nn,tire_force_static,clay,lane_change,5.0,0,402,/home/ksha/Documents/sbel/offroad-control/benchmarking/results/tire_model_with_estimator_ablation_20260827_225959/raw/0152_nn_estimator_clay_lane_change_v5_b0_s402,ok,0,26.083481550216675,20.0,0.99,/home/ksha/Documents/sbel/offroad-control/benchmarking/results/tire_model_with_estimator_ablation_20260827_225959/raw/0152_nn_estimator_clay_lane_change_v5_b0_s402/20260827_230821_039698_dirt_lane_change_acados_static_mlp/diag_dirt_lane_change_acados_static_mlp.csv,,,1185,0.14866666513139587,0.600911,0.09099379202279202,4.373328632478633,5.374804999999999,0.8746657264957266,14.777071729957807,15.823200000000002,132.99048200135306,79.986323,3.088842,0,chrono_body_contact,0,,,,,,,,True,lane_change,5.0,402,54,[25304],[25305],True,True,,8,True,True,False,443,8,7.536,7.536,14,18,21,1.000806,-0.000403,0.001772,0,2,True,grit,independent_n_phi_joint_profile,promoted independent-n-phi online estimator,dirt,c95613694247a1005b45d05d79e96eab52db905aea2667907ed2515e9ac3b36a,shared_worst_case_phi13_curvature_v1,True,0,729.0,8.0,8.0,8.0,8.0,742.0,8.232,0.252534,0.045733,0.256878,19.678248,25.547769300000002,25.652532
tire_model_with_estimator_ablation,nn_estimator,standard,nn,tire_force_static,clay,sinusoidal,9.0,0,403,/home/ksha/Documents/sbel/offroad-control/benchmarking/results/tire_model_with_estimator_ablation_20260827_225959/raw/0148_nn_estimator_clay_sinusoidal_v9_b0_s403,ok,0,26.175673246383667,20.0,0.99,/home/ksha/Documents/sbel/offroad-control/benchmarking/results/tire_model_with_estimator_ablation_20260827_225959/raw/0148_nn_estimator_clay_sinusoidal_v9_b0_s403/20260827_230821_001066_dirt_sinusoidal_acados_static_mlp/diag_dirt_sinusoidal_acados_static_mlp.csv,,,1183,0.14146748831998068,0.482888,0.10176260352422907,4.554507635829662,5.217,0.5060564039810735,14.753922231614538,15.922600000000005,125.35678492500861,65.913346,0.12913,0,chrono_body_contact,0,,,,,,,,True,sinusoidal,9.0,403,46,[25296],[25297],True,True,,8,True,True,False,505,18,11.04,11.04,16,25,14,0.999445,0.010355,0.000789,0,0,True,grit,independent_n_phi_joint_profile,promoted independent-n-phi online estimator,dirt,dc58ccfda201c75bc0d828da6f9710e91377898701de047f0e4ef191b0e89544,shared_worst_case_phi13_curvature_v1,True,0,505.0,18.0,18.0,18.0,18.0,678.0,0.768,0.356687,0.060366,0.500315,15.0819875,26.140343599999998,26.333076
tire_model_with_estimator_ablation,nn_estimator,standard,nn,tire_force_static,clay,sinusoidal,9.0,0,401,/home/ksha/Documents/sbel/offroad-control/benchmarking/results/tire_model_with_estimator_ablation_20260827_225959/raw/0146_nn_estimator_clay_sinusoidal_v9_b0_s401,ok,0,26.226243257522583,20.0,0.99,/home/ksha/Documents/sbel/offroad-control/benchmarking/results/tire_model_with_estimator_ablation_20260827_225959/raw/0146_nn_estimator_clay_sinusoidal_v9_b0_s401/20260827_230820_905392_dirt_sinusoidal_acados_static_mlp/diag_dirt_sinusoidal_acados_static_mlp.csv,,,1123,0.12451860275396852,0.569102,0.09317712364760433,4.423351777434312,5.14286,0.49148353082603463,15.54239536954586,17.820799999999988,121.12901246926516,63.519569,-0.959211,0,chrono_body_contact,0,,,,,,,,True,sinusoidal,9.0,401,42,[25292],[25293],True,True,,8,True,True,False,446,17,11.544,11.544,16,24,15,1.001528,0.029274,0.004421,0,0,True,grit,independent_n_phi_joint_profile,promoted independent-n-phi online estimator,dirt,dc58ccfda201c75bc0d828da6f9710e91377898701de047f0e4ef191b0e89544,shared_worst_case_phi13_curvature_v1,True,0,446.0,17.0,17.0,17.0,17.0,677.0,0.768,0.347424,0.029703,0.445423,15.457174,27.9466026,27.956641
tire_model_with_estimator_ablation,nn_estimator,standard,nn,tire_force_static,clay,sinusoidal,9.0,0,402,/home/ksha/Documents/sbel/offroad-control/benchmarking/results/tire_model_with_estimator_ablation_20260827_225959/raw/0147_nn_estimator_clay_sinusoidal_v9_b0_s402,ok,0,26.27553081512451,20.0,1.0,/home/ksha/Documents/sbel/offroad-control/benchmarking/results/tire_model_with_estimator_ablation_20260827_225959/raw/0147_nn_estimator_clay_sinusoidal_v9_b0_s402/20260827_230821_006880_dirt_sinusoidal_acados_static_mlp/diag_dirt_sinusoidal_acados_static_mlp.csv,,,1201,0.11534129321520907,0.374584,0.08731140863309353,4.347221438848921,5.12913,0.48302460431654676,14.535828476269774,15.83,124.86042862492624,62.428649,-1.238745,0,chrono_body_contact,0,,,,,,,,True,sinusoidal,9.0,402,44,[25294],[25295],True,True,,8,True,True,False,546,19,10.524,10.524,16,26,13,0.998818,-0.001418,0.006322,0,0,True,grit,independent_n_phi_joint_profile,promoted independent-n-phi online estimator,dirt,dc58ccfda201c75bc0d828da6f9710e91377898701de047f0e4ef191b0e89544,shared_worst_case_phi13_curvature_v1,True,0,546.0,19.0,19.0,19.0,19.0,655.0,0.768,0.352402,0.030426,0.367796,14.335873,25.667851799999998,25.9572
tire_model_with_estimator_ablation,nn_estimator,standard,nn,tire_force_static,clay,sinusoidal,9.0,0,400,/home/ksha/Documents/sbel/offroad-control/benchmarking/results/tire_model_with_estimator_ablation_20260827_225959/raw/0145_nn_estimator_clay_sinusoidal_v9_b0_s400,ok,0,26.325716018676758,20.0,1.0,/home/ksha/Documents/sbel/offroad-control/benchmarking/results/tire_model_with_estimator_ablation_20260827_225959/raw/0145_nn_estimator_clay_sinusoidal_v9_b0_s400/20260827_230820_866566_dirt_sinusoidal_acados_static_mlp/diag_dirt_sinusoidal_acados_static_mlp.csv,,,1206,0.09849609862424852,0.443886,0.07527857575757575,4.388521500721501,4.98264,0.48761350008016674,14.477446102819236,15.539,126.23515820313742,63.086015,-0.996178,0,chrono_body_contact,0,,,,,,,,True,sinusoidal,9.0,400,40,[25290],[25291],True,True,,8,True,True,False,517,18,11.04,11.04,16,25,14,0.998629,0.014386,-0.001996,0,0,True,grit,independent_n_phi_joint_profile,promoted independent-n-phi online estimator,dirt,dc58ccfda201c75bc0d828da6f9710e91377898701de047f0e4ef191b0e89544,shared_worst_case_phi13_curvature_v1,True,0,517.0,18.0,18.0,18.0,18.0,689.0,0.774,0.333293,0.025746,0.409783,13.876688,25.8023791,25.819255
tire_model_with_estimator_ablation,nn_estimator,standard,nn,tire_force_static,clay,lane_change,7.0,0,401,/home/ksha/Documents/sbel/offroad-control/benchmarking/results/tire_model_with_estimator_ablation_20260827_225959/raw/0156_nn_estimator_clay_lane_change_v7_b0_s401,ok,0,25.931031703948975,20.0,0.99,/home/ksha/Documents/sbel/offroad-control/benchmarking/results/tire_model_with_estimator_ablation_20260827_225959/raw/0156_nn_estimator_clay_lane_change_v7_b0_s401/20260827_230847_282482_dirt_lane_change_acados_static_mlp/diag_dirt_lane_change_acados_static_mlp.csv,,,1146,0.291372655071928,0.94544,0.19821441944847604,4.380060957910015,6.84702,0.6257229939871449,15.205,17.551,136.00671325757963,84.292445,3.278045,0,chrono_body_contact,0,,,,,,,,True,lane_change,7.0,401,62,[25312],[25313],True,True,,8,True,True,False,617,11,7.536,7.536,13,18,21,0.999054,-0.007817,-0.001811,0,4,True,grit,independent_n_phi_joint_profile,promoted independent-n-phi online estimator,dirt,7085653a638402e5abfa5737dcf5188cf3bc55fb7a7340a71403cb917f35b2aa,shared_worst_case_phi13_curvature_v1,True,0,715.0,11.0,11.0,11.0,11.0,529.0,4.248,0.319624,0.036482,0.427061,12.675713,26.058441000000002,26.223157
tire_model_with_estimator_ablation,nn_estimator,standard,nn,tire_force_static,clay,lane_change,9.0,0,400,/home/ksha/Documents/sbel/offroad-control/benchmarking/results/tire_model_with_estimator_ablation_20260827_225959/raw/0160_nn_estimator_clay_lane_change_v9_b0_s400,ok,0,26.086267948150635,20.0,0.99,/home/ksha/Documents/sbel/offroad-control/benchmarking/results/tire_model_with_estimator_ablation_20260827_225959/raw/0160_nn_estimator_clay_lane_change_v9_b0_s400/20260827_230847_389721_dirt_lane_change_acados_static_mlp/diag_dirt_lane_change_acados_static_mlp.csv,,,1235,0.44832287188853953,0.823932,0.3365701148648649,4.614763243243243,8.007905,0.5127514714714715,14.191311740890688,15.813200000000002,144.13999482782708,87.635366,3.722615,0,chrono_body_contact,0,,,,,,,,True,lane_change,9.0,400,70,[25320],[25321],True,True,,8,True,True,False,617,10,7.524,7.524,13,17,22,1.001274,-0.00873,-0.006586,0,4,True,grit,independent_n_phi_joint_profile,promoted independent-n-phi online estimator,dirt,8738935243860ac000075a211607e15f3d93aec40193a3fb27ed22c8942c3b2e,shared_worst_case_phi13_curvature_v1,True,0,769.0,10.0,10.0,10.0,10.0,618.0,5.244,0.309951,0.037374,0.306549,12.216719000000001,24.20853545,24.210182
tire_model_with_estimator_ablation,nn_estimator,standard,nn,tire_force_static,clay,lane_change,5.0,0,404,/home/ksha/Documents/sbel/offroad-control/benchmarking/results/tire_model_with_estimator_ablation_20260827_225959/raw/0154_nn_estimator_clay_lane_change_v5_b0_s404,ok,0,26.12582015991211,20.0,0.99,/home/ksha/Documents/sbel/offroad-control/benchmarking/results/tire_model_with_estimator_ablation_20260827_225959/raw/0154_nn_estimator_clay_lane_change_v5_b0_s404/20260827_230847_414801_dirt_lane_change_acados_static_mlp/diag_dirt_lane_change_acados_static_mlp.csv,,,1189,0.05783379156003745,0.209877,0.046159229577464794,4.421496197183099,5.428575,0.8842992394366197,14.829125315391087,15.5512,133.75680796523773,80.649693,3.066083,0,chrono_body_contact,0,,,,,,,,True,lane_change,5.0,404,58,[25308],[25309],True,True,,8,True,True,False,536,8,7.536,7.536,14,17,22,1.00007,0.002446,-0.013314,0,0,True,grit,independent_n_phi_joint_profile,promoted independent-n-phi online estimator,dirt,c95613694247a1005b45d05d79e96eab52db905aea2667907ed2515e9ac3b36a,shared_worst_case_phi13_curvature_v1,True,0,737.0,8.0,8.0,8.0,8.0,653.0,6.732,0.268644,0.051933,0.176189,24.237888499999997,26.31855355,26.53648
tire_model_with_estimator_ablation,nn_estimator,standard,nn,tire_force_static,clay,lane_change,7.0,0,403,/home/ksha/Documents/sbel/offroad-control/benchmarking/results/tire_model_with_estimator_ablation_20260827_225959/raw/0158_nn_estimator_clay_lane_change_v7_b0_s403,ok,0,26.126193046569824,20.0,1.0,/home/ksha/Documents/sbel/offroad-control/benchmarking/results/tire_model_with_estimator_ablation_20260827_225959/raw/0158_nn_estimator_clay_lane_change_v7_b0_s403/20260827_230847_378900_dirt_lane_change_acados_static_mlp/diag_dirt_lane_change_acados_static_mlp.csv,,,1219,0.32030080742660183,1.07539,0.21462301646090537,4.320946639231824,6.75134,0.617278091318832,14.401435602953239,15.934599999999998,138.72941411288258,83.835315,3.306643,0,chrono_body_contact,0,,,,,,,,True,lane_change,7.0,403,66,[25316],[25317],True,True,,8,True,True,False,656,11,7.524,7.524,13,18,21,1.001108,-0.005753,-0.001622,0,5,True,grit,independent_n_phi_joint_profile,promoted independent-n-phi online estimator,dirt,7085653a638402e5abfa5737dcf5188cf3bc55fb7a7340a71403cb917f35b2aa,shared_worst_case_phi13_curvature_v1,True,0,757.0,11.0,11.0,11.0,11.0,563.0,4.242,0.330817,0.036812,0.225337,12.126438,19.699628,24.459581
tire_model_with_estimator_ablation,nn_estimator,standard,nn,tire_force_static,clay,lane_change,5.0,0,403,/home/ksha/Documents/sbel/offroad-control/benchmarking/results/tire_model_with_estimator_ablation_20260827_225959/raw/0153_nn_estimator_clay_lane_change_v5_b0_s403,ok,0,26.132712602615356,20.0,1.0,/home/ksha/Documents/sbel/offroad-control/benchmarking/results/tire_model_with_estimator_ablation_20260827_225959/raw/0153_nn_estimator_clay_lane_change_v5_b0_s403/20260827_230847_391737_dirt_lane_change_acados_static_mlp/diag_dirt_lane_change_acados_static_mlp.csv,,,1190,0.12106382000595055,0.52143,0.07619514205344587,4.334583263009846,5.36705,0.8669166526019693,14.815747899159662,15.601099999999999,131.42459552392475,80.271264,2.966081,0,chrono_body_contact,0,,,,,,,,True,lane_change,5.0,403,56,[25306],[25307],True,True,,8,True,True,False,333,6,7.536,7.536,13,16,23,0.999741,-0.005606,6.5e-05,0,2,True,grit,independent_n_phi_joint_profile,promoted independent-n-phi online estimator,dirt,c95613694247a1005b45d05d79e96eab52db905aea2667907ed2515e9ac3b36a,shared_worst_case_phi13_curvature_v1,True,0,739.0,6.0,6.0,6.0,6.0,857.0,10.23,0.242696,0.051624,0.252223,19.218353999999998,25.3015565,25.340909
tire_model_with_estimator_ablation,nn_estimator,standard,nn,tire_force_static,clay,lane_change,7.0,0,400,/home/ksha/Documents/sbel/offroad-control/benchmarking/results/tire_model_with_estimator_ablation_20260827_225959/raw/0155_nn_estimator_clay_lane_change_v7_b0_s400,ok,0,26.1360445022583,20.0,1.0,/home/ksha/Documents/sbel/offroad-control/benchmarking/results/tire_model_with_estimator_ablation_20260827_225959/raw/0155_nn_estimator_clay_lane_change_v7_b0_s400/20260827_230847_526228_dirt_lane_change_acados_static_mlp/diag_dirt_lane_change_acados_static_mlp.csv,,,1205,0.28315168301934446,0.841249,0.19980805922865014,4.332628099173554,6.9929749999999995,0.6189468713105077,14.531195020746889,16.095600000000005,137.96222258982147,83.938429,3.355369,0,chrono_body_contact,0,,,,,,,,True,lane_change,7.0,400,60,[25310],[25311],True,True,,8,True,True,False,639,11,7.536,7.536,14,18,21,0.999339,0.030171,-0.001949,0,5,True,grit,independent_n_phi_joint_profile,promoted independent-n-phi online estimator,dirt,7085653a638402e5abfa5737dcf5188cf3bc55fb7a7340a71403cb917f35b2aa,shared_worst_case_phi13_curvature_v1,True,0,753.0,11.0,11.0,11.0,11.0,566.0,4.74,0.330281,0.048417,0.282137,14.041788,25.422887,25.964871
tire_model_with_estimator_ablation,nn_estimator,standard,nn,tire_force_static,clay,lane_change,7.0,0,402,/home/ksha/Documents/sbel/offroad-control/benchmarking/results/tire_model_with_estimator_ablation_20260827_225959/raw/0157_nn_estimator_clay_lane_change_v7_b0_s402,ok,0,26.180867671966553,20.0,1.0,/home/ksha/Documents/sbel/offroad-control/benchmarking/results/tire_model_with_estimator_ablation_20260827_225959/raw/0157_nn_estimator_clay_lane_change_v7_b0_s402/20260827_230847_305454_dirt_lane_change_acados_static_mlp/diag_dirt_lane_change_acados_static_mlp.csv,,,1206,0.31891626642518783,0.973979,0.22148977154582766,4.398986320109439,6.8652,0.6284266171584914,14.548648424543945,16.2085,137.70796239710728,84.156576,3.415063,0,chrono_body_contact,0,,,,,,,,True,lane_change,7.0,402,64,[25314],[25315],True,True,,8,True,True,False,657,11,7.536,7.536,13,18,21,1.000477,0.010273,-0.00721,0,3,True,grit,independent_n_phi_joint_profile,promoted independent-n-phi online estimator,dirt,7085653a638402e5abfa5737dcf5188cf3bc55fb7a7340a71403cb917f35b2aa,shared_worst_case_phi13_curvature_v1,True,0,758.0,11.0,11.0,11.0,11.0,549.0,4.236,0.32963,0.042143,0.216421,13.607497,24.860938,24.968242
tire_model_with_estimator_ablation,nn_estimator,standard,nn,tire_force_static,clay,lane_change,7.0,0,404,/home/ksha/Documents/sbel/offroad-control/benchmarking/results/tire_model_with_estimator_ablation_20260827_225959/raw/0159_nn_estimator_clay_lane_change_v7_b0_s404,ok,0,26.23787760734558,20.0,1.0,/home/ksha/Documents/sbel/offroad-control/benchmarking/results/tire_model_with_estimator_ablation_20260827_225959/raw/0159_nn_estimator_clay_lane_change_v7_b0_s404/20260827_230847_419902_dirt_lane_change_acados_static_mlp/diag_dirt_lane_change_acados_static_mlp.csv,,,1204,0.21621586750092509,0.677781,0.1515020355191257,4.328131420765028,7.186235,0.6183044886807183,14.577998338870435,16.4894,140.32967672055383,83.939807,3.315395,0,chrono_body_contact,0,,,,,,,,True,lane_change,7.0,404,68,[25318],[25319],True,True,,8,True,True,False,635,10,8.04,8.04,13,17,22,1.001989,0.033117,-0.009782,0,5,True,grit,independent_n_phi_joint_profile,promoted independent-n-phi online estimator,dirt,7085653a638402e5abfa5737dcf5188cf3bc55fb7a7340a71403cb917f35b2aa,shared_worst_case_phi13_curvature_v1,True,0,731.0,10.0,10.0,10.0,10.0,569.0,4.722,0.362829,0.047601,0.284868,13.928681000000001,24.54617915,24.77555
tire_model_with_estimator_ablation,nn_estimator,standard,nn,tire_force_static,clay,lane_change,9.0,0,403,/home/ksha/Documents/sbel/offroad-control/benchmarking/results/tire_model_with_estimator_ablation_20260827_225959/raw/0163_nn_estimator_clay_lane_change_v9_b0_s403,ok,0,26.02521848678589,20.0,1.0,/home/ksha/Documents/sbel/offroad-control/benchmarking/results/tire_model_with_estimator_ablation_20260827_225959/raw/0163_nn_estimator_clay_lane_change_v9_b0_s403/20260827_230913_645026_dirt_lane_change_acados_static_mlp/diag_dirt_lane_change_acados_static_mlp.csv,,,1196,0.45763796979021165,1.085793,0.34424678212290505,4.832653212290503,8.206575,0.5369614680322781,14.6166889632107,16.544999999999987,140.42834885284415,89.834316,3.669074,0,chrono_body_contact,0,,,,,,,,True,lane_change,9.0,403,76,[25326],[25327],True,True,,8,True,True,False,614,12,7.536,7.536,14,19,20,0.999316,-0.005834,0.007103,0,5,True,grit,independent_n_phi_joint_profile,promoted independent-n-phi online estimator,dirt,8738935243860ac000075a211607e15f3d93aec40193a3fb27ed22c8942c3b2e,shared_worst_case_phi13_curvature_v1,True,0,744.0,12.0,12.0,12.0,12.0,582.0,5.22,0.321898,0.035645,0.512199,13.2482005,19.692294499999992,24.767238
tire_model_with_estimator_ablation,nn_estimator,standard,nn,tire_force_static,clay,lane_change,9.0,0,402,/home/ksha/Documents/sbel/offroad-control/benchmarking/results/tire_model_with_estimator_ablation_20260827_225959/raw/0162_nn_estimator_clay_lane_change_v9_b0_s402,ok,0,26.127609968185425,20.0,0.99,/home/ksha/Documents/sbel/offroad-control/benchmarking/results/tire_model_with_estimator_ablation_20260827_225959/raw/0162_nn_estimator_clay_lane_change_v9_b0_s402/20260827_230913_541564_dirt_lane_change_acados_static_mlp/diag_dirt_lane_change_acados_static_mlp.csv,,,1143,0.3697336448047275,0.84846,0.2845338231884058,4.485618260869566,8.049294999999999,0.4984020289855073,15.31037620297463,17.50699999999999,137.04254424999297,85.899191,3.576433,0,chrono_body_contact,0,,,,,,,,True,lane_change,9.0,402,74,[25324],[25325],True,True,,8,True,True,False,576,10,7.536,7.536,13,17,22,0.999644,0.015936,-0.003518,0,5,True,grit,independent_n_phi_joint_profile,promoted independent-n-phi online estimator,dirt,8738935243860ac000075a211607e15f3d93aec40193a3fb27ed22c8942c3b2e,shared_worst_case_phi13_curvature_v1,True,0,716.0,10.0,10.0,10.0,10.0,567.0,5.232,0.287737,0.044832,0.41675,14.6230425,26.1380136,26.230782
tire_model_with_estimator_ablation,nn_estimator,standard,nn,tire_force_static,clay,lane_change,9.0,0,404,/home/ksha/Documents/sbel/offroad-control/benchmarking/results/tire_model_with_estimator_ablation_20260827_225959/raw/0164_nn_estimator_clay_lane_change_v9_b0_s404,ok,0,26.125237464904785,20.0,1.0,/home/ksha/Documents/sbel/offroad-control/benchmarking/results/tire_model_with_estimator_ablation_20260827_225959/raw/0164_nn_estimator_clay_lane_change_v9_b0_s404/20260827_230913_529108_dirt_lane_change_acados_static_mlp/diag_dirt_lane_change_acados_static_mlp.csv,,,1199,0.46992466462372184,0.929131,0.3458512083916084,4.798940419580419,8.10207,0.5332156021756022,14.599891576313595,16.332999999999995,145.4513301756532,89.740625,3.825295,0,chrono_body_contact,0,,,,,,,,True,lane_change,9.0,404,78,[25328],[25329],True,True,,8,True,True,False,619,12,8.04,8.04,13,19,20,0.997873,-0.008416,-0.000274,0,5,True,grit,independent_n_phi_joint_profile,promoted independent-n-phi online estimator,dirt,8738935243860ac000075a211607e15f3d93aec40193a3fb27ed22c8942c3b2e,shared_worst_case_phi13_curvature_v1,True,0,714.0,12.0,12.0,12.0,12.0,580.0,4.716,0.390082,0.036984,0.313489,14.182298,24.718281400000002,25.087558
tire_model_with_estimator_ablation,nn_estimator,standard,nn,tire_force_static,clay,lane_change,9.0,0,401,/home/ksha/Documents/sbel/offroad-control/benchmarking/results/tire_model_with_estimator_ablation_20260827_225959/raw/0161_nn_estimator_clay_lane_change_v9_b0_s401,ok,0,26.176215648651123,20.0,0.99,/home/ksha/Documents/sbel/offroad-control/benchmarking/results/tire_model_with_estimator_ablation_20260827_225959/raw/0161_nn_estimator_clay_lane_change_v9_b0_s401/20260827_230913_471598_dirt_lane_change_acados_static_mlp/diag_dirt_lane_change_acados_static_mlp.csv,,,1207,0.2202843421221744,0.836845,0.12414008653846154,4.864867032967033,8.0145,0.5405407814407814,14.554233637116818,16.235200000000003,144.63333202969116,89.754946,2.997744,0,chrono_body_contact,0,,,,,,,,True,lane_change,9.0,401,72,[25322],[25323],True,True,,8,True,True,False,687,13,7.056,7.056,15,20,19,0.999281,0.006026,0.006969,0,4,True,grit,independent_n_phi_joint_profile,promoted independent-n-phi online estimator,dirt,8738935243860ac000075a211607e15f3d93aec40193a3fb27ed22c8942c3b2e,shared_worst_case_phi13_curvature_v1,True,0,784.0,13.0,13.0,13.0,13.0,520.0,4.722,0.342734,0.04702,0.381751,14.868934,20.98312999999998,27.721943
tire_model_with_estimator_ablation,nn_estimator,standard,nn,tire_force_static,clay,right_left,5.0,0,400,/home/ksha/Documents/sbel/offroad-control/benchmarking/results/tire_model_with_estimator_ablation_20260827_225959/raw/0165_nn_estimator_clay_right_left_v5_b0_s400,ok,0,26.18595051765442,20.0,0.99,/home/ksha/Documents/sbel/offroad-control/benchmarking/results/tire_model_with_estimator_ablation_20260827_225959/raw/0165_nn_estimator_clay_right_left_v5_b0_s400/20260827_230913_627429_dirt_right_left_acados_static_mlp/diag_dirt_right_left_acados_static_mlp.csv,,,1169,0.13334235725648685,0.415203,0.10657993168604651,3.4419270348837205,4.23585,0.6883854069767441,15.014662104362703,15.799599999999998,123.465034017055,43.419233,-31.017398,0,chrono_body_contact,0,,,,,,,,True,right_left,5.0,400,80,[25330],[25331],True,True,,8,True,True,False,657,23,8.544,8.544,16,30,9,0.998618,-0.069764,0.005867,0,0,True,grit,independent_n_phi_joint_profile,promoted independent-n-phi online estimator,dirt,2df275ec6c3a4a1b2fbc274414784eef849a9e55ab7130f9593a0001877583aa,shared_worst_case_phi13_curvature_v1,True,0,657.0,23.0,23.0,23.0,23.0,512.0,0.768,0.37669,0.033826,0.35453,14.278476,15.969006899999998,16.063222
tire_model_with_estimator_ablation,nn_estimator,standard,nn,tire_force_static,clay,right_left,5.0,0,402,/home/ksha/Documents/sbel/offroad-control/benchmarking/results/tire_model_with_estimator_ablation_20260827_225959/raw/0167_nn_estimator_clay_right_left_v5_b0_s402,ok,0,26.23106026649475,20.0,0.99,/home/ksha/Documents/sbel/offroad-control/benchmarking/results/tire_model_with_estimator_ablation_20260827_225959/raw/0167_nn_estimator_clay_right_left_v5_b0_s402/20260827_230913_528078_dirt_right_left_acados_static_mlp/diag_dirt_right_left_acados_static_mlp.csv,,,1199,0.20574900548154093,0.667286,0.1430703610719323,3.668690409026798,4.5532200000000005,0.7337380818053596,14.656163469557963,15.8302,125.39524694328986,46.35338,-30.992588,0,chrono_body_contact,0,,,,,,,,True,right_left,5.0,402,84,[25334],[25335],True,True,,8,True,True,False,678,23,8.544,8.544,16,30,9,0.998554,-0.036132,0.00383,0,0,True,grit,independent_n_phi_joint_profile,promoted independent-n-phi online estimator,dirt,2df275ec6c3a4a1b2fbc274414784eef849a9e55ab7130f9593a0001877583aa,shared_worst_case_phi13_curvature_v1,True,0,678.0,23.0,23.0,23.0,23.0,521.0,0.768,0.357586,0.031658,0.346612,13.947138,15.6968771,15.712882
tire_model_with_estimator_ablation,nn_estimator,standard,nn,tire_force_static,clay,right_left,5.0,0,403,/home/ksha/Documents/sbel/offroad-control/benchmarking/results/tire_model_with_estimator_ablation_20260827_225959/raw/0168_nn_estimator_clay_right_left_v5_b0_s403,ok,0,26.276322603225708,20.0,1.0,/home/ksha/Documents/sbel/offroad-control/benchmarking/results/tire_model_with_estimator_ablation_20260827_225959/raw/0168_nn_estimator_clay_right_left_v5_b0_s403/20260827_230913_809072_dirt_right_left_acados_static_mlp/diag_dirt_right_left_acados_static_mlp.csv,,,1183,0.1469468057957046,0.437712,0.11576228097982709,3.4784805475504323,4.305015,0.6956961095100864,14.730786136939983,15.661800000000001,123.6287610751034,43.915051,-30.98351,0,chrono_body_contact,0,,,,,,,,True,right_left,5.0,403,86,[25336],[25337],True,True,,8,True,True,False,663,23,8.544,8.544,16,30,9,1.000514,-0.008769,0.011025,0,1,True,grit,independent_n_phi_joint_profile,promoted independent-n-phi online estimator,dirt,2df275ec6c3a4a1b2fbc274414784eef849a9e55ab7130f9593a0001877583aa,shared_worst_case_phi13_curvature_v1,True,0,663.0,23.0,23.0,23.0,23.0,520.0,0.768,0.361727,0.034486,0.313473,13.90583,15.5888962,15.599701
tire_model_with_estimator_ablation,nn_estimator,standard,nn,tire_force_static,clay,right_left,5.0,0,401,/home/ksha/Documents/sbel/offroad-control/benchmarking/results/tire_model_with_estimator_ablation_20260827_225959/raw/0166_nn_estimator_clay_right_left_v5_b0_s401,ok,0,26.333433628082275,20.0,0.99,/home/ksha/Documents/sbel/offroad-control/benchmarking/results/tire_model_with_estimator_ablation_20260827_225959/raw/0166_nn_estimator_clay_right_left_v5_b0_s401/20260827_230913_585749_dirt_right_left_acados_static_mlp/diag_dirt_right_left_acados_static_mlp.csv,,,1152,0.16253445191103943,0.511888,0.1219678724340176,3.6244841642228742,4.413189999999999,0.7248968328445748,15.211475694444447,16.154899999999998,121.17701602352587,45.793433,-30.972247,0,chrono_body_contact,0,,,,,,,,True,right_left,5.0,401,82,[25332],[25333],True,True,,8,True,True,False,623,22,9.024,9.024,16,29,10,1.000092,-0.048221,0.00462,0,1,True,grit,independent_n_phi_joint_profile,promoted independent-n-phi online estimator,dirt,2df275ec6c3a4a1b2fbc274414784eef849a9e55ab7130f9593a0001877583aa,shared_worst_case_phi13_curvature_v1,True,0,623.0,22.0,22.0,22.0,22.0,529.0,0.768,0.325798,0.031561,0.401464,14.2962515,16.21417595,16.30429
tire_model_with_estimator_ablation,nn_estimator,standard,nn,tire_force_static,clay,right_left,9.0,0,401,/home/ksha/Documents/sbel/offroad-control/benchmarking/results/tire_model_with_estimator_ablation_20260827_225959/raw/0176_nn_estimator_clay_right_left_v9_b0_s401,ok,0,26.131938695907593,20.0,0.99,/home/ksha/Documents/sbel/offroad-control/benchmarking/results/tire_model_with_estimator_ablation_20260827_225959/raw/0176_nn_estimator_clay_right_left_v9_b0_s401/20260827_230940_021776_dirt_right_left_acados_static_mlp/diag_dirt_right_left_acados_static_mlp.csv,,,1161,0.20587818780083086,0.68732,0.1482137577092511,3.937853303964758,5.8248,0.43753925599608423,15.022695951765717,15.824000000000002,126.76169520324041,51.034904,-30.94698,0,chrono_body_contact,0,,,,,,,,True,right_left,9.0,401,1,[25352],[25353],True,True,,8,True,True,False,651,23,8.532,8.532,16,30,9,0.997498,-0.028897,0.000935,0,2,True,grit,independent_n_phi_joint_profile,promoted independent-n-phi online estimator,dirt,2fd2c1dbb42c39cc163281ad14f69d4122484783b6b75aa488f2ea05e6c9793b,shared_worst_case_phi13_curvature_v1,True,0,651.0,23.0,23.0,23.0,23.0,510.0,0.774,0.386891,0.063602,0.542388,14.559166,16.696516,16.976236
tire_model_with_estimator_ablation,nn_estimator,standard,nn,tire_force_static,clay,right_left,7.0,0,403,/home/ksha/Documents/sbel/offroad-control/benchmarking/results/tire_model_with_estimator_ablation_20260827_225959/raw/0173_nn_estimator_clay_right_left_v7_b0_s403,ok,0,26.227145195007324,20.0,0.99,/home/ksha/Documents/sbel/offroad-control/benchmarking/results/tire_model_with_estimator_ablation_20260827_225959/raw/0173_nn_estimator_clay_right_left_v7_b0_s403/20260827_230939_889561_dirt_right_left_acados_static_mlp/diag_dirt_right_left_acados_static_mlp.csv,,,1156,0.23374042050751404,0.716631,0.16302394100294984,4.0834660766961655,5.652575,0.5833522966708807,15.048001730103804,15.7845,126.05356287035474,53.325085,-31.005057,0,chrono_body_contact,0,,,,,,,,True,right_left,7.0,403,96,[25346],[25347],True,True,,8,True,True,False,706,25,7.536,7.536,16,32,7,0.99905,-0.031539,0.004677,0,1,True,grit,independent_n_phi_joint_profile,promoted independent-n-phi online estimator,dirt,2a22058ceeef679f207bd5220377a736edae3e63c7f59afab2d351bc5e8d1aca,shared_worst_case_phi13_curvature_v1,True,0,706.0,25.0,25.0,25.0,25.0,450.0,0.768,0.382867,0.075561,0.466987,15.92683,16.3571668,16.551998
tire_model_with_estimator_ablation,nn_estimator,standard,nn,tire_force_static,clay,right_left,7.0,0,400,/home/ksha/Documents/sbel/offroad-control/benchmarking/results/tire_model_with_estimator_ablation_20260827_225959/raw/0170_nn_estimator_clay_right_left_v7_b0_s400,ok,0,26.379525661468506,20.0,0.99,/home/ksha/Documents/sbel/offroad-control/benchmarking/results/tire_model_with_estimator_ablation_20260827_225959/raw/0170_nn_estimator_clay_right_left_v7_b0_s400/20260827_230939_815911_dirt_right_left_acados_static_mlp/diag_dirt_right_left_acados_static_mlp.csv,,,1172,0.20437352823188898,0.662732,0.14385950434782607,3.881977536231884,5.325565,0.5545682194616977,14.964394197952215,15.722900000000001,125.91290169596274,50.677414,-30.98138,0,chrono_body_contact,0,,,,,,,,True,right_left,7.0,400,90,[25340],[25341],True,True,,8,True,True,False,719,25,7.536,7.536,16,32,7,0.998877,-0.044596,0.00837,0,1,True,grit,independent_n_phi_joint_profile,promoted independent-n-phi online estimator,dirt,2a22058ceeef679f207bd5220377a736edae3e63c7f59afab2d351bc5e8d1aca,shared_worst_case_phi13_curvature_v1,True,0,719.0,25.0,25.0,25.0,25.0,453.0,0.768,0.350726,0.069441,0.60165,14.546208,16.6055368,16.73187
tire_model_with_estimator_ablation,nn_estimator,standard,nn,tire_force_static,clay,right_left,7.0,0,404,/home/ksha/Documents/sbel/offroad-control/benchmarking/results/tire_model_with_estimator_ablation_20260827_225959/raw/0174_nn_estimator_clay_right_left_v7_b0_s404,ok,0,26.381143808364868,20.0,0.98,/home/ksha/Documents/sbel/offroad-control/benchmarking/results/tire_model_with_estimator_ablation_20260827_225959/raw/0174_nn_estimator_clay_right_left_v7_b0_s404/20260827_230940_004628_dirt_right_left_acados_static_mlp/diag_dirt_right_left_acados_static_mlp.csv,,,1103,0.17493095859255026,0.507682,0.1299844031007752,3.7683122480620157,5.2947,0.5383303211517165,15.889582955575701,16.8592,122.2113020900052,48.877683,-30.883822,0,chrono_body_contact,0,,,,,,,,True,right_left,7.0,404,98,[25348],[25349],True,True,,8,True,True,False,672,25,7.536,7.536,16,32,7,1.001654,-0.05309,0.01617,0,1,True,grit,independent_n_phi_joint_profile,promoted independent-n-phi online estimator,dirt,2a22058ceeef679f207bd5220377a736edae3e63c7f59afab2d351bc5e8d1aca,shared_worst_case_phi13_curvature_v1,True,0,672.0,25.0,25.0,25.0,25.0,431.0,0.762,0.419224,0.077796,0.44915,15.339638,24.858262599999975,28.795301
tire_model_with_estimator_ablation,nn_estimator,standard,nn,tire_force_static,clay,right_left,9.0,0,400,/home/ksha/Documents/sbel/offroad-control/benchmarking/results/tire_model_with_estimator_ablation_20260827_225959/raw/0175_nn_estimator_clay_right_left_v9_b0_s400,ok,0,26.3808856010437,20.0,0.98,/home/ksha/Documents/sbel/offroad-control/benchmarking/results/tire_model_with_estimator_ablation_20260827_225959/raw/0175_nn_estimator_clay_right_left_v9_b0_s400/20260827_230939_953183_dirt_right_left_acados_static_mlp/diag_dirt_right_left_acados_static_mlp.csv,,,1181,0.18638621406273032,0.568153,0.13708375862068967,3.96605775862069,5.757875,0.4406730842911878,14.928755292125318,15.674000000000003,126.7403343729458,51.636523,-30.971375,0,chrono_body_contact,0,,,,,,,,True,right_left,9.0,400,100,[25350],[25351],True,True,,8,True,True,False,754,26,7.0200000000000005,7.0200000000000005,16,33,6,1.000904,-0.029916,0.014276,0,2,True,grit,independent_n_phi_joint_profile,promoted independent-n-phi online estimator,dirt,2fd2c1dbb42c39cc163281ad14f69d4122484783b6b75aa488f2ea05e6c9793b,shared_worst_case_phi13_curvature_v1,True,0,754.0,26.0,26.0,26.0,26.0,427.0,0.768,0.390143,0.067906,0.435301,16.0145815,16.39957125,16.896607
tire_model_with_estimator_ablation,nn_estimator,standard,nn,tire_force_static,clay,right_left,7.0,0,402,/home/ksha/Documents/sbel/offroad-control/benchmarking/results/tire_model_with_estimator_ablation_20260827_225959/raw/0172_nn_estimator_clay_right_left_v7_b0_s402,ok,0,26.383989095687866,20.0,0.99,/home/ksha/Documents/sbel/offroad-control/benchmarking/results/tire_model_with_estimator_ablation_20260827_225959/raw/0172_nn_estimator_clay_right_left_v7_b0_s402/20260827_230940_058087_dirt_right_left_acados_static_mlp/diag_dirt_right_left_acados_static_mlp.csv,,,1165,0.1953937340588037,0.630506,0.13565102620087335,3.9912867540029113,5.56973,0.570183822000416,14.964652360515021,15.603599999999998,125.72891523459444,51.832713,-30.890124,0,chrono_body_contact,0,,,,,,,,True,right_left,7.0,402,94,[25344],[25345],True,True,,8,True,True,False,686,24,8.028,8.028,16,31,8,0.998756,-0.038015,0.010523,0,1,True,grit,independent_n_phi_joint_profile,promoted independent-n-phi online estimator,dirt,2a22058ceeef679f207bd5220377a736edae3e63c7f59afab2d351bc5e8d1aca,shared_worst_case_phi13_curvature_v1,True,0,686.0,24.0,24.0,24.0,24.0,479.0,0.768,0.372087,0.051794,0.413026,15.7587215,16.352683449999997,16.459173
tire_model_with_estimator_ablation,nn_estimator,standard,nn,tire_force_static,clay,right_left,7.0,0,401,/home/ksha/Documents/sbel/offroad-control/benchmarking/results/tire_model_with_estimator_ablation_20260827_225959/raw/0171_nn_estimator_clay_right_left_v7_b0_s401,ok,0,26.43328619003296,20.0,0.98,/home/ksha/Documents/sbel/offroad-control/benchmarking/results/tire_model_with_estimator_ablation_20260827_225959/raw/0171_nn_estimator_clay_right_left_v7_b0_s401/20260827_230939_922604_dirt_right_left_acados_static_mlp/diag_dirt_right_left_acados_static_mlp.csv,,,1183,0.22200675936886285,0.728993,0.15452508309455587,3.963483667621776,5.560504999999999,0.5662119525173966,14.93042265426881,15.731800000000002,127.90914909967826,51.67446,-30.95966,0,chrono_body_contact,0,,,,,,,,True,right_left,7.0,401,92,[25342],[25343],True,True,,8,True,True,False,726,25,7.524,7.524,16,32,7,0.99939,-0.020613,0.001524,0,1,True,grit,independent_n_phi_joint_profile,promoted independent-n-phi online estimator,dirt,2a22058ceeef679f207bd5220377a736edae3e63c7f59afab2d351bc5e8d1aca,shared_worst_case_phi13_curvature_v1,True,0,726.0,25.0,25.0,25.0,25.0,457.0,0.768,0.37159,0.066572,0.454172,14.744855,16.5373166,19.187816
tire_model_with_estimator_ablation,nn_estimator,standard,nn,tire_force_static,clay,right_left,5.0,0,404,/home/ksha/Documents/sbel/offroad-control/benchmarking/results/tire_model_with_estimator_ablation_20260827_225959/raw/0169_nn_estimator_clay_right_left_v5_b0_s404,ok,0,26.48421001434326,20.0,0.99,/home/ksha/Documents/sbel/offroad-control/benchmarking/results/tire_model_with_estimator_ablation_20260827_225959/raw/0169_nn_estimator_clay_right_left_v5_b0_s404/20260827_230939_703936_dirt_right_left_acados_static_mlp/diag_dirt_right_left_acados_static_mlp.csv,,,1195,0.1430263720447096,0.454173,0.11003853342816501,3.496205689900427,4.24562,0.6992411379800854,14.733221757322177,15.3906,127.7837282955968,44.078262,-30.91086,0,chrono_body_contact,0,,,,,,,,True,right_left,5.0,404,88,[25338],[25339],True,True,,8,True,True,False,671,23,8.556,8.556,16,30,9,1.001951,-0.061103,0.017977,0,1,True,grit,independent_n_phi_joint_profile,promoted independent-n-phi online estimator,dirt,2df275ec6c3a4a1b2fbc274414784eef849a9e55ab7130f9593a0001877583aa,shared_worst_case_phi13_curvature_v1,True,0,671.0,23.0,23.0,23.0,23.0,524.0,0.762,0.365438,0.031912,0.292794,13.868933,15.885282799999999,15.939314
tire_model_with_estimator_ablation,nn_estimator,standard,nn,tire_force_static,dirt,sinusoidal,5.0,0,404,/home/ksha/Documents/sbel/offroad-control/benchmarking/results/tire_model_with_estimator_ablation_20260827_225959/raw/0184_nn_estimator_dirt_sinusoidal_v5_b0_s404,ok,0,26.08182644844055,20.0,0.99,/home/ksha/Documents/sbel/offroad-control/benchmarking/results/tire_model_with_estimator_ablation_20260827_225959/raw/0184_nn_estimator_dirt_sinusoidal_v5_b0_s404/20260827_231006_592145_dirt_sinusoidal_acados_static_mlp/diag_dirt_sinusoidal_acados_static_mlp.csv,,,1179,0.07128640702952418,0.217308,0.05702269970414201,4.736481360946745,5.201125,0.947296272189349,14.660093299406277,15.5166,130.68733038353992,74.575928,1.926958,0,chrono_body_contact,0,,,,,,,,True,sinusoidal,5.0,404,17,[25368],[25369],True,True,,8,True,True,False,675,24,8.028,8.028,16,31,8,0.999677,-0.001868,0.012503,0,0,True,grit,independent_n_phi_joint_profile,promoted independent-n-phi online estimator,dirt,f544d4c607d9f35cff9cbf38b8d140aa1d8904401cf08a56f3c5a58132af58c5,shared_worst_case_phi13_curvature_v1,True,0,675.0,24.0,24.0,24.0,24.0,504.0,0.768,0.326235,0.048101,0.189126,20.550041,26.0137392,26.243881
tire_model_with_estimator_ablation,nn_estimator,standard,nn,tire_force_static,dirt,sinusoidal,5.0,0,400,/home/ksha/Documents/sbel/offroad-control/benchmarking/results/tire_model_with_estimator_ablation_20260827_225959/raw/0180_nn_estimator_dirt_sinusoidal_v5_b0_s400,ok,0,26.128794193267822,20.0,0.99,/home/ksha/Documents/sbel/offroad-control/benchmarking/results/tire_model_with_estimator_ablation_20260827_225959/raw/0180_nn_estimator_dirt_sinusoidal_v5_b0_s400/20260827_231006_241423_dirt_sinusoidal_acados_static_mlp/diag_dirt_sinusoidal_acados_static_mlp.csv,,,1187,0.0671596807293933,0.223646,0.05395136725663716,4.4430958702064896,5.109745,0.8886191740412979,14.640783487784331,15.664200000000003,127.2274678153104,64.635068,-0.137406,0,chrono_body_contact,0,,,,,,,,True,sinusoidal,5.0,400,9,[25360],[25361],True,True,,8,True,True,False,589,21,9.54,9.54,16,28,11,1.001861,0.010734,0.003287,0,0,True,grit,independent_n_phi_joint_profile,promoted independent-n-phi online estimator,dirt,f544d4c607d9f35cff9cbf38b8d140aa1d8904401cf08a56f3c5a58132af58c5,shared_worst_case_phi13_curvature_v1,True,0,589.0,21.0,21.0,21.0,21.0,598.0,0.768,0.306074,0.039736,0.209284,25.537358,26.588173,26.659767
tire_model_with_estimator_ablation,nn_estimator,standard,nn,tire_force_static,clay,right_left,9.0,0,403,/home/ksha/Documents/sbel/offroad-control/benchmarking/results/tire_model_with_estimator_ablation_20260827_225959/raw/0178_nn_estimator_clay_right_left_v9_b0_s403,ok,0,26.131668090820312,20.0,1.0,/home/ksha/Documents/sbel/offroad-control/benchmarking/results/tire_model_with_estimator_ablation_20260827_225959/raw/0178_nn_estimator_clay_right_left_v9_b0_s403/20260827_231006_462189_dirt_right_left_acados_static_mlp/diag_dirt_right_left_acados_static_mlp.csv,,,1154,0.16243661255886405,0.51241,0.12441467910447762,3.8959282089552234,5.705914999999999,0.43288091210613594,15.018994800693239,15.6947,125.91818095458247,50.764867,-31.002506,0,chrono_body_contact,0,,,,,,,,True,right_left,9.0,403,5,[25356],[25357],True,True,,8,True,True,False,698,25,7.536,7.536,16,32,7,0.998069,-0.049827,0.004194,0,2,True,grit,independent_n_phi_joint_profile,promoted independent-n-phi online estimator,dirt,2fd2c1dbb42c39cc163281ad14f69d4122484783b6b75aa488f2ea05e6c9793b,shared_worst_case_phi13_curvature_v1,True,0,698.0,25.0,25.0,25.0,25.0,456.0,0.768,0.394694,0.072775,0.335071,16.344177,16.7640328,17.228248
tire_model_with_estimator_ablation,nn_estimator,standard,nn,tire_force_static,dirt,sinusoidal,5.0,0,401,/home/ksha/Documents/sbel/offroad-control/benchmarking/results/tire_model_with_estimator_ablation_20260827_225959/raw/0181_nn_estimator_dirt_sinusoidal_v5_b0_s401,ok,0,26.183478116989136,20.0,0.99,/home/ksha/Documents/sbel/offroad-control/benchmarking/results/tire_model_with_estimator_ablation_20260827_225959/raw/0181_nn_estimator_dirt_sinusoidal_v5_b0_s401/20260827_231006_521320_dirt_sinusoidal_acados_static_mlp/diag_dirt_sinusoidal_acados_static_mlp.csv,,,1152,0.07188110803146094,0.209541,0.05839316792738274,4.730880484114977,5.159,0.9461760968229955,14.978498263888888,15.7947,130.9327189557444,73.80962,1.926961,0,chrono_body_contact,0,,,,,,,,True,sinusoidal,5.0,401,11,[25362],[25363],True,True,,8,True,True,False,660,24,8.04,8.04,16,31,8,1.001382,0.010288,0.002789,0,0,True,grit,independent_n_phi_joint_profile,promoted independent-n-phi online estimator,dirt,f544d4c607d9f35cff9cbf38b8d140aa1d8904401cf08a56f3c5a58132af58c5,shared_worst_case_phi13_curvature_v1,True,0,660.0,24.0,24.0,24.0,24.0,492.0,0.768,0.352358,0.050153,0.198318,26.214569500000003,27.0536143,27.281728
tire_model_with_estimator_ablation,nn_estimator,standard,nn,tire_force_static,clay,right_left,9.0,0,402,/home/ksha/Documents/sbel/offroad-control/benchmarking/results/tire_model_with_estimator_ablation_20260827_225959/raw/0177_nn_estimator_clay_right_left_v9_b0_s402,ok,0,26.230833768844604,20.0,1.0,/home/ksha/Documents/sbel/offroad-control/benchmarking/results/tire_model_with_estimator_ablation_20260827_225959/raw/0177_nn_estimator_clay_right_left_v9_b0_s402/20260827_231006_438438_dirt_right_left_acados_static_mlp/diag_dirt_right_left_acados_static_mlp.csv,,,1086,0.18272289813098988,0.579491,0.13290280281690142,4.021792018779343,5.854280000000001,0.4468657798643714,15.998259668508288,16.97050000000001,118.76553749472822,52.170234,-30.890814,0,chrono_body_contact,0,,,,,,,,True,right_left,9.0,402,3,[25354],[25355],True,True,,8,True,True,False,610,23,8.544,8.544,16,30,9,0.999433,-0.036031,0.014312,0,2,True,grit,independent_n_phi_joint_profile,promoted independent-n-phi online estimator,dirt,2fd2c1dbb42c39cc163281ad14f69d4122484783b6b75aa488f2ea05e6c9793b,shared_worst_case_phi13_curvature_v1,True,0,610.0,23.0,23.0,23.0,23.0,476.0,0.768,0.340232,0.062815,0.471459,15.462837,17.359313699999998,17.502859
tire_model_with_estimator_ablation,nn_estimator,standard,nn,tire_force_static,dirt,sinusoidal,5.0,0,402,/home/ksha/Documents/sbel/offroad-control/benchmarking/results/tire_model_with_estimator_ablation_20260827_225959/raw/0182_nn_estimator_dirt_sinusoidal_v5_b0_s402,ok,0,26.228674173355103,20.0,1.0,/home/ksha/Documents/sbel/offroad-control/benchmarking/results/tire_model_with_estimator_ablation_20260827_225959/raw/0182_nn_estimator_dirt_sinusoidal_v5_b0_s402/20260827_231006_343691_dirt_sinusoidal_acados_static_mlp/diag_dirt_sinusoidal_acados_static_mlp.csv,,,1196,0.06879258950660905,0.262007,0.055060805839416055,4.40071693430657,5.033320000000001,0.880143386861314,14.460158862876256,15.580499999999999,125.69909999295405,63.991251,-0.344135,0,chrono_body_contact,0,,,,,,,,True,sinusoidal,5.0,402,13,[25364],[25365],True,True,,8,True,True,False,564,20,10.032,10.032,16,27,12,0.997368,-0.002993,0.014704,0,0,True,grit,independent_n_phi_joint_profile,promoted independent-n-phi online estimator,dirt,f544d4c607d9f35cff9cbf38b8d140aa1d8904401cf08a56f3c5a58132af58c5,shared_worst_case_phi13_curvature_v1,True,0,564.0,20.0,20.0,20.0,20.0,632.0,0.768,0.359696,0.040456,0.232301,25.460028,26.12949665,26.765781
tire_model_with_estimator_ablation,nn_estimator,standard,nn,tire_force_static,dirt,sinusoidal,5.0,0,403,/home/ksha/Documents/sbel/offroad-control/benchmarking/results/tire_model_with_estimator_ablation_20260827_225959/raw/0183_nn_estimator_dirt_sinusoidal_v5_b0_s403,ok,0,26.331151008605957,20.0,0.98,/home/ksha/Documents/sbel/offroad-control/benchmarking/results/tire_model_with_estimator_ablation_20260827_225959/raw/0183_nn_estimator_dirt_sinusoidal_v5_b0_s403/20260827_231006_569098_dirt_sinusoidal_acados_static_mlp/diag_dirt_sinusoidal_acados_static_mlp.csv,,,1169,0.0665011349101188,0.189546,0.05428013469985358,4.73562196193265,5.07521,0.94712439238653,14.951017964071854,15.8064,129.624102637803,76.309598,1.483657,0,chrono_body_contact,0,,,,,,,,True,sinusoidal,5.0,403,15,[25366],[25367],True,True,,8,True,True,False,711,25,7.536,7.536,16,32,7,1.000301,-0.00111,-0.000376,0,0,True,grit,independent_n_phi_joint_profile,promoted independent-n-phi online estimator,dirt,f544d4c607d9f35cff9cbf38b8d140aa1d8904401cf08a56f3c5a58132af58c5,shared_worst_case_phi13_curvature_v1,True,0,711.0,25.0,25.0,25.0,25.0,458.0,0.768,0.290159,0.025926,0.213095,25.841458,26.5753646,26.630514
tire_model_with_estimator_ablation,nn_estimator,standard,nn,tire_force_static,clay,right_left,9.0,0,404,/home/ksha/Documents/sbel/offroad-control/benchmarking/results/tire_model_with_estimator_ablation_20260827_225959/raw/0179_nn_estimator_clay_right_left_v9_b0_s404,ok,0,26.48383116722107,20.0,0.98,/home/ksha/Documents/sbel/offroad-control/benchmarking/results/tire_model_with_estimator_ablation_20260827_225959/raw/0179_nn_estimator_clay_right_left_v9_b0_s404/20260827_231006_550016_dirt_right_left_acados_static_mlp/diag_dirt_right_left_acados_static_mlp.csv,,,1162,0.18969277125264977,0.566684,0.14190425,3.774816040462428,5.080399999999999,0.41942400449582534,15.174225473321863,15.83,128.55835603436086,49.449492,-30.94916,0,chrono_body_contact,0,,,,,,,,True,right_left,9.0,404,7,[25358],[25359],True,True,,8,True,True,False,691,24,8.028,8.028,16,31,8,0.994332,-0.036492,0.000668,0,1,True,grit,independent_n_phi_joint_profile,promoted independent-n-phi online estimator,dirt,2fd2c1dbb42c39cc163281ad14f69d4122484783b6b75aa488f2ea05e6c9793b,shared_worst_case_phi13_curvature_v1,True,0,691.0,24.0,24.0,24.0,24.0,471.0,0.774,0.397809,0.051546,0.510439,14.897539,16.71553395,17.179521
tire_model_with_estimator_ablation,nn_estimator,standard,nn,tire_force_static,dirt,sinusoidal,7.0,0,401,/home/ksha/Documents/sbel/offroad-control/benchmarking/results/tire_model_with_estimator_ablation_20260827_225959/raw/0186_nn_estimator_dirt_sinusoidal_v7_b0_s401,ok,0,26.08352518081665,20.0,0.99,/home/ksha/Documents/sbel/offroad-control/benchmarking/results/tire_model_with_estimator_ablation_20260827_225959/raw/0186_nn_estimator_dirt_sinusoidal_v7_b0_s401/20260827_231032_958157_dirt_sinusoidal_acados_static_mlp/diag_dirt_sinusoidal_acados_static_mlp.csv,,,1165,0.07019146749289588,0.259683,0.055753166915052166,4.714866766020864,5.1658,0.6735523951458378,14.816669527896995,15.814399999999996,130.33911725979374,71.606639,1.934848,0,chrono_body_contact,0,,,,,,,,True,sinusoidal,7.0,401,21,[25372],[25373],True,True,,8,True,True,False,612,22,9.036,9.036,16,29,10,0.998991,0.01843,0.012242,0,0,True,grit,independent_n_phi_joint_profile,promoted independent-n-phi online estimator,dirt,dc58ccfda201c75bc0d828da6f9710e91377898701de047f0e4ef191b0e89544,shared_worst_case_phi13_curvature_v1,True,0,612.0,22.0,22.0,22.0,22.0,553.0,0.768,0.320445,0.038089,0.231477,25.6884715,27.172213550000002,27.81224
tire_model_with_estimator_ablation,nn_estimator,standard,nn,tire_force_static,dirt,sinusoidal,9.0,0,400,/home/ksha/Documents/sbel/offroad-control/benchmarking/results/tire_model_with_estimator_ablation_20260827_225959/raw/0190_nn_estimator_dirt_sinusoidal_v9_b0_s400,ok,0,26.08414363861084,20.0,0.99,/home/ksha/Documents/sbel/offroad-control/benchmarking/results/tire_model_with_estimator_ablation_20260827_225959/raw/0190_nn_estimator_dirt_sinusoidal_v9_b0_s400/20260827_231032_943595_dirt_sinusoidal_acados_static_mlp/diag_dirt_sinusoidal_acados_static_mlp.csv,,,1151,0.06971816267889093,0.23038,0.05654027067669173,4.797800601503759,5.25274,0.5330889557226399,15.003327541268463,15.94,129.39410221364986,73.663181,1.935395,0,chrono_body_contact,0,,,,,,,,True,sinusoidal,9.0,400,29,[25380],[25381],True,True,,8,True,True,False,635,23,8.544,8.544,16,30,9,1.00192,-0.007718,0.005716,0,0,True,grit,independent_n_phi_joint_profile,promoted independent-n-phi online estimator,dirt,dc58ccfda201c75bc0d828da6f9710e91377898701de047f0e4ef191b0e89544,shared_worst_case_phi13_curvature_v1,True,0,635.0,23.0,23.0,23.0,23.0,516.0,0.774,0.341878,0.03511,0.239998,26.224952,26.8928655,27.069896
tire_model_with_estimator_ablation,nn_estimator,standard,nn,tire_force_static,dirt,sinusoidal,7.0,0,402,/home/ksha/Documents/sbel/offroad-control/benchmarking/results/tire_model_with_estimator_ablation_20260827_225959/raw/0187_nn_estimator_dirt_sinusoidal_v7_b0_s402,ok,0,26.131840467453003,20.0,0.99,/home/ksha/Documents/sbel/offroad-control/benchmarking/results/tire_model_with_estimator_ablation_20260827_225959/raw/0187_nn_estimator_dirt_sinusoidal_v7_b0_s402/20260827_231033_025468_dirt_sinusoidal_acados_static_mlp/diag_dirt_sinusoidal_acados_static_mlp.csv,,,1184,0.07099779820358205,0.224834,0.0576628498542274,4.785426822157435,5.331425,0.6836324031653478,14.637939189189188,15.801700000000002,128.45435323848938,71.909711,2.036715,0,chrono_body_contact,0,,,,,,,,True,sinusoidal,7.0,402,23,[25374],[25375],True,True,,8,True,True,False,625,22,9.036,9.036,16,29,10,1.001455,0.003076,0.015337,0,0,True,grit,independent_n_phi_joint_profile,promoted independent-n-phi online estimator,dirt,dc58ccfda201c75bc0d828da6f9710e91377898701de047f0e4ef191b0e89544,shared_worst_case_phi13_curvature_v1,True,0,625.0,22.0,22.0,22.0,22.0,559.0,0.762,0.382163,0.038918,0.245697,25.355246,26.1268935,26.435846
tire_model_with_estimator_ablation,nn_estimator,standard,nn,tire_force_static,dirt,sinusoidal,7.0,0,400,/home/ksha/Documents/sbel/offroad-control/benchmarking/results/tire_model_with_estimator_ablation_20260827_225959/raw/0185_nn_estimator_dirt_sinusoidal_v7_b0_s400,ok,0,26.1782066822052,20.0,1.0,/home/ksha/Documents/sbel/offroad-control/benchmarking/results/tire_model_with_estimator_ablation_20260827_225959/raw/0185_nn_estimator_dirt_sinusoidal_v7_b0_s400/20260827_231032_907178_dirt_sinusoidal_acados_static_mlp/diag_dirt_sinusoidal_acados_static_mlp.csv,,,1111,0.0719027682667742,0.295324,0.056545750392464685,4.5184061224489795,5.170979999999999,0.6454865889212827,15.539135913591359,16.997000000000003,120.79894639263124,65.25704,0.080827,0,chrono_body_contact,0,,,,,,,,True,sinusoidal,7.0,400,19,[25370],[25371],True,True,,8,True,True,False,525,20,10.044,10.044,16,27,12,0.997917,-0.015984,0.009687,0,0,True,grit,independent_n_phi_joint_profile,promoted independent-n-phi online estimator,dirt,dc58ccfda201c75bc0d828da6f9710e91377898701de047f0e4ef191b0e89544,shared_worst_case_phi13_curvature_v1,True,0,525.0,20.0,20.0,20.0,20.0,586.0,0.768,0.389845,0.035006,0.212812,26.957393500000002,28.035640750000002,29.090516
tire_model_with_estimator_ablation,nn_estimator,standard,nn,tire_force_static,dirt,sinusoidal,7.0,0,404,/home/ksha/Documents/sbel/offroad-control/benchmarking/results/tire_model_with_estimator_ablation_20260827_225959/raw/0189_nn_estimator_dirt_sinusoidal_v7_b0_s404,ok,0,26.179599285125732,20.0,0.99,/home/ksha/Documents/sbel/offroad-control/benchmarking/results/tire_model_with_estimator_ablation_20260827_225959/raw/0189_nn_estimator_dirt_sinusoidal_v7_b0_s404/20260827_231033_123320_dirt_sinusoidal_acados_static_mlp/diag_dirt_sinusoidal_acados_static_mlp.csv,,,1181,0.06624323008915284,0.209895,0.053698825185185185,4.747378074074074,5.23626,0.6781968677248678,14.707281964436918,15.752,131.3338795524329,70.400756,1.862156,0,chrono_body_contact,0,,,,,,,,True,sinusoidal,7.0,404,27,[25378],[25379],True,True,,8,True,True,False,588,21,9.528,9.528,16,28,11,0.997117,-0.00287,0.01141,0,0,True,grit,independent_n_phi_joint_profile,promoted independent-n-phi online estimator,dirt,dc58ccfda201c75bc0d828da6f9710e91377898701de047f0e4ef191b0e89544,shared_worst_case_phi13_curvature_v1,True,0,588.0,21.0,21.0,21.0,21.0,593.0,0.768,0.375253,0.038309,0.229498,25.595968,26.824136,27.169244
tire_model_with_estimator_ablation,nn_estimator,standard,nn,tire_force_static,dirt,sinusoidal,7.0,0,403,/home/ksha/Documents/sbel/offroad-control/benchmarking/results/tire_model_with_estimator_ablation_20260827_225959/raw/0188_nn_estimator_dirt_sinusoidal_v7_b0_s403,ok,0,26.17989158630371,20.0,0.99,/home/ksha/Documents/sbel/offroad-control/benchmarking/results/tire_model_with_estimator_ablation_20260827_225959/raw/0188_nn_estimator_dirt_sinusoidal_v7_b0_s403/20260827_231032_768708_dirt_sinusoidal_acados_static_mlp/diag_dirt_sinusoidal_acados_static_mlp.csv,,,1198,0.069194435911698,0.212723,0.05549252180232558,4.745015843023255,5.281145,0.6778594061461793,14.479432387312187,15.611199999999998,129.90146917999542,69.812528,1.660373,0,chrono_body_contact,0,,,,,,,,True,sinusoidal,7.0,403,25,[25376],[25377],True,True,,8,True,True,False,597,21,9.54,9.54,16,28,11,0.996629,-0.029141,0.02124,0,0,True,grit,independent_n_phi_joint_profile,promoted independent-n-phi online estimator,dirt,dc58ccfda201c75bc0d828da6f9710e91377898701de047f0e4ef191b0e89544,shared_worst_case_phi13_curvature_v1,True,0,597.0,21.0,21.0,21.0,21.0,601.0,0.762,0.385004,0.036589,0.259494,25.393547,26.143946,26.176615
tire_model_with_estimator_ablation,nn_estimator,standard,nn,tire_force_static,dirt,sinusoidal,9.0,0,402,/home/ksha/Documents/sbel/offroad-control/benchmarking/results/tire_model_with_estimator_ablation_20260827_225959/raw/0192_nn_estimator_dirt_sinusoidal_v9_b0_s402,ok,0,26.277485132217407,20.0,0.99,/home/ksha/Documents/sbel/offroad-control/benchmarking/results/tire_model_with_estimator_ablation_20260827_225959/raw/0192_nn_estimator_dirt_sinusoidal_v9_b0_s402/20260827_231032_992147_dirt_sinusoidal_acados_static_mlp/diag_dirt_sinusoidal_acados_static_mlp.csv,,,1170,0.0699955987445477,0.237051,0.05583679346210996,4.465567459138187,5.15494,0.49617416212646526,14.798965811965813,15.898599999999997,127.97977897569015,64.979018,0.059109,0,chrono_body_contact,0,,,,,,,,True,sinusoidal,9.0,402,33,[25384],[25385],True,True,,8,True,True,False,555,20,10.032,10.032,16,27,12,0.998454,0.010746,0.004157,0,0,True,grit,independent_n_phi_joint_profile,promoted independent-n-phi online estimator,dirt,dc58ccfda201c75bc0d828da6f9710e91377898701de047f0e4ef191b0e89544,shared_worst_case_phi13_curvature_v1,True,0,555.0,20.0,20.0,20.0,20.0,615.0,0.768,0.398155,0.041834,0.249769,26.30715,27.17252135,27.254874
tire_model_with_estimator_ablation,nn_estimator,standard,nn,tire_force_static,dirt,sinusoidal,9.0,0,401,/home/ksha/Documents/sbel/offroad-control/benchmarking/results/tire_model_with_estimator_ablation_20260827_225959/raw/0191_nn_estimator_dirt_sinusoidal_v9_b0_s401,ok,0,26.32778549194336,20.0,0.99,/home/ksha/Documents/sbel/offroad-control/benchmarking/results/tire_model_with_estimator_ablation_20260827_225959/raw/0191_nn_estimator_dirt_sinusoidal_v9_b0_s401/20260827_231033_125285_dirt_sinusoidal_acados_static_mlp/diag_dirt_sinusoidal_acados_static_mlp.csv,,,1170,0.06904152104275822,0.219086,0.05484970474777447,4.575881899109793,5.171024999999999,0.5084313221233103,14.869341880341882,16.148599999999995,127.51193593204691,66.414024,0.558286,0,chrono_body_contact,0,,,,,,,,True,sinusoidal,9.0,401,31,[25382],[25383],True,True,,8,True,True,False,557,20,10.032,10.032,16,27,12,0.998297,3.6e-05,0.005052,0,0,True,grit,independent_n_phi_joint_profile,promoted independent-n-phi online estimator,dirt,dc58ccfda201c75bc0d828da6f9710e91377898701de047f0e4ef191b0e89544,shared_worst_case_phi13_curvature_v1,True,0,557.0,20.0,20.0,20.0,20.0,613.0,0.768,0.37717,0.024727,0.194434,16.1267085,26.406182,26.90231
tire_model_with_estimator_ablation,nn_estimator,standard,nn,tire_force_static,dirt,lane_change,5.0,0,401,/home/ksha/Documents/sbel/offroad-control/benchmarking/results/tire_model_with_estimator_ablation_20260827_225959/raw/0196_nn_estimator_dirt_lane_change_v5_b0_s401,ok,0,26.080822706222534,20.0,1.0,/home/ksha/Documents/sbel/offroad-control/benchmarking/results/tire_model_with_estimator_ablation_20260827_225959/raw/0196_nn_estimator_dirt_lane_change_v5_b0_s401/20260827_231059_132921_dirt_lane_change_acados_static_mlp/diag_dirt_lane_change_acados_static_mlp.csv,,,1200,0.11312189918308518,0.500709,0.0725664058171745,3.9810736842105268,5.43707,0.7962147368421053,14.580066666666669,15.9301,134.85664568708734,79.241349,2.972752,0,chrono_body_contact,0,,,,,,,,True,lane_change,5.0,401,41,[25392],[25393],True,True,,8,True,True,False,387,8,7.032,7.032,14,20,19,0.999835,-0.001391,-0.013185,0,1,True,grit,independent_n_phi_joint_profile,promoted independent-n-phi online estimator,dirt,c95613694247a1005b45d05d79e96eab52db905aea2667907ed2515e9ac3b36a,shared_worst_case_phi13_curvature_v1,True,0,778.0,8.0,8.0,8.0,8.0,813.0,9.732,0.266767,0.059132,0.280704,25.177279,27.4165559,27.468064
tire_model_with_estimator_ablation,nn_estimator,standard,nn,tire_force_static,dirt,sinusoidal,9.0,0,403,/home/ksha/Documents/sbel/offroad-control/benchmarking/results/tire_model_with_estimator_ablation_20260827_225959/raw/0193_nn_estimator_dirt_sinusoidal_v9_b0_s403,ok,0,26.137723445892334,20.0,0.99,/home/ksha/Documents/sbel/offroad-control/benchmarking/results/tire_model_with_estimator_ablation_20260827_225959/raw/0193_nn_estimator_dirt_sinusoidal_v9_b0_s403/20260827_231059_452826_dirt_sinusoidal_acados_static_mlp/diag_dirt_sinusoidal_acados_static_mlp.csv,,,1096,0.06870344751606763,0.223674,0.055318044164037856,4.767176813880126,5.23238,0.5296863126533473,15.671441605839417,16.730999999999998,125.72874373524118,75.188123,1.682741,0,chrono_body_contact,0,,,,,,,,True,sinusoidal,9.0,403,35,[25386],[25387],True,True,,8,True,True,False,633,24,8.052,8.052,16,31,8,1.001622,-0.002066,0.00848,0,0,True,grit,independent_n_phi_joint_profile,promoted independent-n-phi online estimator,dirt,dc58ccfda201c75bc0d828da6f9710e91377898701de047f0e4ef191b0e89544,shared_worst_case_phi13_curvature_v1,True,0,633.0,24.0,24.0,24.0,24.0,463.0,0.768,0.364496,0.038195,0.236698,27.3717435,28.345688,29.35034
tire_model_with_estimator_ablation,nn_estimator,standard,nn,tire_force_static,dirt,lane_change,5.0,0,402,/home/ksha/Documents/sbel/offroad-control/benchmarking/results/tire_model_with_estimator_ablation_20260827_225959/raw/0197_nn_estimator_dirt_lane_change_v5_b0_s402,ok,0,26.18105149269104,20.0,0.99,/home/ksha/Documents/sbel/offroad-control/benchmarking/results/tire_model_with_estimator_ablation_20260827_225959/raw/0197_nn_estimator_dirt_lane_change_v5_b0_s402/20260827_231059_343262_dirt_lane_change_acados_static_mlp/diag_dirt_lane_change_acados_static_mlp.csv,,,1220,0.13106966677097973,0.561843,0.08321493997271487,4.057438472032742,5.2329,0.8114876944065484,14.358377049180326,15.732899999999995,134.4913458123183,79.136711,3.051228,0,chrono_body_contact,0,,,,,,,,True,lane_change,5.0,402,43,[25394],[25395],True,True,,8,True,True,False,365,7,7.032,7.032,14,17,22,0.999518,0.001115,-0.003556,0,1,True,grit,independent_n_phi_joint_profile,promoted independent-n-phi online estimator,dirt,c95613694247a1005b45d05d79e96eab52db905aea2667907ed2515e9ac3b36a,shared_worst_case_phi13_curvature_v1,True,0,790.0,7.0,7.0,7.0,7.0,855.0,10.218,0.30188,0.070472,0.275911,25.123544,27.351984299999998,27.583629
tire_model_with_estimator_ablation,nn_estimator,standard,nn,tire_force_static,dirt,lane_change,5.0,0,404,/home/ksha/Documents/sbel/offroad-control/benchmarking/results/tire_model_with_estimator_ablation_20260827_225959/raw/0199_nn_estimator_dirt_lane_change_v5_b0_s404,ok,0,26.180432081222534,20.0,1.0,/home/ksha/Documents/sbel/offroad-control/benchmarking/results/tire_model_with_estimator_ablation_20260827_225959/raw/0199_nn_estimator_dirt_lane_change_v5_b0_s404/20260827_231059_368524_dirt_lane_change_acados_static_mlp/diag_dirt_lane_change_acados_static_mlp.csv,,,1190,0.1164550035353621,0.554548,0.07315297907949792,4.064390934449094,5.26772,0.8128781868898187,14.742067226890757,16.257599999999982,134.0345848409027,79.202283,3.057314,0,chrono_body_contact,0,,,,,,,,True,lane_change,5.0,404,47,[25398],[25399],True,True,,8,True,True,False,387,8,6.528,6.528,15,18,21,1.001139,0.000563,-0.004406,0,1,True,grit,independent_n_phi_joint_profile,promoted independent-n-phi online estimator,dirt,c95613694247a1005b45d05d79e96eab52db905aea2667907ed2515e9ac3b36a,shared_worst_case_phi13_curvature_v1,True,0,801.0,8.0,8.0,8.0,8.0,803.0,10.218,0.285121,0.061587,0.251109,25.1686895,27.29803115,27.526032
tire_model_with_estimator_ablation,nn_estimator,standard,nn,tire_force_static,dirt,lane_change,5.0,0,403,/home/ksha/Documents/sbel/offroad-control/benchmarking/results/tire_model_with_estimator_ablation_20260827_225959/raw/0198_nn_estimator_dirt_lane_change_v5_b0_s403,ok,0,26.23034906387329,20.0,1.0,/home/ksha/Documents/sbel/offroad-control/benchmarking/results/tire_model_with_estimator_ablation_20260827_225959/raw/0198_nn_estimator_dirt_lane_change_v5_b0_s403/20260827_231059_306607_dirt_lane_change_acados_static_mlp/diag_dirt_lane_change_acados_static_mlp.csv,,,1218,0.12454174048739698,0.51733,0.08019597260273972,4.01470698630137,5.2818950000000005,0.8029413972602739,14.430344827586207,16.662599999999983,135.14957970562682,79.179437,2.98013,0,chrono_body_contact,0,,,,,,,,True,lane_change,5.0,403,45,[25396],[25397],True,True,,8,True,True,False,338,6,7.536,7.536,13,17,22,1.000721,-0.002925,-0.007254,0,1,True,grit,independent_n_phi_joint_profile,promoted independent-n-phi online estimator,dirt,c95613694247a1005b45d05d79e96eab52db905aea2667907ed2515e9ac3b36a,shared_worst_case_phi13_curvature_v1,True,0,759.0,6.0,6.0,6.0,6.0,880.0,10.224,0.3404,0.061205,0.25096,23.6618465,25.50168025,25.71463
tire_model_with_estimator_ablation,nn_estimator,standard,nn,tire_force_static,dirt,lane_change,7.0,0,400,/home/ksha/Documents/sbel/offroad-control/benchmarking/results/tire_model_with_estimator_ablation_20260827_225959/raw/0200_nn_estimator_dirt_lane_change_v7_b0_s400,ok,0,26.230547428131104,20.0,0.98,/home/ksha/Documents/sbel/offroad-control/benchmarking/results/tire_model_with_estimator_ablation_20260827_225959/raw/0200_nn_estimator_dirt_lane_change_v7_b0_s400/20260827_231059_222592_dirt_lane_change_acados_static_mlp/diag_dirt_lane_change_acados_static_mlp.csv,,,1250,0.17604160639106334,0.731488,0.09609466492146597,3.7943102094240837,6.812475,0.5420443156320119,14.073888,15.8604,140.90600424111813,80.460207,3.004154,0,chrono_body_contact,0,,,,,,,,True,lane_change,7.0,400,49,[25400],[25401],True,True,,8,True,True,False,717,12,6.54,6.54,15,19,20,1.001026,-0.007299,0.002961,0,2,True,grit,independent_n_phi_joint_profile,promoted independent-n-phi online estimator,dirt,7085653a638402e5abfa5737dcf5188cf3bc55fb7a7340a71403cb917f35b2aa,shared_worst_case_phi13_curvature_v1,True,0,852.0,12.0,12.0,12.0,12.0,533.0,4.728,0.360074,0.072803,0.264259,19.1358025,26.955169950000002,27.242694
tire_model_with_estimator_ablation,nn_estimator,standard,nn,tire_force_static,dirt,lane_change,5.0,0,400,/home/ksha/Documents/sbel/offroad-control/benchmarking/results/tire_model_with_estimator_ablation_20260827_225959/raw/0195_nn_estimator_dirt_lane_change_v5_b0_s400,ok,0,26.237501859664917,20.0,1.0,/home/ksha/Documents/sbel/offroad-control/benchmarking/results/tire_model_with_estimator_ablation_20260827_225959/raw/0195_nn_estimator_dirt_lane_change_v5_b0_s400/20260827_231059_419572_dirt_lane_change_acados_static_mlp/diag_dirt_lane_change_acados_static_mlp.csv,,,1203,0.1336212464427668,0.543412,0.08234924413793102,4.013466206896552,5.2893,0.8026932413793103,14.581105569409809,15.879600000000002,133.60035397541753,79.353071,3.067485,0,chrono_body_contact,0,,,,,,,,True,lane_change,5.0,400,39,[25390],[25391],True,True,,8,True,True,False,360,7,7.032,7.032,14,18,21,1.000692,0.012865,-0.011391,0,1,True,grit,independent_n_phi_joint_profile,promoted independent-n-phi online estimator,dirt,c95613694247a1005b45d05d79e96eab52db905aea2667907ed2515e9ac3b36a,shared_worst_case_phi13_curvature_v1,True,0,781.0,7.0,7.0,7.0,7.0,843.0,10.212,0.235948,0.058133,0.1949,24.457219,26.5740925,26.784334
tire_model_with_estimator_ablation,nn_estimator,standard,nn,tire_force_static,dirt,sinusoidal,9.0,0,404,/home/ksha/Documents/sbel/offroad-control/benchmarking/results/tire_model_with_estimator_ablation_20260827_225959/raw/0194_nn_estimator_dirt_sinusoidal_v9_b0_s404,ok,0,26.38171648979187,20.0,0.98,/home/ksha/Documents/sbel/offroad-control/benchmarking/results/tire_model_with_estimator_ablation_20260827_225959/raw/0194_nn_estimator_dirt_sinusoidal_v9_b0_s404/20260827_231059_616187_dirt_sinusoidal_acados_static_mlp/diag_dirt_sinusoidal_acados_static_mlp.csv,,,1195,0.06770150297689416,0.22505,0.053432087719298256,4.670955116959064,5.336460000000001,0.5189950129954516,14.671171548117155,15.9606,131.9561702100811,68.299428,1.347977,0,chrono_body_contact,0,,,,,,,,True,sinusoidal,9.0,404,37,[25388],[25389],True,True,,8,True,True,False,590,21,9.527999999999999,9.527999999999999,16,28,11,1.001682,0.007987,0.002427,0,0,True,grit,independent_n_phi_joint_profile,promoted independent-n-phi online estimator,dirt,dc58ccfda201c75bc0d828da6f9710e91377898701de047f0e4ef191b0e89544,shared_worst_case_phi13_curvature_v1,True,0,590.0,21.0,21.0,21.0,21.0,605.0,0.774,0.398508,0.039312,0.217332,16.218164,26.603701,27.906453
tire_model_with_estimator_ablation,nn_estimator,standard,nn,tire_force_static,dirt,lane_change,9.0,0,403,/home/ksha/Documents/sbel/offroad-control/benchmarking/results/tire_model_with_estimator_ablation_20260827_225959/raw/0208_nn_estimator_dirt_lane_change_v9_b0_s403,ok,0,25.92790937423706,20.0,1.0,/home/ksha/Documents/sbel/offroad-control/benchmarking/results/tire_model_with_estimator_ablation_20260827_225959/raw/0208_nn_estimator_dirt_lane_change_v9_b0_s403/20260827_231125_906013_dirt_lane_change_acados_static_mlp/diag_dirt_lane_change_acados_static_mlp.csv,,,1238,0.2631345347689163,0.840366,0.19973586429512513,3.945317259552042,8.12278,0.4383685843946713,14.050662358642974,18.170399999999873,142.30994306690457,83.888354,3.238042,0,chrono_body_contact,0,,,,,,,,True,lane_change,9.0,403,65,[25416],[25417],True,True,,8,True,True,False,652,11,6.54,6.54,14,18,21,1.000155,0.016844,9.4e-05,0,2,True,grit,independent_n_phi_joint_profile,promoted independent-n-phi online estimator,dirt,8738935243860ac000075a211607e15f3d93aec40193a3fb27ed22c8942c3b2e,shared_worst_case_phi13_curvature_v1,True,0,843.0,11.0,11.0,11.0,11.0,586.0,5.724,0.362897,0.080738,0.365381,23.362811,26.330951499999998,26.953148
tire_model_with_estimator_ablation,nn_estimator,standard,nn,tire_force_static,dirt,lane_change,7.0,0,401,/home/ksha/Documents/sbel/offroad-control/benchmarking/results/tire_model_with_estimator_ablation_20260827_225959/raw/0201_nn_estimator_dirt_lane_change_v7_b0_s401,ok,0,25.981546878814697,20.0,1.0,/home/ksha/Documents/sbel/offroad-control/benchmarking/results/tire_model_with_estimator_ablation_20260827_225959/raw/0201_nn_estimator_dirt_lane_change_v7_b0_s401/20260827_231125_624528_dirt_lane_change_acados_static_mlp/diag_dirt_lane_change_acados_static_mlp.csv,,,1173,0.2714732895635584,1.010708,0.1332411643454039,3.735806128133705,6.9281250000000005,0.5336865897333865,14.761381074168797,17.2528,137.32075154689153,81.479536,3.033343,0,chrono_body_contact,0,,,,,,,,True,lane_change,7.0,401,51,[25402],[25403],True,True,,8,True,True,False,657,12,6.048,6.048,14,19,20,1.001206,-0.003938,0.00646,0,2,True,grit,independent_n_phi_joint_profile,promoted independent-n-phi online estimator,dirt,7085653a638402e5abfa5737dcf5188cf3bc55fb7a7340a71403cb917f35b2aa,shared_worst_case_phi13_curvature_v1,True,0,827.0,12.0,12.0,12.0,12.0,516.0,5.232,0.377853,0.055803,0.238863,14.599003,27.192347050000002,27.382289
tire_model_with_estimator_ablation,nn_estimator,standard,nn,tire_force_static,dirt,lane_change,9.0,0,402,/home/ksha/Documents/sbel/offroad-control/benchmarking/results/tire_model_with_estimator_ablation_20260827_225959/raw/0207_nn_estimator_dirt_lane_change_v9_b0_s402,ok,0,26.081465482711792,20.0,0.99,/home/ksha/Documents/sbel/offroad-control/benchmarking/results/tire_model_with_estimator_ablation_20260827_225959/raw/0207_nn_estimator_dirt_lane_change_v9_b0_s402/20260827_231125_749053_dirt_lane_change_acados_static_mlp/diag_dirt_lane_change_acados_static_mlp.csv,,,1224,0.29416168980662144,0.839039,0.22913386303191488,3.9976156914893615,8.135885,0.4441795212765957,14.142859477124183,17.1308,143.44652311426924,83.926646,3.430189,0,chrono_body_contact,0,,,,,,,,True,lane_change,9.0,402,63,[25414],[25415],True,True,,8,True,True,False,661,13,6.54,6.54,14,20,19,1.000564,0.007866,-0.004482,0,2,True,grit,independent_n_phi_joint_profile,promoted independent-n-phi online estimator,dirt,8738935243860ac000075a211607e15f3d93aec40193a3fb27ed22c8942c3b2e,shared_worst_case_phi13_curvature_v1,True,0,835.0,13.0,13.0,13.0,13.0,563.0,5.718,0.367649,0.063386,0.357377,25.080973,26.809872,27.746265
tire_model_with_estimator_ablation,nn_estimator,standard,nn,tire_force_static,dirt,lane_change,9.0,0,400,/home/ksha/Documents/sbel/offroad-control/benchmarking/results/tire_model_with_estimator_ablation_20260827_225959/raw/0205_nn_estimator_dirt_lane_change_v9_b0_s400,ok,0,26.130791664123535,20.0,1.0,/home/ksha/Documents/sbel/offroad-control/benchmarking/results/tire_model_with_estimator_ablation_20260827_225959/raw/0205_nn_estimator_dirt_lane_change_v9_b0_s400/20260827_231125_733718_dirt_lane_change_acados_static_mlp/diag_dirt_lane_change_acados_static_mlp.csv,,,1214,0.2904472038918989,0.919075,0.22194373641304346,4.008481521739131,8.129900000000001,0.4453868357487923,14.250864909390444,19.08789999999998,142.04150071671668,84.020746,3.336461,0,chrono_body_contact,0,,,,,,,,True,lane_change,9.0,400,59,[25410],[25411],True,True,,8,True,True,False,655,13,6.528,6.528,14,20,19,1.000259,0.022374,0.015791,0,3,True,grit,independent_n_phi_joint_profile,promoted independent-n-phi online estimator,dirt,8738935243860ac000075a211607e15f3d93aec40193a3fb27ed22c8942c3b2e,shared_worst_case_phi13_curvature_v1,True,0,822.0,13.0,13.0,13.0,13.0,559.0,5.712,0.397088,0.070249,0.411508,25.503705,27.6718222,27.84529
tire_model_with_estimator_ablation,nn_estimator,standard,nn,tire_force_static,dirt,lane_change,7.0,0,404,/home/ksha/Documents/sbel/offroad-control/benchmarking/results/tire_model_with_estimator_ablation_20260827_225959/raw/0204_nn_estimator_dirt_lane_change_v7_b0_s404,ok,0,26.1322078704834,20.0,1.0,/home/ksha/Documents/sbel/offroad-control/benchmarking/results/tire_model_with_estimator_ablation_20260827_225959/raw/0204_nn_estimator_dirt_lane_change_v7_b0_s404/20260827_231125_821704_dirt_lane_change_acados_static_mlp/diag_dirt_lane_change_acados_static_mlp.csv,,,1256,0.11357576187461486,0.536774,0.0696772899869961,3.736929648894668,7.01688,0.5338470926992384,13.812070063694266,15.978500000000006,144.03742885600997,80.284803,3.077882,0,chrono_body_contact,0,,,,,,,,True,lane_change,7.0,404,57,[25408],[25409],True,True,,8,True,True,False,713,12,6.528,6.528,14,19,20,1.000717,0.012758,0.003788,0,2,True,grit,independent_n_phi_joint_profile,promoted independent-n-phi online estimator,dirt,7085653a638402e5abfa5737dcf5188cf3bc55fb7a7340a71403cb917f35b2aa,shared_worst_case_phi13_curvature_v1,True,0,856.0,12.0,12.0,12.0,12.0,543.0,5.244,0.378448,0.080373,0.260299,23.8883625,27.203327899999998,28.414924
tire_model_with_estimator_ablation,nn_estimator,standard,nn,tire_force_static,dirt,lane_change,9.0,0,401,/home/ksha/Documents/sbel/offroad-control/benchmarking/results/tire_model_with_estimator_ablation_20260827_225959/raw/0206_nn_estimator_dirt_lane_change_v9_b0_s401,ok,0,26.135168313980103,20.0,1.0,/home/ksha/Documents/sbel/offroad-control/benchmarking/results/tire_model_with_estimator_ablation_20260827_225959/raw/0206_nn_estimator_dirt_lane_change_v9_b0_s401/20260827_231125_756889_dirt_lane_change_acados_static_mlp/diag_dirt_lane_change_acados_static_mlp.csv,,,1234,0.3711127647205554,0.908149,0.2903020382585752,4.029395514511874,8.060690000000001,0.44771061272354157,14.09080226904376,18.711100000000023,143.13385546675119,83.925808,3.452253,0,chrono_body_contact,0,,,,,,,,True,lane_change,9.0,401,61,[25412],[25413],True,True,,8,True,True,False,692,12,6.54,6.54,14,19,20,1.000223,-0.018504,-5.5e-05,0,1,True,grit,independent_n_phi_joint_profile,promoted independent-n-phi online estimator,dirt,8738935243860ac000075a211607e15f3d93aec40193a3fb27ed22c8942c3b2e,shared_worst_case_phi13_curvature_v1,True,0,842.0,12.0,12.0,12.0,12.0,542.0,5.226,0.359541,0.072163,0.460519,14.381901,27.4083152,28.214767
tire_model_with_estimator_ablation,nn_estimator,standard,nn,tire_force_static,dirt,lane_change,7.0,0,402,/home/ksha/Documents/sbel/offroad-control/benchmarking/results/tire_model_with_estimator_ablation_20260827_225959/raw/0202_nn_estimator_dirt_lane_change_v7_b0_s402,ok,0,26.28050971031189,20.0,1.0,/home/ksha/Documents/sbel/offroad-control/benchmarking/results/tire_model_with_estimator_ablation_20260827_225959/raw/0202_nn_estimator_dirt_lane_change_v7_b0_s402/20260827_231125_852586_dirt_lane_change_acados_static_mlp/diag_dirt_lane_change_acados_static_mlp.csv,,,1229,0.29744066235096095,1.113363,0.14554279572763684,3.8483001335113483,6.7180800000000005,0.5497571619301926,14.201879576891782,19.477200000000014,140.94531460366574,81.68234,3.085019,0,chrono_body_contact,0,,,,,,,,True,lane_change,7.0,402,53,[25404],[25405],True,True,,8,True,True,False,695,12,6.54,6.54,14,19,20,0.999928,0.002499,0.00558,0,2,True,grit,independent_n_phi_joint_profile,promoted independent-n-phi online estimator,dirt,7085653a638402e5abfa5737dcf5188cf3bc55fb7a7340a71403cb917f35b2aa,shared_worst_case_phi13_curvature_v1,True,0,838.0,12.0,12.0,12.0,12.0,534.0,4.728,0.381823,0.072544,0.286927,13.834811,26.72098835,27.012842
tire_model_with_estimator_ablation,nn_estimator,standard,nn,tire_force_static,dirt,lane_change,7.0,0,403,/home/ksha/Documents/sbel/offroad-control/benchmarking/results/tire_model_with_estimator_ablation_20260827_225959/raw/0203_nn_estimator_dirt_lane_change_v7_b0_s403,ok,0,26.283594369888306,20.0,1.0,/home/ksha/Documents/sbel/offroad-control/benchmarking/results/tire_model_with_estimator_ablation_20260827_225959/raw/0203_nn_estimator_dirt_lane_change_v7_b0_s403/20260827_231125_739652_dirt_lane_change_acados_static_mlp/diag_dirt_lane_change_acados_static_mlp.csv,,,1218,0.17726186740875774,0.757117,0.10362379733333334,3.8220889333333337,6.98128,0.5460127047619048,14.31591133004926,17.761799999999965,139.96337483719026,82.018254,3.050564,0,chrono_body_contact,0,,,,,,,,True,lane_change,7.0,403,55,[25406],[25407],True,True,,8,True,True,False,695,12,6.54,6.54,14,19,20,1.000189,0.01437,-0.005227,0,2,True,grit,independent_n_phi_joint_profile,promoted independent-n-phi online estimator,dirt,7085653a638402e5abfa5737dcf5188cf3bc55fb7a7340a71403cb917f35b2aa,shared_worst_case_phi13_curvature_v1,True,0,836.0,12.0,12.0,12.0,12.0,523.0,4.74,0.278803,0.051308,0.215544,14.14901,26.4636085,26.736469
tire_model_with_estimator_ablation,nn_estimator,standard,nn,tire_force_static,dirt,right_left,5.0,0,401,/home/ksha/Documents/sbel/offroad-control/benchmarking/results/tire_model_with_estimator_ablation_20260827_225959/raw/0211_nn_estimator_dirt_right_left_v5_b0_s401,ok,0,25.936959266662598,20.0,0.99,/home/ksha/Documents/sbel/offroad-control/benchmarking/results/tire_model_with_estimator_ablation_20260827_225959/raw/0211_nn_estimator_dirt_right_left_v5_b0_s401/20260827_231152_106793_dirt_right_left_acados_static_mlp/diag_dirt_right_left_acados_static_mlp.csv,,,1193,0.11626036817105297,0.341223,0.09256699710982658,3.7736118497109823,4.5711450000000005,0.7547223699421964,14.566898575020954,15.432399999999998,128.1421774347221,49.587553,-30.978097,0,chrono_body_contact,0,,,,,,,,True,right_left,5.0,401,71,[25422],[25423],True,True,,8,True,True,False,660,22,8.544,8.544,16,29,10,1.003519,-0.073374,0.017488,0,0,True,grit,independent_n_phi_joint_profile,promoted independent-n-phi online estimator,dirt,2df275ec6c3a4a1b2fbc274414784eef849a9e55ab7130f9593a0001877583aa,shared_worst_case_phi13_curvature_v1,True,0,660.0,22.0,22.0,22.0,22.0,533.0,1.242,0.321766,0.027095,0.167312,14.0157915,14.60511715,14.815948
tire_model_with_estimator_ablation,nn_estimator,standard,nn,tire_force_static,dirt,right_left,5.0,0,402,/home/ksha/Documents/sbel/offroad-control/benchmarking/results/tire_model_with_estimator_ablation_20260827_225959/raw/0212_nn_estimator_dirt_right_left_v5_b0_s402,ok,0,25.982126712799072,20.0,1.0,/home/ksha/Documents/sbel/offroad-control/benchmarking/results/tire_model_with_estimator_ablation_20260827_225959/raw/0212_nn_estimator_dirt_right_left_v5_b0_s402/20260827_231152_274605_dirt_right_left_acados_static_mlp/diag_dirt_right_left_acados_static_mlp.csv,,,1165,0.11185203193942407,0.336618,0.0888804544117647,3.7727420588235296,4.614885,0.7545484117647059,14.935184549356222,15.653599999999999,123.94981186750584,49.268741,-30.985168,0,chrono_body_contact,0,,,,,,,,True,right_left,5.0,402,73,[25424],[25425],True,True,,8,True,True,False,679,23,8.04,8.04,16,30,9,1.000536,-0.04949,0.014072,0,0,True,grit,independent_n_phi_joint_profile,promoted independent-n-phi online estimator,dirt,2df275ec6c3a4a1b2fbc274414784eef849a9e55ab7130f9593a0001877583aa,shared_worst_case_phi13_curvature_v1,True,0,679.0,23.0,23.0,23.0,23.0,486.0,1.224,0.317659,0.034741,0.16972,14.263132,14.626166,25.679715
tire_model_with_estimator_ablation,nn_estimator,standard,nn,tire_force_static,dirt,right_left,5.0,0,404,/home/ksha/Documents/sbel/offroad-control/benchmarking/results/tire_model_with_estimator_ablation_20260827_225959/raw/0214_nn_estimator_dirt_right_left_v5_b0_s404,ok,0,26.07825756072998,20.0,0.99,/home/ksha/Documents/sbel/offroad-control/benchmarking/results/tire_model_with_estimator_ablation_20260827_225959/raw/0214_nn_estimator_dirt_right_left_v5_b0_s404/20260827_231152_057695_dirt_right_left_acados_static_mlp/diag_dirt_right_left_acados_static_mlp.csv,,,1100,0.11169917011478309,0.301772,0.09078456875,3.6501909374999997,4.58872,0.7300381874999999,15.781409090909094,16.6402,123.15850095947057,47.485274,-30.890785,0,chrono_body_contact,0,,,,,,,,True,right_left,5.0,404,77,[25428],[25429],True,True,,8,True,True,False,639,24,8.028,8.028,16,31,8,1.000919,-0.012952,0.018167,0,0,True,grit,independent_n_phi_joint_profile,promoted independent-n-phi online estimator,dirt,2df275ec6c3a4a1b2fbc274414784eef849a9e55ab7130f9593a0001877583aa,shared_worst_case_phi13_curvature_v1,True,0,639.0,24.0,24.0,24.0,24.0,461.0,0.78,0.300089,0.032936,0.186418,14.9811425,15.43634425,17.129791
tire_model_with_estimator_ablation,nn_estimator,standard,nn,tire_force_static,dirt,right_left,5.0,0,400,/home/ksha/Documents/sbel/offroad-control/benchmarking/results/tire_model_with_estimator_ablation_20260827_225959/raw/0210_nn_estimator_dirt_right_left_v5_b0_s400,ok,0,26.181668043136597,20.0,0.99,/home/ksha/Documents/sbel/offroad-control/benchmarking/results/tire_model_with_estimator_ablation_20260827_225959/raw/0210_nn_estimator_dirt_right_left_v5_b0_s400/20260827_231151_990560_dirt_right_left_acados_static_mlp/diag_dirt_right_left_acados_static_mlp.csv,,,1157,0.11813380042005034,0.358667,0.09266160205580028,3.8191069016152714,4.6459,0.7638213803230542,15.132359550561798,15.8588,127.63068134394553,50.152553,-31.041801,0,chrono_body_contact,0,,,,,,,,True,right_left,5.0,400,69,[25420],[25421],True,True,,8,True,True,False,680,22,8.04,8.04,16,29,10,1.001758,-0.011512,0.006754,0,0,True,grit,independent_n_phi_joint_profile,promoted independent-n-phi online estimator,dirt,2df275ec6c3a4a1b2fbc274414784eef849a9e55ab7130f9593a0001877583aa,shared_worst_case_phi13_curvature_v1,True,0,680.0,22.0,22.0,22.0,22.0,477.0,1.716,0.318483,0.024982,0.210566,14.310385,15.858940599999999,16.485386
tire_model_with_estimator_ablation,nn_estimator,standard,nn,tire_force_static,dirt,lane_change,9.0,0,404,/home/ksha/Documents/sbel/offroad-control/benchmarking/results/tire_model_with_estimator_ablation_20260827_225959/raw/0209_nn_estimator_dirt_lane_change_v9_b0_s404,ok,0,26.182852506637573,20.0,0.99,/home/ksha/Documents/sbel/offroad-control/benchmarking/results/tire_model_with_estimator_ablation_20260827_225959/raw/0209_nn_estimator_dirt_lane_change_v9_b0_s404/20260827_231152_183293_dirt_lane_change_acados_static_mlp/diag_dirt_lane_change_acados_static_mlp.csv,,,1267,0.20556585667754435,0.816815,0.1228555956632653,3.71812168367347,8.02251,0.4131246315192744,13.77466456195738,16.18079999999999,145.22168220911504,81.429209,3.202767,0,chrono_body_contact,0,,,,,,,,True,lane_change,9.0,404,67,[25418],[25419],True,True,,8,True,True,False,674,11,6.54,6.54,14,18,21,0.998278,0.011339,-0.00646,0,2,True,grit,independent_n_phi_joint_profile,promoted independent-n-phi online estimator,dirt,8738935243860ac000075a211607e15f3d93aec40193a3fb27ed22c8942c3b2e,shared_worst_case_phi13_curvature_v1,True,0,869.0,11.0,11.0,11.0,11.0,593.0,5.712,0.332306,0.072878,0.391442,23.740618,26.3513825,26.938389
tire_model_with_estimator_ablation,nn_estimator,standard,nn,tire_force_static,dirt,right_left,7.0,0,401,/home/ksha/Documents/sbel/offroad-control/benchmarking/results/tire_model_with_estimator_ablation_20260827_225959/raw/0216_nn_estimator_dirt_right_left_v7_b0_s401,ok,0,26.231432676315308,20.0,1.0,/home/ksha/Documents/sbel/offroad-control/benchmarking/results/tire_model_with_estimator_ablation_20260827_225959/raw/0216_nn_estimator_dirt_right_left_v7_b0_s401/20260827_231151_954813_dirt_right_left_acados_static_mlp/diag_dirt_right_left_acados_static_mlp.csv,,,1152,0.17343478355448436,0.552991,0.1261489955686854,4.266271048744461,5.751339999999999,0.6094672926777801,15.110156250000001,15.7498,129.4376980273133,57.049338,-30.964892,0,chrono_body_contact,0,,,,,,,,True,right_left,7.0,401,81,[25432],[25433],True,True,,8,True,True,False,735,24,7.044,7.044,16,31,8,1.005192,-0.045081,0.007893,0,0,True,grit,independent_n_phi_joint_profile,promoted independent-n-phi online estimator,dirt,2a22058ceeef679f207bd5220377a736edae3e63c7f59afab2d351bc5e8d1aca,shared_worst_case_phi13_curvature_v1,True,0,735.0,24.0,24.0,24.0,24.0,417.0,1.722,0.399018,0.082849,0.365328,14.61419,15.882861199999999,16.50933
tire_model_with_estimator_ablation,nn_estimator,standard,nn,tire_force_static,dirt,right_left,5.0,0,403,/home/ksha/Documents/sbel/offroad-control/benchmarking/results/tire_model_with_estimator_ablation_20260827_225959/raw/0213_nn_estimator_dirt_right_left_v5_b0_s403,ok,0,26.23402452468872,20.0,0.99,/home/ksha/Documents/sbel/offroad-control/benchmarking/results/tire_model_with_estimator_ablation_20260827_225959/raw/0213_nn_estimator_dirt_right_left_v5_b0_s403/20260827_231152_118985_dirt_right_left_acados_static_mlp/diag_dirt_right_left_acados_static_mlp.csv,,,1165,0.10773298511858866,0.332145,0.08665900583941606,3.7064775182481755,4.53352,0.7412955036496351,15.016738197424893,15.67,124.62992515079709,48.984975,-30.972004,0,chrono_body_contact,0,,,,,,,,True,right_left,5.0,403,75,[25426],[25427],True,True,,8,True,True,False,684,23,8.028,8.028,16,30,9,0.998844,-0.051136,0.009258,0,0,True,grit,independent_n_phi_joint_profile,promoted independent-n-phi online estimator,dirt,2df275ec6c3a4a1b2fbc274414784eef849a9e55ab7130f9593a0001877583aa,shared_worst_case_phi13_curvature_v1,True,0,684.0,23.0,23.0,23.0,23.0,481.0,1.224,0.349902,0.039216,0.13223,14.333425,14.6816998,16.367677
tire_model_with_estimator_ablation,nn_estimator,standard,nn,tire_force_static,dirt,right_left,7.0,0,400,/home/ksha/Documents/sbel/offroad-control/benchmarking/results/tire_model_with_estimator_ablation_20260827_225959/raw/0215_nn_estimator_dirt_right_left_v7_b0_s400,ok,0,26.381689310073853,20.0,0.98,/home/ksha/Documents/sbel/offroad-control/benchmarking/results/tire_model_with_estimator_ablation_20260827_225959/raw/0215_nn_estimator_dirt_right_left_v7_b0_s400/20260827_231152_325978_dirt_right_left_acados_static_mlp/diag_dirt_right_left_acados_static_mlp.csv,,,1173,0.1468214769723908,0.431132,0.11252163714285715,4.075068714285714,5.62146,0.5821526734693877,15.069582267689686,16.674,129.1665597170881,54.768195,-30.957905,0,chrono_body_contact,0,,,,,,,,True,right_left,7.0,400,79,[25430],[25431],True,True,,8,True,True,False,729,22,7.536,7.536,16,29,10,0.998176,-0.064558,0.020861,0,0,True,grit,independent_n_phi_joint_profile,promoted independent-n-phi online estimator,dirt,2a22058ceeef679f207bd5220377a736edae3e63c7f59afab2d351bc5e8d1aca,shared_worst_case_phi13_curvature_v1,True,0,729.0,22.0,22.0,22.0,22.0,444.0,2.244,0.363064,0.075697,0.417843,14.207504499999999,14.87927455,15.221854
tire_model_with_estimator_ablation,nn_estimator,standard,nn,tire_force_static,dirt,right_left,9.0,0,402,/home/ksha/Documents/sbel/offroad-control/benchmarking/results/tire_model_with_estimator_ablation_20260827_225959/raw/0222_nn_estimator_dirt_right_left_v9_b0_s402,ok,0,26.029240369796753,20.0,0.99,/home/ksha/Documents/sbel/offroad-control/benchmarking/results/tire_model_with_estimator_ablation_20260827_225959/raw/0222_nn_estimator_dirt_right_left_v9_b0_s402/20260827_231218_602780_dirt_right_left_acados_static_mlp/diag_dirt_right_left_acados_static_mlp.csv,,,1153,0.16851186317725156,0.537691,0.12400635267857142,4.2386720238095235,6.402344999999999,0.4709635582010582,15.090832610581092,16.484,128.53625502911984,56.951066,-30.893494,0,chrono_body_contact,0,,,,,,,,True,right_left,9.0,402,93,[25444],[25445],True,True,,8,True,True,False,700,24,7.524,7.524,16,31,8,0.996844,-0.05188,0.005624,0,1,True,grit,independent_n_phi_joint_profile,promoted independent-n-phi online estimator,dirt,2fd2c1dbb42c39cc163281ad14f69d4122484783b6b75aa488f2ea05e6c9793b,shared_worst_case_phi13_curvature_v1,True,0,700.0,24.0,24.0,24.0,24.0,453.0,1.224,0.357943,0.06137,0.371013,14.3550995,15.874079749999996,16.090374
tire_model_with_estimator_ablation,nn_estimator,standard,nn,tire_force_static,dirt,right_left,9.0,0,400,/home/ksha/Documents/sbel/offroad-control/benchmarking/results/tire_model_with_estimator_ablation_20260827_225959/raw/0220_nn_estimator_dirt_right_left_v9_b0_s400,ok,0,26.07878065109253,20.0,0.99,/home/ksha/Documents/sbel/offroad-control/benchmarking/results/tire_model_with_estimator_ablation_20260827_225959/raw/0220_nn_estimator_dirt_right_left_v9_b0_s400/20260827_231218_537602_dirt_right_left_acados_static_mlp/diag_dirt_right_left_acados_static_mlp.csv,,,1161,0.17159553945016096,0.488589,0.12594536578171092,4.184404867256637,6.40763,0.46493387413962634,15.03396210163652,16.264000000000003,128.69149515062358,56.03728,-30.956253,0,chrono_body_contact,0,,,,,,,,True,right_left,9.0,400,89,[25440],[25441],True,True,,8,True,True,False,707,24,7.536,7.536,16,31,8,0.996243,-0.082049,0.011343,0,1,True,grit,independent_n_phi_joint_profile,promoted independent-n-phi online estimator,dirt,2fd2c1dbb42c39cc163281ad14f69d4122484783b6b75aa488f2ea05e6c9793b,shared_worst_case_phi13_curvature_v1,True,0,707.0,24.0,24.0,24.0,24.0,454.0,1.236,0.385485,0.053546,0.270946,14.298245999999999,14.598897449999999,15.139304
tire_model_with_estimator_ablation,nn_estimator,standard,nn,tire_force_static,dirt,right_left,7.0,0,402,/home/ksha/Documents/sbel/offroad-control/benchmarking/results/tire_model_with_estimator_ablation_20260827_225959/raw/0217_nn_estimator_dirt_right_left_v7_b0_s402,ok,0,26.080005407333374,20.0,1.0,/home/ksha/Documents/sbel/offroad-control/benchmarking/results/tire_model_with_estimator_ablation_20260827_225959/raw/0217_nn_estimator_dirt_right_left_v7_b0_s402/20260827_231218_499694_dirt_right_left_acados_static_mlp/diag_dirt_right_left_acados_static_mlp.csv,,,1098,0.13654421488433724,0.418935,0.10343027725856697,4.087147819314642,5.737279999999999,0.5838782599020916,15.817213114754098,17.0703,122.85970677305292,54.449335,-30.975341,0,chrono_body_contact,0,,,,,,,,True,right_left,7.0,402,83,[25434],[25435],True,True,,8,True,True,False,641,23,8.04,8.04,16,30,9,0.994906,-0.061219,0.01385,0,1,True,grit,independent_n_phi_joint_profile,promoted independent-n-phi online estimator,dirt,2a22058ceeef679f207bd5220377a736edae3e63c7f59afab2d351bc5e8d1aca,shared_worst_case_phi13_curvature_v1,True,0,641.0,23.0,23.0,23.0,23.0,457.0,1.236,0.297883,0.037296,0.394652,14.734987,15.3949114,16.68082
tire_model_with_estimator_ablation,nn_estimator,standard,nn,tire_force_static,dirt,right_left,7.0,0,403,/home/ksha/Documents/sbel/offroad-control/benchmarking/results/tire_model_with_estimator_ablation_20260827_225959/raw/0218_nn_estimator_dirt_right_left_v7_b0_s403,ok,0,26.08185362815857,20.0,0.99,/home/ksha/Documents/sbel/offroad-control/benchmarking/results/tire_model_with_estimator_ablation_20260827_225959/raw/0218_nn_estimator_dirt_right_left_v7_b0_s403/20260827_231218_592385_dirt_right_left_acados_static_mlp/diag_dirt_right_left_acados_static_mlp.csv,,,1159,0.1602175576892306,0.531129,0.11621624368499257,4.2537786032689455,5.80826,0.6076826576098494,15.070733390854183,16.308400000000002,128.94161565876135,56.588066,-31.003884,0,chrono_body_contact,0,,,,,,,,True,right_left,7.0,403,85,[25436],[25437],True,True,,8,True,True,False,672,21,8.028,8.028,16,28,11,0.994196,-0.055369,0.001226,0,0,True,grit,independent_n_phi_joint_profile,promoted independent-n-phi online estimator,dirt,2a22058ceeef679f207bd5220377a736edae3e63c7f59afab2d351bc5e8d1aca,shared_worst_case_phi13_curvature_v1,True,0,672.0,21.0,21.0,21.0,21.0,487.0,1.746,0.376303,0.039671,0.319789,14.161004,14.810168,14.961907
tire_model_with_estimator_ablation,nn_estimator,standard,nn,tire_force_static,dirt,right_left,9.0,0,403,/home/ksha/Documents/sbel/offroad-control/benchmarking/results/tire_model_with_estimator_ablation_20260827_225959/raw/0223_nn_estimator_dirt_right_left_v9_b0_s403,ok,0,26.178487539291382,20.0,0.99,/home/ksha/Documents/sbel/offroad-control/benchmarking/results/tire_model_with_estimator_ablation_20260827_225959/raw/0223_nn_estimator_dirt_right_left_v9_b0_s403/20260827_231218_436586_dirt_right_left_acados_static_mlp/diag_dirt_right_left_acados_static_mlp.csv,,,1159,0.16446163974719386,0.498881,0.11903294574780059,4.269291495601173,6.463135,0.4743657217334637,15.093356341673854,16.5442,128.63057106406183,57.187643,-31.012653,0,chrono_body_contact,0,,,,,,,,True,right_left,9.0,403,95,[25446],[25447],True,True,,8,True,True,False,681,23,8.04,8.04,16,30,9,0.994299,-0.05772,0.008099,0,0,True,grit,independent_n_phi_joint_profile,promoted independent-n-phi online estimator,dirt,2fd2c1dbb42c39cc163281ad14f69d4122484783b6b75aa488f2ea05e6c9793b,shared_worst_case_phi13_curvature_v1,True,0,681.0,23.0,23.0,23.0,23.0,478.0,1.236,0.37535,0.052338,0.331244,14.617415,15.0608153,15.316015
tire_model_with_estimator_ablation,nn_estimator,standard,nn,tire_force_static,dirt,right_left,9.0,0,404,/home/ksha/Documents/sbel/offroad-control/benchmarking/results/tire_model_with_estimator_ablation_20260827_225959/raw/0224_nn_estimator_dirt_right_left_v9_b0_s404,ok,0,26.189332485198975,20.0,0.99,/home/ksha/Documents/sbel/offroad-control/benchmarking/results/tire_model_with_estimator_ablation_20260827_225959/raw/0224_nn_estimator_dirt_right_left_v9_b0_s404/20260827_231218_722318_dirt_right_left_acados_static_mlp/diag_dirt_right_left_acados_static_mlp.csv,,,1186,0.14547987319084238,0.48374,0.11271356392045453,4.160742329545455,6.2640649999999996,0.4623047032828283,14.775025295109613,16.044500000000003,129.66595630056804,55.399596,-30.8994,0,chrono_body_contact,0,,,,,,,,True,right_left,9.0,404,97,[25448],[25449],True,True,,8,True,True,False,761,24,7.032,7.032,16,31,8,0.995558,-0.072166,0.009328,0,0,True,grit,independent_n_phi_joint_profile,promoted independent-n-phi online estimator,dirt,2fd2c1dbb42c39cc163281ad14f69d4122484783b6b75aa488f2ea05e6c9793b,shared_worst_case_phi13_curvature_v1,True,0,761.0,24.0,24.0,24.0,24.0,425.0,1.26,0.401004,0.065485,0.370179,13.9889385,14.771748,15.276144
tire_model_with_estimator_ablation,nn_estimator,standard,nn,tire_force_static,dirt,right_left,9.0,0,401,/home/ksha/Documents/sbel/offroad-control/benchmarking/results/tire_model_with_estimator_ablation_20260827_225959/raw/0221_nn_estimator_dirt_right_left_v9_b0_s401,ok,0,26.279229402542114,20.0,0.99,/home/ksha/Documents/sbel/offroad-control/benchmarking/results/tire_model_with_estimator_ablation_20260827_225959/raw/0221_nn_estimator_dirt_right_left_v9_b0_s401/20260827_231218_481887_dirt_right_left_acados_static_mlp/diag_dirt_right_left_acados_static_mlp.csv,,,1143,0.16044090607356037,0.509236,0.11728818289085546,4.306732005899705,6.4125,0.4785257784333006,15.28063867016623,17.10859999999999,131.92123845419684,57.692013,-30.974189,0,chrono_body_contact,0,,,,,,,,True,right_left,9.0,401,91,[25442],[25443],True,True,,8,True,True,False,706,24,7.524,7.524,16,31,8,0.998582,-0.047494,0.010328,0,0,True,grit,independent_n_phi_joint_profile,promoted independent-n-phi online estimator,dirt,2fd2c1dbb42c39cc163281ad14f69d4122484783b6b75aa488f2ea05e6c9793b,shared_worst_case_phi13_curvature_v1,True,0,706.0,24.0,24.0,24.0,24.0,437.0,1.224,0.343127,0.068978,0.423633,14.3636655,15.687749399999998,16.185513
tire_model_with_estimator_ablation,nn_estimator,standard,nn,tire_force_static,dirt,right_left,7.0,0,404,/home/ksha/Documents/sbel/offroad-control/benchmarking/results/tire_model_with_estimator_ablation_20260827_225959/raw/0219_nn_estimator_dirt_right_left_v7_b0_s404,ok,0,26.328798055648804,20.0,0.99,/home/ksha/Documents/sbel/offroad-control/benchmarking/results/tire_model_with_estimator_ablation_20260827_225959/raw/0219_nn_estimator_dirt_right_left_v7_b0_s404/20260827_231218_756438_dirt_right_left_acados_static_mlp/diag_dirt_right_left_acados_static_mlp.csv,,,1170,0.16131448538787643,0.490579,0.11914789784172662,4.096890071942446,5.610650000000001,0.5852700102774923,14.874247863247863,16.247199999999992,130.40964632504347,55.40473,-30.994034,0,chrono_body_contact,0,,,,,,,,True,right_left,7.0,404,87,[25438],[25439],True,True,,8,True,True,False,752,25,7.044,7.044,16,32,7,1.002851,-0.069132,0.021697,0,0,True,grit,independent_n_phi_joint_profile,promoted independent-n-phi online estimator,dirt,2a22058ceeef679f207bd5220377a736edae3e63c7f59afab2d351bc5e8d1aca,shared_worst_case_phi13_curvature_v1,True,0,752.0,25.0,25.0,25.0,25.0,418.0,1.212,0.389539,0.072875,0.372394,14.236343,14.990592799999998,15.269782
tire_model_with_estimator_ablation,nn_estimator,standard,nn,tire_force_static,sand,sinusoidal,5.0,0,402,/home/ksha/Documents/sbel/offroad-control/benchmarking/results/tire_model_with_estimator_ablation_20260827_225959/raw/0227_nn_estimator_sand_sinusoidal_v5_b0_s402,ok,0,26.08071279525757,20.0,0.99,/home/ksha/Documents/sbel/offroad-control/benchmarking/results/tire_model_with_estimator_ablation_20260827_225959/raw/0227_nn_estimator_sand_sinusoidal_v5_b0_s402/20260827_231244_874003_dirt_sinusoidal_acados_static_mlp/diag_dirt_sinusoidal_acados_static_mlp.csv,,,1157,0.06992409548137456,0.209932,0.057303883861236804,4.583067571644042,5.1381499999999996,0.9166135143288084,14.838219533275712,15.912000000000003,125.26652553560433,67.951364,1.227052,0,chrono_body_contact,0,,,,,,,,True,sinusoidal,5.0,402,2,[25454],[25455],True,True,,8,True,True,False,575,21,9.54,9.54,16,28,11,1.001452,-0.01464,0.020772,0,0,True,grit,independent_n_phi_joint_profile,promoted independent-n-phi online estimator,dirt,f544d4c607d9f35cff9cbf38b8d140aa1d8904401cf08a56f3c5a58132af58c5,shared_worst_case_phi13_curvature_v1,True,0,575.0,21.0,21.0,21.0,21.0,582.0,0.756,0.212952,0.075381,0.115625,28.898004,30.035012,30.167651
tire_model_with_estimator_ablation,nn_estimator,standard,nn,tire_force_static,sand,sinusoidal,5.0,0,403,/home/ksha/Documents/sbel/offroad-control/benchmarking/results/tire_model_with_estimator_ablation_20260827_225959/raw/0228_nn_estimator_sand_sinusoidal_v5_b0_s403,ok,0,26.080682516098022,20.0,1.0,/home/ksha/Documents/sbel/offroad-control/benchmarking/results/tire_model_with_estimator_ablation_20260827_225959/raw/0228_nn_estimator_sand_sinusoidal_v5_b0_s403/20260827_231244_694023_dirt_sinusoidal_acados_static_mlp/diag_dirt_sinusoidal_acados_static_mlp.csv,,,1167,0.06934550256366262,0.229421,0.055885137254901955,4.497511463046758,5.108169999999999,0.8995022926093516,14.75298200514139,15.863599999999996,123.04686633343704,66.2457,0.520734,0,chrono_body_contact,0,,,,,,,,True,sinusoidal,5.0,403,4,[25456],[25457],True,True,,8,True,True,False,518,19,10.536,10.536,16,27,12,0.997741,-0.016974,0.026873,0,0,True,grit,independent_n_phi_joint_profile,promoted independent-n-phi online estimator,dirt,f544d4c607d9f35cff9cbf38b8d140aa1d8904401cf08a56f3c5a58132af58c5,shared_worst_case_phi13_curvature_v1,True,0,546.0,20.0,19.0,19.0,20.0,649.0,0.762,0.198426,0.121499,0.135535,27.659889,29.439660800000002,30.018435
tire_model_with_estimator_ablation,nn_estimator,standard,nn,tire_force_static,sand,sinusoidal,5.0,0,404,/home/ksha/Documents/sbel/offroad-control/benchmarking/results/tire_model_with_estimator_ablation_20260827_225959/raw/0229_nn_estimator_sand_sinusoidal_v5_b0_s404,ok,0,26.278624057769775,20.0,0.99,/home/ksha/Documents/sbel/offroad-control/benchmarking/results/tire_model_with_estimator_ablation_20260827_225959/raw/0229_nn_estimator_sand_sinusoidal_v5_b0_s404/20260827_231244_916736_dirt_sinusoidal_acados_static_mlp/diag_dirt_sinusoidal_acados_static_mlp.csv,,,1177,0.0726680703004682,0.226621,0.05811446301775147,4.358301479289941,5.18605,0.8716602958579882,14.843865760407816,15.8772,129.8389348081401,63.684493,-0.457526,0,chrono_body_contact,0,,,,,,,,True,sinusoidal,5.0,404,6,[25458],[25459],True,True,,8,True,True,False,462,17,11.544,11.544,16,24,15,1.000904,-0.024169,0.009597,0,0,True,grit,independent_n_phi_joint_profile,promoted independent-n-phi online estimator,dirt,f544d4c607d9f35cff9cbf38b8d140aa1d8904401cf08a56f3c5a58132af58c5,shared_worst_case_phi13_curvature_v1,True,0,462.0,17.0,17.0,17.0,17.0,715.0,0.768,0.225241,0.059281,0.110353,28.453782,30.2161662,30.478219
tire_model_with_estimator_ablation,nn_estimator,standard,nn,tire_force_static,sand,sinusoidal,5.0,0,400,/home/ksha/Documents/sbel/offroad-control/benchmarking/results/tire_model_with_estimator_ablation_20260827_225959/raw/0225_nn_estimator_sand_sinusoidal_v5_b0_s400,ok,0,26.28418254852295,20.0,1.0,/home/ksha/Documents/sbel/offroad-control/benchmarking/results/tire_model_with_estimator_ablation_20260827_225959/raw/0225_nn_estimator_sand_sinusoidal_v5_b0_s400/20260827_231244_780624_dirt_sinusoidal_acados_static_mlp/diag_dirt_sinusoidal_acados_static_mlp.csv,,,1103,0.06954983004979937,0.20925,0.05622441194968553,4.3445485849056595,5.045125,0.868909716981132,15.663399818676337,17.66780000000001,118.05060777775665,63.853903,-0.471822,0,chrono_body_contact,0,,,,,,,,True,sinusoidal,5.0,400,99,[25450],[25451],True,True,,8,True,True,False,442,17,11.544,11.544,16,26,13,0.996799,-0.027199,0.011928,0,0,True,grit,independent_n_phi_joint_profile,promoted independent-n-phi online estimator,dirt,f544d4c607d9f35cff9cbf38b8d140aa1d8904401cf08a56f3c5a58132af58c5,shared_worst_case_phi13_curvature_v1,True,0,442.0,17.0,17.0,17.0,17.0,661.0,0.762,0.270078,0.042893,0.108887,28.27422,29.2031938,30.099933
tire_model_with_estimator_ablation,nn_estimator,standard,nn,tire_force_static,sand,sinusoidal,7.0,0,402,/home/ksha/Documents/sbel/offroad-control/benchmarking/results/tire_model_with_estimator_ablation_20260827_225959/raw/0232_nn_estimator_sand_sinusoidal_v7_b0_s402,ok,0,26.282576322555542,20.0,0.99,/home/ksha/Documents/sbel/offroad-control/benchmarking/results/tire_model_with_estimator_ablation_20260827_225959/raw/0232_nn_estimator_sand_sinusoidal_v7_b0_s402/20260827_231244_927952_dirt_sinusoidal_acados_static_mlp/diag_dirt_sinusoidal_acados_static_mlp.csv,,,1195,0.06897913724125453,0.230276,0.055099637681159414,4.480708405797102,5.16306,0.6401012008281574,14.58257740585774,15.502399999999998,126.50359622321926,65.247054,0.199336,0,chrono_body_contact,0,,,,,,,,True,sinusoidal,7.0,402,12,[25464],[25465],True,True,,8,True,True,False,510,18,11.04,11.04,16,25,14,0.997341,-0.025886,0.024288,0,0,True,grit,independent_n_phi_joint_profile,promoted independent-n-phi online estimator,dirt,dc58ccfda201c75bc0d828da6f9710e91377898701de047f0e4ef191b0e89544,shared_worst_case_phi13_curvature_v1,True,0,510.0,18.0,18.0,18.0,18.0,685.0,0.768,0.249984,0.046417,0.183361,26.490527999999998,28.876867750000002,28.935114
tire_model_with_estimator_ablation,nn_estimator,standard,nn,tire_force_static,sand,sinusoidal,5.0,0,401,/home/ksha/Documents/sbel/offroad-control/benchmarking/results/tire_model_with_estimator_ablation_20260827_225959/raw/0226_nn_estimator_sand_sinusoidal_v5_b0_s401,ok,0,26.284366846084595,20.0,0.99,/home/ksha/Documents/sbel/offroad-control/benchmarking/results/tire_model_with_estimator_ablation_20260827_225959/raw/0226_nn_estimator_sand_sinusoidal_v5_b0_s401/20260827_231244_734454_dirt_sinusoidal_acados_static_mlp/diag_dirt_sinusoidal_acados_static_mlp.csv,,,1169,0.07125499581079944,0.256454,0.0568516307237814,4.481887001477105,5.1453,0.896377400295421,14.868502994011974,15.83,124.95963846465783,65.545338,0.253716,0,chrono_body_contact,0,,,,,,,,True,sinusoidal,5.0,401,0,[25452],[25453],True,True,,8,True,True,False,559,20,10.044,10.044,16,27,12,1.003054,-0.028705,0.007224,0,0,True,grit,independent_n_phi_joint_profile,promoted independent-n-phi online estimator,dirt,f544d4c607d9f35cff9cbf38b8d140aa1d8904401cf08a56f3c5a58132af58c5,shared_worst_case_phi13_curvature_v1,True,0,559.0,20.0,20.0,20.0,20.0,610.0,0.768,0.212947,0.070208,0.137466,27.6032415,29.50067065,30.223215
tire_model_with_estimator_ablation,nn_estimator,standard,nn,tire_force_static,sand,sinusoidal,7.0,0,400,/home/ksha/Documents/sbel/offroad-control/benchmarking/results/tire_model_with_estimator_ablation_20260827_225959/raw/0230_nn_estimator_sand_sinusoidal_v7_b0_s400,ok,0,26.328290939331055,20.0,0.99,/home/ksha/Documents/sbel/offroad-control/benchmarking/results/tire_model_with_estimator_ablation_20260827_225959/raw/0230_nn_estimator_sand_sinusoidal_v7_b0_s400/20260827_231245_047666_dirt_sinusoidal_acados_static_mlp/diag_dirt_sinusoidal_acados_static_mlp.csv,,,1201,0.06837093247791995,0.21402,0.054780729768786125,4.340813294797688,5.1761,0.6201161849710983,14.542148209825145,15.97,127.97120812063316,62.094686,-1.156936,0,chrono_body_contact,0,,,,,,,,True,sinusoidal,7.0,400,8,[25460],[25461],True,True,,8,True,True,False,484,17,11.544,11.544,16,24,15,1.002243,-0.037136,0.005121,0,0,True,grit,independent_n_phi_joint_profile,promoted independent-n-phi online estimator,dirt,dc58ccfda201c75bc0d828da6f9710e91377898701de047f0e4ef191b0e89544,shared_worst_case_phi13_curvature_v1,True,0,484.0,17.0,17.0,17.0,17.0,717.0,0.762,0.226216,0.035177,0.131967,27.060685,29.101739600000002,29.419994
tire_model_with_estimator_ablation,nn_estimator,standard,nn,tire_force_static,sand,sinusoidal,7.0,0,401,/home/ksha/Documents/sbel/offroad-control/benchmarking/results/tire_model_with_estimator_ablation_20260827_225959/raw/0231_nn_estimator_sand_sinusoidal_v7_b0_s401,ok,0,26.482006788253784,20.0,0.98,/home/ksha/Documents/sbel/offroad-control/benchmarking/results/tire_model_with_estimator_ablation_20260827_225959/raw/0231_nn_estimator_sand_sinusoidal_v7_b0_s401/20260827_231244_897688_dirt_sinusoidal_acados_static_mlp/diag_dirt_sinusoidal_acados_static_mlp.csv,,,1191,0.06892137839134221,0.216024,0.05472871929824561,4.598146783625731,5.218635,0.656878111946533,14.789731318219983,17.15899999999992,127.51391752124795,66.85678,0.76965,0,chrono_body_contact,0,,,,,,,,True,sinusoidal,7.0,401,10,[25462],[25463],True,True,,8,True,True,False,530,19,10.524,10.524,16,26,13,0.998037,-0.025484,0.019508,0,0,True,grit,independent_n_phi_joint_profile,promoted independent-n-phi online estimator,dirt,dc58ccfda201c75bc0d828da6f9710e91377898701de047f0e4ef191b0e89544,shared_worst_case_phi13_curvature_v1,True,0,530.0,19.0,19.0,19.0,19.0,661.0,0.768,0.241878,0.121493,0.105346,27.567365,29.501476399999998,29.83898
tire_model_with_estimator_ablation,nn_estimator,standard,nn,tire_force_static,sand,sinusoidal,7.0,0,404,/home/ksha/Documents/sbel/offroad-control/benchmarking/results/tire_model_with_estimator_ablation_20260827_225959/raw/0234_nn_estimator_sand_sinusoidal_v7_b0_s404,ok,0,26.030235290527344,20.0,1.0,/home/ksha/Documents/sbel/offroad-control/benchmarking/results/tire_model_with_estimator_ablation_20260827_225959/raw/0234_nn_estimator_sand_sinusoidal_v7_b0_s404/20260827_231311_521471_dirt_sinusoidal_acados_static_mlp/diag_dirt_sinusoidal_acados_static_mlp.csv,,,1171,0.0720430748717785,0.252425,0.05724519762258544,4.462778900445765,5.26014,0.6375398429208236,14.728129803586677,15.848999999999998,128.18277296646937,64.609984,-0.077008,0,chrono_body_contact,0,,,,,,,,True,sinusoidal,7.0,404,16,[25468],[25469],True,True,,8,True,True,False,524,19,10.536,10.536,16,26,13,1.003921,-0.0199,0.024066,0,0,True,grit,independent_n_phi_joint_profile,promoted independent-n-phi online estimator,dirt,dc58ccfda201c75bc0d828da6f9710e91377898701de047f0e4ef191b0e89544,shared_worst_case_phi13_curvature_v1,True,0,524.0,19.0,19.0,19.0,19.0,647.0,0.762,0.224654,0.047417,0.105109,27.484803,29.9659856,30.216614
tire_model_with_estimator_ablation,nn_estimator,standard,nn,tire_force_static,sand,sinusoidal,9.0,0,404,/home/ksha/Documents/sbel/offroad-control/benchmarking/results/tire_model_with_estimator_ablation_20260827_225959/raw/0239_nn_estimator_sand_sinusoidal_v9_b0_s404,ok,0,26.03726077079773,20.0,1.0,/home/ksha/Documents/sbel/offroad-control/benchmarking/results/tire_model_with_estimator_ablation_20260827_225959/raw/0239_nn_estimator_sand_sinusoidal_v9_b0_s404/20260827_231311_443758_dirt_sinusoidal_acados_static_mlp/diag_dirt_sinusoidal_acados_static_mlp.csv,,,1179,0.0699067236889165,0.258003,0.055819425185185186,4.592465037037037,5.2093799999999995,0.5102738930041153,14.581246819338423,15.83,130.08916412098594,67.324664,1.011379,0,chrono_body_contact,0,,,,,,,,True,sinusoidal,9.0,404,26,[25478],[25479],True,True,,8,True,True,False,585,21,9.528,9.528,16,28,11,0.999978,-0.02115,0.015641,0,0,True,grit,independent_n_phi_joint_profile,promoted independent-n-phi online estimator,dirt,dc58ccfda201c75bc0d828da6f9710e91377898701de047f0e4ef191b0e89544,shared_worst_case_phi13_curvature_v1,True,0,585.0,21.0,21.0,21.0,21.0,594.0,0.762,0.232693,0.079371,0.124925,27.580637,29.90924,30.520105
tire_model_with_estimator_ablation,nn_estimator,standard,nn,tire_force_static,sand,sinusoidal,9.0,0,400,/home/ksha/Documents/sbel/offroad-control/benchmarking/results/tire_model_with_estimator_ablation_20260827_225959/raw/0235_nn_estimator_sand_sinusoidal_v9_b0_s400,ok,0,26.084270477294922,20.0,0.99,/home/ksha/Documents/sbel/offroad-control/benchmarking/results/tire_model_with_estimator_ablation_20260827_225959/raw/0235_nn_estimator_sand_sinusoidal_v9_b0_s400/20260827_231311_494594_dirt_sinusoidal_acados_static_mlp/diag_dirt_sinusoidal_acados_static_mlp.csv,,,1178,0.07389037118982238,0.206723,0.05875602967359051,4.52113590504451,5.21524,0.5023484338938344,14.718972835314093,15.8169,124.96632274163062,66.287848,0.559847,0,chrono_body_contact,0,,,,,,,,True,sinusoidal,9.0,400,18,[25470],[25471],True,True,,8,True,True,False,500,18,11.04,11.04,16,27,12,0.999379,-0.017736,0.01212,0,0,True,grit,independent_n_phi_joint_profile,promoted independent-n-phi online estimator,dirt,dc58ccfda201c75bc0d828da6f9710e91377898701de047f0e4ef191b0e89544,shared_worst_case_phi13_curvature_v1,True,0,500.0,18.0,18.0,18.0,18.0,678.0,0.762,0.28515,0.05801,0.153234,27.522862,29.39837685,30.163478
tire_model_with_estimator_ablation,nn_estimator,standard,nn,tire_force_static,sand,lane_change,5.0,0,400,/home/ksha/Documents/sbel/offroad-control/benchmarking/results/tire_model_with_estimator_ablation_20260827_225959/raw/0240_nn_estimator_sand_lane_change_v5_b0_s400,ok,0,26.088082313537598,20.0,0.99,/home/ksha/Documents/sbel/offroad-control/benchmarking/results/tire_model_with_estimator_ablation_20260827_225959/raw/0240_nn_estimator_sand_lane_change_v5_b0_s400/20260827_231311_515869_dirt_lane_change_acados_static_mlp/diag_dirt_lane_change_acados_static_mlp.csv,,,1196,0.12436297444808099,0.567161,0.07527717630465444,4.317616784203103,5.20372,0.8635233568406205,14.56197324414716,15.581999999999999,132.36849838214408,79.807596,2.984421,0,chrono_body_contact,0,,,,,,,,True,lane_change,5.0,400,28,[25480],[25481],True,True,,8,True,True,False,434,6,11.544,11.544,15,23,16,1.000509,-0.002367,0.002717,0,1,True,grit,independent_n_phi_joint_profile,promoted independent-n-phi online estimator,dirt,c95613694247a1005b45d05d79e96eab52db905aea2667907ed2515e9ac3b36a,shared_worst_case_phi13_curvature_v1,True,0,765.0,16.0,6.0,6.0,16.0,762.0,4.272,0.149575,0.109068,0.15725,13.593945999999999,25.7389345,26.073016
tire_model_with_estimator_ablation,nn_estimator,standard,nn,tire_force_static,sand,sinusoidal,9.0,0,401,/home/ksha/Documents/sbel/offroad-control/benchmarking/results/tire_model_with_estimator_ablation_20260827_225959/raw/0236_nn_estimator_sand_sinusoidal_v9_b0_s401,ok,0,26.184715509414673,20.0,0.99,/home/ksha/Documents/sbel/offroad-control/benchmarking/results/tire_model_with_estimator_ablation_20260827_225959/raw/0236_nn_estimator_sand_sinusoidal_v9_b0_s401/20260827_231311_496477_dirt_sinusoidal_acados_static_mlp/diag_dirt_sinusoidal_acados_static_mlp.csv,,,1180,0.07266226031251216,0.232096,0.05842655783308931,4.565315226939971,5.30209,0.5072572474377746,14.771237288135591,15.758400000000002,127.74518700671963,66.37757,0.569119,0,chrono_body_contact,0,,,,,,,,True,sinusoidal,9.0,401,20,[25472],[25473],True,True,,8,True,True,False,529,19,10.548,10.548,16,26,13,0.999572,-0.023195,0.023646,0,0,True,grit,independent_n_phi_joint_profile,promoted independent-n-phi online estimator,dirt,dc58ccfda201c75bc0d828da6f9710e91377898701de047f0e4ef191b0e89544,shared_worst_case_phi13_curvature_v1,True,0,529.0,19.0,19.0,19.0,19.0,651.0,0.762,0.231466,0.060714,0.125431,27.354588,30.330311499999997,30.614923
tire_model_with_estimator_ablation,nn_estimator,standard,nn,tire_force_static,sand,sinusoidal,7.0,0,403,/home/ksha/Documents/sbel/offroad-control/benchmarking/results/tire_model_with_estimator_ablation_20260827_225959/raw/0233_nn_estimator_sand_sinusoidal_v7_b0_s403,ok,0,26.43439245223999,20.0,0.99,/home/ksha/Documents/sbel/offroad-control/benchmarking/results/tire_model_with_estimator_ablation_20260827_225959/raw/0233_nn_estimator_sand_sinusoidal_v7_b0_s403/20260827_231311_255195_dirt_sinusoidal_acados_static_mlp/diag_dirt_sinusoidal_acados_static_mlp.csv,,,1164,0.0679398651570544,0.232748,0.05450926054216867,4.298503313253012,5.122364999999999,0.6140719018932874,14.969682130584191,16.091099999999994,121.47136180383603,60.475221,-1.565504,0,chrono_body_contact,0,,,,,,,,True,sinusoidal,7.0,403,14,[25466],[25467],True,True,,8,True,True,False,437,16,12.024,12.024,16,23,16,1.00183,-0.021397,0.013929,0,0,True,grit,independent_n_phi_joint_profile,promoted independent-n-phi online estimator,dirt,dc58ccfda201c75bc0d828da6f9710e91377898701de047f0e4ef191b0e89544,shared_worst_case_phi13_curvature_v1,True,0,437.0,16.0,16.0,16.0,16.0,727.0,0.762,0.243875,0.034349,0.133313,27.2801895,29.33215725,29.491659
tire_model_with_estimator_ablation,nn_estimator,standard,nn,tire_force_static,sand,sinusoidal,9.0,0,402,/home/ksha/Documents/sbel/offroad-control/benchmarking/results/tire_model_with_estimator_ablation_20260827_225959/raw/0237_nn_estimator_sand_sinusoidal_v9_b0_s402,ok,0,26.43453359603882,20.0,1.0,/home/ksha/Documents/sbel/offroad-control/benchmarking/results/tire_model_with_estimator_ablation_20260827_225959/raw/0237_nn_estimator_sand_sinusoidal_v9_b0_s402/20260827_231311_373463_dirt_sinusoidal_acados_static_mlp/diag_dirt_sinusoidal_acados_static_mlp.csv,,,1173,0.0661934475168775,0.190521,0.053501685840707955,4.3050843657817115,5.23656,0.4783427073090791,14.835728900255752,16.034799999999997,123.28550077590008,60.541492,-1.567359,0,chrono_body_contact,0,,,,,,,,True,sinusoidal,9.0,402,22,[25474],[25475],True,True,,8,True,True,False,386,14,13.02,13.02,16,23,16,1.000028,-0.018087,0.016088,0,0,True,grit,independent_n_phi_joint_profile,promoted independent-n-phi online estimator,dirt,dc58ccfda201c75bc0d828da6f9710e91377898701de047f0e4ef191b0e89544,shared_worst_case_phi13_curvature_v1,True,0,386.0,14.0,14.0,14.0,14.0,787.0,0.768,0.283243,0.05602,0.14433,28.1595985,30.2558887,30.513966
tire_model_with_estimator_ablation,nn_estimator,standard,nn,tire_force_static,sand,sinusoidal,9.0,0,403,/home/ksha/Documents/sbel/offroad-control/benchmarking/results/tire_model_with_estimator_ablation_20260827_225959/raw/0238_nn_estimator_sand_sinusoidal_v9_b0_s403,ok,0,26.436917781829834,20.0,1.0,/home/ksha/Documents/sbel/offroad-control/benchmarking/results/tire_model_with_estimator_ablation_20260827_225959/raw/0238_nn_estimator_sand_sinusoidal_v9_b0_s403/20260827_231311_297906_dirt_sinusoidal_acados_static_mlp/diag_dirt_sinusoidal_acados_static_mlp.csv,,,1099,0.06948184036132643,0.196338,0.05535008818897638,4.41426031496063,5.20571,0.4904733683289588,15.710163785259327,17.416999999999994,119.55415196279827,63.602839,-0.592612,0,chrono_body_contact,0,,,,,,,,True,sinusoidal,9.0,403,24,[25476],[25477],True,True,,8,True,True,False,496,19,10.524,10.524,16,26,13,1.000922,-0.029293,0.01787,0,0,True,grit,independent_n_phi_joint_profile,promoted independent-n-phi online estimator,dirt,dc58ccfda201c75bc0d828da6f9710e91377898701de047f0e4ef191b0e89544,shared_worst_case_phi13_curvature_v1,True,0,496.0,19.0,19.0,19.0,19.0,603.0,0.768,0.218995,0.057266,0.149408,29.061039,31.354496899999997,31.598198
tire_model_with_estimator_ablation,nn_estimator,standard,nn,tire_force_static,sand,lane_change,5.0,0,403,/home/ksha/Documents/sbel/offroad-control/benchmarking/results/tire_model_with_estimator_ablation_20260827_225959/raw/0243_nn_estimator_sand_lane_change_v5_b0_s403,ok,0,26.03327775001526,20.0,1.0,/home/ksha/Documents/sbel/offroad-control/benchmarking/results/tire_model_with_estimator_ablation_20260827_225959/raw/0243_nn_estimator_sand_lane_change_v5_b0_s403/20260827_231337_942005_dirt_lane_change_acados_static_mlp/diag_dirt_lane_change_acados_static_mlp.csv,,,1190,0.13305193669197177,0.5715,0.08177266242937853,4.331151553672316,5.336455,0.8662303107344632,14.78166386554622,15.667699999999993,129.10910382285326,79.600779,2.930823,0,chrono_body_contact,0,,,,,,,,True,lane_change,5.0,403,34,[25486],[25487],True,True,,8,False,False,True,0,0,,,13,18,21,1.000082,0.000462,0.000167,0,1,True,grit,independent_n_phi_joint_profile,promoted independent-n-phi online estimator,dirt,c95613694247a1005b45d05d79e96eab52db905aea2667907ed2515e9ac3b36a,shared_worst_case_phi13_curvature_v1,True,0,736.0,7.0,0.0,0.0,7.0,1190.0,9.732,0.162748,0.0854,0.112656,14.282646,25.2781074,25.337844
tire_model_with_estimator_ablation,nn_estimator,standard,nn,tire_force_static,sand,lane_change,5.0,0,401,/home/ksha/Documents/sbel/offroad-control/benchmarking/results/tire_model_with_estimator_ablation_20260827_225959/raw/0241_nn_estimator_sand_lane_change_v5_b0_s401,ok,0,26.035164833068848,20.0,1.0,/home/ksha/Documents/sbel/offroad-control/benchmarking/results/tire_model_with_estimator_ablation_20260827_225959/raw/0241_nn_estimator_sand_lane_change_v5_b0_s401/20260827_231337_878447_dirt_lane_change_acados_static_mlp/diag_dirt_lane_change_acados_static_mlp.csv,,,1197,0.1174712604772979,0.55251,0.07269940225035161,4.229637271448664,5.307499999999999,0.8459274542897328,14.600835421888053,15.700399999999998,131.48531813052435,79.523843,3.000346,0,chrono_body_contact,0,,,,,,,,True,lane_change,5.0,401,30,[25482],[25483],True,True,,8,False,False,True,0,0,,,13,19,20,0.999813,0.002576,-0.001426,0,2,True,grit,independent_n_phi_joint_profile,promoted independent-n-phi online estimator,dirt,c95613694247a1005b45d05d79e96eab52db905aea2667907ed2515e9ac3b36a,shared_worst_case_phi13_curvature_v1,True,0,739.0,8.0,0.0,0.0,8.0,1197.0,7.734,0.147028,0.089727,0.175122,24.643285499999998,25.9870269,26.368347
tire_model_with_estimator_ablation,nn_estimator,standard,nn,tire_force_static,sand,lane_change,7.0,0,400,/home/ksha/Documents/sbel/offroad-control/benchmarking/results/tire_model_with_estimator_ablation_20260827_225959/raw/0245_nn_estimator_sand_lane_change_v7_b0_s400,ok,0,26.08041477203369,20.0,1.0,/home/ksha/Documents/sbel/offroad-control/benchmarking/results/tire_model_with_estimator_ablation_20260827_225959/raw/0245_nn_estimator_sand_lane_change_v7_b0_s400/20260827_231337_789040_dirt_lane_change_acados_static_mlp/diag_dirt_lane_change_acados_static_mlp.csv,,,1239,0.08931957213006184,0.289836,0.07066306300268096,4.1008162198391425,6.5828750000000005,0.5858308885484489,14.001622276029055,15.666799999999984,141.40373425693696,81.12128,2.933064,0,chrono_body_contact,0,,,,,,,,True,lane_change,7.0,400,38,[25490],[25491],True,True,,8,True,True,False,657,10,7.536,7.536,14,20,19,0.999812,-0.005036,0.000829,0,2,True,grit,independent_n_phi_joint_profile,promoted independent-n-phi online estimator,dirt,7085653a638402e5abfa5737dcf5188cf3bc55fb7a7340a71403cb917f35b2aa,shared_worst_case_phi13_curvature_v1,True,0,802.0,13.0,10.0,10.0,13.0,582.0,4.236,0.138114,0.160454,0.186769,23.150331,24.8248678,25.402576
tire_model_with_estimator_ablation,nn_estimator,standard,nn,tire_force_static,sand,lane_change,5.0,0,402,/home/ksha/Documents/sbel/offroad-control/benchmarking/results/tire_model_with_estimator_ablation_20260827_225959/raw/0242_nn_estimator_sand_lane_change_v5_b0_s402,ok,0,26.08206582069397,20.0,1.0,/home/ksha/Documents/sbel/offroad-control/benchmarking/results/tire_model_with_estimator_ablation_20260827_225959/raw/0242_nn_estimator_sand_lane_change_v5_b0_s402/20260827_231337_783629_dirt_lane_change_acados_static_mlp/diag_dirt_lane_change_acados_static_mlp.csv,,,1139,0.13108891548564197,0.574488,0.08285000296735905,4.292151632047478,5.30714,0.8584303264094956,15.364723441615453,16.57,128.56743876560552,79.676754,3.043228,0,chrono_body_contact,0,,,,,,,,True,lane_change,5.0,402,32,[25484],[25485],True,True,,8,True,True,False,258,4,9.036,9.036,14,19,20,1.000032,-0.005921,0.003356,0,1,True,grit,independent_n_phi_joint_profile,promoted independent-n-phi online estimator,dirt,c95613694247a1005b45d05d79e96eab52db905aea2667907ed2515e9ac3b36a,shared_worst_case_phi13_curvature_v1,True,0,700.0,8.0,4.0,4.0,8.0,881.0,6.228,0.105774,0.096276,0.257748,13.450969,26.178822750000002,26.277304
tire_model_with_estimator_ablation,nn_estimator,standard,nn,tire_force_static,sand,lane_change,7.0,0,401,/home/ksha/Documents/sbel/offroad-control/benchmarking/results/tire_model_with_estimator_ablation_20260827_225959/raw/0246_nn_estimator_sand_lane_change_v7_b0_s401,ok,0,26.079644203186035,20.0,1.0,/home/ksha/Documents/sbel/offroad-control/benchmarking/results/tire_model_with_estimator_ablation_20260827_225959/raw/0246_nn_estimator_sand_lane_change_v7_b0_s401/20260827_231337_973537_dirt_lane_change_acados_static_mlp/diag_dirt_lane_change_acados_static_mlp.csv,,,1253,0.12280860486010917,0.539456,0.0742968906455863,4.002178260869565,6.4565,0.571739751552795,13.900798084596964,16.863600000000005,143.11938479772135,81.275642,3.034647,0,chrono_body_contact,0,,,,,,,,True,lane_change,7.0,401,40,[25492],[25493],True,True,,8,True,True,False,716,12,7.044,7.044,15,20,19,1.000185,-0.00302,-0.003,0,1,True,grit,independent_n_phi_joint_profile,promoted independent-n-phi online estimator,dirt,7085653a638402e5abfa5737dcf5188cf3bc55fb7a7340a71403cb917f35b2aa,shared_worst_case_phi13_curvature_v1,True,0,846.0,13.0,12.0,12.0,13.0,537.0,4.26,0.171995,0.083764,0.243612,13.978545,25.5710346,26.061171
tire_model_with_estimator_ablation,nn_estimator,standard,nn,tire_force_static,sand,lane_change,5.0,0,404,/home/ksha/Documents/sbel/offroad-control/benchmarking/results/tire_model_with_estimator_ablation_20260827_225959/raw/0244_nn_estimator_sand_lane_change_v5_b0_s404,ok,0,26.380828142166138,20.0,1.0,/home/ksha/Documents/sbel/offroad-control/benchmarking/results/tire_model_with_estimator_ablation_20260827_225959/raw/0244_nn_estimator_sand_lane_change_v5_b0_s404/20260827_231337_842962_dirt_lane_change_acados_static_mlp/diag_dirt_lane_change_acados_static_mlp.csv,,,1185,0.1407804376883706,0.640038,0.08536824541607899,4.249133004231312,5.28994,0.8498266008462624,14.819789029535869,15.854800000000003,134.64232733960748,79.484159,3.05429,0,chrono_body_contact,0,,,,,,,,True,lane_change,5.0,404,36,[25488],[25489],True,True,,8,True,True,False,215,2,10.056,10.056,14,20,19,1.000044,-0.007974,-0.005863,0,0,True,grit,independent_n_phi_joint_profile,promoted independent-n-phi online estimator,dirt,c95613694247a1005b45d05d79e96eab52db905aea2667907ed2515e9ac3b36a,shared_worst_case_phi13_curvature_v1,True,0,736.0,9.0,2.0,2.0,9.0,970.0,7.734,0.161265,0.079929,0.146536,24.787618,25.9843978,26.359047
tire_model_with_estimator_ablation,nn_estimator,standard,nn,tire_force_static,sand,lane_change,7.0,0,403,/home/ksha/Documents/sbel/offroad-control/benchmarking/results/tire_model_with_estimator_ablation_20260827_225959/raw/0248_nn_estimator_sand_lane_change_v7_b0_s403,ok,0,26.38216781616211,20.0,1.0,/home/ksha/Documents/sbel/offroad-control/benchmarking/results/tire_model_with_estimator_ablation_20260827_225959/raw/0248_nn_estimator_sand_lane_change_v7_b0_s403/20260827_231337_721752_dirt_lane_change_acados_static_mlp/diag_dirt_lane_change_acados_static_mlp.csv,,,1224,0.07775597572399567,0.202078,0.06314774093959732,3.9763849664429527,6.55864,0.5680549952061361,14.262598039215685,15.626199999999999,138.32910723409705,81.329739,2.890387,0,chrono_body_contact,0,,,,,,,,True,lane_change,7.0,403,44,[25496],[25497],True,True,,8,True,True,False,430,8,8.04,8.04,13,18,21,1.001024,-0.007011,-0.00119,0,2,True,grit,independent_n_phi_joint_profile,promoted independent-n-phi online estimator,dirt,7085653a638402e5abfa5737dcf5188cf3bc55fb7a7340a71403cb917f35b2aa,shared_worst_case_phi13_curvature_v1,True,0,774.0,11.0,8.0,8.0,11.0,794.0,4.236,0.122018,0.135353,0.153631,24.430611,25.972577,26.052519
tire_model_with_estimator_ablation,nn_estimator,standard,nn,tire_force_static,sand,lane_change,7.0,0,402,/home/ksha/Documents/sbel/offroad-control/benchmarking/results/tire_model_with_estimator_ablation_20260827_225959/raw/0247_nn_estimator_sand_lane_change_v7_b0_s402,ok,0,26.580662965774536,20.0,1.0,/home/ksha/Documents/sbel/offroad-control/benchmarking/results/tire_model_with_estimator_ablation_20260827_225959/raw/0247_nn_estimator_sand_lane_change_v7_b0_s402/20260827_231337_923450_dirt_lane_change_acados_static_mlp/diag_dirt_lane_change_acados_static_mlp.csv,,,1211,0.13517534399374334,0.336693,0.10247406845637584,3.995785771812081,6.52086,0.5708265388302973,14.42702725020644,17.00100000000009,136.31116055332592,80.828605,2.805797,0,chrono_body_contact,0,,,,,,,,True,lane_change,7.0,402,42,[25494],[25495],True,True,,8,True,True,False,402,6,8.04,8.04,15,19,20,1.00118,-0.005514,-0.007937,0,2,True,grit,independent_n_phi_joint_profile,promoted independent-n-phi online estimator,dirt,7085653a638402e5abfa5737dcf5188cf3bc55fb7a7340a71403cb917f35b2aa,shared_worst_case_phi13_curvature_v1,True,0,831.0,12.0,6.0,6.0,12.0,809.0,4.236,0.106839,0.107679,0.263707,13.693757999999999,26.2157506,26.572331
tire_model_with_estimator_ablation,nn_estimator,standard,nn,tire_force_static,sand,lane_change,9.0,0,402,/home/ksha/Documents/sbel/offroad-control/benchmarking/results/tire_model_with_estimator_ablation_20260827_225959/raw/0252_nn_estimator_sand_lane_change_v9_b0_s402,ok,0,26.032017946243286,20.0,1.0,/home/ksha/Documents/sbel/offroad-control/benchmarking/results/tire_model_with_estimator_ablation_20260827_225959/raw/0252_nn_estimator_sand_lane_change_v9_b0_s402/20260827_231404_645617_dirt_lane_change_acados_static_mlp/diag_dirt_lane_change_acados_static_mlp.csv,,,1209,0.12908131213213808,0.320409,0.0991665473251029,4.101868998628258,6.5428,0.45576322206980646,14.467899090157154,16.817600000000002,138.16582178014676,81.238659,2.907993,0,chrono_body_contact,0,,,,,,,,True,lane_change,9.0,402,52,[25504],[25505],True,True,,8,True,True,False,472,8,7.032,7.032,14,17,22,1.000837,0.002184,0.007092,0,2,True,grit,independent_n_phi_joint_profile,promoted independent-n-phi online estimator,dirt,8738935243860ac000075a211607e15f3d93aec40193a3fb27ed22c8942c3b2e,shared_worst_case_phi13_curvature_v1,True,0,785.0,8.0,8.0,8.0,8.0,737.0,8.244,0.239602,0.095157,0.520754,24.3796205,26.2563825,26.336158
tire_model_with_estimator_ablation,nn_estimator,standard,nn,tire_force_static,sand,lane_change,9.0,0,404,/home/ksha/Documents/sbel/offroad-control/benchmarking/results/tire_model_with_estimator_ablation_20260827_225959/raw/0254_nn_estimator_sand_lane_change_v9_b0_s404,ok,0,26.08096408843994,20.0,0.99,/home/ksha/Documents/sbel/offroad-control/benchmarking/results/tire_model_with_estimator_ablation_20260827_225959/raw/0254_nn_estimator_sand_lane_change_v9_b0_s404/20260827_231404_621745_dirt_lane_change_acados_static_mlp/diag_dirt_lane_change_acados_static_mlp.csv,,,1219,0.20643760742894632,0.829971,0.10691174421768707,4.067863945578231,6.42415,0.45198488284202565,14.295931091058243,17.318599999999986,140.75293191593346,81.406013,3.07249,0,chrono_body_contact,0,,,,,,,,True,lane_change,9.0,404,56,[25508],[25509],True,True,,8,True,True,False,658,11,7.044,7.044,15,20,19,1.001755,0.008378,-0.001216,0,2,True,grit,independent_n_phi_joint_profile,promoted independent-n-phi online estimator,dirt,8738935243860ac000075a211607e15f3d93aec40193a3fb27ed22c8942c3b2e,shared_worst_case_phi13_curvature_v1,True,0,818.0,13.0,11.0,11.0,13.0,561.0,4.254,0.172712,0.080772,0.211783,12.095045,26.446131599999998,26.922132
tire_model_with_estimator_ablation,nn_estimator,standard,nn,tire_force_static,sand,lane_change,9.0,0,400,/home/ksha/Documents/sbel/offroad-control/benchmarking/results/tire_model_with_estimator_ablation_20260827_225959/raw/0250_nn_estimator_sand_lane_change_v9_b0_s400,ok,0,26.132057666778564,20.0,0.99,/home/ksha/Documents/sbel/offroad-control/benchmarking/results/tire_model_with_estimator_ablation_20260827_225959/raw/0250_nn_estimator_sand_lane_change_v9_b0_s400/20260827_231404_478261_dirt_lane_change_acados_static_mlp/diag_dirt_lane_change_acados_static_mlp.csv,,,1209,0.14969396907890498,0.375416,0.11002879120879121,4.18202760989011,6.55079,0.4646697344322344,14.355880893300247,15.7392,137.5434823962591,81.451022,3.280488,0,chrono_body_contact,0,,,,,,,,True,lane_change,9.0,400,48,[25500],[25501],True,True,,8,True,True,False,654,10,8.04,8.04,14,21,18,1.001931,0.000911,0.000902,0,1,True,grit,independent_n_phi_joint_profile,promoted independent-n-phi online estimator,dirt,8738935243860ac000075a211607e15f3d93aec40193a3fb27ed22c8942c3b2e,shared_worst_case_phi13_curvature_v1,True,0,784.0,14.0,10.0,10.0,14.0,555.0,3.732,0.111705,0.115334,0.21407,23.664819,26.154249450000002,26.282746
tire_model_with_estimator_ablation,nn_estimator,standard,nn,tire_force_static,sand,right_left,5.0,0,401,/home/ksha/Documents/sbel/offroad-control/benchmarking/results/tire_model_with_estimator_ablation_20260827_225959/raw/0256_nn_estimator_sand_right_left_v5_b0_s401,ok,0,26.134150505065918,20.0,1.0,/home/ksha/Documents/sbel/offroad-control/benchmarking/results/tire_model_with_estimator_ablation_20260827_225959/raw/0256_nn_estimator_sand_right_left_v5_b0_s401/20260827_231404_747060_dirt_right_left_acados_static_mlp/diag_dirt_right_left_acados_static_mlp.csv,,,1163,0.13041549982511724,0.416233,0.10017641949778436,3.8435973412112254,4.6643,0.7687194682422451,14.794720550300948,16.07,125.8784425139273,48.776179,-30.966568,0,chrono_body_contact,0,,,,,,,,True,right_left,5.0,401,60,[25512],[25513],True,True,,8,True,True,False,618,22,9.036,9.036,16,29,10,0.994207,-0.003709,0.018727,0,0,True,grit,independent_n_phi_joint_profile,promoted independent-n-phi online estimator,dirt,2df275ec6c3a4a1b2fbc274414784eef849a9e55ab7130f9593a0001877583aa,shared_worst_case_phi13_curvature_v1,True,0,618.0,22.0,22.0,22.0,22.0,545.0,0.768,0.457594,0.137568,0.303709,29.100409499999998,31.9039036,32.088235
tire_model_with_estimator_ablation,nn_estimator,standard,nn,tire_force_static,sand,lane_change,7.0,0,404,/home/ksha/Documents/sbel/offroad-control/benchmarking/results/tire_model_with_estimator_ablation_20260827_225959/raw/0249_nn_estimator_sand_lane_change_v7_b0_s404,ok,0,26.1839337348938,20.0,0.99,/home/ksha/Documents/sbel/offroad-control/benchmarking/results/tire_model_with_estimator_ablation_20260827_225959/raw/0249_nn_estimator_sand_lane_change_v7_b0_s404/20260827_231404_548867_dirt_lane_change_acados_static_mlp/diag_dirt_lane_change_acados_static_mlp.csv,,,1136,0.0926148245516908,0.438561,0.061033857771260996,4.119021994134897,6.423369999999999,0.5884317134478424,15.25588028169014,18.636000000000003,134.94731249435358,81.703095,3.001158,0,chrono_body_contact,0,,,,,,,,True,lane_change,7.0,404,46,[25498],[25499],True,True,,8,True,True,False,699,14,6.54,6.54,15,21,18,0.999753,-0.001306,-0.004466,0,2,True,grit,independent_n_phi_joint_profile,promoted independent-n-phi online estimator,dirt,7085653a638402e5abfa5737dcf5188cf3bc55fb7a7340a71403cb917f35b2aa,shared_worst_case_phi13_curvature_v1,True,0,762.0,14.0,14.0,14.0,14.0,437.0,4.2,0.205944,0.139345,0.293824,25.056945499999998,28.6026989,29.032774
tire_model_with_estimator_ablation,nn_estimator,standard,nn,tire_force_static,sand,right_left,5.0,0,400,/home/ksha/Documents/sbel/offroad-control/benchmarking/results/tire_model_with_estimator_ablation_20260827_225959/raw/0255_nn_estimator_sand_right_left_v5_b0_s400,ok,0,26.185861825942993,20.0,1.0,/home/ksha/Documents/sbel/offroad-control/benchmarking/results/tire_model_with_estimator_ablation_20260827_225959/raw/0255_nn_estimator_sand_right_left_v5_b0_s400/20260827_231404_504819_dirt_right_left_acados_static_mlp/diag_dirt_right_left_acados_static_mlp.csv,,,1170,0.14643467166774363,0.451703,0.10911263929618767,3.9514456011730203,4.810885,0.7902891202346041,14.672205128205128,15.7831,126.96650203251676,50.540797,-30.982586,0,chrono_body_contact,0,,,,,,,,True,right_left,5.0,400,58,[25510],[25511],True,True,,8,True,True,False,651,21,8.544,8.544,16,28,11,0.999922,-0.03006,0.028111,0,0,True,grit,independent_n_phi_joint_profile,promoted independent-n-phi online estimator,dirt,2df275ec6c3a4a1b2fbc274414784eef849a9e55ab7130f9593a0001877583aa,shared_worst_case_phi13_curvature_v1,True,0,651.0,21.0,21.0,21.0,21.0,519.0,1.722,0.348662,0.146197,0.354126,30.454368,33.213479,33.933125
tire_model_with_estimator_ablation,nn_estimator,standard,nn,tire_force_static,sand,lane_change,9.0,0,401,/home/ksha/Documents/sbel/offroad-control/benchmarking/results/tire_model_with_estimator_ablation_20260827_225959/raw/0251_nn_estimator_sand_lane_change_v9_b0_s401,ok,0,26.382871866226196,20.0,1.0,/home/ksha/Documents/sbel/offroad-control/benchmarking/results/tire_model_with_estimator_ablation_20260827_225959/raw/0251_nn_estimator_sand_lane_change_v9_b0_s401/20260827_231404_502952_dirt_lane_change_acados_static_mlp/diag_dirt_lane_change_acados_static_mlp.csv,,,1199,0.18516154295931164,0.775782,0.09667635950413224,4.115680303030303,6.376575,0.45729781144781145,14.586230191826521,17.68099999999999,136.85103587872314,81.29788,2.989211,0,chrono_body_contact,0,,,,,,,,True,lane_change,9.0,401,50,[25502],[25503],True,True,,8,True,True,False,551,7,9.036,9.036,14,20,19,1.001002,0.000499,-0.003263,0,2,True,grit,independent_n_phi_joint_profile,promoted independent-n-phi online estimator,dirt,8738935243860ac000075a211607e15f3d93aec40193a3fb27ed22c8942c3b2e,shared_worst_case_phi13_curvature_v1,True,0,780.0,13.0,7.0,7.0,13.0,648.0,4.248,0.138697,0.102544,0.255173,13.837037,25.4620008,25.810437
tire_model_with_estimator_ablation,nn_estimator,standard,nn,tire_force_static,sand,lane_change,9.0,0,403,/home/ksha/Documents/sbel/offroad-control/benchmarking/results/tire_model_with_estimator_ablation_20260827_225959/raw/0253_nn_estimator_sand_lane_change_v9_b0_s403,ok,0,26.383986711502075,20.0,1.0,/home/ksha/Documents/sbel/offroad-control/benchmarking/results/tire_model_with_estimator_ablation_20260827_225959/raw/0253_nn_estimator_sand_lane_change_v9_b0_s403/20260827_231404_361321_dirt_lane_change_acados_static_mlp/diag_dirt_lane_change_acados_static_mlp.csv,,,1197,0.20319679587454467,0.465381,0.15225491172413794,4.130166620689654,6.4676,0.45890740229885046,14.641879699248118,18.473199999999995,136.67274908118594,80.967844,3.288722,0,chrono_body_contact,0,,,,,,,,True,lane_change,9.0,403,54,[25506],[25507],True,True,,8,True,True,False,606,9,8.028,8.028,13,19,20,1.00114,-0.008405,0.006761,0,1,True,grit,independent_n_phi_joint_profile,promoted independent-n-phi online estimator,dirt,8738935243860ac000075a211607e15f3d93aec40193a3fb27ed22c8942c3b2e,shared_worst_case_phi13_curvature_v1,True,0,753.0,12.0,9.0,9.0,12.0,591.0,4.236,0.162957,0.165915,0.304201,13.005896,25.0139769,25.281135
tire_model_with_estimator_ablation,nn_estimator,standard,nn,tire_force_static,sand,right_left,5.0,0,403,/home/ksha/Documents/sbel/offroad-control/benchmarking/results/tire_model_with_estimator_ablation_20260827_225959/raw/0258_nn_estimator_sand_right_left_v5_b0_s403,ok,0,26.080188035964966,20.0,1.0,/home/ksha/Documents/sbel/offroad-control/benchmarking/results/tire_model_with_estimator_ablation_20260827_225959/raw/0258_nn_estimator_sand_right_left_v5_b0_s403/20260827_231431_014346_dirt_right_left_acados_static_mlp/diag_dirt_right_left_acados_static_mlp.csv,,,1079,0.11919726179394004,0.339294,0.09512177884615383,3.7498371794871797,4.60504,0.749967435897436,15.831325301204819,17.317600000000002,117.40552956351561,47.804296,-30.954765,0,chrono_body_contact,0,,,,,,,,True,right_left,5.0,403,64,[25516],[25517],True,True,,8,True,True,False,566,22,9.036,9.036,16,29,10,0.996131,-0.014751,0.022043,0,0,True,grit,independent_n_phi_joint_profile,promoted independent-n-phi online estimator,dirt,2df275ec6c3a4a1b2fbc274414784eef849a9e55ab7130f9593a0001877583aa,shared_worst_case_phi13_curvature_v1,True,0,566.0,22.0,22.0,22.0,22.0,513.0,0.762,0.37338,0.144899,0.214207,33.1146465,35.4765008,35.555653
tire_model_with_estimator_ablation,nn_estimator,standard,nn,tire_force_static,sand,right_left,7.0,0,403,/home/ksha/Documents/sbel/offroad-control/benchmarking/results/tire_model_with_estimator_ablation_20260827_225959/raw/0263_nn_estimator_sand_right_left_v7_b0_s403,ok,0,26.079910278320312,20.0,1.0,/home/ksha/Documents/sbel/offroad-control/benchmarking/results/tire_model_with_estimator_ablation_20260827_225959/raw/0263_nn_estimator_sand_right_left_v7_b0_s403/20260827_231430_925447_dirt_right_left_acados_static_mlp/diag_dirt_right_left_acados_static_mlp.csv,,,1140,0.17412171294815157,0.547888,0.12384388048411497,4.30939621785174,5.793,0.6156280311216771,15.061456140350876,15.986099999999999,127.66937692090508,56.514693,-30.954608,0,chrono_body_contact,0,,,,,,,,True,right_left,7.0,403,74,[25526],[25527],True,True,,8,True,True,False,631,21,8.544,8.544,16,28,11,0.99899,-0.028653,0.014033,0,0,True,grit,independent_n_phi_joint_profile,promoted independent-n-phi online estimator,dirt,2a22058ceeef679f207bd5220377a736edae3e63c7f59afab2d351bc5e8d1aca,shared_worst_case_phi13_curvature_v1,True,0,631.0,21.0,21.0,21.0,21.0,509.0,1.716,0.55738,0.180783,0.324141,32.254145,34.315144,34.317772
tire_model_with_estimator_ablation,nn_estimator,standard,nn,tire_force_static,sand,right_left,7.0,0,400,/home/ksha/Documents/sbel/offroad-control/benchmarking/results/tire_model_with_estimator_ablation_20260827_225959/raw/0260_nn_estimator_sand_right_left_v7_b0_s400,ok,0,26.081647872924805,20.0,1.0,/home/ksha/Documents/sbel/offroad-control/benchmarking/results/tire_model_with_estimator_ablation_20260827_225959/raw/0260_nn_estimator_sand_right_left_v7_b0_s400/20260827_231430_834887_dirt_right_left_acados_static_mlp/diag_dirt_right_left_acados_static_mlp.csv,,,1137,0.16301051429460744,0.493872,0.11966845606060607,4.330219848484848,5.798469999999999,0.6186028354978355,15.044793315743185,15.932800000000002,129.07151997336007,56.757826,-30.980302,0,chrono_body_contact,0,,,,,,,,True,right_left,7.0,400,68,[25520],[25521],True,True,,8,True,True,False,687,22,7.536,7.536,16,29,10,0.996011,-0.01721,0.015948,0,0,True,grit,independent_n_phi_joint_profile,promoted independent-n-phi online estimator,dirt,2a22058ceeef679f207bd5220377a736edae3e63c7f59afab2d351bc5e8d1aca,shared_worst_case_phi13_curvature_v1,True,0,687.0,22.0,22.0,22.0,22.0,450.0,1.74,0.539778,0.178363,0.459139,31.5455185,34.8554727,34.869107
tire_model_with_estimator_ablation,nn_estimator,standard,nn,tire_force_static,sand,right_left,7.0,0,401,/home/ksha/Documents/sbel/offroad-control/benchmarking/results/tire_model_with_estimator_ablation_20260827_225959/raw/0261_nn_estimator_sand_right_left_v7_b0_s401,ok,0,26.129257440567017,20.0,0.99,/home/ksha/Documents/sbel/offroad-control/benchmarking/results/tire_model_with_estimator_ablation_20260827_225959/raw/0261_nn_estimator_sand_right_left_v7_b0_s401/20260827_231430_920436_dirt_right_left_acados_static_mlp/diag_dirt_right_left_acados_static_mlp.csv,,,1144,0.1923514743874495,0.622953,0.13566584012066363,4.317758069381599,5.74654,0.6168225813402284,15.001145104895103,15.921399999999998,130.36862941820527,56.851496,-30.963737,0,chrono_body_contact,0,,,,,,,,True,right_left,7.0,401,70,[25522],[25523],True,True,,8,True,True,False,662,22,8.04,8.04,16,29,10,1.001868,-0.023404,0.025362,0,0,True,grit,independent_n_phi_joint_profile,promoted independent-n-phi online estimator,dirt,2a22058ceeef679f207bd5220377a736edae3e63c7f59afab2d351bc5e8d1aca,shared_worst_case_phi13_curvature_v1,True,0,662.0,22.0,22.0,22.0,22.0,482.0,1.254,0.583102,0.177227,0.320553,31.964692499999998,34.9494442,35.304747
tire_model_with_estimator_ablation,nn_estimator,standard,nn,tire_force_static,sand,right_left,7.0,0,404,/home/ksha/Documents/sbel/offroad-control/benchmarking/results/tire_model_with_estimator_ablation_20260827_225959/raw/0264_nn_estimator_sand_right_left_v7_b0_s404,ok,0,26.230023622512817,20.0,1.0,/home/ksha/Documents/sbel/offroad-control/benchmarking/results/tire_model_with_estimator_ablation_20260827_225959/raw/0264_nn_estimator_sand_right_left_v7_b0_s404/20260827_231431_075786_dirt_right_left_acados_static_mlp/diag_dirt_right_left_acados_static_mlp.csv,,,1160,0.16510019044686508,0.499808,0.12143905185185186,4.317228592592593,5.78425,0.6167469417989419,14.804637931034483,15.822800000000006,130.55153881982983,56.722905,-30.912708,0,chrono_body_contact,0,,,,,,,,True,right_left,7.0,404,76,[25528],[25529],True,True,,8,True,True,False,704,22,7.524,7.524,16,29,10,0.994581,-0.050303,0.009078,0,0,True,grit,independent_n_phi_joint_profile,promoted independent-n-phi online estimator,dirt,2a22058ceeef679f207bd5220377a736edae3e63c7f59afab2d351bc5e8d1aca,shared_worst_case_phi13_curvature_v1,True,0,704.0,22.0,22.0,22.0,22.0,456.0,2.232,0.450139,0.206825,0.521145,31.809634,34.4521225,34.68832
tire_model_with_estimator_ablation,nn_estimator,standard,nn,tire_force_static,sand,right_left,5.0,0,402,/home/ksha/Documents/sbel/offroad-control/benchmarking/results/tire_model_with_estimator_ablation_20260827_225959/raw/0257_nn_estimator_sand_right_left_v5_b0_s402,ok,0,26.22987985610962,20.0,1.0,/home/ksha/Documents/sbel/offroad-control/benchmarking/results/tire_model_with_estimator_ablation_20260827_225959/raw/0257_nn_estimator_sand_right_left_v5_b0_s402/20260827_231430_753479_dirt_right_left_acados_static_mlp/diag_dirt_right_left_acados_static_mlp.csv,,,1158,0.14022667664691157,0.45111,0.10566067559523809,3.9885202380952385,4.8348,0.7977040476190477,14.787901554404145,15.78,124.08847632628337,51.314646,-30.887782,0,chrono_body_contact,0,,,,,,,,True,right_left,5.0,402,62,[25514],[25515],True,True,,8,True,True,False,671,23,8.028,8.028,16,30,9,0.992369,-0.015181,0.023383,0,0,True,grit,independent_n_phi_joint_profile,promoted independent-n-phi online estimator,dirt,2df275ec6c3a4a1b2fbc274414784eef849a9e55ab7130f9593a0001877583aa,shared_worst_case_phi13_curvature_v1,True,0,671.0,23.0,23.0,23.0,23.0,487.0,1.242,0.371678,0.141997,0.314646,30.787095,33.3776837,33.855341
tire_model_with_estimator_ablation,nn_estimator,standard,nn,tire_force_static,sand,right_left,5.0,0,404,/home/ksha/Documents/sbel/offroad-control/benchmarking/results/tire_model_with_estimator_ablation_20260827_225959/raw/0259_nn_estimator_sand_right_left_v5_b0_s404,ok,0,26.2797372341156,20.0,1.0,/home/ksha/Documents/sbel/offroad-control/benchmarking/results/tire_model_with_estimator_ablation_20260827_225959/raw/0259_nn_estimator_sand_right_left_v5_b0_s404/20260827_231431_003828_dirt_right_left_acados_static_mlp/diag_dirt_right_left_acados_static_mlp.csv,,,1127,0.11117500702336303,0.296582,0.08953623018292682,3.7536342987804883,4.571425,0.7507268597560977,15.200408163265307,16.1248,125.58930917263896,47.682927,-30.899565,0,chrono_body_contact,0,,,,,,,,True,right_left,5.0,404,66,[25518],[25519],True,True,,8,True,True,False,625,23,8.544,8.544,16,30,9,0.999773,-0.020137,0.031232,0,0,True,grit,independent_n_phi_joint_profile,promoted independent-n-phi online estimator,dirt,2df275ec6c3a4a1b2fbc274414784eef849a9e55ab7130f9593a0001877583aa,shared_worst_case_phi13_curvature_v1,True,0,625.0,23.0,23.0,23.0,23.0,502.0,0.768,0.442748,0.158832,0.35826,31.896137,34.205779799999995,34.339089
tire_model_with_estimator_ablation,nn_estimator,standard,nn,tire_force_static,sand,right_left,7.0,0,402,/home/ksha/Documents/sbel/offroad-control/benchmarking/results/tire_model_with_estimator_ablation_20260827_225959/raw/0262_nn_estimator_sand_right_left_v7_b0_s402,ok,0,26.285564184188843,20.0,0.99,/home/ksha/Documents/sbel/offroad-control/benchmarking/results/tire_model_with_estimator_ablation_20260827_225959/raw/0262_nn_estimator_sand_right_left_v7_b0_s402/20260827_231430_955143_dirt_right_left_acados_static_mlp/diag_dirt_right_left_acados_static_mlp.csv,,,1133,0.15111533919108233,0.458422,0.11239403647416413,4.222259270516718,5.635904999999998,0.6031798957881025,15.17539276257723,16.0368,125.8304748324613,55.404167,-31.041908,0,chrono_body_contact,0,,,,,,,,True,right_left,7.0,402,72,[25524],[25525],True,True,,8,True,True,False,713,24,7.044,7.044,16,31,8,0.996302,0.003019,0.016875,0,0,True,grit,independent_n_phi_joint_profile,promoted independent-n-phi online estimator,dirt,2a22058ceeef679f207bd5220377a736edae3e63c7f59afab2d351bc5e8d1aca,shared_worst_case_phi13_curvature_v1,True,0,713.0,24.0,24.0,24.0,24.0,420.0,1.704,0.326054,0.15309,0.242289,29.872868,34.16996015,34.298394
tire_model_with_estimator_ablation,nn_estimator,standard,nn,tire_force_static,sand,right_left,9.0,0,404,/home/ksha/Documents/sbel/offroad-control/benchmarking/results/tire_model_with_estimator_ablation_20260827_225959/raw/0269_nn_estimator_sand_right_left_v9_b0_s404,ok,0,26.083149909973145,20.0,0.99,/home/ksha/Documents/sbel/offroad-control/benchmarking/results/tire_model_with_estimator_ablation_20260827_225959/raw/0269_nn_estimator_sand_right_left_v9_b0_s404/20260827_231457_326453_dirt_right_left_acados_static_mlp/diag_dirt_right_left_acados_static_mlp.csv,,,1154,0.14487586419856344,0.450612,0.11021223880597016,4.1919805970149255,5.628444999999999,0.4657756218905473,14.861499133448872,15.589400000000001,130.38774507574072,55.42797,-30.924423,0,chrono_body_contact,0,,,,,,,,True,right_left,9.0,404,86,[25538],[25539],True,True,,8,True,True,False,727,23,7.044,7.044,16,30,9,1.001486,-0.056935,0.020968,0,0,True,grit,independent_n_phi_joint_profile,promoted independent-n-phi online estimator,dirt,2fd2c1dbb42c39cc163281ad14f69d4122484783b6b75aa488f2ea05e6c9793b,shared_worst_case_phi13_curvature_v1,True,0,727.0,23.0,23.0,23.0,23.0,427.0,2.22,0.49279,0.194859,0.447392,33.142379,36.0810009,36.507669
tire_model_with_estimator_ablation,nn_parent_estimator,standard,nn,tire_force_static,clay,sinusoidal,5.0,0,402,/home/ksha/Documents/sbel/offroad-control/benchmarking/results/tire_model_with_estimator_ablation_20260827_225959/raw/0272_nn_parent_estimator_clay_sinusoidal_v5_b0_s402,ok,0,26.132413387298584,20.0,0.99,/home/ksha/Documents/sbel/offroad-control/benchmarking/results/tire_model_with_estimator_ablation_20260827_225959/raw/0272_nn_parent_estimator_clay_sinusoidal_v5_b0_s402/20260827_231457_253098_dirt_sinusoidal_acados_static_mlp/diag_dirt_sinusoidal_acados_static_mlp.csv,,,1203,0.13906211334344,0.420228,0.10824069153515063,4.586464275466284,5.099519999999999,0.9172928550932568,14.618512053200332,15.6896,128.55092012508072,68.311247,1.324491,0,chrono_body_contact,0,,,,,,,,True,sinusoidal,5.0,402,92,[25544],[25545],True,True,,12,True,True,False,520,18,11.004,11.004,16,29,10,1.003376,0.108609,0.014458,0,0,True,scalar_parent,matched_parent_profile_live,historical matched scalar-parent online estimator,dirt,f544d4c607d9f35cff9cbf38b8d140aa1d8904401cf08a56f3c5a58132af58c5,shared_worst_case_phi13_curvature_v1,True,0,,,,,,,,,,,,,
tire_model_with_estimator_ablation,nn_estimator,standard,nn,tire_force_static,sand,right_left,9.0,0,401,/home/ksha/Documents/sbel/offroad-control/benchmarking/results/tire_model_with_estimator_ablation_20260827_225959/raw/0266_nn_estimator_sand_right_left_v9_b0_s401,ok,0,26.133877515792847,20.0,0.99,/home/ksha/Documents/sbel/offroad-control/benchmarking/results/tire_model_with_estimator_ablation_20260827_225959/raw/0266_nn_estimator_sand_right_left_v9_b0_s401/20260827_231457_438146_dirt_right_left_acados_static_mlp/diag_dirt_right_left_acados_static_mlp.csv,,,1138,0.17878940458100742,0.564411,0.12783603177004538,4.190153252647503,5.605,0.46557258362750037,15.01818980667838,16.2563,128.88146390094724,55.221025,-30.977882,0,chrono_body_contact,0,,,,,,,,True,right_left,9.0,401,80,[25532],[25533],True,True,,8,True,True,False,660,24,8.04,8.04,16,31,8,0.995724,-0.001668,0.02141,0,0,True,grit,independent_n_phi_joint_profile,promoted independent-n-phi online estimator,dirt,2fd2c1dbb42c39cc163281ad14f69d4122484783b6b75aa488f2ea05e6c9793b,shared_worst_case_phi13_curvature_v1,True,0,660.0,24.0,24.0,24.0,24.0,478.0,0.774,0.510612,0.175861,0.429076,30.816885,33.3392796,33.713107
tire_model_with_estimator_ablation,nn_estimator,standard,nn,tire_force_static,sand,right_left,9.0,0,403,/home/ksha/Documents/sbel/offroad-control/benchmarking/results/tire_model_with_estimator_ablation_20260827_225959/raw/0268_nn_estimator_sand_right_left_v9_b0_s403,ok,0,26.135754346847534,20.0,0.99,/home/ksha/Documents/sbel/offroad-control/benchmarking/results/tire_model_with_estimator_ablation_20260827_225959/raw/0268_nn_estimator_sand_right_left_v9_b0_s403/20260827_231457_337251_dirt_right_left_acados_static_mlp/diag_dirt_right_left_acados_static_mlp.csv,,,1154,0.16181898843445183,0.475202,0.12078305970149254,4.256760149253732,5.675009999999999,0.47297334991708134,14.853024263431543,15.59,128.37794066743257,55.764409,-30.958741,0,chrono_body_contact,0,,,,,,,,True,right_left,9.0,403,84,[25536],[25537],True,True,,8,True,True,False,698,22,7.536,7.536,16,29,10,0.997072,-0.048577,0.023796,0,0,True,grit,independent_n_phi_joint_profile,promoted independent-n-phi online estimator,dirt,2fd2c1dbb42c39cc163281ad14f69d4122484783b6b75aa488f2ea05e6c9793b,shared_worst_case_phi13_curvature_v1,True,0,698.0,22.0,22.0,22.0,22.0,456.0,2.22,0.509018,0.159457,0.39632,32.283225,34.1723989,34.372508
tire_model_with_estimator_ablation,nn_parent_estimator,standard,nn,tire_force_static,clay,sinusoidal,5.0,0,401,/home/ksha/Documents/sbel/offroad-control/benchmarking/results/tire_model_with_estimator_ablation_20260827_225959/raw/0271_nn_parent_estimator_clay_sinusoidal_v5_b0_s401,ok,0,26.1873037815094,20.0,0.99,/home/ksha/Documents/sbel/offroad-control/benchmarking/results/tire_model_with_estimator_ablation_20260827_225959/raw/0271_nn_parent_estimator_clay_sinusoidal_v5_b0_s401/20260827_231457_270450_dirt_sinusoidal_acados_static_mlp/diag_dirt_sinusoidal_acados_static_mlp.csv,,,1130,0.13896339215710432,0.435216,0.10697830687022901,4.483396335877862,5.03298,0.8966792671755724,15.542185840707964,16.5984,122.81826146752314,66.640888,0.562846,0,chrono_body_contact,0,,,,,,,,True,sinusoidal,5.0,401,90,[25542],[25543],True,True,,12,True,True,False,407,15,12.504,12.504,16,26,13,0.999534,0.083362,0.016073,0,0,True,scalar_parent,matched_parent_profile_live,historical matched scalar-parent online estimator,dirt,f544d4c607d9f35cff9cbf38b8d140aa1d8904401cf08a56f3c5a58132af58c5,shared_worst_case_phi13_curvature_v1,True,0,,,,,,,,,,,,,
tire_model_with_estimator_ablation,nn_estimator,standard,nn,tire_force_static,sand,right_left,9.0,0,402,/home/ksha/Documents/sbel/offroad-control/benchmarking/results/tire_model_with_estimator_ablation_20260827_225959/raw/0267_nn_estimator_sand_right_left_v9_b0_s402,ok,0,26.23535990715027,20.0,1.0,/home/ksha/Documents/sbel/offroad-control/benchmarking/results/tire_model_with_estimator_ablation_20260827_225959/raw/0267_nn_estimator_sand_right_left_v9_b0_s402/20260827_231457_436392_dirt_right_left_acados_static_mlp/diag_dirt_right_left_acados_static_mlp.csv,,,1135,0.16849896022301125,0.554299,0.12016366666666667,4.242082800608827,5.6781,0.4713425334009808,15.08196475770925,15.803200000000002,124.53653202395343,55.467426,-30.884721,0,chrono_body_contact,0,,,,,,,,True,right_left,9.0,402,82,[25534],[25535],True,True,,8,True,True,False,686,22,7.536,7.536,16,29,10,0.998002,-0.059984,0.012302,0,0,True,grit,independent_n_phi_joint_profile,promoted independent-n-phi online estimator,dirt,2fd2c1dbb42c39cc163281ad14f69d4122484783b6b75aa488f2ea05e6c9793b,shared_worst_case_phi13_curvature_v1,True,0,686.0,22.0,22.0,22.0,22.0,449.0,2.214,0.422296,0.204208,0.395297,30.4941755,34.474712149999995,35.911123
tire_model_with_estimator_ablation,nn_parent_estimator,standard,nn,tire_force_static,clay,sinusoidal,5.0,0,400,/home/ksha/Documents/sbel/offroad-control/benchmarking/results/tire_model_with_estimator_ablation_20260827_225959/raw/0270_nn_parent_estimator_clay_sinusoidal_v5_b0_s400,ok,0,26.333373308181763,20.0,0.99,/home/ksha/Documents/sbel/offroad-control/benchmarking/results/tire_model_with_estimator_ablation_20260827_225959/raw/0270_nn_parent_estimator_clay_sinusoidal_v5_b0_s400/20260827_231457_194788_dirt_sinusoidal_acados_static_mlp/diag_dirt_sinusoidal_acados_static_mlp.csv,,,1232,0.09816416950274492,0.307305,0.07811939160839161,4.036346013986014,4.96836,0.8072692027972028,14.405698051948052,15.781800000000011,124.112243258388,56.601401,-1.934596,0,chrono_body_contact,0,,,,,,,,True,sinusoidal,5.0,400,88,[25540],[25541],True,True,,12,True,True,False,351,12,14.004,14.004,16,23,16,1.004956,0.081026,0.003104,0,0,True,scalar_parent,matched_parent_profile_live,historical matched scalar-parent online estimator,dirt,f544d4c607d9f35cff9cbf38b8d140aa1d8904401cf08a56f3c5a58132af58c5,shared_worst_case_phi13_curvature_v1,True,0,,,,,,,,,,,,,
tire_model_with_estimator_ablation,nn_estimator,standard,nn,tire_force_static,sand,right_left,9.0,0,400,/home/ksha/Documents/sbel/offroad-control/benchmarking/results/tire_model_with_estimator_ablation_20260827_225959/raw/0265_nn_estimator_sand_right_left_v9_b0_s400,ok,0,26.335872888565063,20.0,0.99,/home/ksha/Documents/sbel/offroad-control/benchmarking/results/tire_model_with_estimator_ablation_20260827_225959/raw/0265_nn_estimator_sand_right_left_v9_b0_s400/20260827_231457_283301_dirt_right_left_acados_static_mlp/diag_dirt_right_left_acados_static_mlp.csv,,,1161,0.1710454385182196,0.479703,0.12549371471025259,4.270249925705795,5.6805,0.4744722139673106,14.76652885443583,15.59,130.28556689430684,56.395001,-30.974385,0,chrono_body_contact,0,,,,,,,,True,right_left,9.0,400,78,[25530],[25531],True,True,,8,True,True,False,731,24,7.032,7.032,16,31,8,1.000451,-0.011758,0.02825,0,0,True,grit,independent_n_phi_joint_profile,promoted independent-n-phi online estimator,dirt,2fd2c1dbb42c39cc163281ad14f69d4122484783b6b75aa488f2ea05e6c9793b,shared_worst_case_phi13_curvature_v1,True,0,731.0,24.0,24.0,24.0,24.0,430.0,1.716,0.469845,0.202069,0.374586,31.341609,35.3378927,35.822918
tire_model_with_estimator_ablation,nn_parent_estimator,standard,nn,tire_force_static,clay,sinusoidal,5.0,0,404,/home/ksha/Documents/sbel/offroad-control/benchmarking/results/tire_model_with_estimator_ablation_20260827_225959/raw/0274_nn_parent_estimator_clay_sinusoidal_v5_b0_s404,ok,0,26.080755710601807,20.0,0.99,/home/ksha/Documents/sbel/offroad-control/benchmarking/results/tire_model_with_estimator_ablation_20260827_225959/raw/0274_nn_parent_estimator_clay_sinusoidal_v5_b0_s404/20260827_231523_611649_dirt_sinusoidal_acados_static_mlp/diag_dirt_sinusoidal_acados_static_mlp.csv,,,1218,0.1262067356735637,0.458348,0.09907892634560908,4.422383144475921,4.9026250000000005,0.8844766288951842,14.4123973727422,15.926199999999989,131.04984416657186,65.539677,0.179997,0,chrono_body_contact,0,,,,,,,,True,sinusoidal,5.0,404,96,[25548],[25549],True,True,,12,True,True,False,437,15,12.504,12.504,16,26,13,1.004902,0.098835,0.003036,0,0,True,scalar_parent,matched_parent_profile_live,historical matched scalar-parent online estimator,dirt,f544d4c607d9f35cff9cbf38b8d140aa1d8904401cf08a56f3c5a58132af58c5,shared_worst_case_phi13_curvature_v1,True,0,,,,,,,,,,,,,
tire_model_with_estimator_ablation,nn_parent_estimator,standard,nn,tire_force_static,clay,sinusoidal,7.0,0,402,/home/ksha/Documents/sbel/offroad-control/benchmarking/results/tire_model_with_estimator_ablation_20260827_225959/raw/0277_nn_parent_estimator_clay_sinusoidal_v7_b0_s402,ok,0,26.131012439727783,20.0,1.0,/home/ksha/Documents/sbel/offroad-control/benchmarking/results/tire_model_with_estimator_ablation_20260827_225959/raw/0277_nn_parent_estimator_clay_sinusoidal_v7_b0_s402/20260827_231523_758877_dirt_sinusoidal_acados_static_mlp/diag_dirt_sinusoidal_acados_static_mlp.csv,,,1199,0.16256431412397634,0.446432,0.12500791404011463,4.558420200573066,5.11714,0.6512028857961523,14.638907422852377,15.9202,126.48913821005259,67.57267,0.953674,0,chrono_body_contact,0,,,,,,,,True,sinusoidal,7.0,402,1,[25554],[25555],True,True,,12,True,True,False,465,16,12.0,12.0,16,27,12,0.998101,0.09553,0.015257,0,0,True,scalar_parent,matched_parent_profile_live,historical matched scalar-parent online estimator,dirt,dc58ccfda201c75bc0d828da6f9710e91377898701de047f0e4ef191b0e89544,shared_worst_case_phi13_curvature_v1,True,0,,,,,,,,,,,,,
tire_model_with_estimator_ablation,nn_parent_estimator,standard,nn,tire_force_static,clay,sinusoidal,7.0,0,400,/home/ksha/Documents/sbel/offroad-control/benchmarking/results/tire_model_with_estimator_ablation_20260827_225959/raw/0275_nn_parent_estimator_clay_sinusoidal_v7_b0_s400,ok,0,26.179553508758545,20.0,0.99,/home/ksha/Documents/sbel/offroad-control/benchmarking/results/tire_model_with_estimator_ablation_20260827_225959/raw/0275_nn_parent_estimator_clay_sinusoidal_v7_b0_s400/20260827_231523_503424_dirt_sinusoidal_acados_static_mlp/diag_dirt_sinusoidal_acados_static_mlp.csv,,,1206,0.176365083905206,0.653951,0.12967487280701756,4.551590789473684,5.14967,0.6502272556390977,14.602728026533995,15.969000000000001,127.82575747300547,65.069782,-0.367774,0,chrono_body_contact,0,,,,,,,,True,sinusoidal,7.0,400,98,[25550],[25551],True,True,,12,True,True,False,397,14,13.02,13.02,16,25,14,1.005895,0.109907,0.013712,0,0,True,scalar_parent,matched_parent_profile_live,historical matched scalar-parent online estimator,dirt,dc58ccfda201c75bc0d828da6f9710e91377898701de047f0e4ef191b0e89544,shared_worst_case_phi13_curvature_v1,True,0,,,,,,,,,,,,,
tire_model_with_estimator_ablation,nn_parent_estimator,standard,nn,tire_force_static,clay,sinusoidal,7.0,0,401,/home/ksha/Documents/sbel/offroad-control/benchmarking/results/tire_model_with_estimator_ablation_20260827_225959/raw/0276_nn_parent_estimator_clay_sinusoidal_v7_b0_s401,ok,0,26.18294620513916,20.0,0.99,/home/ksha/Documents/sbel/offroad-control/benchmarking/results/tire_model_with_estimator_ablation_20260827_225959/raw/0276_nn_parent_estimator_clay_sinusoidal_v7_b0_s401/20260827_231523_521541_dirt_sinusoidal_acados_static_mlp/diag_dirt_sinusoidal_acados_static_mlp.csv,,,1194,0.14424097512248488,0.482817,0.11217022416302766,4.428573216885007,4.90628,0.6326533166978582,14.679422110552764,15.8814,128.44479136674028,64.439231,-0.432232,0,chrono_body_contact,0,,,,,,,,True,sinusoidal,7.0,401,100,[25552],[25553],True,True,,12,True,True,False,425,15,12.516,12.516,16,26,13,1.005763,0.085901,0.015407,0,0,True,scalar_parent,matched_parent_profile_live,historical matched scalar-parent online estimator,dirt,dc58ccfda201c75bc0d828da6f9710e91377898701de047f0e4ef191b0e89544,shared_worst_case_phi13_curvature_v1,True,0,,,,,,,,,,,,,
tire_model_with_estimator_ablation,nn_parent_estimator,standard,nn,tire_force_static,clay,sinusoidal,5.0,0,403,/home/ksha/Documents/sbel/offroad-control/benchmarking/results/tire_model_with_estimator_ablation_20260827_225959/raw/0273_nn_parent_estimator_clay_sinusoidal_v5_b0_s403,ok,0,26.188234090805054,20.0,0.99,/home/ksha/Documents/sbel/offroad-control/benchmarking/results/tire_model_with_estimator_ablation_20260827_225959/raw/0273_nn_parent_estimator_clay_sinusoidal_v5_b0_s403/20260827_231523_717775_dirt_sinusoidal_acados_static_mlp/diag_dirt_sinusoidal_acados_static_mlp.csv,,,1196,0.13762624994276476,0.398787,0.10414946109510086,4.545818876080691,5.08239,0.9091637752161382,14.776112040133782,16.022,126.69758637451412,68.933899,1.472152,0,chrono_body_contact,0,,,,,,,,True,sinusoidal,5.0,403,94,[25546],[25547],True,True,,12,True,True,False,488,17,11.508,11.508,16,28,11,1.001189,0.10831,0.030359,0,0,True,scalar_parent,matched_parent_profile_live,historical matched scalar-parent online estimator,dirt,f544d4c607d9f35cff9cbf38b8d140aa1d8904401cf08a56f3c5a58132af58c5,shared_worst_case_phi13_curvature_v1,True,0,,,,,,,,,,,,,
tire_model_with_estimator_ablation,nn_parent_estimator,standard,nn,tire_force_static,clay,sinusoidal,7.0,0,404,/home/ksha/Documents/sbel/offroad-control/benchmarking/results/tire_model_with_estimator_ablation_20260827_225959/raw/0279_nn_parent_estimator_clay_sinusoidal_v7_b0_s404,ok,0,26.282320499420166,20.0,0.99,/home/ksha/Documents/sbel/offroad-control/benchmarking/results/tire_model_with_estimator_ablation_20260827_225959/raw/0279_nn_parent_estimator_clay_sinusoidal_v7_b0_s404/20260827_231523_743182_dirt_sinusoidal_acados_static_mlp/diag_dirt_sinusoidal_acados_static_mlp.csv,,,1182,0.14457983405458164,0.420715,0.11143251091703057,4.463015283842795,4.99242,0.6375736119775421,14.866708967851098,18.913200000000014,128.48304928619285,64.852616,-0.211691,0,chrono_body_contact,0,,,,,,,,True,sinusoidal,7.0,404,5,[25558],[25559],True,True,,12,True,True,False,422,15,12.491999999999999,12.491999999999999,16,26,13,0.999628,0.094401,0.011946,0,0,True,scalar_parent,matched_parent_profile_live,historical matched scalar-parent online estimator,dirt,dc58ccfda201c75bc0d828da6f9710e91377898701de047f0e4ef191b0e89544,shared_worst_case_phi13_curvature_v1,True,0,,,,,,,,,,,,,
tire_model_with_estimator_ablation,nn_parent_estimator,standard,nn,tire_force_static,clay,sinusoidal,7.0,0,403,/home/ksha/Documents/sbel/offroad-control/benchmarking/results/tire_model_with_estimator_ablation_20260827_225959/raw/0278_nn_parent_estimator_clay_sinusoidal_v7_b0_s403,ok,0,26.332175731658936,20.0,0.98,/home/ksha/Documents/sbel/offroad-control/benchmarking/results/tire_model_with_estimator_ablation_20260827_225959/raw/0278_nn_parent_estimator_clay_sinusoidal_v7_b0_s403/20260827_231523_815354_dirt_sinusoidal_acados_static_mlp/diag_dirt_sinusoidal_acados_static_mlp.csv,,,1209,0.15701620588748066,0.487591,0.11829884517045454,4.479970028409091,5.133665,0.6399957183441558,14.703779983457402,16.226000000000003,129.87033194399453,65.597958,-0.006529,0,chrono_body_contact,0,,,,,,,,True,sinusoidal,7.0,403,3,[25556],[25557],True,True,,12,True,True,False,459,16,12.012,12.012,16,27,12,1.004756,0.098711,0.007588,0,0,True,scalar_parent,matched_parent_profile_live,historical matched scalar-parent online estimator,dirt,dc58ccfda201c75bc0d828da6f9710e91377898701de047f0e4ef191b0e89544,shared_worst_case_phi13_curvature_v1,True,0,,,,,,,,,,,,,
tire_model_with_estimator_ablation,nn_parent_estimator,standard,nn,tire_force_static,clay,sinusoidal,9.0,0,400,/home/ksha/Documents/sbel/offroad-control/benchmarking/results/tire_model_with_estimator_ablation_20260827_225959/raw/0280_nn_parent_estimator_clay_sinusoidal_v9_b0_s400,ok,0,26.43489384651184,20.0,0.98,/home/ksha/Documents/sbel/offroad-control/benchmarking/results/tire_model_with_estimator_ablation_20260827_225959/raw/0280_nn_parent_estimator_clay_sinusoidal_v9_b0_s400/20260827_231523_615748_dirt_sinusoidal_acados_static_mlp/diag_dirt_sinusoidal_acados_static_mlp.csv,,,1141,0.16505464968851802,0.595011,0.12178114781297131,4.542245550527904,5.14313,0.5046939500586559,15.536818580192811,16.89,123.32993081941945,66.312964,0.304364,0,chrono_body_contact,0,,,,,,,,True,sinusoidal,9.0,400,7,[25560],[25561],True,True,,12,True,True,False,435,16,12.0,12.0,16,27,12,0.999765,0.096279,-0.001418,0,0,True,scalar_parent,matched_parent_profile_live,historical matched scalar-parent online estimator,dirt,dc58ccfda201c75bc0d828da6f9710e91377898701de047f0e4ef191b0e89544,shared_worst_case_phi13_curvature_v1,True,0,,,,,,,,,,,,,
tire_model_with_estimator_ablation,nn_parent_estimator,standard,nn,tire_force_static,clay,lane_change,5.0,0,400,/home/ksha/Documents/sbel/offroad-control/benchmarking/results/tire_model_with_estimator_ablation_20260827_225959/raw/0285_nn_parent_estimator_clay_lane_change_v5_b0_s400,ok,0,26.03170156478882,20.0,0.99,/home/ksha/Documents/sbel/offroad-control/benchmarking/results/tire_model_with_estimator_ablation_20260827_225959/raw/0285_nn_parent_estimator_clay_lane_change_v5_b0_s400/20260827_231550_168510_dirt_lane_change_acados_static_mlp/diag_dirt_lane_change_acados_static_mlp.csv,,,1205,0.053422412807162215,0.188668,0.04262896353436186,4.332391725105189,5.50948,0.8664783450210377,14.700439834024895,15.6392,134.85483504739443,80.6134,3.007725,0,chrono_body_contact,0,,,,,,,,True,lane_change,5.0,400,17,[25570],[25571],True,True,,12,True,True,False,116,2,9.504,9.504,13,13,26,1.003762,0.121703,0.002614,0,0,True,scalar_parent,matched_parent_profile_live,historical matched scalar-parent online estimator,dirt,c95613694247a1005b45d05d79e96eab52db905aea2667907ed2515e9ac3b36a,shared_worst_case_phi13_curvature_v1,True,0,,,,,,,,,,,,,
tire_model_with_estimator_ablation,nn_parent_estimator,standard,nn,tire_force_static,clay,sinusoidal,9.0,0,404,/home/ksha/Documents/sbel/offroad-control/benchmarking/results/tire_model_with_estimator_ablation_20260827_225959/raw/0284_nn_parent_estimator_clay_sinusoidal_v9_b0_s404,ok,0,26.03966999053955,20.0,1.0,/home/ksha/Documents/sbel/offroad-control/benchmarking/results/tire_model_with_estimator_ablation_20260827_225959/raw/0284_nn_parent_estimator_clay_sinusoidal_v9_b0_s404/20260827_231550_191120_dirt_sinusoidal_acados_static_mlp/diag_dirt_sinusoidal_acados_static_mlp.csv,,,1219,0.19015113730692063,0.592429,0.14433585612535613,4.652681623931624,5.208335,0.5169646248812916,14.296103363412634,16.03079999999997,131.75398699098906,68.107917,1.213405,0,chrono_body_contact,0,,,,,,,,True,sinusoidal,9.0,404,15,[25568],[25569],True,True,,12,True,True,False,465,16,12.012,12.012,16,27,12,1.006105,0.090656,0.003223,0,0,True,scalar_parent,matched_parent_profile_live,historical matched scalar-parent online estimator,dirt,dc58ccfda201c75bc0d828da6f9710e91377898701de047f0e4ef191b0e89544,shared_worst_case_phi13_curvature_v1,True,0,,,,,,,,,,,,,
tire_model_with_estimator_ablation,nn_parent_estimator,standard,nn,tire_force_static,clay,lane_change,5.0,0,402,/home/ksha/Documents/sbel/offroad-control/benchmarking/results/tire_model_with_estimator_ablation_20260827_225959/raw/0287_nn_parent_estimator_clay_lane_change_v5_b0_s402,ok,0,26.081562280654907,20.0,1.0,/home/ksha/Documents/sbel/offroad-control/benchmarking/results/tire_model_with_estimator_ablation_20260827_225959/raw/0287_nn_parent_estimator_clay_lane_change_v5_b0_s402/20260827_231550_175483_dirt_lane_change_acados_static_mlp/diag_dirt_lane_change_acados_static_mlp.csv,,,1243,0.05492260437181107,0.260022,0.04298483423180593,4.236893935309974,5.512275,0.8473787870619948,14.251552695092519,15.335799999999999,135.68489203452276,80.197876,2.98899,0,chrono_body_contact,0,,,,,,,,True,lane_change,5.0,402,21,[25574],[25575],True,True,,12,True,True,False,119,2,9.504,9.504,13,14,25,1.000229,0.128395,-0.001675,0,0,True,scalar_parent,matched_parent_profile_live,historical matched scalar-parent online estimator,dirt,c95613694247a1005b45d05d79e96eab52db905aea2667907ed2515e9ac3b36a,shared_worst_case_phi13_curvature_v1,True,0,,,,,,,,,,,,,
tire_model_with_estimator_ablation,nn_parent_estimator,standard,nn,tire_force_static,clay,sinusoidal,9.0,0,402,/home/ksha/Documents/sbel/offroad-control/benchmarking/results/tire_model_with_estimator_ablation_20260827_225959/raw/0282_nn_parent_estimator_clay_sinusoidal_v9_b0_s402,ok,0,26.382808685302734,20.0,0.99,/home/ksha/Documents/sbel/offroad-control/benchmarking/results/tire_model_with_estimator_ablation_20260827_225959/raw/0282_nn_parent_estimator_clay_sinusoidal_v9_b0_s402/20260827_231550_070120_dirt_sinusoidal_acados_static_mlp/diag_dirt_sinusoidal_acados_static_mlp.csv,,,1185,0.1421721094130036,0.443922,0.10963854890510949,4.583446277372263,5.15846,0.5092718085969181,14.758126582278479,15.591600000000001,128.41010104765655,68.780424,1.471119,0,chrono_body_contact,0,,,,,,,,True,sinusoidal,9.0,402,11,[25564],[25565],True,True,,12,True,True,False,514,18,11.004,11.004,16,29,10,1.005492,0.102326,0.006868,0,0,True,scalar_parent,matched_parent_profile_live,historical matched scalar-parent online estimator,dirt,dc58ccfda201c75bc0d828da6f9710e91377898701de047f0e4ef191b0e89544,shared_worst_case_phi13_curvature_v1,True,0,,,,,,,,,,,,,
tire_model_with_estimator_ablation,nn_parent_estimator,standard,nn,tire_force_static,clay,lane_change,5.0,0,403,/home/ksha/Documents/sbel/offroad-control/benchmarking/results/tire_model_with_estimator_ablation_20260827_225959/raw/0288_nn_parent_estimator_clay_lane_change_v5_b0_s403,ok,0,26.382225036621094,20.0,1.0,/home/ksha/Documents/sbel/offroad-control/benchmarking/results/tire_model_with_estimator_ablation_20260827_225959/raw/0288_nn_parent_estimator_clay_lane_change_v5_b0_s403/20260827_231549_999776_dirt_lane_change_acados_static_mlp/diag_dirt_lane_change_acados_static_mlp.csv,,,1208,0.05372675583775227,0.170927,0.04299381906077347,4.27825773480663,5.46781,0.855651546961326,14.734188741721855,15.567200000000003,133.58866450241646,80.347059,2.98014,0,chrono_body_contact,0,,,,,,,,True,lane_change,5.0,403,23,[25576],[25577],True,True,,12,True,True,False,117,2,9.504,9.504,13,13,26,1.00273,0.111393,-0.005772,0,0,True,scalar_parent,matched_parent_profile_live,historical matched scalar-parent online estimator,dirt,c95613694247a1005b45d05d79e96eab52db905aea2667907ed2515e9ac3b36a,shared_worst_case_phi13_curvature_v1,True,0,,,,,,,,,,,,,
tire_model_with_estimator_ablation,nn_parent_estimator,standard,nn,tire_force_static,clay,lane_change,5.0,0,401,/home/ksha/Documents/sbel/offroad-control/benchmarking/results/tire_model_with_estimator_ablation_20260827_225959/raw/0286_nn_parent_estimator_clay_lane_change_v5_b0_s401,ok,0,26.434480667114258,20.0,0.99,/home/ksha/Documents/sbel/offroad-control/benchmarking/results/tire_model_with_estimator_ablation_20260827_225959/raw/0286_nn_parent_estimator_clay_lane_change_v5_b0_s401/20260827_231550_259773_dirt_lane_change_acados_static_mlp/diag_dirt_lane_change_acados_static_mlp.csv,,,1203,0.052264218067882943,0.150076,0.041605330555555556,4.370052083333333,5.434025,0.8740104166666667,14.773674147963424,15.5396,134.93974440930805,80.353425,2.956941,0,chrono_body_contact,0,,,,,,,,True,lane_change,5.0,401,19,[25572],[25573],True,True,,12,True,True,False,235,4,9.012,9.012,15,16,23,0.999962,0.124112,0.003732,0,0,True,scalar_parent,matched_parent_profile_live,historical matched scalar-parent online estimator,dirt,c95613694247a1005b45d05d79e96eab52db905aea2667907ed2515e9ac3b36a,shared_worst_case_phi13_curvature_v1,True,0,,,,,,,,,,,,,
tire_model_with_estimator_ablation,nn_parent_estimator,standard,nn,tire_force_static,clay,sinusoidal,9.0,0,401,/home/ksha/Documents/sbel/offroad-control/benchmarking/results/tire_model_with_estimator_ablation_20260827_225959/raw/0281_nn_parent_estimator_clay_sinusoidal_v9_b0_s401,ok,0,26.633407592773438,20.0,1.0,/home/ksha/Documents/sbel/offroad-control/benchmarking/results/tire_model_with_estimator_ablation_20260827_225959/raw/0281_nn_parent_estimator_clay_sinusoidal_v9_b0_s401/20260827_231550_278822_dirt_sinusoidal_acados_static_mlp/diag_dirt_sinusoidal_acados_static_mlp.csv,,,1208,0.14481034385254574,0.43993,0.11375704885057471,4.350703304597701,5.076874999999999,0.48341147828863346,14.5653559602649,15.63,128.14878742619263,60.9017,-1.792438,0,chrono_body_contact,0,,,,,,,,True,sinusoidal,9.0,401,9,[25562],[25563],True,True,,12,True,True,False,374,13,13.5,13.5,16,24,15,1.002317,0.107242,0.018324,0,0,True,scalar_parent,matched_parent_profile_live,historical matched scalar-parent online estimator,dirt,dc58ccfda201c75bc0d828da6f9710e91377898701de047f0e4ef191b0e89544,shared_worst_case_phi13_curvature_v1,True,0,,,,,,,,,,,,,
tire_model_with_estimator_ablation,nn_parent_estimator,standard,nn,tire_force_static,clay,sinusoidal,9.0,0,403,/home/ksha/Documents/sbel/offroad-control/benchmarking/results/tire_model_with_estimator_ablation_20260827_225959/raw/0283_nn_parent_estimator_clay_sinusoidal_v9_b0_s403,ok,0,26.635545015335083,20.0,1.0,/home/ksha/Documents/sbel/offroad-control/benchmarking/results/tire_model_with_estimator_ablation_20260827_225959/raw/0283_nn_parent_estimator_clay_sinusoidal_v9_b0_s403/20260827_231550_113517_dirt_sinusoidal_acados_static_mlp/diag_dirt_sinusoidal_acados_static_mlp.csv,,,1149,0.1302602330654714,0.403791,0.10141930289193302,4.275750076103501,5.01992,0.47508334178927786,15.262375979112273,18.377199999999956,119.81564569488329,60.422797,-1.857471,0,chrono_body_contact,0,,,,,,,,True,sinusoidal,9.0,403,13,[25566],[25567],True,True,,12,True,True,False,349,13,13.488,13.488,16,24,15,1.005212,0.1103,0.021447,0,0,True,scalar_parent,matched_parent_profile_live,historical matched scalar-parent online estimator,dirt,dc58ccfda201c75bc0d828da6f9710e91377898701de047f0e4ef191b0e89544,shared_worst_case_phi13_curvature_v1,True,0,,,,,,,,,,,,,
tire_model_with_estimator_ablation,nn_parent_estimator,standard,nn,tire_force_static,clay,lane_change,9.0,0,400,/home/ksha/Documents/sbel/offroad-control/benchmarking/results/tire_model_with_estimator_ablation_20260827_225959/raw/0295_nn_parent_estimator_clay_lane_change_v9_b0_s400,ok,0,25.97566318511963,20.0,0.99,/home/ksha/Documents/sbel/offroad-control/benchmarking/results/tire_model_with_estimator_ablation_20260827_225959/raw/0295_nn_parent_estimator_clay_lane_change_v9_b0_s400/20260827_231616_928332_dirt_lane_change_acados_static_mlp/diag_dirt_lane_change_acados_static_mlp.csv,,,1259,0.19590697475320243,0.538987,0.15490497009102733,4.760613133940183,8.19224,0.5289570148822426,13.868610007942813,15.895200000000004,148.47730458879707,90.003123,2.73527,0,chrono_body_contact,0,,,,,,,,True,lane_change,9.0,400,37,[25590],[25591],True,True,,12,True,True,False,555,14,8.508,8.508,16,25,14,1.01191,0.10353,-0.004611,0,0,True,scalar_parent,matched_parent_profile_live,historical matched scalar-parent online estimator,dirt,8738935243860ac000075a211607e15f3d93aec40193a3fb27ed22c8942c3b2e,shared_worst_case_phi13_curvature_v1,True,0,,,,,,,,,,,,,
tire_model_with_estimator_ablation,nn_parent_estimator,standard,nn,tire_force_static,clay,lane_change,7.0,0,404,/home/ksha/Documents/sbel/offroad-control/benchmarking/results/tire_model_with_estimator_ablation_20260827_225959/raw/0294_nn_parent_estimator_clay_lane_change_v7_b0_s404,ok,0,26.079070568084717,20.0,1.0,/home/ksha/Documents/sbel/offroad-control/benchmarking/results/tire_model_with_estimator_ablation_20260827_225959/raw/0294_nn_parent_estimator_clay_lane_change_v7_b0_s404/20260827_231616_849982_dirt_lane_change_acados_static_mlp/diag_dirt_lane_change_acados_static_mlp.csv,,,1169,0.0577889167439901,0.191799,0.04628225,4.306616994382023,7.17319,0.6152309991974318,15.11869118905047,16.52199999999999,140.11655823575296,84.233511,3.07843,0,chrono_body_contact,0,,,,,,,,True,lane_change,7.0,404,35,[25588],[25589],True,True,,12,True,True,False,167,3,9.012,9.012,13,18,21,1.010728,0.084457,-0.007051,0,0,True,scalar_parent,matched_parent_profile_live,historical matched scalar-parent online estimator,dirt,7085653a638402e5abfa5737dcf5188cf3bc55fb7a7340a71403cb917f35b2aa,shared_worst_case_phi13_curvature_v1,True,0,,,,,,,,,,,,,
tire_model_with_estimator_ablation,nn_parent_estimator,standard,nn,tire_force_static,clay,lane_change,5.0,0,404,/home/ksha/Documents/sbel/offroad-control/benchmarking/results/tire_model_with_estimator_ablation_20260827_225959/raw/0289_nn_parent_estimator_clay_lane_change_v5_b0_s404,ok,0,26.078824281692505,20.0,1.0,/home/ksha/Documents/sbel/offroad-control/benchmarking/results/tire_model_with_estimator_ablation_20260827_225959/raw/0289_nn_parent_estimator_clay_lane_change_v5_b0_s404/20260827_231616_900193_dirt_lane_change_acados_static_mlp/diag_dirt_lane_change_acados_static_mlp.csv,,,1211,0.05388472197908616,0.172411,0.04331198211829436,4.2893741403026135,5.421539999999999,0.8578748280605227,14.705383980181669,15.568000000000001,135.16665717830574,79.871495,3.048561,0,chrono_body_contact,0,,,,,,,,True,lane_change,5.0,404,25,[25578],[25579],True,True,,12,True,True,False,206,3,9.516,9.516,14,14,25,1.003645,0.121636,-0.018254,0,0,True,scalar_parent,matched_parent_profile_live,historical matched scalar-parent online estimator,dirt,c95613694247a1005b45d05d79e96eab52db905aea2667907ed2515e9ac3b36a,shared_worst_case_phi13_curvature_v1,True,0,,,,,,,,,,,,,
tire_model_with_estimator_ablation,nn_parent_estimator,standard,nn,tire_force_static,clay,lane_change,7.0,0,400,/home/ksha/Documents/sbel/offroad-control/benchmarking/results/tire_model_with_estimator_ablation_20260827_225959/raw/0290_nn_parent_estimator_clay_lane_change_v7_b0_s400,ok,0,26.126691579818726,20.0,1.0,/home/ksha/Documents/sbel/offroad-control/benchmarking/results/tire_model_with_estimator_ablation_20260827_225959/raw/0290_nn_parent_estimator_clay_lane_change_v7_b0_s400/20260827_231616_881082_dirt_lane_change_acados_static_mlp/diag_dirt_lane_change_acados_static_mlp.csv,,,1195,0.19784515039680536,0.713475,0.13546218370165747,4.307008563535912,7.08525,0.6152869376479874,14.808426778242678,16.971999999999962,136.06983737634505,84.303921,3.201626,0,chrono_body_contact,0,,,,,,,,True,lane_change,7.0,400,27,[25580],[25581],True,True,,12,True,True,False,259,5,8.508,8.508,16,23,16,1.004993,0.089941,0.010169,0,0,True,scalar_parent,matched_parent_profile_live,historical matched scalar-parent online estimator,dirt,7085653a638402e5abfa5737dcf5188cf3bc55fb7a7340a71403cb917f35b2aa,shared_worst_case_phi13_curvature_v1,True,0,,,,,,,,,,,,,
tire_model_with_estimator_ablation,nn_parent_estimator,standard,nn,tire_force_static,clay,lane_change,9.0,0,401,/home/ksha/Documents/sbel/offroad-control/benchmarking/results/tire_model_with_estimator_ablation_20260827_225959/raw/0296_nn_parent_estimator_clay_lane_change_v9_b0_s401,ok,0,26.13672661781311,20.0,0.99,/home/ksha/Documents/sbel/offroad-control/benchmarking/results/tire_model_with_estimator_ablation_20260827_225959/raw/0296_nn_parent_estimator_clay_lane_change_v9_b0_s401/20260827_231616_801117_dirt_lane_change_acados_static_mlp/diag_dirt_lane_change_acados_static_mlp.csv,,,1228,0.5631801491120729,1.046811,0.42032827516778526,4.762419731543624,8.01624,0.5291577479492916,14.455097719869707,18.986300000000007,146.00562200910514,90.024913,3.913117,0,chrono_body_contact,0,,,,,,,,True,lane_change,9.0,401,39,[25592],[25593],True,True,,12,True,True,False,175,3,9.0,9.0,14,22,17,1.007411,0.076968,0.003238,0,0,True,scalar_parent,matched_parent_profile_live,historical matched scalar-parent online estimator,dirt,8738935243860ac000075a211607e15f3d93aec40193a3fb27ed22c8942c3b2e,shared_worst_case_phi13_curvature_v1,True,0,,,,,,,,,,,,,
tire_model_with_estimator_ablation,nn_parent_estimator,standard,nn,tire_force_static,clay,lane_change,7.0,0,401,/home/ksha/Documents/sbel/offroad-control/benchmarking/results/tire_model_with_estimator_ablation_20260827_225959/raw/0291_nn_parent_estimator_clay_lane_change_v7_b0_s401,ok,0,26.228832006454468,20.0,1.0,/home/ksha/Documents/sbel/offroad-control/benchmarking/results/tire_model_with_estimator_ablation_20260827_225959/raw/0291_nn_parent_estimator_clay_lane_change_v7_b0_s401/20260827_231616_691455_dirt_lane_change_acados_static_mlp/diag_dirt_lane_change_acados_static_mlp.csv,,,1235,0.27743613056345995,0.610878,0.21180809416445623,4.058695092838196,6.81547,0.5798135846911708,14.37357085020243,15.819800000000003,138.79597170977866,81.764873,3.419399,0,chrono_body_contact,0,,,,,,,,True,lane_change,7.0,401,29,[25582],[25583],True,True,,12,True,True,False,149,2,9.0,9.0,13,19,20,1.00396,0.054029,0.017578,0,0,True,scalar_parent,matched_parent_profile_live,historical matched scalar-parent online estimator,dirt,7085653a638402e5abfa5737dcf5188cf3bc55fb7a7340a71403cb917f35b2aa,shared_worst_case_phi13_curvature_v1,True,0,,,,,,,,,,,,,
tire_model_with_estimator_ablation,nn_parent_estimator,standard,nn,tire_force_static,clay,lane_change,7.0,0,402,/home/ksha/Documents/sbel/offroad-control/benchmarking/results/tire_model_with_estimator_ablation_20260827_225959/raw/0292_nn_parent_estimator_clay_lane_change_v7_b0_s402,ok,0,26.276197910308838,20.0,1.0,/home/ksha/Documents/sbel/offroad-control/benchmarking/results/tire_model_with_estimator_ablation_20260827_225959/raw/0292_nn_parent_estimator_clay_lane_change_v7_b0_s402/20260827_231616_828431_dirt_lane_change_acados_static_mlp/diag_dirt_lane_change_acados_static_mlp.csv,,,1226,0.3161177249885186,0.732074,0.2438083134920635,3.994490476190476,6.945975000000001,0.5706414965986394,14.478646003262643,17.5225,141.5778157057337,82.044982,3.424764,0,chrono_body_contact,0,,,,,,,,True,lane_change,7.0,402,31,[25584],[25585],True,True,,12,True,True,False,87,1,9.504,9.504,12,18,21,1.003404,0.065988,0.022129,0,0,True,scalar_parent,matched_parent_profile_live,historical matched scalar-parent online estimator,dirt,7085653a638402e5abfa5737dcf5188cf3bc55fb7a7340a71403cb917f35b2aa,shared_worst_case_phi13_curvature_v1,True,0,,,,,,,,,,,,,
tire_model_with_estimator_ablation,nn_parent_estimator,standard,nn,tire_force_static,clay,lane_change,7.0,0,403,/home/ksha/Documents/sbel/offroad-control/benchmarking/results/tire_model_with_estimator_ablation_20260827_225959/raw/0293_nn_parent_estimator_clay_lane_change_v7_b0_s403,ok,0,26.276959657669067,20.0,1.0,/home/ksha/Documents/sbel/offroad-control/benchmarking/results/tire_model_with_estimator_ablation_20260827_225959/raw/0293_nn_parent_estimator_clay_lane_change_v7_b0_s403/20260827_231616_907542_dirt_lane_change_acados_static_mlp/diag_dirt_lane_change_acados_static_mlp.csv,,,1251,0.2777033900011636,0.821761,0.20653126631853785,4.140588511749348,7.026875,0.5915126445356211,14.175715427657874,17.285,140.04532630517068,82.630315,3.351618,0,chrono_body_contact,0,,,,,,,,True,lane_change,7.0,403,33,[25586],[25587],True,True,,12,True,True,False,121,2,9.516,9.516,13,20,19,1.005178,0.083588,0.005684,0,0,True,scalar_parent,matched_parent_profile_live,historical matched scalar-parent online estimator,dirt,7085653a638402e5abfa5737dcf5188cf3bc55fb7a7340a71403cb917f35b2aa,shared_worst_case_phi13_curvature_v1,True,0,,,,,,,,,,,,,
tire_model_with_estimator_ablation,nn_parent_estimator,standard,nn,tire_force_static,clay,lane_change,9.0,0,403,/home/ksha/Documents/sbel/offroad-control/benchmarking/results/tire_model_with_estimator_ablation_20260827_225959/raw/0298_nn_parent_estimator_clay_lane_change_v9_b0_s403,ok,0,25.97740936279297,20.0,1.0,/home/ksha/Documents/sbel/offroad-control/benchmarking/results/tire_model_with_estimator_ablation_20260827_225959/raw/0298_nn_parent_estimator_clay_lane_change_v9_b0_s403/20260827_231643_165509_dirt_lane_change_acados_static_mlp/diag_dirt_lane_change_acados_static_mlp.csv,,,1222,0.48146612638606656,0.945617,0.3576303804347826,4.672651086956522,7.982275,0.5191834541062802,14.425981996726676,17.19369999999996,141.5815448391287,88.007051,3.724489,0,chrono_body_contact,0,,,,,,,,True,lane_change,9.0,403,43,[25596],[25597],True,True,,12,True,True,False,121,2,9.504,9.504,13,21,18,1.006983,0.105844,-0.001551,0,0,True,scalar_parent,matched_parent_profile_live,historical matched scalar-parent online estimator,dirt,8738935243860ac000075a211607e15f3d93aec40193a3fb27ed22c8942c3b2e,shared_worst_case_phi13_curvature_v1,True,0,,,,,,,,,,,,,
tire_model_with_estimator_ablation,nn_parent_estimator,standard,nn,tire_force_static,clay,lane_change,9.0,0,404,/home/ksha/Documents/sbel/offroad-control/benchmarking/results/tire_model_with_estimator_ablation_20260827_225959/raw/0299_nn_parent_estimator_clay_lane_change_v9_b0_s404,ok,0,26.127747058868408,20.0,1.0,/home/ksha/Documents/sbel/offroad-control/benchmarking/results/tire_model_with_estimator_ablation_20260827_225959/raw/0299_nn_parent_estimator_clay_lane_change_v9_b0_s404/20260827_231643_365909_dirt_lane_change_acados_static_mlp/diag_dirt_lane_change_acados_static_mlp.csv,,,1219,0.30139449932819234,0.923794,0.21047110176390774,4.753304884667571,8.02572,0.5281449871852857,14.512682526661196,16.0682,145.52149214667574,88.625878,2.788899,0,chrono_body_contact,0,,,,,,,,True,lane_change,9.0,404,45,[25598],[25599],True,True,,12,True,True,False,118,2,9.504,9.504,13,22,17,1.005237,0.085209,0.00877,0,0,True,scalar_parent,matched_parent_profile_live,historical matched scalar-parent online estimator,dirt,8738935243860ac000075a211607e15f3d93aec40193a3fb27ed22c8942c3b2e,shared_worst_case_phi13_curvature_v1,True,0,,,,,,,,,,,,,
tire_model_with_estimator_ablation,nn_parent_estimator,standard,nn,tire_force_static,clay,right_left,5.0,0,402,/home/ksha/Documents/sbel/offroad-control/benchmarking/results/tire_model_with_estimator_ablation_20260827_225959/raw/0302_nn_parent_estimator_clay_right_left_v5_b0_s402,ok,0,26.12735939025879,20.0,0.99,/home/ksha/Documents/sbel/offroad-control/benchmarking/results/tire_model_with_estimator_ablation_20260827_225959/raw/0302_nn_parent_estimator_clay_right_left_v5_b0_s402/20260827_231643_135929_dirt_right_left_acados_static_mlp/diag_dirt_right_left_acados_static_mlp.csv,,,1167,0.1580967564715892,0.455237,0.12182632168850073,3.579442212518195,4.46158,0.7158884425036389,14.977069408740357,15.750199999999998,124.51714041344856,45.473976,-30.897422,0,chrono_body_contact,0,,,,,,,,True,right_left,5.0,402,51,[25604],[25605],True,True,,12,True,True,False,571,20,10.008,10.008,16,31,8,0.995504,0.03274,0.034183,0,0,True,scalar_parent,matched_parent_profile_live,historical matched scalar-parent online estimator,dirt,2df275ec6c3a4a1b2fbc274414784eef849a9e55ab7130f9593a0001877583aa,shared_worst_case_phi13_curvature_v1,True,0,,,,,,,,,,,,,
tire_model_with_estimator_ablation,nn_parent_estimator,standard,nn,tire_force_static,clay,right_left,5.0,0,403,/home/ksha/Documents/sbel/offroad-control/benchmarking/results/tire_model_with_estimator_ablation_20260827_225959/raw/0303_nn_parent_estimator_clay_right_left_v5_b0_s403,ok,0,26.176400661468506,20.0,0.99,/home/ksha/Documents/sbel/offroad-control/benchmarking/results/tire_model_with_estimator_ablation_20260827_225959/raw/0303_nn_parent_estimator_clay_right_left_v5_b0_s403/20260827_231643_083570_dirt_right_left_acados_static_mlp/diag_dirt_right_left_acados_static_mlp.csv,,,1179,0.17788766292737584,0.511695,0.13384268299711816,3.6388743515850144,4.48508,0.7277748703170028,14.931306191687872,15.63,123.61024865383962,46.023575,-30.953416,0,chrono_body_contact,0,,,,,,,,True,right_left,5.0,403,53,[25606],[25607],True,True,,12,True,True,False,550,18,10.5,10.5,16,29,10,1.000308,0.004417,0.025008,0,0,True,scalar_parent,matched_parent_profile_live,historical matched scalar-parent online estimator,dirt,2df275ec6c3a4a1b2fbc274414784eef849a9e55ab7130f9593a0001877583aa,shared_worst_case_phi13_curvature_v1,True,0,,,,,,,,,,,,,
tire_model_with_estimator_ablation,nn_parent_estimator,standard,nn,tire_force_static,clay,right_left,5.0,0,401,/home/ksha/Documents/sbel/offroad-control/benchmarking/results/tire_model_with_estimator_ablation_20260827_225959/raw/0301_nn_parent_estimator_clay_right_left_v5_b0_s401,ok,0,26.22541880607605,20.0,0.99,/home/ksha/Documents/sbel/offroad-control/benchmarking/results/tire_model_with_estimator_ablation_20260827_225959/raw/0301_nn_parent_estimator_clay_right_left_v5_b0_s401/20260827_231643_164874_dirt_right_left_acados_static_mlp/diag_dirt_right_left_acados_static_mlp.csv,,,1112,0.16290936958596489,0.505051,0.12599613850837138,3.5301307458143074,4.359559999999999,0.7060261491628614,15.843021582733812,16.68,117.44483016153139,44.64479,-30.975907,0,chrono_body_contact,0,,,,,,,,True,right_left,5.0,401,49,[25602],[25603],True,True,,12,True,True,False,430,16,12.0,12.0,16,29,10,0.999269,0.043475,0.012168,0,0,True,scalar_parent,matched_parent_profile_live,historical matched scalar-parent online estimator,dirt,2df275ec6c3a4a1b2fbc274414784eef849a9e55ab7130f9593a0001877583aa,shared_worst_case_phi13_curvature_v1,True,0,,,,,,,,,,,,,
tire_model_with_estimator_ablation,nn_parent_estimator,standard,nn,tire_force_static,clay,right_left,5.0,0,400,/home/ksha/Documents/sbel/offroad-control/benchmarking/results/tire_model_with_estimator_ablation_20260827_225959/raw/0300_nn_parent_estimator_clay_right_left_v5_b0_s400,ok,0,26.285067081451416,20.0,0.99,/home/ksha/Documents/sbel/offroad-control/benchmarking/results/tire_model_with_estimator_ablation_20260827_225959/raw/0300_nn_parent_estimator_clay_right_left_v5_b0_s400/20260827_231643_240713_dirt_right_left_acados_static_mlp/diag_dirt_right_left_acados_static_mlp.csv,,,1173,0.17468502586917306,0.603624,0.13005812517985613,3.587337410071943,4.43555,0.7174674820143886,15.015754475703325,15.828399999999998,124.99998366736989,45.391661,-30.979641,0,chrono_body_contact,0,,,,,,,,True,right_left,5.0,400,47,[25600],[25601],True,True,,12,True,True,False,573,20,10.02,10.02,16,31,8,0.997086,0.019034,0.014449,0,0,True,scalar_parent,matched_parent_profile_live,historical matched scalar-parent online estimator,dirt,2df275ec6c3a4a1b2fbc274414784eef849a9e55ab7130f9593a0001877583aa,shared_worst_case_phi13_curvature_v1,True,0,,,,,,,,,,,,,
tire_model_with_estimator_ablation,nn_parent_estimator,standard,nn,tire_force_static,clay,right_left,5.0,0,404,/home/ksha/Documents/sbel/offroad-control/benchmarking/results/tire_model_with_estimator_ablation_20260827_225959/raw/0304_nn_parent_estimator_clay_right_left_v5_b0_s404,ok,0,26.326018571853638,20.0,1.0,/home/ksha/Documents/sbel/offroad-control/benchmarking/results/tire_model_with_estimator_ablation_20260827_225959/raw/0304_nn_parent_estimator_clay_right_left_v5_b0_s404/20260827_231643_189626_dirt_right_left_acados_static_mlp/diag_dirt_right_left_acados_static_mlp.csv,,,1192,0.16329559609465144,0.486126,0.12291915078236129,3.612569985775249,4.49225,0.7225139971550498,14.727122483221478,15.42,127.00837547536426,46.027085,-30.898932,0,chrono_body_contact,0,,,,,,,,True,right_left,5.0,404,55,[25608],[25609],True,True,,12,True,True,False,555,18,10.5,10.5,16,29,10,0.998113,0.02446,0.024214,0,0,True,scalar_parent,matched_parent_profile_live,historical matched scalar-parent online estimator,dirt,2df275ec6c3a4a1b2fbc274414784eef849a9e55ab7130f9593a0001877583aa,shared_worst_case_phi13_curvature_v1,True,0,,,,,,,,,,,,,
tire_model_with_estimator_ablation,nn_parent_estimator,standard,nn,tire_force_static,clay,lane_change,9.0,0,402,/home/ksha/Documents/sbel/offroad-control/benchmarking/results/tire_model_with_estimator_ablation_20260827_225959/raw/0297_nn_parent_estimator_clay_lane_change_v9_b0_s402,ok,0,26.327989101409912,20.0,0.99,/home/ksha/Documents/sbel/offroad-control/benchmarking/results/tire_model_with_estimator_ablation_20260827_225959/raw/0297_nn_parent_estimator_clay_lane_change_v9_b0_s402/20260827_231643_151514_dirt_lane_change_acados_static_mlp/diag_dirt_lane_change_acados_static_mlp.csv,,,1233,0.49936059461882787,0.896009,0.3823080266666667,4.797336933333334,8.070845,0.5330374370370371,14.425304136253043,18.924400000000006,144.5746335261814,89.858525,3.847653,0,chrono_body_contact,0,,,,,,,,True,lane_change,9.0,402,41,[25594],[25595],True,True,,12,True,True,False,120,2,9.504,9.504,13,22,17,1.005492,0.070111,0.007652,0,0,True,scalar_parent,matched_parent_profile_live,historical matched scalar-parent online estimator,dirt,8738935243860ac000075a211607e15f3d93aec40193a3fb27ed22c8942c3b2e,shared_worst_case_phi13_curvature_v1,True,0,,,,,,,,,,,,,
tire_model_with_estimator_ablation,nn_parent_estimator,standard,nn,tire_force_static,clay,right_left,9.0,0,401,/home/ksha/Documents/sbel/offroad-control/benchmarking/results/tire_model_with_estimator_ablation_20260827_225959/raw/0311_nn_parent_estimator_clay_right_left_v9_b0_s401,ok,0,25.98059868812561,20.0,1.0,/home/ksha/Documents/sbel/offroad-control/benchmarking/results/tire_model_with_estimator_ablation_20260827_225959/raw/0311_nn_parent_estimator_clay_right_left_v9_b0_s401/20260827_231709_556405_dirt_right_left_acados_static_mlp/diag_dirt_right_left_acados_static_mlp.csv,,,1168,0.22852799478657382,0.728431,0.16303410898379972,3.9809636229749636,5.79311,0.4423292914416626,14.966010273972605,15.72,125.05977511911324,51.184906,-30.93873,0,chrono_body_contact,0,,,,,,,,True,right_left,9.0,401,69,[25622],[25623],True,True,,12,True,True,False,622,22,9.0,9.0,16,33,6,0.998315,0.031064,0.016605,0,0,True,scalar_parent,matched_parent_profile_live,historical matched scalar-parent online estimator,dirt,2fd2c1dbb42c39cc163281ad14f69d4122484783b6b75aa488f2ea05e6c9793b,shared_worst_case_phi13_curvature_v1,True,0,,,,,,,,,,,,,
tire_model_with_estimator_ablation,nn_parent_estimator,standard,nn,tire_force_static,clay,right_left,9.0,0,400,/home/ksha/Documents/sbel/offroad-control/benchmarking/results/tire_model_with_estimator_ablation_20260827_225959/raw/0310_nn_parent_estimator_clay_right_left_v9_b0_s400,ok,0,26.032968282699585,20.0,0.99,/home/ksha/Documents/sbel/offroad-control/benchmarking/results/tire_model_with_estimator_ablation_20260827_225959/raw/0310_nn_parent_estimator_clay_right_left_v9_b0_s400/20260827_231709_662116_dirt_right_left_acados_static_mlp/diag_dirt_right_left_acados_static_mlp.csv,,,1195,0.1928145201514123,0.532164,0.14058697720797722,3.9573141025641023,5.8032499999999985,0.4397015669515669,14.636535564853556,15.4712,127.80591489348313,51.740864,-30.964697,0,chrono_body_contact,0,,,,,,,,True,right_left,9.0,400,67,[25620],[25621],True,True,,12,True,True,False,642,22,9.012,9.012,16,33,6,0.99742,0.030083,0.026172,0,0,True,scalar_parent,matched_parent_profile_live,historical matched scalar-parent online estimator,dirt,2fd2c1dbb42c39cc163281ad14f69d4122484783b6b75aa488f2ea05e6c9793b,shared_worst_case_phi13_curvature_v1,True,0,,,,,,,,,,,,,
tire_model_with_estimator_ablation,nn_parent_estimator,standard,nn,tire_force_static,clay,right_left,7.0,0,404,/home/ksha/Documents/sbel/offroad-control/benchmarking/results/tire_model_with_estimator_ablation_20260827_225959/raw/0309_nn_parent_estimator_clay_right_left_v7_b0_s404,ok,0,26.13281750679016,20.0,0.99,/home/ksha/Documents/sbel/offroad-control/benchmarking/results/tire_model_with_estimator_ablation_20260827_225959/raw/0309_nn_parent_estimator_clay_right_left_v7_b0_s404/20260827_231709_703110_dirt_right_left_acados_static_mlp/diag_dirt_right_left_acados_static_mlp.csv,,,1106,0.19514522112621982,0.563128,0.14424687962962962,3.863142438271605,5.390295,0.5518774911816579,15.813499095840868,16.677000000000003,124.7077525661652,49.709478,-30.91461,0,chrono_body_contact,0,,,,,,,,True,right_left,7.0,404,65,[25618],[25619],True,True,,12,True,True,False,567,21,9.504,9.504,16,32,7,0.997005,0.015333,0.028343,0,0,True,scalar_parent,matched_parent_profile_live,historical matched scalar-parent online estimator,dirt,2a22058ceeef679f207bd5220377a736edae3e63c7f59afab2d351bc5e8d1aca,shared_worst_case_phi13_curvature_v1,True,0,,,,,,,,,,,,,
tire_model_with_estimator_ablation,nn_parent_estimator,standard,nn,tire_force_static,clay,right_left,7.0,0,401,/home/ksha/Documents/sbel/offroad-control/benchmarking/results/tire_model_with_estimator_ablation_20260827_225959/raw/0306_nn_parent_estimator_clay_right_left_v7_b0_s401,ok,0,26.130584239959717,20.0,1.0,/home/ksha/Documents/sbel/offroad-control/benchmarking/results/tire_model_with_estimator_ablation_20260827_225959/raw/0306_nn_parent_estimator_clay_right_left_v7_b0_s401/20260827_231709_499326_dirt_right_left_acados_static_mlp/diag_dirt_right_left_acados_static_mlp.csv,,,1187,0.20242997972063675,0.657686,0.14577202305475503,3.876858069164265,5.281960000000001,0.5538368670234665,14.70670598146588,15.6514,129.02291147197164,50.135211,-30.963396,0,chrono_body_contact,0,,,,,,,,True,right_left,7.0,401,59,[25612],[25613],True,True,,12,True,True,False,636,22,9.0,9.0,16,33,6,0.996373,0.041253,0.024527,0,0,True,scalar_parent,matched_parent_profile_live,historical matched scalar-parent online estimator,dirt,2a22058ceeef679f207bd5220377a736edae3e63c7f59afab2d351bc5e8d1aca,shared_worst_case_phi13_curvature_v1,True,0,,,,,,,,,,,,,
tire_model_with_estimator_ablation,nn_parent_estimator,standard,nn,tire_force_static,clay,right_left,7.0,0,402,/home/ksha/Documents/sbel/offroad-control/benchmarking/results/tire_model_with_estimator_ablation_20260827_225959/raw/0307_nn_parent_estimator_clay_right_left_v7_b0_s402,ok,0,26.33016562461853,20.0,0.98,/home/ksha/Documents/sbel/offroad-control/benchmarking/results/tire_model_with_estimator_ablation_20260827_225959/raw/0307_nn_parent_estimator_clay_right_left_v7_b0_s402/20260827_231709_637152_dirt_right_left_acados_static_mlp/diag_dirt_right_left_acados_static_mlp.csv,,,1183,0.2020518773263469,0.618059,0.14485034615384615,3.948329487179487,5.406655,0.5640470695970696,14.984615384615385,15.72,126.21182340415584,51.280201,-30.979121,0,chrono_body_contact,0,,,,,,,,True,right_left,7.0,402,61,[25614],[25615],True,True,,12,True,True,False,616,21,9.504,9.504,16,32,7,0.997975,0.021128,0.030009,0,0,True,scalar_parent,matched_parent_profile_live,historical matched scalar-parent online estimator,dirt,2a22058ceeef679f207bd5220377a736edae3e63c7f59afab2d351bc5e8d1aca,shared_worst_case_phi13_curvature_v1,True,0,,,,,,,,,,,,,
tire_model_with_estimator_ablation,nn_parent_estimator,standard,nn,tire_force_static,clay,right_left,9.0,0,402,/home/ksha/Documents/sbel/offroad-control/benchmarking/results/tire_model_with_estimator_ablation_20260827_225959/raw/0312_nn_parent_estimator_clay_right_left_v9_b0_s402,ok,0,26.333282947540283,20.0,0.98,/home/ksha/Documents/sbel/offroad-control/benchmarking/results/tire_model_with_estimator_ablation_20260827_225959/raw/0312_nn_parent_estimator_clay_right_left_v9_b0_s402/20260827_231709_469768_dirt_right_left_acados_static_mlp/diag_dirt_right_left_acados_static_mlp.csv,,,1181,0.20001127663879226,0.597647,0.1454234487179487,3.8590843304843303,5.537449999999998,0.4287871478315923,15.050702794242165,15.774000000000001,127.09679849031197,50.393968,-30.875809,0,chrono_body_contact,0,,,,,,,,True,right_left,9.0,402,71,[25624],[25625],True,True,,12,True,True,False,615,21,9.516,9.516,16,32,7,0.999149,0.004714,0.026712,0,0,True,scalar_parent,matched_parent_profile_live,historical matched scalar-parent online estimator,dirt,2fd2c1dbb42c39cc163281ad14f69d4122484783b6b75aa488f2ea05e6c9793b,shared_worst_case_phi13_curvature_v1,True,0,,,,,,,,,,,,,
tire_model_with_estimator_ablation,nn_parent_estimator,standard,nn,tire_force_static,clay,right_left,7.0,0,403,/home/ksha/Documents/sbel/offroad-control/benchmarking/results/tire_model_with_estimator_ablation_20260827_225959/raw/0308_nn_parent_estimator_clay_right_left_v7_b0_s403,ok,0,26.37998938560486,20.0,1.0,/home/ksha/Documents/sbel/offroad-control/benchmarking/results/tire_model_with_estimator_ablation_20260827_225959/raw/0308_nn_parent_estimator_clay_right_left_v7_b0_s403/20260827_231709_386483_dirt_right_left_acados_static_mlp/diag_dirt_right_left_acados_static_mlp.csv,,,1160,0.18477876311030086,0.528172,0.13754701453488372,3.8711893895348837,5.329095,0.5530270556478405,15.100344827586207,15.796400000000004,122.16718356174243,50.375932,-30.949687,0,chrono_body_contact,0,,,,,,,,True,right_left,7.0,403,63,[25616],[25617],True,True,,12,True,True,False,600,21,9.516,9.516,16,32,7,0.998642,0.012708,0.019977,0,0,True,scalar_parent,matched_parent_profile_live,historical matched scalar-parent online estimator,dirt,2a22058ceeef679f207bd5220377a736edae3e63c7f59afab2d351bc5e8d1aca,shared_worst_case_phi13_curvature_v1,True,0,,,,,,,,,,,,,
tire_model_with_estimator_ablation,nn_parent_estimator,standard,nn,tire_force_static,clay,right_left,7.0,0,400,/home/ksha/Documents/sbel/offroad-control/benchmarking/results/tire_model_with_estimator_ablation_20260827_225959/raw/0305_nn_parent_estimator_clay_right_left_v7_b0_s400,ok,0,26.38458800315857,20.0,1.0,/home/ksha/Documents/sbel/offroad-control/benchmarking/results/tire_model_with_estimator_ablation_20260827_225959/raw/0305_nn_parent_estimator_clay_right_left_v7_b0_s400/20260827_231709_723262_dirt_right_left_acados_static_mlp/diag_dirt_right_left_acados_static_mlp.csv,,,1149,0.1819768842916211,0.536848,0.13542799559471363,3.8705421439060204,5.3844,0.5529345919865744,15.240200174064402,15.8552,126.36556723255475,50.840458,-30.973876,0,chrono_body_contact,0,,,,,,,,True,right_left,7.0,400,57,[25610],[25611],True,True,,12,True,True,False,622,22,8.988,8.988,16,33,6,0.994891,0.006575,0.034846,0,0,True,scalar_parent,matched_parent_profile_live,historical matched scalar-parent online estimator,dirt,2a22058ceeef679f207bd5220377a736edae3e63c7f59afab2d351bc5e8d1aca,shared_worst_case_phi13_curvature_v1,True,0,,,,,,,,,,,,,
tire_model_with_estimator_ablation,nn_parent_estimator,standard,nn,tire_force_static,dirt,sinusoidal,5.0,0,403,/home/ksha/Documents/sbel/offroad-control/benchmarking/results/tire_model_with_estimator_ablation_20260827_225959/raw/0318_nn_parent_estimator_dirt_sinusoidal_v5_b0_s403,ok,0,25.978339433670044,20.0,0.99,/home/ksha/Documents/sbel/offroad-control/benchmarking/results/tire_model_with_estimator_ablation_20260827_225959/raw/0318_nn_parent_estimator_dirt_sinusoidal_v5_b0_s403/20260827_231736_043143_dirt_sinusoidal_acados_static_mlp/diag_dirt_sinusoidal_acados_static_mlp.csv,,,1165,0.06821198317105107,0.245201,0.05464970190895742,4.760614684287812,5.2875,0.9521229368575623,14.961064377682403,15.927199999999997,127.4116423841341,75.631058,1.656553,0,chrono_body_contact,0,,,,,,,,True,sinusoidal,5.0,403,83,[25636],[25637],True,True,,12,True,True,False,564,20,10.02,10.02,16,31,8,1.033107,0.12729,-0.016559,0,0,True,scalar_parent,matched_parent_profile_live,historical matched scalar-parent online estimator,dirt,f544d4c607d9f35cff9cbf38b8d140aa1d8904401cf08a56f3c5a58132af58c5,shared_worst_case_phi13_curvature_v1,True,0,,,,,,,,,,,,,
tire_model_with_estimator_ablation,nn_parent_estimator,standard,nn,tire_force_static,dirt,sinusoidal,5.0,0,400,/home/ksha/Documents/sbel/offroad-control/benchmarking/results/tire_model_with_estimator_ablation_20260827_225959/raw/0315_nn_parent_estimator_dirt_sinusoidal_v5_b0_s400,ok,0,26.03354835510254,20.0,1.0,/home/ksha/Documents/sbel/offroad-control/benchmarking/results/tire_model_with_estimator_ablation_20260827_225959/raw/0315_nn_parent_estimator_dirt_sinusoidal_v5_b0_s400/20260827_231735_973788_dirt_sinusoidal_acados_static_mlp/diag_dirt_sinusoidal_acados_static_mlp.csv,,,1178,0.06700704337459358,0.234312,0.053928055393586014,4.632349708454811,5.127,0.9264699416909622,14.80711375212224,15.8723,130.01936086613892,73.564311,1.946638,0,chrono_body_contact,0,,,,,,,,True,sinusoidal,5.0,400,77,[25630],[25631],True,True,,12,True,True,False,599,21,9.504,9.504,16,32,7,1.033067,0.131749,0.004115,0,0,True,scalar_parent,matched_parent_profile_live,historical matched scalar-parent online estimator,dirt,f544d4c607d9f35cff9cbf38b8d140aa1d8904401cf08a56f3c5a58132af58c5,shared_worst_case_phi13_curvature_v1,True,0,,,,,,,,,,,,,
tire_model_with_estimator_ablation,nn_parent_estimator,standard,nn,tire_force_static,clay,right_left,9.0,0,403,/home/ksha/Documents/sbel/offroad-control/benchmarking/results/tire_model_with_estimator_ablation_20260827_225959/raw/0313_nn_parent_estimator_clay_right_left_v9_b0_s403,ok,0,26.131217002868652,20.0,0.99,/home/ksha/Documents/sbel/offroad-control/benchmarking/results/tire_model_with_estimator_ablation_20260827_225959/raw/0313_nn_parent_estimator_clay_right_left_v9_b0_s403/20260827_231736_114401_dirt_right_left_acados_static_mlp/diag_dirt_right_left_acados_static_mlp.csv,,,1198,0.19449805059900047,0.591043,0.14265335886524821,3.8213380141843976,5.4361,0.42459311268715527,14.594365609348918,15.5803,126.77134129994388,49.596531,-30.987267,0,chrono_body_contact,0,,,,,,,,True,right_left,9.0,403,73,[25626],[25627],True,True,,12,True,True,False,616,21,9.516,9.516,16,32,7,0.996152,0.034132,0.023274,0,0,True,scalar_parent,matched_parent_profile_live,historical matched scalar-parent online estimator,dirt,2fd2c1dbb42c39cc163281ad14f69d4122484783b6b75aa488f2ea05e6c9793b,shared_worst_case_phi13_curvature_v1,True,0,,,,,,,,,,,,,
tire_model_with_estimator_ablation,nn_parent_estimator,standard,nn,tire_force_static,dirt,sinusoidal,5.0,0,401,/home/ksha/Documents/sbel/offroad-control/benchmarking/results/tire_model_with_estimator_ablation_20260827_225959/raw/0316_nn_parent_estimator_dirt_sinusoidal_v5_b0_s401,ok,0,26.386200428009033,20.0,1.0,/home/ksha/Documents/sbel/offroad-control/benchmarking/results/tire_model_with_estimator_ablation_20260827_225959/raw/0316_nn_parent_estimator_dirt_sinusoidal_v5_b0_s401/20260827_231735_783835_dirt_sinusoidal_acados_static_mlp/diag_dirt_sinusoidal_acados_static_mlp.csv,,,1223,0.07012122452490385,0.242351,0.05630538122332859,4.39215960170697,5.01581,0.878431920341394,14.384955028618151,15.855599999999999,129.27060236004849,62.727825,-0.955447,0,chrono_body_contact,0,,,,,,,,True,sinusoidal,5.0,401,79,[25632],[25633],True,True,,12,True,True,False,376,13,13.5,13.5,16,24,15,1.030225,0.132204,0.002188,0,0,True,scalar_parent,matched_parent_profile_live,historical matched scalar-parent online estimator,dirt,f544d4c607d9f35cff9cbf38b8d140aa1d8904401cf08a56f3c5a58132af58c5,shared_worst_case_phi13_curvature_v1,True,0,,,,,,,,,,,,,
tire_model_with_estimator_ablation,nn_parent_estimator,standard,nn,tire_force_static,clay,right_left,9.0,0,404,/home/ksha/Documents/sbel/offroad-control/benchmarking/results/tire_model_with_estimator_ablation_20260827_225959/raw/0314_nn_parent_estimator_clay_right_left_v9_b0_s404,ok,0,26.43408751487732,20.0,0.98,/home/ksha/Documents/sbel/offroad-control/benchmarking/results/tire_model_with_estimator_ablation_20260827_225959/raw/0314_nn_parent_estimator_clay_right_left_v9_b0_s404/20260827_231736_124474_dirt_right_left_acados_static_mlp/diag_dirt_right_left_acados_static_mlp.csv,,,1123,0.20139577904883513,0.640034,0.14781248872180452,4.028962706766917,5.914839999999999,0.44766252297410186,15.745788067675866,16.7456,127.09588882931251,52.339134,-30.880648,0,chrono_body_contact,0,,,,,,,,True,right_left,9.0,404,75,[25628],[25629],True,True,,12,True,True,False,610,22,9.0,9.0,16,33,6,0.99567,0.03106,0.024116,0,0,True,scalar_parent,matched_parent_profile_live,historical matched scalar-parent online estimator,dirt,2fd2c1dbb42c39cc163281ad14f69d4122484783b6b75aa488f2ea05e6c9793b,shared_worst_case_phi13_curvature_v1,True,0,,,,,,,,,,,,,
tire_model_with_estimator_ablation,nn_parent_estimator,standard,nn,tire_force_static,dirt,sinusoidal,7.0,0,400,/home/ksha/Documents/sbel/offroad-control/benchmarking/results/tire_model_with_estimator_ablation_20260827_225959/raw/0320_nn_parent_estimator_dirt_sinusoidal_v7_b0_s400,ok,0,26.430195569992065,20.0,1.0,/home/ksha/Documents/sbel/offroad-control/benchmarking/results/tire_model_with_estimator_ablation_20260827_225959/raw/0320_nn_parent_estimator_dirt_sinusoidal_v7_b0_s400/20260827_231735_977212_dirt_sinusoidal_acados_static_mlp/diag_dirt_sinusoidal_acados_static_mlp.csv,,,1195,0.07207464240286401,0.209643,0.0572827047756874,4.519258610709118,5.1366,0.6456083729584454,14.720502092050209,15.910599999999999,127.17353070391476,65.527529,0.231227,0,chrono_body_contact,0,,,,,,,,True,sinusoidal,7.0,400,87,[25640],[25641],True,True,,12,True,True,False,429,15,12.504,12.504,16,26,13,1.037017,0.133924,0.005369,0,0,True,scalar_parent,matched_parent_profile_live,historical matched scalar-parent online estimator,dirt,dc58ccfda201c75bc0d828da6f9710e91377898701de047f0e4ef191b0e89544,shared_worst_case_phi13_curvature_v1,True,0,,,,,,,,,,,,,
tire_model_with_estimator_ablation,nn_parent_estimator,standard,nn,tire_force_static,dirt,sinusoidal,5.0,0,402,/home/ksha/Documents/sbel/offroad-control/benchmarking/results/tire_model_with_estimator_ablation_20260827_225959/raw/0317_nn_parent_estimator_dirt_sinusoidal_v5_b0_s402,ok,0,26.434083700180054,20.0,0.99,/home/ksha/Documents/sbel/offroad-control/benchmarking/results/tire_model_with_estimator_ablation_20260827_225959/raw/0317_nn_parent_estimator_dirt_sinusoidal_v5_b0_s402/20260827_231735_895713_dirt_sinusoidal_acados_static_mlp/diag_dirt_sinusoidal_acados_static_mlp.csv,,,1182,0.07106129076113611,0.236851,0.05640893641618496,4.621760404624278,5.108485,0.9243520809248557,14.914966159052451,15.935700000000002,127.18522173282189,70.736266,1.905744,0,chrono_body_contact,0,,,,,,,,True,sinusoidal,5.0,402,81,[25634],[25635],True,True,,12,True,True,False,514,18,10.991999999999999,10.991999999999999,16,29,10,1.035182,0.139815,0.013894,0,0,True,scalar_parent,matched_parent_profile_live,historical matched scalar-parent online estimator,dirt,f544d4c607d9f35cff9cbf38b8d140aa1d8904401cf08a56f3c5a58132af58c5,shared_worst_case_phi13_curvature_v1,True,0,,,,,,,,,,,,,
tire_model_with_estimator_ablation,nn_parent_estimator,standard,nn,tire_force_static,dirt,sinusoidal,5.0,0,404,/home/ksha/Documents/sbel/offroad-control/benchmarking/results/tire_model_with_estimator_ablation_20260827_225959/raw/0319_nn_parent_estimator_dirt_sinusoidal_v5_b0_s404,ok,0,26.480973482131958,20.0,0.99,/home/ksha/Documents/sbel/offroad-control/benchmarking/results/tire_model_with_estimator_ablation_20260827_225959/raw/0319_nn_parent_estimator_dirt_sinusoidal_v5_b0_s404/20260827_231736_034453_dirt_sinusoidal_acados_static_mlp/diag_dirt_sinusoidal_acados_static_mlp.csv,,,1191,0.06690857588824978,0.206587,0.053347712643678165,4.552514655172414,5.045675,0.9105029310344828,14.831435768261963,16.172,130.83988050002463,67.56576,1.103703,0,chrono_body_contact,0,,,,,,,,True,sinusoidal,5.0,404,85,[25638],[25639],True,True,,12,True,True,False,492,17,11.508,11.508,16,28,11,1.031712,0.132005,-0.003097,0,0,True,scalar_parent,matched_parent_profile_live,historical matched scalar-parent online estimator,dirt,f544d4c607d9f35cff9cbf38b8d140aa1d8904401cf08a56f3c5a58132af58c5,shared_worst_case_phi13_curvature_v1,True,0,,,,,,,,,,,,,
tire_model_with_estimator_ablation,nn_parent_estimator,standard,nn,tire_force_static,dirt,sinusoidal,7.0,0,402,/home/ksha/Documents/sbel/offroad-control/benchmarking/results/tire_model_with_estimator_ablation_20260827_225959/raw/0322_nn_parent_estimator_dirt_sinusoidal_v7_b0_s402,ok,0,26.1269268989563,20.0,0.99,/home/ksha/Documents/sbel/offroad-control/benchmarking/results/tire_model_with_estimator_ablation_20260827_225959/raw/0322_nn_parent_estimator_dirt_sinusoidal_v7_b0_s402/20260827_231802_373008_dirt_sinusoidal_acados_static_mlp/diag_dirt_sinusoidal_acados_static_mlp.csv,,,1113,0.07192414184773376,0.24627,0.05777132618683002,4.822618529862174,5.31418,0.6889455042660249,15.732749326145555,16.4488,125.18505584964105,74.932216,1.779339,0,chrono_body_contact,0,,,,,,,,True,sinusoidal,7.0,402,91,[25644],[25645],True,True,,12,True,True,False,514,19,10.5,10.5,16,30,9,1.038098,0.148516,0.003382,0,0,True,scalar_parent,matched_parent_profile_live,historical matched scalar-parent online estimator,dirt,dc58ccfda201c75bc0d828da6f9710e91377898701de047f0e4ef191b0e89544,shared_worst_case_phi13_curvature_v1,True,0,,,,,,,,,,,,,
tire_model_with_estimator_ablation,nn_parent_estimator,standard,nn,tire_force_static,dirt,sinusoidal,9.0,0,400,/home/ksha/Documents/sbel/offroad-control/benchmarking/results/tire_model_with_estimator_ablation_20260827_225959/raw/0325_nn_parent_estimator_dirt_sinusoidal_v9_b0_s400,ok,0,26.132136821746826,20.0,1.0,/home/ksha/Documents/sbel/offroad-control/benchmarking/results/tire_model_with_estimator_ablation_20260827_225959/raw/0325_nn_parent_estimator_dirt_sinusoidal_v9_b0_s400/20260827_231802_320223_dirt_sinusoidal_acados_static_mlp/diag_dirt_sinusoidal_acados_static_mlp.csv,,,1166,0.0736609830569733,0.214616,0.0598925897810219,4.7838074452554755,5.341,0.5315341605839418,15.003807890222987,15.6335,129.97576951470904,76.027142,1.554111,0,chrono_body_contact,0,,,,,,,,True,sinusoidal,9.0,400,97,[25650],[25651],True,True,,12,True,True,False,598,21,9.504,9.504,16,32,7,1.038221,0.133437,-0.008208,0,0,True,scalar_parent,matched_parent_profile_live,historical matched scalar-parent online estimator,dirt,dc58ccfda201c75bc0d828da6f9710e91377898701de047f0e4ef191b0e89544,shared_worst_case_phi13_curvature_v1,True,0,,,,,,,,,,,,,
tire_model_with_estimator_ablation,nn_parent_estimator,standard,nn,tire_force_static,dirt,sinusoidal,9.0,0,401,/home/ksha/Documents/sbel/offroad-control/benchmarking/results/tire_model_with_estimator_ablation_20260827_225959/raw/0326_nn_parent_estimator_dirt_sinusoidal_v9_b0_s401,ok,0,26.226545810699463,20.0,0.99,/home/ksha/Documents/sbel/offroad-control/benchmarking/results/tire_model_with_estimator_ablation_20260827_225959/raw/0326_nn_parent_estimator_dirt_sinusoidal_v9_b0_s401/20260827_231802_439827_dirt_sinusoidal_acados_static_mlp/diag_dirt_sinusoidal_acados_static_mlp.csv,,,1177,0.06841384590134492,0.222974,0.05371412824207493,4.7820995677233435,5.206975,0.5313443964137048,14.92767204757859,15.6924,130.06061645767423,76.101494,1.534978,0,chrono_body_contact,0,,,,,,,,True,sinusoidal,9.0,401,99,[25652],[25653],True,True,,12,True,True,False,606,21,9.504,9.504,16,32,7,1.036298,0.140108,-0.012746,0,0,True,scalar_parent,matched_parent_profile_live,historical matched scalar-parent online estimator,dirt,dc58ccfda201c75bc0d828da6f9710e91377898701de047f0e4ef191b0e89544,shared_worst_case_phi13_curvature_v1,True,0,,,,,,,,,,,,,
tire_model_with_estimator_ablation,nn_parent_estimator,standard,nn,tire_force_static,dirt,sinusoidal,7.0,0,404,/home/ksha/Documents/sbel/offroad-control/benchmarking/results/tire_model_with_estimator_ablation_20260827_225959/raw/0324_nn_parent_estimator_dirt_sinusoidal_v7_b0_s404,ok,0,26.229244232177734,20.0,0.99,/home/ksha/Documents/sbel/offroad-control/benchmarking/results/tire_model_with_estimator_ablation_20260827_225959/raw/0324_nn_parent_estimator_dirt_sinusoidal_v7_b0_s404/20260827_231802_540903_dirt_sinusoidal_acados_static_mlp/diag_dirt_sinusoidal_acados_static_mlp.csv,,,1170,0.07162933080606917,0.204502,0.0583982863372093,4.851978924418604,5.24817,0.6931398463455148,15.059846153846154,15.7131,130.81614150975648,76.419628,1.537262,0,chrono_body_contact,0,,,,,,,,True,sinusoidal,7.0,404,95,[25648],[25649],True,True,,12,True,True,False,603,21,9.516,9.516,16,32,7,1.037799,0.13399,-0.008517,0,0,True,scalar_parent,matched_parent_profile_live,historical matched scalar-parent online estimator,dirt,dc58ccfda201c75bc0d828da6f9710e91377898701de047f0e4ef191b0e89544,shared_worst_case_phi13_curvature_v1,True,0,,,,,,,,,,,,,
tire_model_with_estimator_ablation,nn_parent_estimator,standard,nn,tire_force_static,dirt,sinusoidal,9.0,0,403,/home/ksha/Documents/sbel/offroad-control/benchmarking/results/tire_model_with_estimator_ablation_20260827_225959/raw/0328_nn_parent_estimator_dirt_sinusoidal_v9_b0_s403,ok,0,26.276057720184326,20.0,1.0,/home/ksha/Documents/sbel/offroad-control/benchmarking/results/tire_model_with_estimator_ablation_20260827_225959/raw/0328_nn_parent_estimator_dirt_sinusoidal_v9_b0_s403/20260827_231802_269854_dirt_sinusoidal_acados_static_mlp/diag_dirt_sinusoidal_acados_static_mlp.csv,,,1162,0.06964212867447303,0.269573,0.056079881405563685,4.786627086383602,5.31978,0.5318474540426225,15.089802065404474,15.67,129.7248933940147,75.760095,1.569291,0,chrono_body_contact,0,,,,,,,,True,sinusoidal,9.0,403,2,[25656],[25657],True,True,,12,True,True,False,565,20,10.008,10.008,16,31,8,1.034796,0.134743,0.003472,0,0,True,scalar_parent,matched_parent_profile_live,historical matched scalar-parent online estimator,dirt,dc58ccfda201c75bc0d828da6f9710e91377898701de047f0e4ef191b0e89544,shared_worst_case_phi13_curvature_v1,True,0,,,,,,,,,,,,,
tire_model_with_estimator_ablation,nn_parent_estimator,standard,nn,tire_force_static,dirt,sinusoidal,7.0,0,401,/home/ksha/Documents/sbel/offroad-control/benchmarking/results/tire_model_with_estimator_ablation_20260827_225959/raw/0321_nn_parent_estimator_dirt_sinusoidal_v7_b0_s401,ok,0,26.27591896057129,20.0,0.99,/home/ksha/Documents/sbel/offroad-control/benchmarking/results/tire_model_with_estimator_ablation_20260827_225959/raw/0321_nn_parent_estimator_dirt_sinusoidal_v7_b0_s401/20260827_231802_446632_dirt_sinusoidal_acados_static_mlp/diag_dirt_sinusoidal_acados_static_mlp.csv,,,1195,0.07295227677129673,0.226508,0.05794580114449213,4.745444921316166,5.3309,0.6779207030451665,14.66165690376569,15.757199999999994,130.26356854933977,71.569216,1.861168,0,chrono_body_contact,0,,,,,,,,True,sinusoidal,7.0,401,89,[25642],[25643],True,True,,12,True,True,False,521,18,10.991999999999999,10.991999999999999,16,29,10,1.035897,0.136882,0.025984,0,0,True,scalar_parent,matched_parent_profile_live,historical matched scalar-parent online estimator,dirt,dc58ccfda201c75bc0d828da6f9710e91377898701de047f0e4ef191b0e89544,shared_worst_case_phi13_curvature_v1,True,0,,,,,,,,,,,,,
tire_model_with_estimator_ablation,nn_parent_estimator,standard,nn,tire_force_static,dirt,sinusoidal,9.0,0,402,/home/ksha/Documents/sbel/offroad-control/benchmarking/results/tire_model_with_estimator_ablation_20260827_225959/raw/0327_nn_parent_estimator_dirt_sinusoidal_v9_b0_s402,ok,0,26.276768922805786,20.0,0.98,/home/ksha/Documents/sbel/offroad-control/benchmarking/results/tire_model_with_estimator_ablation_20260827_225959/raw/0327_nn_parent_estimator_dirt_sinusoidal_v9_b0_s402/20260827_231802_612118_dirt_sinusoidal_acados_static_mlp/diag_dirt_sinusoidal_acados_static_mlp.csv,,,1180,0.07345242604677785,0.231592,0.05782102145922747,4.877801859799714,5.319400000000001,0.5419779844221905,14.97256779661017,15.5942,131.84012700879774,77.301999,1.248729,0,chrono_body_contact,0,,,,,,,,True,sinusoidal,9.0,402,0,[25654],[25655],True,True,,12,True,True,False,612,21,9.504,9.504,16,32,7,1.042744,0.138094,-0.011044,0,0,True,scalar_parent,matched_parent_profile_live,historical matched scalar-parent online estimator,dirt,dc58ccfda201c75bc0d828da6f9710e91377898701de047f0e4ef191b0e89544,shared_worst_case_phi13_curvature_v1,True,0,,,,,,,,,,,,,
tire_model_with_estimator_ablation,nn_parent_estimator,standard,nn,tire_force_static,dirt,sinusoidal,7.0,0,403,/home/ksha/Documents/sbel/offroad-control/benchmarking/results/tire_model_with_estimator_ablation_20260827_225959/raw/0323_nn_parent_estimator_dirt_sinusoidal_v7_b0_s403,ok,0,26.327643156051636,20.0,1.0,/home/ksha/Documents/sbel/offroad-control/benchmarking/results/tire_model_with_estimator_ablation_20260827_225959/raw/0323_nn_parent_estimator_dirt_sinusoidal_v7_b0_s403/20260827_231802_570038_dirt_sinusoidal_acados_static_mlp/diag_dirt_sinusoidal_acados_static_mlp.csv,,,1198,0.0673101564129423,0.218942,0.05425903561253562,4.766080626780626,5.16798,0.6808686609686608,14.637570951585978,17.08409999999999,129.29348155857764,73.322994,1.981696,0,chrono_body_contact,0,,,,,,,,True,sinusoidal,7.0,403,93,[25646],[25647],True,True,,12,True,True,False,522,18,10.991999999999999,10.991999999999999,16,29,10,1.03308,0.1425,-0.003936,0,0,True,scalar_parent,matched_parent_profile_live,historical matched scalar-parent online estimator,dirt,dc58ccfda201c75bc0d828da6f9710e91377898701de047f0e4ef191b0e89544,shared_worst_case_phi13_curvature_v1,True,0,,,,,,,,,,,,,
tire_model_with_estimator_ablation,nn_parent_estimator,standard,nn,tire_force_static,dirt,lane_change,7.0,0,401,/home/ksha/Documents/sbel/offroad-control/benchmarking/results/tire_model_with_estimator_ablation_20260827_225959/raw/0336_nn_parent_estimator_dirt_lane_change_v7_b0_s401,ok,0,25.979437112808228,20.0,1.0,/home/ksha/Documents/sbel/offroad-control/benchmarking/results/tire_model_with_estimator_ablation_20260827_225959/raw/0336_nn_parent_estimator_dirt_lane_change_v7_b0_s401/20260827_231828_703804_dirt_lane_change_acados_static_mlp/diag_dirt_lane_change_acados_static_mlp.csv,,,1258,0.05565728584785412,0.171714,0.044010377577319584,3.78665837628866,7.243650000000001,0.5409511966126657,14.020850556438791,16.700600000000026,143.95052210494697,80.890197,3.036362,0,chrono_body_contact,0,,,,,,,,True,lane_change,7.0,401,18,[25672],[25673],True,True,,12,True,True,False,207,3,8.508,8.508,14,18,21,1.023419,0.137367,-0.008296,0,0,True,scalar_parent,matched_parent_profile_live,historical matched scalar-parent online estimator,dirt,7085653a638402e5abfa5737dcf5188cf3bc55fb7a7340a71403cb917f35b2aa,shared_worst_case_phi13_curvature_v1,True,0,,,,,,,,,,,,,
tire_model_with_estimator_ablation,nn_parent_estimator,standard,nn,tire_force_static,dirt,lane_change,5.0,0,404,/home/ksha/Documents/sbel/offroad-control/benchmarking/results/tire_model_with_estimator_ablation_20260827_225959/raw/0334_nn_parent_estimator_dirt_lane_change_v5_b0_s404,ok,0,26.078052759170532,20.0,1.0,/home/ksha/Documents/sbel/offroad-control/benchmarking/results/tire_model_with_estimator_ablation_20260827_225959/raw/0334_nn_parent_estimator_dirt_lane_change_v5_b0_s404/20260827_231828_683994_dirt_lane_change_acados_static_mlp/diag_dirt_lane_change_acados_static_mlp.csv,,,1161,0.05119435019767252,0.174503,0.04113236931818182,3.9427551136363634,5.47393,0.7885510227272727,15.26931955211025,16.848000000000006,131.20615698801328,78.758017,3.112598,0,chrono_body_contact,0,,,,,,,,True,lane_change,5.0,404,14,[25668],[25669],True,True,,12,True,True,False,139,3,9.012,9.012,14,15,24,1.007398,0.132978,-0.00501,0,0,True,scalar_parent,matched_parent_profile_live,historical matched scalar-parent online estimator,dirt,c95613694247a1005b45d05d79e96eab52db905aea2667907ed2515e9ac3b36a,shared_worst_case_phi13_curvature_v1,True,0,,,,,,,,,,,,,
tire_model_with_estimator_ablation,nn_parent_estimator,standard,nn,tire_force_static,dirt,lane_change,5.0,0,402,/home/ksha/Documents/sbel/offroad-control/benchmarking/results/tire_model_with_estimator_ablation_20260827_225959/raw/0332_nn_parent_estimator_dirt_lane_change_v5_b0_s402,ok,0,26.081294298171997,20.0,1.0,/home/ksha/Documents/sbel/offroad-control/benchmarking/results/tire_model_with_estimator_ablation_20260827_225959/raw/0332_nn_parent_estimator_dirt_lane_change_v5_b0_s402/20260827_231828_852276_dirt_lane_change_acados_static_mlp/diag_dirt_lane_change_acados_static_mlp.csv,,,1219,0.05260652376630162,0.197483,0.04146274184782609,3.9730039402173913,5.4362,0.7946007880434782,14.532280557834289,16.304599999999997,132.78222314483452,78.963579,3.112076,0,chrono_body_contact,0,,,,,,,,True,lane_change,5.0,402,10,[25664],[25665],True,True,,12,True,True,False,84,2,9.504,9.504,13,13,26,1.001221,0.183614,-0.009048,0,0,True,scalar_parent,matched_parent_profile_live,historical matched scalar-parent online estimator,dirt,c95613694247a1005b45d05d79e96eab52db905aea2667907ed2515e9ac3b36a,shared_worst_case_phi13_curvature_v1,True,0,,,,,,,,,,,,,
tire_model_with_estimator_ablation,nn_parent_estimator,standard,nn,tire_force_static,dirt,lane_change,5.0,0,403,/home/ksha/Documents/sbel/offroad-control/benchmarking/results/tire_model_with_estimator_ablation_20260827_225959/raw/0333_nn_parent_estimator_dirt_lane_change_v5_b0_s403,ok,0,26.081234455108643,20.0,1.0,/home/ksha/Documents/sbel/offroad-control/benchmarking/results/tire_model_with_estimator_ablation_20260827_225959/raw/0333_nn_parent_estimator_dirt_lane_change_v5_b0_s403/20260827_231828_975037_dirt_lane_change_acados_static_mlp/diag_dirt_lane_change_acados_static_mlp.csv,,,1224,0.05176840557989558,0.173499,0.04137340402684564,3.844661744966443,5.53602,0.7689323489932887,14.535057189542483,16.883899999999997,135.59535202689926,79.038617,2.963844,0,chrono_body_contact,0,,,,,,,,True,lane_change,5.0,403,12,[25666],[25667],True,True,,12,True,True,False,207,3,9.0,9.0,14,15,24,1.008729,0.151944,-0.004007,0,0,True,scalar_parent,matched_parent_profile_live,historical matched scalar-parent online estimator,dirt,c95613694247a1005b45d05d79e96eab52db905aea2667907ed2515e9ac3b36a,shared_worst_case_phi13_curvature_v1,True,0,,,,,,,,,,,,,
tire_model_with_estimator_ablation,nn_parent_estimator,standard,nn,tire_force_static,dirt,sinusoidal,9.0,0,404,/home/ksha/Documents/sbel/offroad-control/benchmarking/results/tire_model_with_estimator_ablation_20260827_225959/raw/0329_nn_parent_estimator_dirt_sinusoidal_v9_b0_s404,ok,0,26.130589485168457,20.0,0.99,/home/ksha/Documents/sbel/offroad-control/benchmarking/results/tire_model_with_estimator_ablation_20260827_225959/raw/0329_nn_parent_estimator_dirt_sinusoidal_v9_b0_s404/20260827_231828_830879_dirt_sinusoidal_acados_static_mlp/diag_dirt_sinusoidal_acados_static_mlp.csv,,,1184,0.06947310254156953,0.197784,0.05545761637931034,4.806514224137931,5.2802,0.5340571360153257,14.836554054054053,15.845100000000002,130.85885842673483,75.331027,1.800947,0,chrono_body_contact,0,,,,,,,,True,sinusoidal,9.0,404,4,[25658],[25659],True,True,,12,True,True,False,607,21,9.504,9.504,16,32,7,1.027825,0.120944,0.012466,0,0,True,scalar_parent,matched_parent_profile_live,historical matched scalar-parent online estimator,dirt,dc58ccfda201c75bc0d828da6f9710e91377898701de047f0e4ef191b0e89544,shared_worst_case_phi13_curvature_v1,True,0,,,,,,,,,,,,,
tire_model_with_estimator_ablation,nn_parent_estimator,standard,nn,tire_force_static,dirt,lane_change,5.0,0,400,/home/ksha/Documents/sbel/offroad-control/benchmarking/results/tire_model_with_estimator_ablation_20260827_225959/raw/0330_nn_parent_estimator_dirt_lane_change_v5_b0_s400,ok,0,26.178454399108887,20.0,1.0,/home/ksha/Documents/sbel/offroad-control/benchmarking/results/tire_model_with_estimator_ablation_20260827_225959/raw/0330_nn_parent_estimator_dirt_lane_change_v5_b0_s400/20260827_231828_879309_dirt_lane_change_acados_static_mlp/diag_dirt_lane_change_acados_static_mlp.csv,,,1230,0.051373044905507315,0.177345,0.0412173672922252,3.893329624664879,5.45595,0.7786659249329758,14.418373983739839,16.24,135.32316482150756,79.092829,3.044965,0,chrono_body_contact,0,,,,,,,,True,lane_change,5.0,400,6,[25660],[25661],True,True,,12,True,True,False,235,4,8.508,8.508,15,15,24,1.010577,0.159157,-0.011096,0,0,True,scalar_parent,matched_parent_profile_live,historical matched scalar-parent online estimator,dirt,c95613694247a1005b45d05d79e96eab52db905aea2667907ed2515e9ac3b36a,shared_worst_case_phi13_curvature_v1,True,0,,,,,,,,,,,,,
tire_model_with_estimator_ablation,nn_parent_estimator,standard,nn,tire_force_static,dirt,lane_change,5.0,0,401,/home/ksha/Documents/sbel/offroad-control/benchmarking/results/tire_model_with_estimator_ablation_20260827_225959/raw/0331_nn_parent_estimator_dirt_lane_change_v5_b0_s401,ok,0,26.22845149040222,20.0,1.0,/home/ksha/Documents/sbel/offroad-control/benchmarking/results/tire_model_with_estimator_ablation_20260827_225959/raw/0331_nn_parent_estimator_dirt_lane_change_v5_b0_s401/20260827_231828_975044_dirt_lane_change_acados_static_mlp/diag_dirt_lane_change_acados_static_mlp.csv,,,1252,0.05194249194899644,0.163504,0.04143208650065531,3.9059778505897773,5.58411,0.7811955701179555,14.166916932907348,15.62,139.21354825049718,79.054504,3.038321,0,chrono_body_contact,0,,,,,,,,True,lane_change,5.0,401,8,[25662],[25663],True,True,,12,True,True,False,178,3,9.0,9.0,14,14,25,1.004221,0.16914,-0.004745,0,0,True,scalar_parent,matched_parent_profile_live,historical matched scalar-parent online estimator,dirt,c95613694247a1005b45d05d79e96eab52db905aea2667907ed2515e9ac3b36a,shared_worst_case_phi13_curvature_v1,True,0,,,,,,,,,,,,,
tire_model_with_estimator_ablation,nn_parent_estimator,standard,nn,tire_force_static,dirt,lane_change,7.0,0,400,/home/ksha/Documents/sbel/offroad-control/benchmarking/results/tire_model_with_estimator_ablation_20260827_225959/raw/0335_nn_parent_estimator_dirt_lane_change_v7_b0_s400,ok,0,26.28538727760315,20.0,1.0,/home/ksha/Documents/sbel/offroad-control/benchmarking/results/tire_model_with_estimator_ablation_20260827_225959/raw/0335_nn_parent_estimator_dirt_lane_change_v7_b0_s400/20260827_231829_020971_dirt_lane_change_acados_static_mlp/diag_dirt_lane_change_acados_static_mlp.csv,,,1262,0.054221977572886895,0.181889,0.042781280254777065,3.6965030573248407,7.26932,0.5280718653321201,14.00284469096672,17.93890000000005,143.30850860199092,80.939497,3.018194,0,chrono_body_contact,0,,,,,,,,True,lane_change,7.0,400,16,[25670],[25671],True,True,,12,True,True,False,267,5,8.508,8.508,15,20,19,1.01578,0.161325,-0.008611,0,0,True,scalar_parent,matched_parent_profile_live,historical matched scalar-parent online estimator,dirt,7085653a638402e5abfa5737dcf5188cf3bc55fb7a7340a71403cb917f35b2aa,shared_worst_case_phi13_curvature_v1,True,0,,,,,,,,,,,,,
tire_model_with_estimator_ablation,nn_parent_estimator,standard,nn,tire_force_static,dirt,lane_change,9.0,0,401,/home/ksha/Documents/sbel/offroad-control/benchmarking/results/tire_model_with_estimator_ablation_20260827_225959/raw/0341_nn_parent_estimator_dirt_lane_change_v9_b0_s401,ok,0,26.030471086502075,20.0,1.0,/home/ksha/Documents/sbel/offroad-control/benchmarking/results/tire_model_with_estimator_ablation_20260827_225959/raw/0341_nn_parent_estimator_dirt_lane_change_v9_b0_s401/20260827_231855_213906_dirt_lane_change_acados_static_mlp/diag_dirt_lane_change_acados_static_mlp.csv,,,1264,0.21150285377211514,0.706131,0.16100082780612246,3.954186989795918,8.227324999999999,0.4393541099773242,13.90564082278481,16.896599999999978,146.17938470926651,84.196152,3.217131,0,chrono_body_contact,0,,,,,,,,True,lane_change,9.0,401,28,[25682],[25683],True,True,,12,True,True,False,206,3,8.508,8.508,14,21,18,1.018097,0.167397,-0.001899,0,0,True,scalar_parent,matched_parent_profile_live,historical matched scalar-parent online estimator,dirt,8738935243860ac000075a211607e15f3d93aec40193a3fb27ed22c8942c3b2e,shared_worst_case_phi13_curvature_v1,True,0,,,,,,,,,,,,,
tire_model_with_estimator_ablation,nn_parent_estimator,standard,nn,tire_force_static,dirt,lane_change,7.0,0,402,/home/ksha/Documents/sbel/offroad-control/benchmarking/results/tire_model_with_estimator_ablation_20260827_225959/raw/0337_nn_parent_estimator_dirt_lane_change_v7_b0_s402,ok,0,26.032153606414795,20.0,1.0,/home/ksha/Documents/sbel/offroad-control/benchmarking/results/tire_model_with_estimator_ablation_20260827_225959/raw/0337_nn_parent_estimator_dirt_lane_change_v7_b0_s402/20260827_231855_217146_dirt_lane_change_acados_static_mlp/diag_dirt_lane_change_acados_static_mlp.csv,,,1278,0.05372404701118885,0.250389,0.04233904551201012,3.70082022756005,7.1822,0.52868860393715,13.825970266040688,15.769200000000001,143.5423700521777,80.895202,3.109881,0,chrono_body_contact,0,,,,,,,,True,lane_change,7.0,402,20,[25674],[25675],True,True,,12,True,True,False,149,2,8.508,8.508,13,16,23,1.01549,0.147179,0.008836,0,0,True,scalar_parent,matched_parent_profile_live,historical matched scalar-parent online estimator,dirt,7085653a638402e5abfa5737dcf5188cf3bc55fb7a7340a71403cb917f35b2aa,shared_worst_case_phi13_curvature_v1,True,0,,,,,,,,,,,,,
tire_model_with_estimator_ablation,nn_parent_estimator,standard,nn,tire_force_static,dirt,lane_change,9.0,0,402,/home/ksha/Documents/sbel/offroad-control/benchmarking/results/tire_model_with_estimator_ablation_20260827_225959/raw/0342_nn_parent_estimator_dirt_lane_change_v9_b0_s402,ok,0,26.080421209335327,20.0,1.0,/home/ksha/Documents/sbel/offroad-control/benchmarking/results/tire_model_with_estimator_ablation_20260827_225959/raw/0342_nn_parent_estimator_dirt_lane_change_v9_b0_s402/20260827_231855_072381_dirt_lane_change_acados_static_mlp/diag_dirt_lane_change_acados_static_mlp.csv,,,1285,0.1804042288969965,0.691672,0.12298399249061326,3.8913708385481853,8.111949999999998,0.43237453761646505,13.68884046692607,15.941200000000006,147.18680538168252,83.496694,3.125523,0,chrono_body_contact,0,,,,,,,,True,lane_change,9.0,402,30,[25684],[25685],True,True,,12,True,True,False,239,4,8.016,8.016,15,21,18,1.022695,0.161809,-0.004116,0,0,True,scalar_parent,matched_parent_profile_live,historical matched scalar-parent online estimator,dirt,8738935243860ac000075a211607e15f3d93aec40193a3fb27ed22c8942c3b2e,shared_worst_case_phi13_curvature_v1,True,0,,,,,,,,,,,,,
tire_model_with_estimator_ablation,nn_parent_estimator,standard,nn,tire_force_static,dirt,lane_change,7.0,0,404,/home/ksha/Documents/sbel/offroad-control/benchmarking/results/tire_model_with_estimator_ablation_20260827_225959/raw/0339_nn_parent_estimator_dirt_lane_change_v7_b0_s404,ok,0,26.083931922912598,20.0,1.0,/home/ksha/Documents/sbel/offroad-control/benchmarking/results/tire_model_with_estimator_ablation_20260827_225959/raw/0339_nn_parent_estimator_dirt_lane_change_v7_b0_s404/20260827_231855_076041_dirt_lane_change_acados_static_mlp/diag_dirt_lane_change_acados_static_mlp.csv,,,1252,0.05309340926508639,0.174016,0.042136527670527675,3.6765867438867437,7.276579999999999,0.5252266776981063,14.122012779552717,15.9898,143.28651548056354,80.778266,3.104804,0,chrono_body_contact,0,,,,,,,,True,lane_change,7.0,404,24,[25678],[25679],True,True,,12,True,True,False,147,2,8.508,8.508,13,16,23,1.020059,0.141936,-0.012695,0,0,True,scalar_parent,matched_parent_profile_live,historical matched scalar-parent online estimator,dirt,7085653a638402e5abfa5737dcf5188cf3bc55fb7a7340a71403cb917f35b2aa,shared_worst_case_phi13_curvature_v1,True,0,,,,,,,,,,,,,
tire_model_with_estimator_ablation,nn_parent_estimator,standard,nn,tire_force_static,dirt,lane_change,9.0,0,404,/home/ksha/Documents/sbel/offroad-control/benchmarking/results/tire_model_with_estimator_ablation_20260827_225959/raw/0344_nn_parent_estimator_dirt_lane_change_v9_b0_s404,ok,0,26.083083391189575,20.0,0.99,/home/ksha/Documents/sbel/offroad-control/benchmarking/results/tire_model_with_estimator_ablation_20260827_225959/raw/0344_nn_parent_estimator_dirt_lane_change_v9_b0_s404/20260827_231855_264168_dirt_lane_change_acados_static_mlp/diag_dirt_lane_change_acados_static_mlp.csv,,,1258,0.16365979085886317,0.683445,0.09253231887755102,3.907199362244897,8.127295,0.43413326247165523,14.043847376788555,16.25450000000001,147.36525255957707,83.149754,3.152,0,chrono_body_contact,0,,,,,,,,True,lane_change,9.0,404,34,[25688],[25689],True,True,,12,True,True,False,176,3,8.508,8.508,14,21,18,1.026213,0.154078,0.003774,0,0,True,scalar_parent,matched_parent_profile_live,historical matched scalar-parent online estimator,dirt,8738935243860ac000075a211607e15f3d93aec40193a3fb27ed22c8942c3b2e,shared_worst_case_phi13_curvature_v1,True,0,,,,,,,,,,,,,
tire_model_with_estimator_ablation,nn_parent_estimator,standard,nn,tire_force_static,dirt,lane_change,7.0,0,403,/home/ksha/Documents/sbel/offroad-control/benchmarking/results/tire_model_with_estimator_ablation_20260827_225959/raw/0338_nn_parent_estimator_dirt_lane_change_v7_b0_s403,ok,0,26.13099765777588,20.0,1.0,/home/ksha/Documents/sbel/offroad-control/benchmarking/results/tire_model_with_estimator_ablation_20260827_225959/raw/0338_nn_parent_estimator_dirt_lane_change_v7_b0_s403/20260827_231855_264571_dirt_lane_change_acados_static_mlp/diag_dirt_lane_change_acados_static_mlp.csv,,,1189,0.05343753939689623,0.195545,0.041899531250000004,3.6744335597826088,7.252425000000001,0.5249190799689442,14.837392767031115,18.15,137.2064944309402,80.741119,2.982209,0,chrono_body_contact,0,,,,,,,,True,lane_change,7.0,403,22,[25676],[25677],True,True,,12,True,True,False,111,2,9.012,9.012,13,18,21,1.021863,0.171378,-0.006094,0,0,True,scalar_parent,matched_parent_profile_live,historical matched scalar-parent online estimator,dirt,7085653a638402e5abfa5737dcf5188cf3bc55fb7a7340a71403cb917f35b2aa,shared_worst_case_phi13_curvature_v1,True,0,,,,,,,,,,,,,
tire_model_with_estimator_ablation,nn_parent_estimator,standard,nn,tire_force_static,dirt,lane_change,9.0,0,403,/home/ksha/Documents/sbel/offroad-control/benchmarking/results/tire_model_with_estimator_ablation_20260827_225959/raw/0343_nn_parent_estimator_dirt_lane_change_v9_b0_s403,ok,0,26.332092761993408,20.0,1.0,/home/ksha/Documents/sbel/offroad-control/benchmarking/results/tire_model_with_estimator_ablation_20260827_225959/raw/0343_nn_parent_estimator_dirt_lane_change_v9_b0_s403/20260827_231855_170149_dirt_lane_change_acados_static_mlp/diag_dirt_lane_change_acados_static_mlp.csv,,,1249,0.1918666457808886,0.767476,0.13544017820512821,4.010656794871794,8.186359999999999,0.4456285327635327,14.161761409127303,19.08559999999999,143.1235138982606,83.739011,3.12212,0,chrono_body_contact,0,,,,,,,,True,lane_change,9.0,403,32,[25686],[25687],True,True,,12,True,True,False,118,2,9.0,9.0,13,20,19,1.023909,0.173814,-0.012885,0,0,True,scalar_parent,matched_parent_profile_live,historical matched scalar-parent online estimator,dirt,8738935243860ac000075a211607e15f3d93aec40193a3fb27ed22c8942c3b2e,shared_worst_case_phi13_curvature_v1,True,0,,,,,,,,,,,,,
tire_model_with_estimator_ablation,nn_parent_estimator,standard,nn,tire_force_static,dirt,lane_change,9.0,0,400,/home/ksha/Documents/sbel/offroad-control/benchmarking/results/tire_model_with_estimator_ablation_20260827_225959/raw/0340_nn_parent_estimator_dirt_lane_change_v9_b0_s400,ok,0,26.340811491012573,20.0,1.0,/home/ksha/Documents/sbel/offroad-control/benchmarking/results/tire_model_with_estimator_ablation_20260827_225959/raw/0340_nn_parent_estimator_dirt_lane_change_v9_b0_s400/20260827_231855_113561_dirt_lane_change_acados_static_mlp/diag_dirt_lane_change_acados_static_mlp.csv,,,1244,0.20403196953411815,0.717126,0.15689393220338985,3.981016166883964,8.12293,0.44233512965377375,14.194895498392283,18.2214,145.50416329166453,83.685512,3.244977,0,chrono_body_contact,0,,,,,,,,True,lane_change,9.0,400,26,[25680],[25681],True,True,,12,True,True,False,176,3,8.52,8.52,14,21,18,1.024358,0.142219,-0.002494,0,0,True,scalar_parent,matched_parent_profile_live,historical matched scalar-parent online estimator,dirt,8738935243860ac000075a211607e15f3d93aec40193a3fb27ed22c8942c3b2e,shared_worst_case_phi13_curvature_v1,True,0,,,,,,,,,,,,,
tire_model_with_estimator_ablation,nn_parent_estimator,standard,nn,tire_force_static,dirt,right_left,5.0,0,401,/home/ksha/Documents/sbel/offroad-control/benchmarking/results/tire_model_with_estimator_ablation_20260827_225959/raw/0346_nn_parent_estimator_dirt_right_left_v5_b0_s401,ok,0,25.981505155563354,20.0,1.0,/home/ksha/Documents/sbel/offroad-control/benchmarking/results/tire_model_with_estimator_ablation_20260827_225959/raw/0346_nn_parent_estimator_dirt_right_left_v5_b0_s401/20260827_231921_652766_dirt_right_left_acados_static_mlp/diag_dirt_right_left_acados_static_mlp.csv,,,1192,0.12323227683302343,0.400106,0.09750195448079657,3.751573115220483,4.68763,0.7503146230440966,14.682600671140943,15.450899999999999,127.50222211441869,49.331451,-30.978376,0,chrono_body_contact,0,,,,,,,,True,right_left,5.0,401,38,[25692],[25693],True,True,,12,True,True,False,579,19,10.008,10.008,16,30,9,0.992468,0.055033,0.009322,0,0,True,scalar_parent,matched_parent_profile_live,historical matched scalar-parent online estimator,dirt,2df275ec6c3a4a1b2fbc274414784eef849a9e55ab7130f9593a0001877583aa,shared_worst_case_phi13_curvature_v1,True,0,,,,,,,,,,,,,
tire_model_with_estimator_ablation,nn_parent_estimator,standard,nn,tire_force_static,dirt,right_left,7.0,0,402,/home/ksha/Documents/sbel/offroad-control/benchmarking/results/tire_model_with_estimator_ablation_20260827_225959/raw/0352_nn_parent_estimator_dirt_right_left_v7_b0_s402,ok,0,26.07990002632141,20.0,1.0,/home/ksha/Documents/sbel/offroad-control/benchmarking/results/tire_model_with_estimator_ablation_20260827_225959/raw/0352_nn_parent_estimator_dirt_right_left_v7_b0_s402/20260827_231921_744101_dirt_right_left_acados_static_mlp/diag_dirt_right_left_acados_static_mlp.csv,,,1110,0.15254919071014744,0.474271,0.1119347519379845,4.127936124031008,5.7859,0.5897051605758582,15.770396396396396,16.319100000000002,123.83121993444176,55.212505,-30.88166,0,chrono_body_contact,0,,,,,,,,True,right_left,7.0,402,50,[25704],[25705],True,True,,12,True,True,False,560,19,9.516,9.516,16,30,9,0.996137,0.034212,0.020025,0,0,True,scalar_parent,matched_parent_profile_live,historical matched scalar-parent online estimator,dirt,2a22058ceeef679f207bd5220377a736edae3e63c7f59afab2d351bc5e8d1aca,shared_worst_case_phi13_curvature_v1,True,0,,,,,,,,,,,,,
tire_model_with_estimator_ablation,nn_parent_estimator,standard,nn,tire_force_static,dirt,right_left,7.0,0,401,/home/ksha/Documents/sbel/offroad-control/benchmarking/results/tire_model_with_estimator_ablation_20260827_225959/raw/0351_nn_parent_estimator_dirt_right_left_v7_b0_s401,ok,0,26.12567949295044,20.0,0.99,/home/ksha/Documents/sbel/offroad-control/benchmarking/results/tire_model_with_estimator_ablation_20260827_225959/raw/0351_nn_parent_estimator_dirt_right_left_v7_b0_s401/20260827_231921_708955_dirt_right_left_acados_static_mlp/diag_dirt_right_left_acados_static_mlp.csv,,,1173,0.13700806154424838,0.38119,0.106022784992785,3.9564431457431453,5.58472,0.5652061636775921,14.992591645353794,15.51,128.54345218700598,53.412454,-30.967963,0,chrono_body_contact,0,,,,,,,,True,right_left,7.0,401,48,[25702],[25703],True,True,,12,True,True,False,635,20,9.0,9.0,16,31,8,0.995984,0.031252,0.027089,0,0,True,scalar_parent,matched_parent_profile_live,historical matched scalar-parent online estimator,dirt,2a22058ceeef679f207bd5220377a736edae3e63c7f59afab2d351bc5e8d1aca,shared_worst_case_phi13_curvature_v1,True,0,,,,,,,,,,,,,
tire_model_with_estimator_ablation,nn_parent_estimator,standard,nn,tire_force_static,dirt,right_left,5.0,0,404,/home/ksha/Documents/sbel/offroad-control/benchmarking/results/tire_model_with_estimator_ablation_20260827_225959/raw/0349_nn_parent_estimator_dirt_right_left_v5_b0_s404,ok,0,26.13288116455078,20.0,0.99,/home/ksha/Documents/sbel/offroad-control/benchmarking/results/tire_model_with_estimator_ablation_20260827_225959/raw/0349_nn_parent_estimator_dirt_right_left_v5_b0_s404/20260827_231921_824659_dirt_right_left_acados_static_mlp/diag_dirt_right_left_acados_static_mlp.csv,,,1134,0.1283085434022108,0.437312,0.09931484131736527,3.80126871257485,4.689824999999999,0.76025374251497,15.592169312169313,16.0734,125.53485458901973,50.170048,-30.931145,0,chrono_body_contact,0,,,,,,,,True,right_left,5.0,404,44,[25698],[25699],True,True,,12,True,True,False,464,15,11.508,11.508,16,28,11,0.997537,0.037303,0.014188,0,0,True,scalar_parent,matched_parent_profile_live,historical matched scalar-parent online estimator,dirt,2df275ec6c3a4a1b2fbc274414784eef849a9e55ab7130f9593a0001877583aa,shared_worst_case_phi13_curvature_v1,True,0,,,,,,,,,,,,,
tire_model_with_estimator_ablation,nn_parent_estimator,standard,nn,tire_force_static,dirt,right_left,5.0,0,402,/home/ksha/Documents/sbel/offroad-control/benchmarking/results/tire_model_with_estimator_ablation_20260827_225959/raw/0347_nn_parent_estimator_dirt_right_left_v5_b0_s402,ok,0,26.2298743724823,20.0,0.99,/home/ksha/Documents/sbel/offroad-control/benchmarking/results/tire_model_with_estimator_ablation_20260827_225959/raw/0347_nn_parent_estimator_dirt_right_left_v5_b0_s402/20260827_231921_887792_dirt_right_left_acados_static_mlp/diag_dirt_right_left_acados_static_mlp.csv,,,1179,0.1099012334993085,0.313551,0.08824648640915594,3.7046773962804007,4.5532200000000005,0.7409354792560802,15.035521628498728,15.56,125.18760381726476,49.187686,-30.896695,0,chrono_body_contact,0,,,,,,,,True,right_left,5.0,402,40,[25694],[25695],True,True,,12,True,True,False,495,16,11.508,11.508,16,30,9,0.992203,0.044607,0.019,0,0,True,scalar_parent,matched_parent_profile_live,historical matched scalar-parent online estimator,dirt,2df275ec6c3a4a1b2fbc274414784eef849a9e55ab7130f9593a0001877583aa,shared_worst_case_phi13_curvature_v1,True,0,,,,,,,,,,,,,
tire_model_with_estimator_ablation,nn_parent_estimator,standard,nn,tire_force_static,dirt,right_left,5.0,0,400,/home/ksha/Documents/sbel/offroad-control/benchmarking/results/tire_model_with_estimator_ablation_20260827_225959/raw/0345_nn_parent_estimator_dirt_right_left_v5_b0_s400,ok,0,26.230026483535767,20.0,0.99,/home/ksha/Documents/sbel/offroad-control/benchmarking/results/tire_model_with_estimator_ablation_20260827_225959/raw/0345_nn_parent_estimator_dirt_right_left_v5_b0_s400/20260827_231921_753887_dirt_right_left_acados_static_mlp/diag_dirt_right_left_acados_static_mlp.csv,,,1209,0.12159277177067096,0.377203,0.09490565550906555,3.7716853556485352,4.7050399999999994,0.754337071129707,14.640297766749383,15.24,127.9524118481438,49.690148,-30.978978,0,chrono_body_contact,0,,,,,,,,True,right_left,5.0,400,36,[25690],[25691],True,True,,12,True,True,False,628,19,9.504,9.504,16,30,9,0.994358,0.028446,0.01425,0,0,True,scalar_parent,matched_parent_profile_live,historical matched scalar-parent online estimator,dirt,2df275ec6c3a4a1b2fbc274414784eef849a9e55ab7130f9593a0001877583aa,shared_worst_case_phi13_curvature_v1,True,0,,,,,,,,,,,,,
tire_model_with_estimator_ablation,nn_parent_estimator,standard,nn,tire_force_static,dirt,right_left,7.0,0,400,/home/ksha/Documents/sbel/offroad-control/benchmarking/results/tire_model_with_estimator_ablation_20260827_225959/raw/0350_nn_parent_estimator_dirt_right_left_v7_b0_s400,ok,0,26.280869007110596,20.0,0.98,/home/ksha/Documents/sbel/offroad-control/benchmarking/results/tire_model_with_estimator_ablation_20260827_225959/raw/0350_nn_parent_estimator_dirt_right_left_v7_b0_s400/20260827_231921_755262_dirt_right_left_acados_static_mlp/diag_dirt_right_left_acados_static_mlp.csv,,,1170,0.15719432434345892,0.486798,0.11589130945558739,4.052617478510029,5.699495,0.5789453540728612,15.184461538461537,15.6731,127.7511156140667,53.956018,-31.040557,0,chrono_body_contact,0,,,,,,,,True,right_left,7.0,400,46,[25700],[25701],True,True,,12,True,True,False,641,20,9.0,9.0,16,31,8,0.992859,0.012702,0.02103,0,0,True,scalar_parent,matched_parent_profile_live,historical matched scalar-parent online estimator,dirt,2a22058ceeef679f207bd5220377a736edae3e63c7f59afab2d351bc5e8d1aca,shared_worst_case_phi13_curvature_v1,True,0,,,,,,,,,,,,,
tire_model_with_estimator_ablation,nn_parent_estimator,standard,nn,tire_force_static,dirt,right_left,5.0,0,403,/home/ksha/Documents/sbel/offroad-control/benchmarking/results/tire_model_with_estimator_ablation_20260827_225959/raw/0348_nn_parent_estimator_dirt_right_left_v5_b0_s403,ok,0,26.334846258163452,20.0,0.98,/home/ksha/Documents/sbel/offroad-control/benchmarking/results/tire_model_with_estimator_ablation_20260827_225959/raw/0348_nn_parent_estimator_dirt_right_left_v5_b0_s403/20260827_231921_523947_dirt_right_left_acados_static_mlp/diag_dirt_right_left_acados_static_mlp.csv,,,1189,0.1142032829082412,0.294753,0.09320803389830508,3.623103107344633,4.452965,0.7246206214689266,15.026349873843568,15.601199999999999,125.70748593747837,47.624119,-30.957218,0,chrono_body_contact,0,,,,,,,,True,right_left,5.0,403,42,[25696],[25697],True,True,,12,True,True,False,501,17,11.508,11.508,16,30,9,0.990229,0.04737,0.019624,0,0,True,scalar_parent,matched_parent_profile_live,historical matched scalar-parent online estimator,dirt,2df275ec6c3a4a1b2fbc274414784eef849a9e55ab7130f9593a0001877583aa,shared_worst_case_phi13_curvature_v1,True,0,,,,,,,,,,,,,
tire_model_with_estimator_ablation,nn_parent_estimator,standard,nn,tire_force_static,dirt,right_left,7.0,0,404,/home/ksha/Documents/sbel/offroad-control/benchmarking/results/tire_model_with_estimator_ablation_20260827_225959/raw/0354_nn_parent_estimator_dirt_right_left_v7_b0_s404,ok,0,25.9298152923584,20.0,0.99,/home/ksha/Documents/sbel/offroad-control/benchmarking/results/tire_model_with_estimator_ablation_20260827_225959/raw/0354_nn_parent_estimator_dirt_right_left_v7_b0_s404/20260827_231948_114892_dirt_right_left_acados_static_mlp/diag_dirt_right_left_acados_static_mlp.csv,,,1109,0.18744738178794848,0.617545,0.13207944000000002,4.151274923076923,5.698344999999999,0.5930392747252747,15.703119927862941,16.597600000000003,127.74772620350761,55.657104,-30.915829,0,chrono_body_contact,0,,,,,,,,True,right_left,7.0,404,54,[25708],[25709],True,True,,12,True,True,False,568,20,9.504,9.504,16,31,8,1.000211,0.02531,0.017565,0,0,True,scalar_parent,matched_parent_profile_live,historical matched scalar-parent online estimator,dirt,2a22058ceeef679f207bd5220377a736edae3e63c7f59afab2d351bc5e8d1aca,shared_worst_case_phi13_curvature_v1,True,0,,,,,,,,,,,,,
tire_model_with_estimator_ablation,nn_parent_estimator,standard,nn,tire_force_static,dirt,right_left,9.0,0,400,/home/ksha/Documents/sbel/offroad-control/benchmarking/results/tire_model_with_estimator_ablation_20260827_225959/raw/0355_nn_parent_estimator_dirt_right_left_v9_b0_s400,ok,0,25.929865837097168,20.0,1.0,/home/ksha/Documents/sbel/offroad-control/benchmarking/results/tire_model_with_estimator_ablation_20260827_225959/raw/0355_nn_parent_estimator_dirt_right_left_v9_b0_s400/20260827_231948_032909_dirt_right_left_acados_static_mlp/diag_dirt_right_left_acados_static_mlp.csv,,,1185,0.15428326242056725,0.41703,0.11476299568965517,4.079829885057471,6.2349,0.45331443167305235,14.692227848101263,15.381600000000002,130.3805169560415,54.771954,-30.952411,0,chrono_body_contact,0,,,,,,,,True,right_left,9.0,400,56,[25710],[25711],True,True,,12,True,True,False,638,20,9.0,9.0,16,31,8,0.9943,0.021075,0.009548,0,0,True,scalar_parent,matched_parent_profile_live,historical matched scalar-parent online estimator,dirt,2fd2c1dbb42c39cc163281ad14f69d4122484783b6b75aa488f2ea05e6c9793b,shared_worst_case_phi13_curvature_v1,True,0,,,,,,,,,,,,,
tire_model_with_estimator_ablation,nn_parent_estimator,standard,nn,tire_force_static,dirt,right_left,9.0,0,404,/home/ksha/Documents/sbel/offroad-control/benchmarking/results/tire_model_with_estimator_ablation_20260827_225959/raw/0359_nn_parent_estimator_dirt_right_left_v9_b0_s404,ok,0,25.9787700176239,20.0,1.0,/home/ksha/Documents/sbel/offroad-control/benchmarking/results/tire_model_with_estimator_ablation_20260827_225959/raw/0359_nn_parent_estimator_dirt_right_left_v9_b0_s404/20260827_231947_998823_dirt_right_left_acados_static_mlp/diag_dirt_right_left_acados_static_mlp.csv,,,1170,0.14419735936915154,0.487505,0.10619747391304347,4.164418115942029,6.411234999999999,0.46271312399355874,14.939059829059829,15.606199999999998,133.35050491108402,55.870083,-30.926939,0,chrono_body_contact,0,,,,,,,,True,right_left,9.0,404,64,[25718],[25719],True,True,,12,True,True,False,661,21,8.508,8.508,16,32,7,0.996909,0.01643,0.010102,0,0,True,scalar_parent,matched_parent_profile_live,historical matched scalar-parent online estimator,dirt,2fd2c1dbb42c39cc163281ad14f69d4122484783b6b75aa488f2ea05e6c9793b,shared_worst_case_phi13_curvature_v1,True,0,,,,,,,,,,,,,
tire_model_with_estimator_ablation,nn_parent_estimator,standard,nn,tire_force_static,sand,sinusoidal,5.0,0,400,/home/ksha/Documents/sbel/offroad-control/benchmarking/results/tire_model_with_estimator_ablation_20260827_225959/raw/0360_nn_parent_estimator_sand_sinusoidal_v5_b0_s400,ok,0,26.08051347732544,20.0,0.99,/home/ksha/Documents/sbel/offroad-control/benchmarking/results/tire_model_with_estimator_ablation_20260827_225959/raw/0360_nn_parent_estimator_sand_sinusoidal_v5_b0_s400/20260827_231947_964124_dirt_sinusoidal_acados_static_mlp/diag_dirt_sinusoidal_acados_static_mlp.csv,,,1197,0.06862687652506273,0.189803,0.05505304597701149,4.460529454022988,5.074199999999999,0.8921058908045977,14.647819548872182,15.9908,127.47008427030846,66.47776,0.621444,0,chrono_body_contact,0,,,,,,,,True,sinusoidal,5.0,400,66,[25720],[25721],True,True,,12,True,True,False,461,16,12.0,12.0,16,27,12,1.040286,0.006014,0.021179,0,0,True,scalar_parent,matched_parent_profile_live,historical matched scalar-parent online estimator,dirt,f544d4c607d9f35cff9cbf38b8d140aa1d8904401cf08a56f3c5a58132af58c5,shared_worst_case_phi13_curvature_v1,True,0,,,,,,,,,,,,,
tire_model_with_estimator_ablation,nn_parent_estimator,standard,nn,tire_force_static,dirt,right_left,9.0,0,401,/home/ksha/Documents/sbel/offroad-control/benchmarking/results/tire_model_with_estimator_ablation_20260827_225959/raw/0356_nn_parent_estimator_dirt_right_left_v9_b0_s401,ok,0,26.18375563621521,20.0,0.98,/home/ksha/Documents/sbel/offroad-control/benchmarking/results/tire_model_with_estimator_ablation_20260827_225959/raw/0356_nn_parent_estimator_dirt_right_left_v9_b0_s401/20260827_231948_085744_dirt_right_left_acados_static_mlp/diag_dirt_right_left_acados_static_mlp.csv,,,1185,0.2033284632849852,0.646781,0.1426378961593172,4.330194310099573,6.57525,0.4811327011221748,14.956008438818564,15.583200000000001,131.5555176147241,57.675746,-30.970702,0,chrono_body_contact,0,,,,,,,,True,right_left,9.0,401,58,[25712],[25713],True,True,,12,True,True,False,616,20,9.504,9.504,16,31,8,1.000257,0.027897,0.004563,0,0,True,scalar_parent,matched_parent_profile_live,historical matched scalar-parent online estimator,dirt,2fd2c1dbb42c39cc163281ad14f69d4122484783b6b75aa488f2ea05e6c9793b,shared_worst_case_phi13_curvature_v1,True,0,,,,,,,,,,,,,
tire_model_with_estimator_ablation,nn_parent_estimator,standard,nn,tire_force_static,dirt,right_left,9.0,0,403,/home/ksha/Documents/sbel/offroad-control/benchmarking/results/tire_model_with_estimator_ablation_20260827_225959/raw/0358_nn_parent_estimator_dirt_right_left_v9_b0_s403,ok,0,26.228513717651367,20.0,1.0,/home/ksha/Documents/sbel/offroad-control/benchmarking/results/tire_model_with_estimator_ablation_20260827_225959/raw/0358_nn_parent_estimator_dirt_right_left_v9_b0_s403/20260827_231948_122949_dirt_right_left_acados_static_mlp/diag_dirt_right_left_acados_static_mlp.csv,,,1163,0.13268642785205384,0.37957,0.10232975691411937,3.9737675400291117,6.04641,0.4415297266699013,15.074617368873602,15.783799999999998,126.99667882023762,53.037084,-30.959028,0,chrono_body_contact,0,,,,,,,,True,right_left,9.0,403,62,[25716],[25717],True,True,,12,True,True,False,601,20,9.504,9.504,16,31,8,0.998216,0.042439,0.025229,0,0,True,scalar_parent,matched_parent_profile_live,historical matched scalar-parent online estimator,dirt,2fd2c1dbb42c39cc163281ad14f69d4122484783b6b75aa488f2ea05e6c9793b,shared_worst_case_phi13_curvature_v1,True,0,,,,,,,,,,,,,
tire_model_with_estimator_ablation,nn_parent_estimator,standard,nn,tire_force_static,dirt,right_left,9.0,0,402,/home/ksha/Documents/sbel/offroad-control/benchmarking/results/tire_model_with_estimator_ablation_20260827_225959/raw/0357_nn_parent_estimator_dirt_right_left_v9_b0_s402,ok,0,26.230101346969604,20.0,1.0,/home/ksha/Documents/sbel/offroad-control/benchmarking/results/tire_model_with_estimator_ablation_20260827_225959/raw/0357_nn_parent_estimator_dirt_right_left_v9_b0_s402/20260827_231947_872246_dirt_right_left_acados_static_mlp/diag_dirt_right_left_acados_static_mlp.csv,,,1163,0.17655242105675836,0.551274,0.1274806005788712,4.181764688856729,6.368650000000001,0.46464052098408104,15.074849527085124,15.7,126.9706046625804,55.807656,-30.977588,0,chrono_body_contact,0,,,,,,,,True,right_left,9.0,402,60,[25714],[25715],True,True,,12,True,True,False,633,21,9.0,9.0,16,32,7,1.000874,0.026688,0.018989,0,0,True,scalar_parent,matched_parent_profile_live,historical matched scalar-parent online estimator,dirt,2fd2c1dbb42c39cc163281ad14f69d4122484783b6b75aa488f2ea05e6c9793b,shared_worst_case_phi13_curvature_v1,True,0,,,,,,,,,,,,,
tire_model_with_estimator_ablation,nn_parent_estimator,standard,nn,tire_force_static,dirt,right_left,7.0,0,403,/home/ksha/Documents/sbel/offroad-control/benchmarking/results/tire_model_with_estimator_ablation_20260827_225959/raw/0353_nn_parent_estimator_dirt_right_left_v7_b0_s403,ok,0,26.331138372421265,20.0,0.99,/home/ksha/Documents/sbel/offroad-control/benchmarking/results/tire_model_with_estimator_ablation_20260827_225959/raw/0353_nn_parent_estimator_dirt_right_left_v7_b0_s403/20260827_231948_030737_dirt_right_left_acados_static_mlp/diag_dirt_right_left_acados_static_mlp.csv,,,1171,0.1392282837455464,0.418304,0.1062358231098431,3.9494199714693297,5.5356,0.5642028530670471,15.160563620836893,15.735999999999999,128.165185909324,53.400648,-31.006317,0,chrono_body_contact,0,,,,,,,,True,right_left,7.0,403,52,[25706],[25707],True,True,,12,True,True,False,585,17,10.008,10.008,16,28,11,0.993866,0.016879,0.013744,0,0,True,scalar_parent,matched_parent_profile_live,historical matched scalar-parent online estimator,dirt,2a22058ceeef679f207bd5220377a736edae3e63c7f59afab2d351bc5e8d1aca,shared_worst_case_phi13_curvature_v1,True,0,,,,,,,,,,,,,
tire_model_with_estimator_ablation,nn_parent_estimator,standard,nn,tire_force_static,sand,sinusoidal,7.0,0,401,/home/ksha/Documents/sbel/offroad-control/benchmarking/results/tire_model_with_estimator_ablation_20260827_225959/raw/0366_nn_parent_estimator_sand_sinusoidal_v7_b0_s401,ok,0,26.031658411026,20.0,0.99,/home/ksha/Documents/sbel/offroad-control/benchmarking/results/tire_model_with_estimator_ablation_20260827_225959/raw/0366_nn_parent_estimator_sand_sinusoidal_v7_b0_s401/20260827_232014_303966_dirt_sinusoidal_acados_static_mlp/diag_dirt_sinusoidal_acados_static_mlp.csv,,,1181,0.06851096701296093,0.22048,0.05481981486880467,4.644869970845481,5.291475,0.6635528529779259,14.850321761219305,16.728000000000005,128.61054299815868,68.852012,1.412312,0,chrono_body_contact,0,,,,,,,,True,sinusoidal,7.0,401,78,[25732],[25733],True,True,,12,True,True,False,483,17,11.508,11.508,16,28,11,1.028875,0.023843,0.011622,0,0,True,scalar_parent,matched_parent_profile_live,historical matched scalar-parent online estimator,dirt,dc58ccfda201c75bc0d828da6f9710e91377898701de047f0e4ef191b0e89544,shared_worst_case_phi13_curvature_v1,True,0,,,,,,,,,,,,,
tire_model_with_estimator_ablation,nn_parent_estimator,standard,nn,tire_force_static,sand,sinusoidal,7.0,0,402,/home/ksha/Documents/sbel/offroad-control/benchmarking/results/tire_model_with_estimator_ablation_20260827_225959/raw/0367_nn_parent_estimator_sand_sinusoidal_v7_b0_s402,ok,0,26.080651998519897,20.0,1.0,/home/ksha/Documents/sbel/offroad-control/benchmarking/results/tire_model_with_estimator_ablation_20260827_225959/raw/0367_nn_parent_estimator_sand_sinusoidal_v7_b0_s402/20260827_232014_367419_dirt_sinusoidal_acados_static_mlp/diag_dirt_sinusoidal_acados_static_mlp.csv,,,1204,0.06831950760420337,0.227962,0.05528318624641834,4.610717621776504,5.206754999999999,0.658673945968072,14.55871262458472,15.44,129.95682841072687,68.552341,1.416541,0,chrono_body_contact,0,,,,,,,,True,sinusoidal,7.0,402,80,[25734],[25735],True,True,,12,True,True,False,484,17,11.52,11.52,16,28,11,1.037963,0.017628,0.027843,0,0,True,scalar_parent,matched_parent_profile_live,historical matched scalar-parent online estimator,dirt,dc58ccfda201c75bc0d828da6f9710e91377898701de047f0e4ef191b0e89544,shared_worst_case_phi13_curvature_v1,True,0,,,,,,,,,,,,,
tire_model_with_estimator_ablation,nn_parent_estimator,standard,nn,tire_force_static,sand,sinusoidal,7.0,0,400,/home/ksha/Documents/sbel/offroad-control/benchmarking/results/tire_model_with_estimator_ablation_20260827_225959/raw/0365_nn_parent_estimator_sand_sinusoidal_v7_b0_s400,ok,0,26.13744020462036,20.0,1.0,/home/ksha/Documents/sbel/offroad-control/benchmarking/results/tire_model_with_estimator_ablation_20260827_225959/raw/0365_nn_parent_estimator_sand_sinusoidal_v7_b0_s400/20260827_232014_434231_dirt_sinusoidal_acados_static_mlp/diag_dirt_sinusoidal_acados_static_mlp.csv,,,1196,0.06851471228348405,0.23124,0.05428505194805194,4.609916017316017,5.32852,0.6585594310451454,14.630710702341139,15.7115,127.36867059588991,68.128188,1.186001,0,chrono_body_contact,0,,,,,,,,True,sinusoidal,7.0,400,76,[25730],[25731],True,True,,12,True,True,False,487,17,11.52,11.52,16,28,11,1.03816,0.015087,0.027543,0,0,True,scalar_parent,matched_parent_profile_live,historical matched scalar-parent online estimator,dirt,dc58ccfda201c75bc0d828da6f9710e91377898701de047f0e4ef191b0e89544,shared_worst_case_phi13_curvature_v1,True,0,,,,,,,,,,,,,
tire_model_with_estimator_ablation,nn_parent_estimator,standard,nn,tire_force_static,sand,sinusoidal,5.0,0,404,/home/ksha/Documents/sbel/offroad-control/benchmarking/results/tire_model_with_estimator_ablation_20260827_225959/raw/0364_nn_parent_estimator_sand_sinusoidal_v5_b0_s404,ok,0,26.23122763633728,20.0,0.98,/home/ksha/Documents/sbel/offroad-control/benchmarking/results/tire_model_with_estimator_ablation_20260827_225959/raw/0364_nn_parent_estimator_sand_sinusoidal_v5_b0_s404/20260827_232014_223224_dirt_sinusoidal_acados_static_mlp/diag_dirt_sinusoidal_acados_static_mlp.csv,,,1214,0.06981909370857028,0.214115,0.0551068583569405,4.650010339943343,5.16425,0.9300020679886686,14.62161449752883,15.68,134.61631420794197,70.091908,1.780269,0,chrono_body_contact,0,,,,,,,,True,sinusoidal,5.0,404,74,[25728],[25729],True,True,,12,True,True,False,529,18,11.004,11.004,16,29,10,1.036645,0.001304,0.005498,0,0,True,scalar_parent,matched_parent_profile_live,historical matched scalar-parent online estimator,dirt,f544d4c607d9f35cff9cbf38b8d140aa1d8904401cf08a56f3c5a58132af58c5,shared_worst_case_phi13_curvature_v1,True,0,,,,,,,,,,,,,
tire_model_with_estimator_ablation,nn_parent_estimator,standard,nn,tire_force_static,sand,sinusoidal,5.0,0,401,/home/ksha/Documents/sbel/offroad-control/benchmarking/results/tire_model_with_estimator_ablation_20260827_225959/raw/0361_nn_parent_estimator_sand_sinusoidal_v5_b0_s401,ok,0,26.281402587890625,20.0,0.99,/home/ksha/Documents/sbel/offroad-control/benchmarking/results/tire_model_with_estimator_ablation_20260827_225959/raw/0361_nn_parent_estimator_sand_sinusoidal_v5_b0_s401/20260827_232014_386224_dirt_sinusoidal_acados_static_mlp/diag_dirt_sinusoidal_acados_static_mlp.csv,,,1118,0.07055985464478967,0.238691,0.05653617692307692,4.539896000000001,5.11851,0.9079792000000001,15.682915921288014,16.693199999999997,123.31567694874624,68.003494,1.158705,0,chrono_body_contact,0,,,,,,,,True,sinusoidal,5.0,401,68,[25722],[25723],True,True,,12,True,True,False,454,17,11.52,11.52,16,28,11,1.033867,0.003938,0.026549,0,0,True,scalar_parent,matched_parent_profile_live,historical matched scalar-parent online estimator,dirt,f544d4c607d9f35cff9cbf38b8d140aa1d8904401cf08a56f3c5a58132af58c5,shared_worst_case_phi13_curvature_v1,True,0,,,,,,,,,,,,,
tire_model_with_estimator_ablation,nn_parent_estimator,standard,nn,tire_force_static,sand,sinusoidal,5.0,0,403,/home/ksha/Documents/sbel/offroad-control/benchmarking/results/tire_model_with_estimator_ablation_20260827_225959/raw/0363_nn_parent_estimator_sand_sinusoidal_v5_b0_s403,ok,0,26.331382989883423,20.0,1.0,/home/ksha/Documents/sbel/offroad-control/benchmarking/results/tire_model_with_estimator_ablation_20260827_225959/raw/0363_nn_parent_estimator_sand_sinusoidal_v5_b0_s403/20260827_232014_298152_dirt_sinusoidal_acados_static_mlp/diag_dirt_sinusoidal_acados_static_mlp.csv,,,1203,0.07127246236093865,0.222603,0.05694173247496423,4.384179685264664,5.15306,0.8768359370529328,14.609933499584372,15.8398,126.80347073909765,63.892281,-0.444955,0,chrono_body_contact,0,,,,,,,,True,sinusoidal,5.0,403,72,[25726],[25727],True,True,,12,True,True,False,462,16,12.0,12.0,16,27,12,1.032478,0.009094,0.019891,0,0,True,scalar_parent,matched_parent_profile_live,historical matched scalar-parent online estimator,dirt,f544d4c607d9f35cff9cbf38b8d140aa1d8904401cf08a56f3c5a58132af58c5,shared_worst_case_phi13_curvature_v1,True,0,,,,,,,,,,,,,
tire_model_with_estimator_ablation,nn_parent_estimator,standard,nn,tire_force_static,sand,sinusoidal,7.0,0,403,/home/ksha/Documents/sbel/offroad-control/benchmarking/results/tire_model_with_estimator_ablation_20260827_225959/raw/0368_nn_parent_estimator_sand_sinusoidal_v7_b0_s403,ok,0,26.336041927337646,20.0,1.0,/home/ksha/Documents/sbel/offroad-control/benchmarking/results/tire_model_with_estimator_ablation_20260827_225959/raw/0368_nn_parent_estimator_sand_sinusoidal_v7_b0_s403/20260827_232014_515474_dirt_sinusoidal_acados_static_mlp/diag_dirt_sinusoidal_acados_static_mlp.csv,,,1177,0.07094176066476696,0.222849,0.056376384949348775,4.485695658465992,5.2872,0.6408136654951416,14.984995751911644,16.389600000000005,122.04766266406368,64.486596,-0.220778,0,chrono_body_contact,0,,,,,,,,True,sinusoidal,7.0,403,82,[25736],[25737],True,True,,12,True,True,False,371,13,13.488,13.488,16,24,15,1.035765,0.006314,0.012491,0,0,True,scalar_parent,matched_parent_profile_live,historical matched scalar-parent online estimator,dirt,dc58ccfda201c75bc0d828da6f9710e91377898701de047f0e4ef191b0e89544,shared_worst_case_phi13_curvature_v1,True,0,,,,,,,,,,,,,
tire_model_with_estimator_ablation,nn_parent_estimator,standard,nn,tire_force_static,sand,sinusoidal,5.0,0,402,/home/ksha/Documents/sbel/offroad-control/benchmarking/results/tire_model_with_estimator_ablation_20260827_225959/raw/0362_nn_parent_estimator_sand_sinusoidal_v5_b0_s402,ok,0,26.379979133605957,20.0,0.98,/home/ksha/Documents/sbel/offroad-control/benchmarking/results/tire_model_with_estimator_ablation_20260827_225959/raw/0362_nn_parent_estimator_sand_sinusoidal_v5_b0_s402/20260827_232014_314446_dirt_sinusoidal_acados_static_mlp/diag_dirt_sinusoidal_acados_static_mlp.csv,,,1214,0.07507702530362409,0.289338,0.060396542134831456,4.5174755617977524,5.128475,0.9034951123595505,14.682512355848434,15.6387,128.00204333753874,66.808821,0.743737,0,chrono_body_contact,0,,,,,,,,True,sinusoidal,5.0,402,70,[25724],[25725],True,True,,12,True,True,False,471,16,12.0,12.0,16,27,12,1.034632,-0.010139,0.020547,0,0,True,scalar_parent,matched_parent_profile_live,historical matched scalar-parent online estimator,dirt,f544d4c607d9f35cff9cbf38b8d140aa1d8904401cf08a56f3c5a58132af58c5,shared_worst_case_phi13_curvature_v1,True,0,,,,,,,,,,,,,
tire_model_with_estimator_ablation,nn_parent_estimator,standard,nn,tire_force_static,sand,sinusoidal,9.0,0,402,/home/ksha/Documents/sbel/offroad-control/benchmarking/results/tire_model_with_estimator_ablation_20260827_225959/raw/0372_nn_parent_estimator_sand_sinusoidal_v9_b0_s402,ok,0,26.080589771270752,20.0,1.0,/home/ksha/Documents/sbel/offroad-control/benchmarking/results/tire_model_with_estimator_ablation_20260827_225959/raw/0372_nn_parent_estimator_sand_sinusoidal_v9_b0_s402/20260827_232040_566452_dirt_sinusoidal_acados_static_mlp/diag_dirt_sinusoidal_acados_static_mlp.csv,,,1189,0.07075940518282459,0.283994,0.056967761428571434,4.656836428571429,5.258859999999999,0.5174262698412699,14.71825063078217,16.3412,128.24988375553275,68.702918,1.451467,0,chrono_body_contact,0,,,,,,,,True,sinusoidal,9.0,402,90,[25744],[25745],True,True,,12,True,True,False,492,17,11.52,11.52,16,28,11,1.039769,0.020482,0.023826,0,0,True,scalar_parent,matched_parent_profile_live,historical matched scalar-parent online estimator,dirt,dc58ccfda201c75bc0d828da6f9710e91377898701de047f0e4ef191b0e89544,shared_worst_case_phi13_curvature_v1,True,0,,,,,,,,,,,,,
tire_model_with_estimator_ablation,nn_parent_estimator,standard,nn,tire_force_static,sand,lane_change,5.0,0,400,/home/ksha/Documents/sbel/offroad-control/benchmarking/results/tire_model_with_estimator_ablation_20260827_225959/raw/0375_nn_parent_estimator_sand_lane_change_v5_b0_s400,ok,0,26.078541040420532,20.0,0.99,/home/ksha/Documents/sbel/offroad-control/benchmarking/results/tire_model_with_estimator_ablation_20260827_225959/raw/0375_nn_parent_estimator_sand_lane_change_v5_b0_s400/20260827_232040_784281_dirt_lane_change_acados_static_mlp/diag_dirt_lane_change_acados_static_mlp.csv,,,1202,0.052464064592602465,0.180634,0.04164350760719226,4.2359,5.454809999999999,0.84718,14.749076539101496,15.8396,131.58090793249147,79.4119,3.019679,0,chrono_body_contact,0,,,,,,,,True,lane_change,5.0,400,96,[25750],[25751],True,True,,12,True,True,False,235,4,9.0,9.0,14,16,23,1.007698,0.013822,-0.015006,0,0,True,scalar_parent,matched_parent_profile_live,historical matched scalar-parent online estimator,dirt,c95613694247a1005b45d05d79e96eab52db905aea2667907ed2515e9ac3b36a,shared_worst_case_phi13_curvature_v1,True,0,,,,,,,,,,,,,
tire_model_with_estimator_ablation,nn_parent_estimator,standard,nn,tire_force_static,sand,sinusoidal,9.0,0,404,/home/ksha/Documents/sbel/offroad-control/benchmarking/results/tire_model_with_estimator_ablation_20260827_225959/raw/0374_nn_parent_estimator_sand_sinusoidal_v9_b0_s404,ok,0,26.129942178726196,20.0,0.99,/home/ksha/Documents/sbel/offroad-control/benchmarking/results/tire_model_with_estimator_ablation_20260827_225959/raw/0374_nn_parent_estimator_sand_sinusoidal_v9_b0_s404/20260827_232040_943577_dirt_sinusoidal_acados_static_mlp/diag_dirt_sinusoidal_acados_static_mlp.csv,,,1196,0.06979857420507928,0.249142,0.05559151152737752,4.612004178674352,5.225965,0.5124449087415948,14.691404682274246,15.770499999999998,132.32453961002534,68.485581,1.383516,0,chrono_body_contact,0,,,,,,,,True,sinusoidal,9.0,404,94,[25748],[25749],True,True,,12,True,True,False,489,17,11.52,11.52,16,28,11,1.047275,0.020036,0.025984,0,0,True,scalar_parent,matched_parent_profile_live,historical matched scalar-parent online estimator,dirt,dc58ccfda201c75bc0d828da6f9710e91377898701de047f0e4ef191b0e89544,shared_worst_case_phi13_curvature_v1,True,0,,,,,,,,,,,,,
tire_model_with_estimator_ablation,nn_parent_estimator,standard,nn,tire_force_static,sand,lane_change,5.0,0,401,/home/ksha/Documents/sbel/offroad-control/benchmarking/results/tire_model_with_estimator_ablation_20260827_225959/raw/0376_nn_parent_estimator_sand_lane_change_v5_b0_s401,ok,0,26.28062343597412,20.0,1.0,/home/ksha/Documents/sbel/offroad-control/benchmarking/results/tire_model_with_estimator_ablation_20260827_225959/raw/0376_nn_parent_estimator_sand_lane_change_v5_b0_s401/20260827_232040_846293_dirt_lane_change_acados_static_mlp/diag_dirt_lane_change_acados_static_mlp.csv,,,1187,0.0532856539812341,0.171606,0.04249768619246862,4.253000976290098,5.475639999999999,0.8506001952580196,14.991794439764114,18.344200000000004,132.7073707079952,79.642643,3.024492,0,chrono_body_contact,0,,,,,,,,True,lane_change,5.0,401,98,[25752],[25753],True,True,,12,True,True,False,210,3,9.504,9.504,13,17,22,1.004527,0.007143,-0.008729,0,0,True,scalar_parent,matched_parent_profile_live,historical matched scalar-parent online estimator,dirt,c95613694247a1005b45d05d79e96eab52db905aea2667907ed2515e9ac3b36a,shared_worst_case_phi13_curvature_v1,True,0,,,,,,,,,,,,,
tire_model_with_estimator_ablation,nn_parent_estimator,standard,nn,tire_force_static,sand,sinusoidal,7.0,0,404,/home/ksha/Documents/sbel/offroad-control/benchmarking/results/tire_model_with_estimator_ablation_20260827_225959/raw/0369_nn_parent_estimator_sand_sinusoidal_v7_b0_s404,ok,0,26.282549381256104,20.0,1.0,/home/ksha/Documents/sbel/offroad-control/benchmarking/results/tire_model_with_estimator_ablation_20260827_225959/raw/0369_nn_parent_estimator_sand_sinusoidal_v7_b0_s404/20260827_232040_639403_dirt_sinusoidal_acados_static_mlp/diag_dirt_sinusoidal_acados_static_mlp.csv,,,1199,0.07075292895853663,0.243963,0.05647203433476394,4.618459084406294,5.25737,0.6597798692008991,14.658006672226854,16.28,132.81701799152785,68.077415,1.253584,0,chrono_body_contact,0,,,,,,,,True,sinusoidal,7.0,404,84,[25738],[25739],True,True,,12,True,True,False,493,17,11.508,11.508,16,28,11,1.028649,-0.005166,0.021765,0,0,True,scalar_parent,matched_parent_profile_live,historical matched scalar-parent online estimator,dirt,dc58ccfda201c75bc0d828da6f9710e91377898701de047f0e4ef191b0e89544,shared_worst_case_phi13_curvature_v1,True,0,,,,,,,,,,,,,
tire_model_with_estimator_ablation,nn_parent_estimator,standard,nn,tire_force_static,sand,sinusoidal,9.0,0,403,/home/ksha/Documents/sbel/offroad-control/benchmarking/results/tire_model_with_estimator_ablation_20260827_225959/raw/0373_nn_parent_estimator_sand_sinusoidal_v9_b0_s403,ok,0,26.285229206085205,20.0,0.98,/home/ksha/Documents/sbel/offroad-control/benchmarking/results/tire_model_with_estimator_ablation_20260827_225959/raw/0373_nn_parent_estimator_sand_sinusoidal_v9_b0_s403/20260827_232040_549578_dirt_sinusoidal_acados_static_mlp/diag_dirt_sinusoidal_acados_static_mlp.csv,,,1188,0.0704471224501702,0.238484,0.05669023680456491,4.755145506419401,5.4113,0.5283495007132668,14.917154882154884,16.31,127.66470870028485,70.811527,1.833067,0,chrono_body_contact,0,,,,,,,,True,sinusoidal,9.0,403,92,[25746],[25747],True,True,,12,True,True,False,495,17,11.508,11.508,16,28,11,1.027315,0.010002,0.021222,0,0,True,scalar_parent,matched_parent_profile_live,historical matched scalar-parent online estimator,dirt,dc58ccfda201c75bc0d828da6f9710e91377898701de047f0e4ef191b0e89544,shared_worst_case_phi13_curvature_v1,True,0,,,,,,,,,,,,,
tire_model_with_estimator_ablation,nn_parent_estimator,standard,nn,tire_force_static,sand,sinusoidal,9.0,0,400,/home/ksha/Documents/sbel/offroad-control/benchmarking/results/tire_model_with_estimator_ablation_20260827_225959/raw/0370_nn_parent_estimator_sand_sinusoidal_v9_b0_s400,ok,0,26.331531763076782,20.0,0.99,/home/ksha/Documents/sbel/offroad-control/benchmarking/results/tire_model_with_estimator_ablation_20260827_225959/raw/0370_nn_parent_estimator_sand_sinusoidal_v9_b0_s400/20260827_232040_831290_dirt_sinusoidal_acados_static_mlp/diag_dirt_sinusoidal_acados_static_mlp.csv,,,1189,0.06897623871182865,0.216935,0.05530045598845599,4.59024025974026,5.23802,0.5100266955266956,14.82242220353238,15.867199999999993,128.0514638012486,67.500699,0.987816,0,chrono_body_contact,0,,,,,,,,True,sinusoidal,9.0,400,86,[25740],[25741],True,True,,12,True,True,False,488,17,11.508,11.508,16,28,11,1.019508,-0.003723,0.033387,0,0,True,scalar_parent,matched_parent_profile_live,historical matched scalar-parent online estimator,dirt,dc58ccfda201c75bc0d828da6f9710e91377898701de047f0e4ef191b0e89544,shared_worst_case_phi13_curvature_v1,True,0,,,,,,,,,,,,,
tire_model_with_estimator_ablation,nn_parent_estimator,standard,nn,tire_force_static,sand,sinusoidal,9.0,0,401,/home/ksha/Documents/sbel/offroad-control/benchmarking/results/tire_model_with_estimator_ablation_20260827_225959/raw/0371_nn_parent_estimator_sand_sinusoidal_v9_b0_s401,ok,0,26.336103677749634,20.0,1.0,/home/ksha/Documents/sbel/offroad-control/benchmarking/results/tire_model_with_estimator_ablation_20260827_225959/raw/0371_nn_parent_estimator_sand_sinusoidal_v9_b0_s401/20260827_232040_800861_dirt_sinusoidal_acados_static_mlp/diag_dirt_sinusoidal_acados_static_mlp.csv,,,1136,0.07024737299852428,0.211239,0.0556651007751938,4.616780930232558,5.31236,0.5129756589147286,15.402843309859156,16.88,123.16014949619077,67.762706,1.082163,0,chrono_body_contact,0,,,,,,,,True,sinusoidal,9.0,401,88,[25742],[25743],True,True,,12,True,True,False,455,17,11.495999999999999,11.495999999999999,16,28,11,1.029209,0.003219,0.016264,0,0,True,scalar_parent,matched_parent_profile_live,historical matched scalar-parent online estimator,dirt,dc58ccfda201c75bc0d828da6f9710e91377898701de047f0e4ef191b0e89544,shared_worst_case_phi13_curvature_v1,True,0,,,,,,,,,,,,,
tire_model_with_estimator_ablation,nn_parent_estimator,standard,nn,tire_force_static,sand,lane_change,7.0,0,403,/home/ksha/Documents/sbel/offroad-control/benchmarking/results/tire_model_with_estimator_ablation_20260827_225959/raw/0383_nn_parent_estimator_sand_lane_change_v7_b0_s403,ok,0,25.983147859573364,20.0,1.0,/home/ksha/Documents/sbel/offroad-control/benchmarking/results/tire_model_with_estimator_ablation_20260827_225959/raw/0383_nn_parent_estimator_sand_lane_change_v7_b0_s403/20260827_232107_158407_dirt_lane_change_acados_static_mlp/diag_dirt_lane_change_acados_static_mlp.csv,,,1278,0.05620329437221072,0.191994,0.044947813060179254,3.9690006402048654,6.5516,0.5670000914578379,13.812480438184663,15.3046,140.98984316259185,81.333565,3.014541,0,chrono_body_contact,0,,,,,,,,True,lane_change,7.0,403,11,[25766],[25767],True,True,,12,True,True,False,121,2,9.0,9.0,13,15,24,1.005343,0.009862,0.002672,0,0,True,scalar_parent,matched_parent_profile_live,historical matched scalar-parent online estimator,dirt,7085653a638402e5abfa5737dcf5188cf3bc55fb7a7340a71403cb917f35b2aa,shared_worst_case_phi13_curvature_v1,True,0,,,,,,,,,,,,,
tire_model_with_estimator_ablation,nn_parent_estimator,standard,nn,tire_force_static,sand,lane_change,7.0,0,402,/home/ksha/Documents/sbel/offroad-control/benchmarking/results/tire_model_with_estimator_ablation_20260827_225959/raw/0382_nn_parent_estimator_sand_lane_change_v7_b0_s402,ok,0,26.080812692642212,20.0,1.0,/home/ksha/Documents/sbel/offroad-control/benchmarking/results/tire_model_with_estimator_ablation_20260827_225959/raw/0382_nn_parent_estimator_sand_lane_change_v7_b0_s402/20260827_232107_237795_dirt_lane_change_acados_static_mlp/diag_dirt_lane_change_acados_static_mlp.csv,,,1176,0.05442108954849362,0.259286,0.04271392005610098,4.012619214586255,6.54524,0.573231316369465,15.010697278911563,16.805,137.10019888007596,81.412159,3.010543,0,chrono_body_contact,0,,,,,,,,True,lane_change,7.0,402,9,[25764],[25765],True,True,,12,True,True,False,246,5,9.0,9.0,14,16,23,1.010836,0.037259,0.002516,0,0,True,scalar_parent,matched_parent_profile_live,historical matched scalar-parent online estimator,dirt,7085653a638402e5abfa5737dcf5188cf3bc55fb7a7340a71403cb917f35b2aa,shared_worst_case_phi13_curvature_v1,True,0,,,,,,,,,,,,,
tire_model_with_estimator_ablation,nn_parent_estimator,standard,nn,tire_force_static,sand,lane_change,5.0,0,404,/home/ksha/Documents/sbel/offroad-control/benchmarking/results/tire_model_with_estimator_ablation_20260827_225959/raw/0379_nn_parent_estimator_sand_lane_change_v5_b0_s404,ok,0,26.07979655265808,20.0,1.0,/home/ksha/Documents/sbel/offroad-control/benchmarking/results/tire_model_with_estimator_ablation_20260827_225959/raw/0379_nn_parent_estimator_sand_lane_change_v5_b0_s404/20260827_232106_935270_dirt_lane_change_acados_static_mlp/diag_dirt_lane_change_acados_static_mlp.csv,,,1231,0.05167004658361143,0.184149,0.04126664092140921,4.138038753387534,5.464105,0.8276077506775067,14.380991064175467,15.601,137.36124399281792,79.458191,3.107609,0,chrono_body_contact,0,,,,,,,,True,lane_change,5.0,404,3,[25758],[25759],True,True,,12,True,True,False,265,5,9.0,9.0,14,17,22,1.005558,0.010184,-0.011269,0,0,True,scalar_parent,matched_parent_profile_live,historical matched scalar-parent online estimator,dirt,c95613694247a1005b45d05d79e96eab52db905aea2667907ed2515e9ac3b36a,shared_worst_case_phi13_curvature_v1,True,0,,,,,,,,,,,,,
tire_model_with_estimator_ablation,nn_parent_estimator,standard,nn,tire_force_static,sand,lane_change,5.0,0,402,/home/ksha/Documents/sbel/offroad-control/benchmarking/results/tire_model_with_estimator_ablation_20260827_225959/raw/0377_nn_parent_estimator_sand_lane_change_v5_b0_s402,ok,0,26.1283917427063,20.0,1.0,/home/ksha/Documents/sbel/offroad-control/benchmarking/results/tire_model_with_estimator_ablation_20260827_225959/raw/0377_nn_parent_estimator_sand_lane_change_v5_b0_s402/20260827_232107_018182_dirt_lane_change_acados_static_mlp/diag_dirt_lane_change_acados_static_mlp.csv,,,1218,0.05223965265995456,0.194445,0.04134016348773842,4.13316757493188,5.48564,0.826633514986376,14.556609195402299,15.748299999999999,133.48057951502628,79.324593,3.117251,0,chrono_body_contact,0,,,,,,,,True,lane_change,5.0,402,100,[25754],[25755],True,True,,12,True,True,False,235,4,9.0,9.0,14,15,24,1.00786,0.01881,-0.001148,0,0,True,scalar_parent,matched_parent_profile_live,historical matched scalar-parent online estimator,dirt,c95613694247a1005b45d05d79e96eab52db905aea2667907ed2515e9ac3b36a,shared_worst_case_phi13_curvature_v1,True,0,,,,,,,,,,,,,
tire_model_with_estimator_ablation,nn_parent_estimator,standard,nn,tire_force_static,sand,lane_change,5.0,0,403,/home/ksha/Documents/sbel/offroad-control/benchmarking/results/tire_model_with_estimator_ablation_20260827_225959/raw/0378_nn_parent_estimator_sand_lane_change_v5_b0_s403,ok,0,26.132431983947754,20.0,1.0,/home/ksha/Documents/sbel/offroad-control/benchmarking/results/tire_model_with_estimator_ablation_20260827_225959/raw/0378_nn_parent_estimator_sand_lane_change_v5_b0_s403/20260827_232107_167107_dirt_lane_change_acados_static_mlp/diag_dirt_lane_change_acados_static_mlp.csv,,,1225,0.05155789577144894,0.171753,0.04135205578231293,4.199571972789116,5.5067900000000005,0.8399143945578231,14.486873469387755,15.5876,132.28878676221015,79.197858,2.974301,0,chrono_body_contact,0,,,,,,,,True,lane_change,5.0,403,1,[25756],[25757],True,True,,12,True,True,False,238,4,9.504,9.504,13,16,23,1.00433,0.012103,-0.006293,0,0,True,scalar_parent,matched_parent_profile_live,historical matched scalar-parent online estimator,dirt,c95613694247a1005b45d05d79e96eab52db905aea2667907ed2515e9ac3b36a,shared_worst_case_phi13_curvature_v1,True,0,,,,,,,,,,,,,
tire_model_with_estimator_ablation,nn_parent_estimator,standard,nn,tire_force_static,sand,lane_change,7.0,0,401,/home/ksha/Documents/sbel/offroad-control/benchmarking/results/tire_model_with_estimator_ablation_20260827_225959/raw/0381_nn_parent_estimator_sand_lane_change_v7_b0_s401,ok,0,26.331077337265015,20.0,1.0,/home/ksha/Documents/sbel/offroad-control/benchmarking/results/tire_model_with_estimator_ablation_20260827_225959/raw/0381_nn_parent_estimator_sand_lane_change_v7_b0_s401/20260827_232107_082220_dirt_lane_change_acados_static_mlp/diag_dirt_lane_change_acados_static_mlp.csv,,,1261,0.053160213885865504,0.175921,0.04222089677419355,3.9935687741935486,6.57282,0.5705098248847926,14.05069785884219,15.600000000000012,141.6459730343342,81.460672,3.030048,0,chrono_body_contact,0,,,,,,,,True,lane_change,7.0,401,7,[25762],[25763],True,True,,12,True,True,False,238,4,8.52,8.52,15,16,23,1.011963,0.036012,0.000308,0,0,True,scalar_parent,matched_parent_profile_live,historical matched scalar-parent online estimator,dirt,7085653a638402e5abfa5737dcf5188cf3bc55fb7a7340a71403cb917f35b2aa,shared_worst_case_phi13_curvature_v1,True,0,,,,,,,,,,,,,
tire_model_with_estimator_ablation,nn_parent_estimator,standard,nn,tire_force_static,sand,lane_change,7.0,0,404,/home/ksha/Documents/sbel/offroad-control/benchmarking/results/tire_model_with_estimator_ablation_20260827_225959/raw/0384_nn_parent_estimator_sand_lane_change_v7_b0_s404,ok,0,26.334379196166992,20.0,1.0,/home/ksha/Documents/sbel/offroad-control/benchmarking/results/tire_model_with_estimator_ablation_20260827_225959/raw/0384_nn_parent_estimator_sand_lane_change_v7_b0_s404/20260827_232107_127586_dirt_lane_change_acados_static_mlp/diag_dirt_lane_change_acados_static_mlp.csv,,,1246,0.05361722047539621,0.174504,0.04297782081686429,4.005870882740449,6.56169,0.5722672689629212,14.226476725521671,16.28549999999997,144.38479163917935,81.556341,3.075485,0,chrono_body_contact,0,,,,,,,,True,lane_change,7.0,404,13,[25768],[25769],True,True,,12,True,True,False,116,2,9.0,9.0,13,16,23,1.009364,0.022101,-0.005797,0,0,True,scalar_parent,matched_parent_profile_live,historical matched scalar-parent online estimator,dirt,7085653a638402e5abfa5737dcf5188cf3bc55fb7a7340a71403cb917f35b2aa,shared_worst_case_phi13_curvature_v1,True,0,,,,,,,,,,,,,
tire_model_with_estimator_ablation,nn_parent_estimator,standard,nn,tire_force_static,sand,lane_change,7.0,0,400,/home/ksha/Documents/sbel/offroad-control/benchmarking/results/tire_model_with_estimator_ablation_20260827_225959/raw/0380_nn_parent_estimator_sand_lane_change_v7_b0_s400,ok,0,26.58190417289734,20.0,1.0,/home/ksha/Documents/sbel/offroad-control/benchmarking/results/tire_model_with_estimator_ablation_20260827_225959/raw/0380_nn_parent_estimator_sand_lane_change_v7_b0_s400/20260827_232107_351205_dirt_lane_change_acados_static_mlp/diag_dirt_lane_change_acados_static_mlp.csv,,,1231,0.0522517109357947,0.181296,0.04188250524934383,3.9610030183727036,6.567155,0.5658575740532433,14.36182778229082,15.940000000000005,139.8188570792102,81.523276,3.040442,0,chrono_body_contact,0,,,,,,,,True,lane_change,7.0,400,5,[25760],[25761],True,True,,12,True,True,False,290,6,9.0,9.0,15,20,19,1.011138,0.030571,-0.003065,0,0,True,scalar_parent,matched_parent_profile_live,historical matched scalar-parent online estimator,dirt,7085653a638402e5abfa5737dcf5188cf3bc55fb7a7340a71403cb917f35b2aa,shared_worst_case_phi13_curvature_v1,True,0,,,,,,,,,,,,,
tire_model_with_estimator_ablation,nn_parent_estimator,standard,nn,tire_force_static,sand,lane_change,9.0,0,403,/home/ksha/Documents/sbel/offroad-control/benchmarking/results/tire_model_with_estimator_ablation_20260827_225959/raw/0388_nn_parent_estimator_sand_lane_change_v9_b0_s403,ok,0,26.078556537628174,20.0,0.99,/home/ksha/Documents/sbel/offroad-control/benchmarking/results/tire_model_with_estimator_ablation_20260827_225959/raw/0388_nn_parent_estimator_sand_lane_change_v9_b0_s403/20260827_232133_692776_dirt_lane_change_acados_static_mlp/diag_dirt_lane_change_acados_static_mlp.csv,,,1228,0.05904135029196172,0.168333,0.047568271390374325,4.0806069518716575,6.53429,0.4534007724301842,14.408534201954398,16.721400000000003,137.925777298048,81.553262,2.9408,0,chrono_body_contact,0,,,,,,,,True,lane_change,9.0,403,21,[25776],[25777],True,True,,12,True,True,False,204,3,9.012,9.012,14,17,22,1.005154,0.01131,0.001806,0,0,True,scalar_parent,matched_parent_profile_live,historical matched scalar-parent online estimator,dirt,8738935243860ac000075a211607e15f3d93aec40193a3fb27ed22c8942c3b2e,shared_worst_case_phi13_curvature_v1,True,0,,,,,,,,,,,,,
tire_model_with_estimator_ablation,nn_parent_estimator,standard,nn,tire_force_static,sand,lane_change,9.0,0,400,/home/ksha/Documents/sbel/offroad-control/benchmarking/results/tire_model_with_estimator_ablation_20260827_225959/raw/0385_nn_parent_estimator_sand_lane_change_v9_b0_s400,ok,0,26.080209255218506,20.0,1.0,/home/ksha/Documents/sbel/offroad-control/benchmarking/results/tire_model_with_estimator_ablation_20260827_225959/raw/0385_nn_parent_estimator_sand_lane_change_v9_b0_s400/20260827_232133_809035_dirt_lane_change_acados_static_mlp/diag_dirt_lane_change_acados_static_mlp.csv,,,1249,0.05297004790183537,0.179694,0.04248114323258869,4.136808278580815,6.5672,0.4596453642867572,14.201208967173738,16.605999999999998,140.42223743580502,81.639273,3.042917,0,chrono_body_contact,0,,,,,,,,True,lane_change,9.0,400,15,[25770],[25771],True,True,,12,True,True,False,243,4,9.0,9.0,14,17,22,1.005595,0.009889,-0.007852,0,0,True,scalar_parent,matched_parent_profile_live,historical matched scalar-parent online estimator,dirt,8738935243860ac000075a211607e15f3d93aec40193a3fb27ed22c8942c3b2e,shared_worst_case_phi13_curvature_v1,True,0,,,,,,,,,,,,,
tire_model_with_estimator_ablation,nn_parent_estimator,standard,nn,tire_force_static,sand,lane_change,9.0,0,401,/home/ksha/Documents/sbel/offroad-control/benchmarking/results/tire_model_with_estimator_ablation_20260827_225959/raw/0386_nn_parent_estimator_sand_lane_change_v9_b0_s401,ok,0,26.078718185424805,20.0,1.0,/home/ksha/Documents/sbel/offroad-control/benchmarking/results/tire_model_with_estimator_ablation_20260827_225959/raw/0386_nn_parent_estimator_sand_lane_change_v9_b0_s401/20260827_232133_577876_dirt_lane_change_acados_static_mlp/diag_dirt_lane_change_acados_static_mlp.csv,,,1238,0.054654872754804906,0.186429,0.04319897619047619,4.0776894179894185,6.54995,0.45307660199882427,14.287843295638124,16.139299999999988,140.3911585802931,81.785456,3.001708,0,chrono_body_contact,0,,,,,,,,True,lane_change,9.0,401,17,[25772],[25773],True,True,,12,True,True,False,233,4,8.52,8.52,15,15,24,1.012435,0.035773,0.001768,0,0,True,scalar_parent,matched_parent_profile_live,historical matched scalar-parent online estimator,dirt,8738935243860ac000075a211607e15f3d93aec40193a3fb27ed22c8942c3b2e,shared_worst_case_phi13_curvature_v1,True,0,,,,,,,,,,,,,
tire_model_with_estimator_ablation,nn_parent_estimator,standard,nn,tire_force_static,sand,lane_change,9.0,0,402,/home/ksha/Documents/sbel/offroad-control/benchmarking/results/tire_model_with_estimator_ablation_20260827_225959/raw/0387_nn_parent_estimator_sand_lane_change_v9_b0_s402,ok,0,26.080772399902344,20.0,0.99,/home/ksha/Documents/sbel/offroad-control/benchmarking/results/tire_model_with_estimator_ablation_20260827_225959/raw/0387_nn_parent_estimator_sand_lane_change_v9_b0_s402/20260827_232133_946240_dirt_lane_change_acados_static_mlp/diag_dirt_lane_change_acados_static_mlp.csv,,,1236,0.05439119512392858,0.268912,0.04274039470198675,4.0995247682119205,6.531610000000001,0.45550275202354673,14.364352750809058,15.999500000000005,138.7340480720755,81.572268,2.997097,0,chrono_body_contact,0,,,,,,,,True,lane_change,9.0,402,19,[25774],[25775],True,True,,12,True,True,False,117,2,9.012,9.012,13,14,25,1.006328,0.014406,-0.000743,0,0,True,scalar_parent,matched_parent_profile_live,historical matched scalar-parent online estimator,dirt,8738935243860ac000075a211607e15f3d93aec40193a3fb27ed22c8942c3b2e,shared_worst_case_phi13_curvature_v1,True,0,,,,,,,,,,,,,
tire_model_with_estimator_ablation,nn_parent_estimator,standard,nn,tire_force_static,sand,lane_change,9.0,0,404,/home/ksha/Documents/sbel/offroad-control/benchmarking/results/tire_model_with_estimator_ablation_20260827_225959/raw/0389_nn_parent_estimator_sand_lane_change_v9_b0_s404,ok,0,26.128413200378418,20.0,1.0,/home/ksha/Documents/sbel/offroad-control/benchmarking/results/tire_model_with_estimator_ablation_20260827_225959/raw/0389_nn_parent_estimator_sand_lane_change_v9_b0_s404/20260827_232133_764236_dirt_lane_change_acados_static_mlp/diag_dirt_lane_change_acados_static_mlp.csv,,,1239,0.056363473338550796,0.179698,0.04536929342105263,4.0559394736842105,6.55792,0.45065994152046784,14.35414043583535,16.460999999999995,142.35477031333605,81.667349,3.140536,0,chrono_body_contact,0,,,,,,,,True,lane_change,9.0,404,23,[25778],[25779],True,True,,12,True,True,False,122,2,9.012,9.012,13,13,26,1.010079,0.023491,0.014573,0,0,True,scalar_parent,matched_parent_profile_live,historical matched scalar-parent online estimator,dirt,8738935243860ac000075a211607e15f3d93aec40193a3fb27ed22c8942c3b2e,shared_worst_case_phi13_curvature_v1,True,0,,,,,,,,,,,,,
tire_model_with_estimator_ablation,nn_parent_estimator,standard,nn,tire_force_static,sand,right_left,5.0,0,402,/home/ksha/Documents/sbel/offroad-control/benchmarking/results/tire_model_with_estimator_ablation_20260827_225959/raw/0392_nn_parent_estimator_sand_right_left_v5_b0_s402,ok,0,26.178301572799683,20.0,0.99,/home/ksha/Documents/sbel/offroad-control/benchmarking/results/tire_model_with_estimator_ablation_20260827_225959/raw/0392_nn_parent_estimator_sand_right_left_v5_b0_s402/20260827_232133_915625_dirt_right_left_acados_static_mlp/diag_dirt_right_left_acados_static_mlp.csv,,,1169,0.11327436930828032,0.296907,0.09189116981132076,3.6103152394775035,4.4478599999999995,0.7220630478955007,15.012540633019675,15.9932,122.6410077463018,46.305892,-30.890796,0,chrono_body_contact,0,,,,,,,,True,right_left,5.0,402,29,[25784],[25785],True,True,,12,True,True,False,603,21,9.516,9.516,16,32,7,1.005376,-0.027595,0.01534,0,0,True,scalar_parent,matched_parent_profile_live,historical matched scalar-parent online estimator,dirt,2df275ec6c3a4a1b2fbc274414784eef849a9e55ab7130f9593a0001877583aa,shared_worst_case_phi13_curvature_v1,True,0,,,,,,,,,,,,,
tire_model_with_estimator_ablation,nn_parent_estimator,standard,nn,tire_force_static,sand,right_left,5.0,0,401,/home/ksha/Documents/sbel/offroad-control/benchmarking/results/tire_model_with_estimator_ablation_20260827_225959/raw/0391_nn_parent_estimator_sand_right_left_v5_b0_s401,ok,0,26.278252840042114,20.0,1.0,/home/ksha/Documents/sbel/offroad-control/benchmarking/results/tire_model_with_estimator_ablation_20260827_225959/raw/0391_nn_parent_estimator_sand_right_left_v5_b0_s401/20260827_232133_711308_dirt_right_left_acados_static_mlp/diag_dirt_right_left_acados_static_mlp.csv,,,1189,0.1352056726262694,0.416355,0.1068314188034188,3.7675123931623933,4.74922,0.7535024786324787,14.764297729184188,15.849599999999992,126.57213739757943,48.39722,-30.968597,0,chrono_body_contact,0,,,,,,,,True,right_left,5.0,401,27,[25782],[25783],True,True,,12,True,True,False,494,17,11.508,11.508,16,30,9,1.000786,-0.023272,0.018427,0,0,True,scalar_parent,matched_parent_profile_live,historical matched scalar-parent online estimator,dirt,2df275ec6c3a4a1b2fbc274414784eef849a9e55ab7130f9593a0001877583aa,shared_worst_case_phi13_curvature_v1,True,0,,,,,,,,,,,,,
tire_model_with_estimator_ablation,nn_parent_estimator,standard,nn,tire_force_static,sand,right_left,5.0,0,400,/home/ksha/Documents/sbel/offroad-control/benchmarking/results/tire_model_with_estimator_ablation_20260827_225959/raw/0390_nn_parent_estimator_sand_right_left_v5_b0_s400,ok,0,26.32855224609375,20.0,1.0,/home/ksha/Documents/sbel/offroad-control/benchmarking/results/tire_model_with_estimator_ablation_20260827_225959/raw/0390_nn_parent_estimator_sand_right_left_v5_b0_s400/20260827_232133_574154_dirt_right_left_acados_static_mlp/diag_dirt_right_left_acados_static_mlp.csv,,,1092,0.11342992546712821,0.313834,0.09263048447204969,3.8092819875776396,4.652095,0.7618563975155279,16.000457875457876,18.05069999999998,118.57942873316476,49.2336,-30.984605,0,chrono_body_contact,0,,,,,,,,True,right_left,5.0,400,25,[25780],[25781],True,True,,12,True,True,False,563,21,9.504,9.504,16,32,7,1.002695,-0.027702,0.02896,0,0,True,scalar_parent,matched_parent_profile_live,historical matched scalar-parent online estimator,dirt,2df275ec6c3a4a1b2fbc274414784eef849a9e55ab7130f9593a0001877583aa,shared_worst_case_phi13_curvature_v1,True,0,,,,,,,,,,,,,
tire_model_with_estimator_ablation,nn_parent_estimator,standard,nn,tire_force_static,sand,right_left,7.0,0,401,/home/ksha/Documents/sbel/offroad-control/benchmarking/results/tire_model_with_estimator_ablation_20260827_225959/raw/0396_nn_parent_estimator_sand_right_left_v7_b0_s401,ok,0,26.076007843017578,20.0,0.99,/home/ksha/Documents/sbel/offroad-control/benchmarking/results/tire_model_with_estimator_ablation_20260827_225959/raw/0396_nn_parent_estimator_sand_right_left_v7_b0_s401/20260827_232200_169281_dirt_right_left_acados_static_mlp/diag_dirt_right_left_acados_static_mlp.csv,,,1113,0.1801142023388715,0.608275,0.12589146259541983,4.180349007633588,5.62356,0.5971927153762268,15.709658580413295,16.6664,125.86483072362422,54.944003,-30.974806,0,chrono_body_contact,0,,,,,,,,True,right_left,7.0,401,37,[25792],[25793],True,True,,12,True,True,False,601,22,9.0,9.0,16,33,6,0.994552,-0.031563,0.034995,0,0,True,scalar_parent,matched_parent_profile_live,historical matched scalar-parent online estimator,dirt,2a22058ceeef679f207bd5220377a736edae3e63c7f59afab2d351bc5e8d1aca,shared_worst_case_phi13_curvature_v1,True,0,,,,,,,,,,,,,
tire_model_with_estimator_ablation,nn_parent_estimator,standard,nn,tire_force_static,sand,right_left,7.0,0,402,/home/ksha/Documents/sbel/offroad-control/benchmarking/results/tire_model_with_estimator_ablation_20260827_225959/raw/0397_nn_parent_estimator_sand_right_left_v7_b0_s402,ok,0,26.12765884399414,20.0,0.99,/home/ksha/Documents/sbel/offroad-control/benchmarking/results/tire_model_with_estimator_ablation_20260827_225959/raw/0397_nn_parent_estimator_sand_right_left_v7_b0_s402/20260827_232200_173718_dirt_right_left_acados_static_mlp/diag_dirt_right_left_acados_static_mlp.csv,,,1171,0.13396894619110158,0.405727,0.10432031837916064,3.9559115774240228,5.4153,0.565130225346289,15.000913748932536,15.75,126.0320167984838,51.797407,-30.883747,0,chrono_body_contact,0,,,,,,,,True,right_left,7.0,402,39,[25794],[25795],True,True,,12,True,True,False,487,17,11.52,11.52,16,30,9,1.000988,-0.023055,0.046158,0,0,True,scalar_parent,matched_parent_profile_live,historical matched scalar-parent online estimator,dirt,2a22058ceeef679f207bd5220377a736edae3e63c7f59afab2d351bc5e8d1aca,shared_worst_case_phi13_curvature_v1,True,0,,,,,,,,,,,,,
tire_model_with_estimator_ablation,nn_parent_estimator,standard,nn,tire_force_static,sand,right_left,7.0,0,403,/home/ksha/Documents/sbel/offroad-control/benchmarking/results/tire_model_with_estimator_ablation_20260827_225959/raw/0398_nn_parent_estimator_sand_right_left_v7_b0_s403,ok,0,26.181848526000977,20.0,0.99,/home/ksha/Documents/sbel/offroad-control/benchmarking/results/tire_model_with_estimator_ablation_20260827_225959/raw/0398_nn_parent_estimator_sand_right_left_v7_b0_s403/20260827_232200_100729_dirt_right_left_acados_static_mlp/diag_dirt_right_left_acados_static_mlp.csv,,,1173,0.16906646896126903,0.560244,0.11980354834054836,4.294875468975469,5.83174,0.613553638425067,14.98539641943734,15.77,129.16316475615213,56.856065,-30.954639,0,chrono_body_contact,0,,,,,,,,True,right_left,7.0,403,41,[25796],[25797],True,True,,12,True,True,False,575,17,10.008,10.008,16,28,11,1.000813,-0.022924,0.022419,0,0,True,scalar_parent,matched_parent_profile_live,historical matched scalar-parent online estimator,dirt,2a22058ceeef679f207bd5220377a736edae3e63c7f59afab2d351bc5e8d1aca,shared_worst_case_phi13_curvature_v1,True,0,,,,,,,,,,,,,
tire_model_with_estimator_ablation,nn_parent_estimator,standard,nn,tire_force_static,sand,right_left,7.0,0,400,/home/ksha/Documents/sbel/offroad-control/benchmarking/results/tire_model_with_estimator_ablation_20260827_225959/raw/0395_nn_parent_estimator_sand_right_left_v7_b0_s400,ok,0,26.23592972755432,20.0,0.99,/home/ksha/Documents/sbel/offroad-control/benchmarking/results/tire_model_with_estimator_ablation_20260827_225959/raw/0395_nn_parent_estimator_sand_right_left_v7_b0_s400/20260827_232200_143854_dirt_right_left_acados_static_mlp/diag_dirt_right_left_acados_static_mlp.csv,,,1182,0.15892489894832507,0.473564,0.11596011015736767,4.126423605150214,5.6287400000000005,0.5894890864500306,14.923417935702203,15.945700000000002,130.04014127603028,54.573717,-30.981722,0,chrono_body_contact,0,,,,,,,,True,right_left,7.0,400,35,[25790],[25791],True,True,,12,True,True,False,612,18,9.504,9.504,16,29,10,0.980129,-0.079008,0.041386,0,0,True,scalar_parent,matched_parent_profile_live,historical matched scalar-parent online estimator,dirt,2a22058ceeef679f207bd5220377a736edae3e63c7f59afab2d351bc5e8d1aca,shared_worst_case_phi13_curvature_v1,True,0,,,,,,,,,,,,,
tire_model_with_estimator_ablation,nn_parent_estimator,standard,nn,tire_force_static,sand,right_left,5.0,0,404,/home/ksha/Documents/sbel/offroad-control/benchmarking/results/tire_model_with_estimator_ablation_20260827_225959/raw/0394_nn_parent_estimator_sand_right_left_v5_b0_s404,ok,0,26.326247692108154,20.0,1.0,/home/ksha/Documents/sbel/offroad-control/benchmarking/results/tire_model_with_estimator_ablation_20260827_225959/raw/0394_nn_parent_estimator_sand_right_left_v5_b0_s404/20260827_232200_245217_dirt_right_left_acados_static_mlp/diag_dirt_right_left_acados_static_mlp.csv,,,1174,0.12717527998201092,0.354971,0.10138146848137537,3.789372636103152,4.674165,0.7578745272206304,14.952427597955708,15.99,125.60575056608957,48.588888,-30.919919,0,chrono_body_contact,0,,,,,,,,True,right_left,5.0,404,33,[25788],[25789],True,True,,12,True,True,False,581,20,10.008,10.008,16,31,8,0.993521,-0.037212,0.028722,0,0,True,scalar_parent,matched_parent_profile_live,historical matched scalar-parent online estimator,dirt,2df275ec6c3a4a1b2fbc274414784eef849a9e55ab7130f9593a0001877583aa,shared_worst_case_phi13_curvature_v1,True,0,,,,,,,,,,,,,
tire_model_with_estimator_ablation,nn_parent_estimator,standard,nn,tire_force_static,sand,right_left,9.0,0,400,/home/ksha/Documents/sbel/offroad-control/benchmarking/results/tire_model_with_estimator_ablation_20260827_225959/raw/0400_nn_parent_estimator_sand_right_left_v9_b0_s400,ok,0,26.32667589187622,20.0,1.0,/home/ksha/Documents/sbel/offroad-control/benchmarking/results/tire_model_with_estimator_ablation_20260827_225959/raw/0400_nn_parent_estimator_sand_right_left_v9_b0_s400/20260827_232200_205591_dirt_right_left_acados_static_mlp/diag_dirt_right_left_acados_static_mlp.csv,,,1161,0.1639672850797361,0.508377,0.11966625689404935,4.089359071117562,5.5439799999999995,0.4543732301241735,15.116666666666664,15.858,127.63121320324753,53.857617,-30.980688,0,chrono_body_contact,0,,,,,,,,True,right_left,9.0,400,45,[25800],[25801],True,True,,12,True,True,False,630,19,9.0,9.0,16,30,9,0.991553,-0.101312,0.027928,0,0,True,scalar_parent,matched_parent_profile_live,historical matched scalar-parent online estimator,dirt,2fd2c1dbb42c39cc163281ad14f69d4122484783b6b75aa488f2ea05e6c9793b,shared_worst_case_phi13_curvature_v1,True,0,,,,,,,,,,,,,
tire_model_with_estimator_ablation,nn_parent_estimator,standard,nn,tire_force_static,sand,right_left,7.0,0,404,/home/ksha/Documents/sbel/offroad-control/benchmarking/results/tire_model_with_estimator_ablation_20260827_225959/raw/0399_nn_parent_estimator_sand_right_left_v7_b0_s404,ok,0,26.33026647567749,20.0,0.98,/home/ksha/Documents/sbel/offroad-control/benchmarking/results/tire_model_with_estimator_ablation_20260827_225959/raw/0399_nn_parent_estimator_sand_right_left_v7_b0_s404/20260827_232200_017101_dirt_right_left_acados_static_mlp/diag_dirt_right_left_acados_static_mlp.csv,,,1193,0.17505342276627728,0.566965,0.12395140761636109,4.256632581100141,5.72606,0.6080903687285916,14.91558256496228,15.641599999999999,132.88987864886911,56.54688,-30.921083,0,chrono_body_contact,0,,,,,,,,True,right_left,7.0,404,43,[25798],[25799],True,True,,12,True,True,False,595,18,10.02,10.02,16,29,10,1.00105,-0.011862,0.022814,0,1,True,scalar_parent,matched_parent_profile_live,historical matched scalar-parent online estimator,dirt,2a22058ceeef679f207bd5220377a736edae3e63c7f59afab2d351bc5e8d1aca,shared_worst_case_phi13_curvature_v1,True,0,,,,,,,,,,,,,
tire_model_with_estimator_ablation,nn_parent_estimator,standard,nn,tire_force_static,sand,right_left,5.0,0,403,/home/ksha/Documents/sbel/offroad-control/benchmarking/results/tire_model_with_estimator_ablation_20260827_225959/raw/0393_nn_parent_estimator_sand_right_left_v5_b0_s403,ok,0,26.377325534820557,20.0,0.99,/home/ksha/Documents/sbel/offroad-control/benchmarking/results/tire_model_with_estimator_ablation_20260827_225959/raw/0393_nn_parent_estimator_sand_right_left_v5_b0_s403/20260827_232200_248810_dirt_right_left_acados_static_mlp/diag_dirt_right_left_acados_static_mlp.csv,,,1178,0.12422247401368332,0.352817,0.09909763896848138,3.627166905444126,4.5909249999999995,0.7254333810888252,15.064448217317485,15.75,126.06486316453226,46.666161,-30.965528,0,chrono_body_contact,0,,,,,,,,True,right_left,5.0,403,31,[25786],[25787],True,True,,12,True,True,False,495,17,11.508,11.508,16,30,9,0.997117,-0.030221,0.032081,0,0,True,scalar_parent,matched_parent_profile_live,historical matched scalar-parent online estimator,dirt,2df275ec6c3a4a1b2fbc274414784eef849a9e55ab7130f9593a0001877583aa,shared_worst_case_phi13_curvature_v1,True,0,,,,,,,,,,,,,
tire_model_with_estimator_ablation,nn_parent_estimator,standard,nn,tire_force_static,sand,right_left,9.0,0,403,/home/ksha/Documents/sbel/offroad-control/benchmarking/results/tire_model_with_estimator_ablation_20260827_225959/raw/0403_nn_parent_estimator_sand_right_left_v9_b0_s403,ok,0,26.180688619613647,20.0,0.99,/home/ksha/Documents/sbel/offroad-control/benchmarking/results/tire_model_with_estimator_ablation_20260827_225959/raw/0403_nn_parent_estimator_sand_right_left_v9_b0_s403/20260827_232226_746871_dirt_right_left_acados_static_mlp/diag_dirt_right_left_acados_static_mlp.csv,,,1170,0.17142442894557205,0.562541,0.12155944283646886,4.236706078147613,5.7063500000000005,0.4707451197941792,15.03705982905983,16.6031,127.2554652543058,56.321672,-30.956397,0,chrono_body_contact,0,,,,,,,,True,right_left,9.0,403,51,[25806],[25807],True,True,,12,True,True,False,574,17,10.02,10.02,16,28,11,1.001462,-0.029146,0.021944,0,1,True,scalar_parent,matched_parent_profile_live,historical matched scalar-parent online estimator,dirt,2fd2c1dbb42c39cc163281ad14f69d4122484783b6b75aa488f2ea05e6c9793b,shared_worst_case_phi13_curvature_v1,True,0,,,,,,,,,,,,,
tire_model_with_estimator_ablation,nn_fixed_fallback,standard,nn,tire_force_static,clay,sinusoidal,5.0,0,401,/home/ksha/Documents/sbel/offroad-control/benchmarking/results/tire_model_with_estimator_ablation_20260827_225959/raw/0406_nn_fixed_fallback_clay_sinusoidal_v5_b0_s401,ok,0,26.23140549659729,20.0,0.99,/home/ksha/Documents/sbel/offroad-control/benchmarking/results/tire_model_with_estimator_ablation_20260827_225959/raw/0406_nn_fixed_fallback_clay_sinusoidal_v5_b0_s401/20260827_232226_811219_clay_sinusoidal_acados_static_mlp/diag_clay_sinusoidal_acados_static_mlp.csv,,,1224,0.08552748034937081,0.329843,0.06684281983240224,4.2242782122905025,4.887525,0.8448556424581005,14.74499183006536,16.658599999999996,128.23169047333516,60.877216,-1.621705,0,chrono_body_contact,0,,,,,,,,True,sinusoidal,5.0,401,57,[25812],[25813],False,True,,12,False,False,False,0,0,,,0,0,0,,,,0,0,True,disabled,backend_compatibility,fixed promoted low-grip fallback endpoint,clay,f544d4c607d9f35cff9cbf38b8d140aa1d8904401cf08a56f3c5a58132af58c5,shared_worst_case_phi13_curvature_v1,True,0,,,,,,,,,,,,,
tire_model_with_estimator_ablation,nn_fixed_fallback,standard,nn,tire_force_static,clay,sinusoidal,5.0,0,402,/home/ksha/Documents/sbel/offroad-control/benchmarking/results/tire_model_with_estimator_ablation_20260827_225959/raw/0407_nn_fixed_fallback_clay_sinusoidal_v5_b0_s402,ok,0,26.27873682975769,20.0,1.0,/home/ksha/Documents/sbel/offroad-control/benchmarking/results/tire_model_with_estimator_ablation_20260827_225959/raw/0407_nn_fixed_fallback_clay_sinusoidal_v5_b0_s402/20260827_232226_590532_clay_sinusoidal_acados_static_mlp/diag_clay_sinusoidal_acados_static_mlp.csv,,,1238,0.09173278838572,0.301374,0.0716709393939394,4.2846169421487605,4.963725,0.8569233884297521,14.549967689822294,16.839699999999976,127.17702470256802,61.71612,-1.433259,0,chrono_body_contact,0,,,,,,,,True,sinusoidal,5.0,402,59,[25814],[25815],False,True,,12,False,False,False,0,0,,,0,0,0,,,,0,0,True,disabled,backend_compatibility,fixed promoted low-grip fallback endpoint,clay,f544d4c607d9f35cff9cbf38b8d140aa1d8904401cf08a56f3c5a58132af58c5,shared_worst_case_phi13_curvature_v1,True,0,,,,,,,,,,,,,
tire_model_with_estimator_ablation,nn_parent_estimator,standard,nn,tire_force_static,sand,right_left,9.0,0,404,/home/ksha/Documents/sbel/offroad-control/benchmarking/results/tire_model_with_estimator_ablation_20260827_225959/raw/0404_nn_parent_estimator_sand_right_left_v9_b0_s404,ok,0,26.329580307006836,20.0,0.99,/home/ksha/Documents/sbel/offroad-control/benchmarking/results/tire_model_with_estimator_ablation_20260827_225959/raw/0404_nn_parent_estimator_sand_right_left_v9_b0_s404/20260827_232226_440154_dirt_right_left_acados_static_mlp/diag_dirt_right_left_acados_static_mlp.csv,,,1161,0.15893374288614737,0.575856,0.11581435294117647,4.133371176470588,5.645955,0.4592634640522875,15.166503014642547,16.724,130.68769017763395,54.611138,-30.918891,0,chrono_body_contact,0,,,,,,,,True,right_left,9.0,404,53,[25808],[25809],True,True,,12,True,True,False,563,18,10.02,10.02,16,29,10,1.001149,-0.057234,0.031264,0,0,True,scalar_parent,matched_parent_profile_live,historical matched scalar-parent online estimator,dirt,2fd2c1dbb42c39cc163281ad14f69d4122484783b6b75aa488f2ea05e6c9793b,shared_worst_case_phi13_curvature_v1,True,0,,,,,,,,,,,,,
tire_model_with_estimator_ablation,nn_parent_estimator,standard,nn,tire_force_static,sand,right_left,9.0,0,401,/home/ksha/Documents/sbel/offroad-control/benchmarking/results/tire_model_with_estimator_ablation_20260827_225959/raw/0401_nn_parent_estimator_sand_right_left_v9_b0_s401,ok,0,26.381210565567017,20.0,0.99,/home/ksha/Documents/sbel/offroad-control/benchmarking/results/tire_model_with_estimator_ablation_20260827_225959/raw/0401_nn_parent_estimator_sand_right_left_v9_b0_s401/20260827_232226_636463_dirt_right_left_acados_static_mlp/diag_dirt_right_left_acados_static_mlp.csv,,,1165,0.16210401875721384,0.537905,0.11689264202898551,4.255534782608696,5.73257,0.4728371980676329,15.078866952789701,16.616799999999987,129.44282827260733,56.640511,-30.975599,0,chrono_body_contact,0,,,,,,,,True,right_left,9.0,401,47,[25802],[25803],True,True,,12,True,True,False,661,22,8.508,8.508,16,33,6,1.0018,-0.024841,0.03069,0,0,True,scalar_parent,matched_parent_profile_live,historical matched scalar-parent online estimator,dirt,2fd2c1dbb42c39cc163281ad14f69d4122484783b6b75aa488f2ea05e6c9793b,shared_worst_case_phi13_curvature_v1,True,0,,,,,,,,,,,,,
tire_model_with_estimator_ablation,nn_fixed_fallback,standard,nn,tire_force_static,clay,sinusoidal,5.0,0,400,/home/ksha/Documents/sbel/offroad-control/benchmarking/results/tire_model_with_estimator_ablation_20260827_225959/raw/0405_nn_fixed_fallback_clay_sinusoidal_v5_b0_s400,ok,0,26.388023853302002,20.0,0.99,/home/ksha/Documents/sbel/offroad-control/benchmarking/results/tire_model_with_estimator_ablation_20260827_225959/raw/0405_nn_fixed_fallback_clay_sinusoidal_v5_b0_s400/20260827_232226_532362_clay_sinusoidal_acados_static_mlp/diag_clay_sinusoidal_acados_static_mlp.csv,,,1170,0.09722868995565029,0.297298,0.07413355766423357,4.385269781021898,4.9834,0.8770539562043795,15.512008547008547,18.79029999999999,125.47331826266262,64.725493,-0.269244,0,chrono_body_contact,0,,,,,,,,True,sinusoidal,5.0,400,55,[25810],[25811],False,True,,12,False,False,False,0,0,,,0,0,0,,,,0,0,True,disabled,backend_compatibility,fixed promoted low-grip fallback endpoint,clay,f544d4c607d9f35cff9cbf38b8d140aa1d8904401cf08a56f3c5a58132af58c5,shared_worst_case_phi13_curvature_v1,True,0,,,,,,,,,,,,,
tire_model_with_estimator_ablation,nn_fixed_fallback,standard,nn,tire_force_static,clay,sinusoidal,5.0,0,403,/home/ksha/Documents/sbel/offroad-control/benchmarking/results/tire_model_with_estimator_ablation_20260827_225959/raw/0408_nn_fixed_fallback_clay_sinusoidal_v5_b0_s403,ok,0,26.429314136505127,20.0,0.99,/home/ksha/Documents/sbel/offroad-control/benchmarking/results/tire_model_with_estimator_ablation_20260827_225959/raw/0408_nn_fixed_fallback_clay_sinusoidal_v5_b0_s403/20260827_232226_639764_clay_sinusoidal_acados_static_mlp/diag_clay_sinusoidal_acados_static_mlp.csv,,,1208,0.08316907513430233,0.304378,0.06361986938202248,4.26825070224719,5.0089999999999995,0.8536501404494381,14.992756622516556,17.795500000000022,125.20479494044903,60.990922,-1.616719,0,chrono_body_contact,0,,,,,,,,True,sinusoidal,5.0,403,61,[25816],[25817],False,True,,12,False,False,False,0,0,,,0,0,0,,,,0,0,True,disabled,backend_compatibility,fixed promoted low-grip fallback endpoint,clay,f544d4c607d9f35cff9cbf38b8d140aa1d8904401cf08a56f3c5a58132af58c5,shared_worst_case_phi13_curvature_v1,True,0,,,,,,,,,,,,,
tire_model_with_estimator_ablation,nn_parent_estimator,standard,nn,tire_force_static,sand,right_left,9.0,0,402,/home/ksha/Documents/sbel/offroad-control/benchmarking/results/tire_model_with_estimator_ablation_20260827_225959/raw/0402_nn_parent_estimator_sand_right_left_v9_b0_s402,ok,0,26.552355527877808,20.0,0.99,/home/ksha/Documents/sbel/offroad-control/benchmarking/results/tire_model_with_estimator_ablation_20260827_225959/raw/0402_nn_parent_estimator_sand_right_left_v9_b0_s402/20260827_232226_674119_dirt_right_left_acados_static_mlp/diag_dirt_right_left_acados_static_mlp.csv,,,1191,0.16997083353724796,0.543317,0.12355609370629371,4.152123636363636,5.58782,0.46134707070707065,14.898018471872376,17.67799999999993,129.07833934930414,55.237894,-31.029249,0,chrono_body_contact,0,,,,,,,,True,right_left,9.0,402,49,[25804],[25805],True,True,,12,True,True,False,591,18,10.008,10.008,16,29,10,1.001402,-0.044305,0.021152,0,0,True,scalar_parent,matched_parent_profile_live,historical matched scalar-parent online estimator,dirt,2fd2c1dbb42c39cc163281ad14f69d4122484783b6b75aa488f2ea05e6c9793b,shared_worst_case_phi13_curvature_v1,True,0,,,,,,,,,,,,,
tire_model_with_estimator_ablation,nn_fixed_fallback,standard,nn,tire_force_static,clay,sinusoidal,9.0,0,400,/home/ksha/Documents/sbel/offroad-control/benchmarking/results/tire_model_with_estimator_ablation_20260827_225959/raw/0415_nn_fixed_fallback_clay_sinusoidal_v9_b0_s400,ok,0,26.084161043167114,20.0,0.99,/home/ksha/Documents/sbel/offroad-control/benchmarking/results/tire_model_with_estimator_ablation_20260827_225959/raw/0415_nn_fixed_fallback_clay_sinusoidal_v9_b0_s400/20260827_232253_193955_clay_sinusoidal_acados_static_mlp/diag_clay_sinusoidal_acados_static_mlp.csv,,,1249,0.11130603262691485,0.358171,0.08341027260273973,4.431710273972603,5.13307,0.49241225266362254,14.396365092073657,15.47,130.50775681551312,63.192668,-1.046806,0,chrono_body_contact,0,,,,,,,,True,sinusoidal,9.0,400,75,[25830],[25831],False,True,,12,False,False,False,0,0,,,0,0,0,,,,0,0,True,disabled,backend_compatibility,fixed promoted low-grip fallback endpoint,clay,dc58ccfda201c75bc0d828da6f9710e91377898701de047f0e4ef191b0e89544,shared_worst_case_phi13_curvature_v1,True,0,,,,,,,,,,,,,
tire_model_with_estimator_ablation,nn_fixed_fallback,standard,nn,tire_force_static,clay,sinusoidal,7.0,0,403,/home/ksha/Documents/sbel/offroad-control/benchmarking/results/tire_model_with_estimator_ablation_20260827_225959/raw/0413_nn_fixed_fallback_clay_sinusoidal_v7_b0_s403,ok,0,26.136584758758545,20.0,1.0,/home/ksha/Documents/sbel/offroad-control/benchmarking/results/tire_model_with_estimator_ablation_20260827_225959/raw/0413_nn_fixed_fallback_clay_sinusoidal_v7_b0_s403/20260827_232253_140099_clay_sinusoidal_acados_static_mlp/diag_clay_sinusoidal_acados_static_mlp.csv,,,1221,0.11563896980368106,0.343907,0.08739726227208976,4.572421879382889,5.1435,0.6532031256261269,14.748345618345619,15.706,129.1671832745854,69.047752,1.498261,0,chrono_body_contact,0,,,,,,,,True,sinusoidal,7.0,403,71,[25826],[25827],False,True,,12,False,False,False,0,0,,,0,0,0,,,,0,0,True,disabled,backend_compatibility,fixed promoted low-grip fallback endpoint,clay,dc58ccfda201c75bc0d828da6f9710e91377898701de047f0e4ef191b0e89544,shared_worst_case_phi13_curvature_v1,True,0,,,,,,,,,,,,,
tire_model_with_estimator_ablation,nn_fixed_fallback,standard,nn,tire_force_static,clay,sinusoidal,7.0,0,402,/home/ksha/Documents/sbel/offroad-control/benchmarking/results/tire_model_with_estimator_ablation_20260827_225959/raw/0412_nn_fixed_fallback_clay_sinusoidal_v7_b0_s402,ok,0,26.185208797454834,20.0,1.0,/home/ksha/Documents/sbel/offroad-control/benchmarking/results/tire_model_with_estimator_ablation_20260827_225959/raw/0412_nn_fixed_fallback_clay_sinusoidal_v7_b0_s402/20260827_232253_193160_clay_sinusoidal_acados_static_mlp/diag_clay_sinusoidal_acados_static_mlp.csv,,,1241,0.13611442020927175,0.447843,0.10098258068965515,4.493338620689656,5.1928,0.6419055172413793,14.487921031426271,15.411999999999999,130.27595633160985,64.451756,-0.443932,0,chrono_body_contact,0,,,,,,,,True,sinusoidal,7.0,402,69,[25824],[25825],False,True,,12,False,False,False,0,0,,,0,0,0,,,,0,0,True,disabled,backend_compatibility,fixed promoted low-grip fallback endpoint,clay,dc58ccfda201c75bc0d828da6f9710e91377898701de047f0e4ef191b0e89544,shared_worst_case_phi13_curvature_v1,True,0,,,,,,,,,,,,,
tire_model_with_estimator_ablation,nn_fixed_fallback,standard,nn,tire_force_static,clay,sinusoidal,7.0,0,400,/home/ksha/Documents/sbel/offroad-control/benchmarking/results/tire_model_with_estimator_ablation_20260827_225959/raw/0410_nn_fixed_fallback_clay_sinusoidal_v7_b0_s400,ok,0,26.189700841903687,20.0,1.0,/home/ksha/Documents/sbel/offroad-control/benchmarking/results/tire_model_with_estimator_ablation_20260827_225959/raw/0410_nn_fixed_fallback_clay_sinusoidal_v7_b0_s400/20260827_232253_216171_clay_sinusoidal_acados_static_mlp/diag_clay_sinusoidal_acados_static_mlp.csv,,,1224,0.11792134668397224,0.409131,0.08873091444600281,4.429809116409538,5.19578,0.6328298737727911,14.708995098039214,15.803099999999999,126.97060282108617,62.58066,-1.289685,0,chrono_body_contact,0,,,,,,,,True,sinusoidal,7.0,400,65,[25820],[25821],False,True,,12,False,False,False,0,0,,,0,0,0,,,,0,0,True,disabled,backend_compatibility,fixed promoted low-grip fallback endpoint,clay,dc58ccfda201c75bc0d828da6f9710e91377898701de047f0e4ef191b0e89544,shared_worst_case_phi13_curvature_v1,True,0,,,,,,,,,,,,,
tire_model_with_estimator_ablation,nn_fixed_fallback,standard,nn,tire_force_static,clay,sinusoidal,7.0,0,404,/home/ksha/Documents/sbel/offroad-control/benchmarking/results/tire_model_with_estimator_ablation_20260827_225959/raw/0414_nn_fixed_fallback_clay_sinusoidal_v7_b0_s404,ok,0,26.233954429626465,20.0,0.99,/home/ksha/Documents/sbel/offroad-control/benchmarking/results/tire_model_with_estimator_ablation_20260827_225959/raw/0414_nn_fixed_fallback_clay_sinusoidal_v7_b0_s404/20260827_232253_030106_clay_sinusoidal_acados_static_mlp/diag_clay_sinusoidal_acados_static_mlp.csv,,,1241,0.09596351020617895,0.380862,0.07369486703601108,4.292399168975069,5.0769899999999994,0.6131998812821527,14.56279613215149,15.837999999999997,130.53869247533515,60.610527,-1.660803,0,chrono_body_contact,0,,,,,,,,True,sinusoidal,7.0,404,73,[25828],[25829],False,True,,12,False,False,False,0,0,,,0,0,0,,,,0,0,True,disabled,backend_compatibility,fixed promoted low-grip fallback endpoint,clay,dc58ccfda201c75bc0d828da6f9710e91377898701de047f0e4ef191b0e89544,shared_worst_case_phi13_curvature_v1,True,0,,,,,,,,,,,,,
tire_model_with_estimator_ablation,nn_fixed_fallback,standard,nn,tire_force_static,clay,sinusoidal,9.0,0,401,/home/ksha/Documents/sbel/offroad-control/benchmarking/results/tire_model_with_estimator_ablation_20260827_225959/raw/0416_nn_fixed_fallback_clay_sinusoidal_v9_b0_s401,ok,0,26.233863592147827,20.0,1.0,/home/ksha/Documents/sbel/offroad-control/benchmarking/results/tire_model_with_estimator_ablation_20260827_225959/raw/0416_nn_fixed_fallback_clay_sinusoidal_v9_b0_s401/20260827_232253_133494_clay_sinusoidal_acados_static_mlp/diag_clay_sinusoidal_acados_static_mlp.csv,,,1229,0.10531691374606365,0.377584,0.080371406424581,4.372131145251396,5.0504750000000005,0.48579234947237737,14.648901545972334,16.1932,129.50785908599778,62.224302,-1.311009,0,chrono_body_contact,0,,,,,,,,True,sinusoidal,9.0,401,77,[25832],[25833],False,True,,12,False,False,False,0,0,,,0,0,0,,,,0,0,True,disabled,backend_compatibility,fixed promoted low-grip fallback endpoint,clay,dc58ccfda201c75bc0d828da6f9710e91377898701de047f0e4ef191b0e89544,shared_worst_case_phi13_curvature_v1,True,0,,,,,,,,,,,,,
tire_model_with_estimator_ablation,nn_fixed_fallback,standard,nn,tire_force_static,clay,sinusoidal,5.0,0,404,/home/ksha/Documents/sbel/offroad-control/benchmarking/results/tire_model_with_estimator_ablation_20260827_225959/raw/0409_nn_fixed_fallback_clay_sinusoidal_v5_b0_s404,ok,0,26.235055923461914,20.0,0.99,/home/ksha/Documents/sbel/offroad-control/benchmarking/results/tire_model_with_estimator_ablation_20260827_225959/raw/0409_nn_fixed_fallback_clay_sinusoidal_v5_b0_s404/20260827_232253_151755_clay_sinusoidal_acados_static_mlp/diag_clay_sinusoidal_acados_static_mlp.csv,,,1242,0.08897349620379458,0.290928,0.06971210576923076,4.282081043956044,4.96998,0.8564162087912088,14.603953301127214,15.727699999999999,130.21025055397905,61.601056,-1.387038,0,chrono_body_contact,0,,,,,,,,True,sinusoidal,5.0,404,63,[25818],[25819],False,True,,12,False,False,False,0,0,,,0,0,0,,,,0,0,True,disabled,backend_compatibility,fixed promoted low-grip fallback endpoint,clay,f544d4c607d9f35cff9cbf38b8d140aa1d8904401cf08a56f3c5a58132af58c5,shared_worst_case_phi13_curvature_v1,True,0,,,,,,,,,,,,,
tire_model_with_estimator_ablation,nn_fixed_fallback,standard,nn,tire_force_static,clay,sinusoidal,7.0,0,401,/home/ksha/Documents/sbel/offroad-control/benchmarking/results/tire_model_with_estimator_ablation_20260827_225959/raw/0411_nn_fixed_fallback_clay_sinusoidal_v7_b0_s401,ok,0,26.287139892578125,20.0,1.0,/home/ksha/Documents/sbel/offroad-control/benchmarking/results/tire_model_with_estimator_ablation_20260827_225959/raw/0411_nn_fixed_fallback_clay_sinusoidal_v7_b0_s401/20260827_232253_154383_clay_sinusoidal_acados_static_mlp/diag_clay_sinusoidal_acados_static_mlp.csv,,,1150,0.10450029823082971,0.384836,0.07921712998522895,4.342081683899557,5.12996,0.6202973834142224,15.662556521739132,18.4026,124.41322416345773,61.848266,-1.453365,0,chrono_body_contact,0,,,,,,,,True,sinusoidal,7.0,401,67,[25822],[25823],False,True,,12,False,False,False,0,0,,,0,0,0,,,,0,0,True,disabled,backend_compatibility,fixed promoted low-grip fallback endpoint,clay,dc58ccfda201c75bc0d828da6f9710e91377898701de047f0e4ef191b0e89544,shared_worst_case_phi13_curvature_v1,True,0,,,,,,,,,,,,,
tire_model_with_estimator_ablation,nn_fixed_fallback,standard,nn,tire_force_static,clay,lane_change,5.0,0,401,/home/ksha/Documents/sbel/offroad-control/benchmarking/results/tire_model_with_estimator_ablation_20260827_225959/raw/0421_nn_fixed_fallback_clay_lane_change_v5_b0_s401,ok,0,25.93006658554077,20.0,1.0,/home/ksha/Documents/sbel/offroad-control/benchmarking/results/tire_model_with_estimator_ablation_20260827_225959/raw/0421_nn_fixed_fallback_clay_lane_change_v5_b0_s401/20260827_232319_630404_clay_lane_change_acados_static_mlp/diag_clay_lane_change_acados_static_mlp.csv,,,1216,0.13365467120451824,0.5459,0.08029846280991736,4.414345730027548,5.425625,0.8828691460055096,14.805205592105263,15.81,134.25506294546386,80.167233,3.029321,0,chrono_body_contact,0,,,,,,,,True,lane_change,5.0,401,87,[25842],[25843],False,True,,12,False,False,False,0,0,,,0,0,0,,,,0,0,True,disabled,backend_compatibility,fixed promoted low-grip fallback endpoint,clay,c95613694247a1005b45d05d79e96eab52db905aea2667907ed2515e9ac3b36a,shared_worst_case_phi13_curvature_v1,True,0,,,,,,,,,,,,,
tire_model_with_estimator_ablation,nn_fixed_fallback,standard,nn,tire_force_static,clay,lane_change,5.0,0,404,/home/ksha/Documents/sbel/offroad-control/benchmarking/results/tire_model_with_estimator_ablation_20260827_225959/raw/0424_nn_fixed_fallback_clay_lane_change_v5_b0_s404,ok,0,25.981359004974365,20.0,1.0,/home/ksha/Documents/sbel/offroad-control/benchmarking/results/tire_model_with_estimator_ablation_20260827_225959/raw/0424_nn_fixed_fallback_clay_lane_change_v5_b0_s404/20260827_232319_758877_clay_lane_change_acados_static_mlp/diag_clay_lane_change_acados_static_mlp.csv,,,1220,0.137237110643861,0.567789,0.08069752739726027,4.3434793150684925,5.406415,0.8686958630136985,14.78798360655738,15.834299999999999,136.68218678089423,79.674655,3.109022,0,chrono_body_contact,0,,,,,,,,True,lane_change,5.0,404,93,[25848],[25849],False,True,,12,False,False,False,0,0,,,0,0,0,,,,0,0,True,disabled,backend_compatibility,fixed promoted low-grip fallback endpoint,clay,c95613694247a1005b45d05d79e96eab52db905aea2667907ed2515e9ac3b36a,shared_worst_case_phi13_curvature_v1,True,0,,,,,,,,,,,,,
tire_model_with_estimator_ablation,nn_fixed_fallback,standard,nn,tire_force_static,clay,sinusoidal,9.0,0,404,/home/ksha/Documents/sbel/offroad-control/benchmarking/results/tire_model_with_estimator_ablation_20260827_225959/raw/0419_nn_fixed_fallback_clay_sinusoidal_v9_b0_s404,ok,0,26.079151391983032,20.0,1.0,/home/ksha/Documents/sbel/offroad-control/benchmarking/results/tire_model_with_estimator_ablation_20260827_225959/raw/0419_nn_fixed_fallback_clay_sinusoidal_v9_b0_s404/20260827_232319_519987_clay_sinusoidal_acados_static_mlp/diag_clay_sinusoidal_acados_static_mlp.csv,,,1214,0.11391828336560568,0.378379,0.08758230069930069,4.4213593006993,5.0887199999999995,0.49126214452214445,14.831350906095551,15.897399999999998,129.2394761206706,63.563589,-0.774624,0,chrono_body_contact,0,,,,,,,,True,sinusoidal,9.0,404,83,[25838],[25839],False,True,,12,False,False,False,0,0,,,0,0,0,,,,0,0,True,disabled,backend_compatibility,fixed promoted low-grip fallback endpoint,clay,dc58ccfda201c75bc0d828da6f9710e91377898701de047f0e4ef191b0e89544,shared_worst_case_phi13_curvature_v1,True,0,,,,,,,,,,,,,
tire_model_with_estimator_ablation,nn_fixed_fallback,standard,nn,tire_force_static,clay,lane_change,5.0,0,403,/home/ksha/Documents/sbel/offroad-control/benchmarking/results/tire_model_with_estimator_ablation_20260827_225959/raw/0423_nn_fixed_fallback_clay_lane_change_v5_b0_s403,ok,0,26.07922601699829,20.0,1.0,/home/ksha/Documents/sbel/offroad-control/benchmarking/results/tire_model_with_estimator_ablation_20260827_225959/raw/0423_nn_fixed_fallback_clay_lane_change_v5_b0_s403/20260827_232319_352063_clay_lane_change_acados_static_mlp/diag_clay_lane_change_acados_static_mlp.csv,,,1152,0.10636807583619347,0.461549,0.06781714927536232,4.41132420289855,5.453495,0.88226484057971,15.623663194444443,16.983900000000002,128.59619393382553,80.487336,3.041193,0,chrono_body_contact,0,,,,,,,,True,lane_change,5.0,403,91,[25846],[25847],False,True,,12,False,False,False,0,0,,,0,0,0,,,,0,0,True,disabled,backend_compatibility,fixed promoted low-grip fallback endpoint,clay,c95613694247a1005b45d05d79e96eab52db905aea2667907ed2515e9ac3b36a,shared_worst_case_phi13_curvature_v1,True,0,,,,,,,,,,,,,
tire_model_with_estimator_ablation,nn_fixed_fallback,standard,nn,tire_force_static,clay,lane_change,5.0,0,402,/home/ksha/Documents/sbel/offroad-control/benchmarking/results/tire_model_with_estimator_ablation_20260827_225959/raw/0422_nn_fixed_fallback_clay_lane_change_v5_b0_s402,ok,0,26.128801107406616,20.0,0.99,/home/ksha/Documents/sbel/offroad-control/benchmarking/results/tire_model_with_estimator_ablation_20260827_225959/raw/0422_nn_fixed_fallback_clay_lane_change_v5_b0_s402/20260827_232319_468060_clay_lane_change_acados_static_mlp/diag_clay_lane_change_acados_static_mlp.csv,,,1236,0.14370388660657574,0.603939,0.0855753180592992,4.333520889487871,5.382969999999999,0.8667041778975741,14.616982200647252,15.523000000000001,135.42008013360868,79.862175,3.104657,0,chrono_body_contact,0,,,,,,,,True,lane_change,5.0,402,89,[25844],[25845],False,True,,12,False,False,False,0,0,,,0,0,0,,,,0,0,True,disabled,backend_compatibility,fixed promoted low-grip fallback endpoint,clay,c95613694247a1005b45d05d79e96eab52db905aea2667907ed2515e9ac3b36a,shared_worst_case_phi13_curvature_v1,True,0,,,,,,,,,,,,,
tire_model_with_estimator_ablation,nn_fixed_fallback,standard,nn,tire_force_static,clay,sinusoidal,9.0,0,403,/home/ksha/Documents/sbel/offroad-control/benchmarking/results/tire_model_with_estimator_ablation_20260827_225959/raw/0418_nn_fixed_fallback_clay_sinusoidal_v9_b0_s403,ok,0,26.13127064704895,20.0,1.0,/home/ksha/Documents/sbel/offroad-control/benchmarking/results/tire_model_with_estimator_ablation_20260827_225959/raw/0418_nn_fixed_fallback_clay_sinusoidal_v9_b0_s403/20260827_232319_505099_clay_sinusoidal_acados_static_mlp/diag_clay_sinusoidal_acados_static_mlp.csv,,,1212,0.11634584505296529,0.378486,0.08761849507735583,4.4314873417721525,5.09605,0.49238748241912805,14.876897689768976,15.986700000000003,126.01151646054024,63.607908,-0.828622,0,chrono_body_contact,0,,,,,,,,True,sinusoidal,9.0,403,81,[25836],[25837],False,True,,12,False,False,False,0,0,,,0,0,0,,,,0,0,True,disabled,backend_compatibility,fixed promoted low-grip fallback endpoint,clay,dc58ccfda201c75bc0d828da6f9710e91377898701de047f0e4ef191b0e89544,shared_worst_case_phi13_curvature_v1,True,0,,,,,,,,,,,,,
tire_model_with_estimator_ablation,nn_fixed_fallback,standard,nn,tire_force_static,clay,sinusoidal,9.0,0,402,/home/ksha/Documents/sbel/offroad-control/benchmarking/results/tire_model_with_estimator_ablation_20260827_225959/raw/0417_nn_fixed_fallback_clay_sinusoidal_v9_b0_s402,ok,0,26.184387922286987,20.0,0.99,/home/ksha/Documents/sbel/offroad-control/benchmarking/results/tire_model_with_estimator_ablation_20260827_225959/raw/0417_nn_fixed_fallback_clay_sinusoidal_v9_b0_s402/20260827_232319_495865_clay_sinusoidal_acados_static_mlp/diag_clay_sinusoidal_acados_static_mlp.csv,,,1247,0.09769156324317048,0.3014,0.07672083950617284,4.354746364883402,5.0202800000000005,0.4838607072092669,14.484426623897354,15.966199999999999,129.07029658837627,62.263343,-1.193831,0,chrono_body_contact,0,,,,,,,,True,sinusoidal,9.0,402,79,[25834],[25835],False,True,,12,False,False,False,0,0,,,0,0,0,,,,0,0,True,disabled,backend_compatibility,fixed promoted low-grip fallback endpoint,clay,dc58ccfda201c75bc0d828da6f9710e91377898701de047f0e4ef191b0e89544,shared_worst_case_phi13_curvature_v1,True,0,,,,,,,,,,,,,
tire_model_with_estimator_ablation,nn_fixed_fallback,standard,nn,tire_force_static,clay,lane_change,5.0,0,400,/home/ksha/Documents/sbel/offroad-control/benchmarking/results/tire_model_with_estimator_ablation_20260827_225959/raw/0420_nn_fixed_fallback_clay_lane_change_v5_b0_s400,ok,0,26.187602519989014,20.0,1.0,/home/ksha/Documents/sbel/offroad-control/benchmarking/results/tire_model_with_estimator_ablation_20260827_225959/raw/0420_nn_fixed_fallback_clay_lane_change_v5_b0_s400/20260827_232319_503312_clay_lane_change_acados_static_mlp/diag_clay_lane_change_acados_static_mlp.csv,,,1208,0.13736720492753166,0.572025,0.08188166024759286,4.36776492434663,5.41664,0.873552984869326,14.96983443708609,16.01,132.7552690039317,79.915695,3.034696,0,chrono_body_contact,0,,,,,,,,True,lane_change,5.0,400,85,[25840],[25841],False,True,,12,False,False,False,0,0,,,0,0,0,,,,0,0,True,disabled,backend_compatibility,fixed promoted low-grip fallback endpoint,clay,c95613694247a1005b45d05d79e96eab52db905aea2667907ed2515e9ac3b36a,shared_worst_case_phi13_curvature_v1,True,0,,,,,,,,,,,,,
tire_model_with_estimator_ablation,nn_fixed_fallback,standard,nn,tire_force_static,clay,lane_change,7.0,0,404,/home/ksha/Documents/sbel/offroad-control/benchmarking/results/tire_model_with_estimator_ablation_20260827_225959/raw/0429_nn_fixed_fallback_clay_lane_change_v7_b0_s404,ok,0,26.07601284980774,20.0,1.0,/home/ksha/Documents/sbel/offroad-control/benchmarking/results/tire_model_with_estimator_ablation_20260827_225959/raw/0429_nn_fixed_fallback_clay_lane_change_v7_b0_s404/20260827_232345_802203_clay_lane_change_acados_static_mlp/diag_clay_lane_change_acados_static_mlp.csv,,,1247,0.20567394893062402,0.777786,0.12536748412698412,4.316613492063492,6.740225000000001,0.6166590702947846,14.401515637530075,15.8708,143.42815710296986,83.034174,3.136144,0,chrono_body_contact,0,,,,,,,,True,lane_change,7.0,404,2,[25858],[25859],False,True,,12,False,False,False,0,0,,,0,0,0,,,,0,0,True,disabled,backend_compatibility,fixed promoted low-grip fallback endpoint,clay,7085653a638402e5abfa5737dcf5188cf3bc55fb7a7340a71403cb917f35b2aa,shared_worst_case_phi13_curvature_v1,True,0,,,,,,,,,,,,,
tire_model_with_estimator_ablation,nn_fixed_fallback,standard,nn,tire_force_static,clay,lane_change,7.0,0,401,/home/ksha/Documents/sbel/offroad-control/benchmarking/results/tire_model_with_estimator_ablation_20260827_225959/raw/0426_nn_fixed_fallback_clay_lane_change_v7_b0_s401,ok,0,26.0838725566864,20.0,1.0,/home/ksha/Documents/sbel/offroad-control/benchmarking/results/tire_model_with_estimator_ablation_20260827_225959/raw/0426_nn_fixed_fallback_clay_lane_change_v7_b0_s401/20260827_232345_810677_clay_lane_change_acados_static_mlp/diag_clay_lane_change_acados_static_mlp.csv,,,1247,0.15244613173080113,0.64118,0.09005009006622519,4.197195629139073,6.73553,0.5995993755912962,14.40952686447474,16.022399999999998,140.78682661450696,81.924259,3.023672,0,chrono_body_contact,0,,,,,,,,True,lane_change,7.0,401,97,[25852],[25853],False,True,,12,False,False,False,0,0,,,0,0,0,,,,0,0,True,disabled,backend_compatibility,fixed promoted low-grip fallback endpoint,clay,7085653a638402e5abfa5737dcf5188cf3bc55fb7a7340a71403cb917f35b2aa,shared_worst_case_phi13_curvature_v1,True,0,,,,,,,,,,,,,
tire_model_with_estimator_ablation,nn_fixed_fallback,standard,nn,tire_force_static,clay,lane_change,9.0,0,402,/home/ksha/Documents/sbel/offroad-control/benchmarking/results/tire_model_with_estimator_ablation_20260827_225959/raw/0432_nn_fixed_fallback_clay_lane_change_v9_b0_s402,ok,0,26.0893292427063,20.0,1.0,/home/ksha/Documents/sbel/offroad-control/benchmarking/results/tire_model_with_estimator_ablation_20260827_225959/raw/0432_nn_fixed_fallback_clay_lane_change_v9_b0_s402/20260827_232345_802203_clay_lane_change_acados_static_mlp/diag_clay_lane_change_acados_static_mlp.csv,,,1267,0.5952334601688971,1.096463,0.44584445312500004,4.52806796875,7.815379999999999,0.5031186631944444,14.198192580899764,15.953399999999998,144.25412531684762,85.814007,3.932287,0,chrono_body_contact,0,,,,,,,,True,lane_change,9.0,402,8,[25864],[25865],False,True,,12,False,False,False,0,0,,,0,0,0,,,,0,0,True,disabled,backend_compatibility,fixed promoted low-grip fallback endpoint,clay,8738935243860ac000075a211607e15f3d93aec40193a3fb27ed22c8942c3b2e,shared_worst_case_phi13_curvature_v1,True,0,,,,,,,,,,,,,
tire_model_with_estimator_ablation,nn_fixed_fallback,standard,nn,tire_force_static,clay,lane_change,9.0,0,401,/home/ksha/Documents/sbel/offroad-control/benchmarking/results/tire_model_with_estimator_ablation_20260827_225959/raw/0431_nn_fixed_fallback_clay_lane_change_v9_b0_s401,ok,0,26.12561559677124,20.0,1.0,/home/ksha/Documents/sbel/offroad-control/benchmarking/results/tire_model_with_estimator_ablation_20260827_225959/raw/0431_nn_fixed_fallback_clay_lane_change_v9_b0_s401/20260827_232345_495316_clay_lane_change_acados_static_mlp/diag_clay_lane_change_acados_static_mlp.csv,,,1252,0.18068846681251977,0.607814,0.13275147375328084,4.378029527559055,7.84393,0.48644772528433944,14.355311501597447,16.119799999999998,144.5687989443731,84.841574,2.86384,0,chrono_body_contact,0,,,,,,,,True,lane_change,9.0,401,6,[25862],[25863],False,True,,12,False,False,False,0,0,,,0,0,0,,,,0,0,True,disabled,backend_compatibility,fixed promoted low-grip fallback endpoint,clay,8738935243860ac000075a211607e15f3d93aec40193a3fb27ed22c8942c3b2e,shared_worst_case_phi13_curvature_v1,True,0,,,,,,,,,,,,,
tire_model_with_estimator_ablation,nn_fixed_fallback,standard,nn,tire_force_static,clay,lane_change,9.0,0,400,/home/ksha/Documents/sbel/offroad-control/benchmarking/results/tire_model_with_estimator_ablation_20260827_225959/raw/0430_nn_fixed_fallback_clay_lane_change_v9_b0_s400,ok,0,26.127172231674194,20.0,1.0,/home/ksha/Documents/sbel/offroad-control/benchmarking/results/tire_model_with_estimator_ablation_20260827_225959/raw/0430_nn_fixed_fallback_clay_lane_change_v9_b0_s400/20260827_232345_711339_clay_lane_change_acados_static_mlp/diag_clay_lane_change_acados_static_mlp.csv,,,1266,0.28997269277565524,0.626992,0.23407238331160363,4.621186962190352,7.8385,0.5134652180211502,14.205355450236969,15.92349999999998,145.92647319347094,87.521169,2.670714,0,chrono_body_contact,0,,,,,,,,True,lane_change,9.0,400,4,[25860],[25861],False,True,,12,False,False,False,0,0,,,0,0,0,,,,0,0,True,disabled,backend_compatibility,fixed promoted low-grip fallback endpoint,clay,8738935243860ac000075a211607e15f3d93aec40193a3fb27ed22c8942c3b2e,shared_worst_case_phi13_curvature_v1,True,0,,,,,,,,,,,,,
tire_model_with_estimator_ablation,nn_fixed_fallback,standard,nn,tire_force_static,clay,lane_change,7.0,0,403,/home/ksha/Documents/sbel/offroad-control/benchmarking/results/tire_model_with_estimator_ablation_20260827_225959/raw/0428_nn_fixed_fallback_clay_lane_change_v7_b0_s403,ok,0,26.141300678253174,20.0,1.0,/home/ksha/Documents/sbel/offroad-control/benchmarking/results/tire_model_with_estimator_ablation_20260827_225959/raw/0428_nn_fixed_fallback_clay_lane_change_v7_b0_s403/20260827_232345_606676_clay_lane_change_acados_static_mlp/diag_clay_lane_change_acados_static_mlp.csv,,,1232,0.1903583319322451,0.693759,0.13179386595174264,4.285082171581769,6.828225,0.6121545959402528,14.63887987012987,16.2569,138.6204294208294,82.751499,2.817635,0,chrono_body_contact,0,,,,,,,,True,lane_change,7.0,403,0,[25856],[25857],False,True,,12,False,False,False,0,0,,,0,0,0,,,,0,0,True,disabled,backend_compatibility,fixed promoted low-grip fallback endpoint,clay,7085653a638402e5abfa5737dcf5188cf3bc55fb7a7340a71403cb917f35b2aa,shared_worst_case_phi13_curvature_v1,True,0,,,,,,,,,,,,,
tire_model_with_estimator_ablation,nn_fixed_fallback,standard,nn,tire_force_static,clay,lane_change,7.0,0,400,/home/ksha/Documents/sbel/offroad-control/benchmarking/results/tire_model_with_estimator_ablation_20260827_225959/raw/0425_nn_fixed_fallback_clay_lane_change_v7_b0_s400,ok,0,26.38066554069519,20.0,1.0,/home/ksha/Documents/sbel/offroad-control/benchmarking/results/tire_model_with_estimator_ablation_20260827_225959/raw/0425_nn_fixed_fallback_clay_lane_change_v7_b0_s400/20260827_232345_897168_clay_lane_change_acados_static_mlp/diag_clay_lane_change_acados_static_mlp.csv,,,1242,0.1572527301902453,0.687298,0.08860930708661417,4.141321653543307,6.816395,0.5916173790776152,14.51341384863124,16.185399999999994,140.38479359500928,82.236809,3.018877,0,chrono_body_contact,0,,,,,,,,True,lane_change,7.0,400,95,[25850],[25851],False,True,,12,False,False,False,0,0,,,0,0,0,,,,0,0,True,disabled,backend_compatibility,fixed promoted low-grip fallback endpoint,clay,7085653a638402e5abfa5737dcf5188cf3bc55fb7a7340a71403cb917f35b2aa,shared_worst_case_phi13_curvature_v1,True,0,,,,,,,,,,,,,
tire_model_with_estimator_ablation,nn_fixed_fallback,standard,nn,tire_force_static,clay,lane_change,7.0,0,402,/home/ksha/Documents/sbel/offroad-control/benchmarking/results/tire_model_with_estimator_ablation_20260827_225959/raw/0427_nn_fixed_fallback_clay_lane_change_v7_b0_s402,ok,0,26.38269877433777,20.0,1.0,/home/ksha/Documents/sbel/offroad-control/benchmarking/results/tire_model_with_estimator_ablation_20260827_225959/raw/0427_nn_fixed_fallback_clay_lane_change_v7_b0_s402/20260827_232345_793979_clay_lane_change_acados_static_mlp/diag_clay_lane_change_acados_static_mlp.csv,,,1166,0.23130815728605145,0.668527,0.17646741093969143,4.368705329593268,6.74888,0.6241007613704668,15.42878216123499,18.279999999999962,135.85138557968776,84.435191,3.328265,0,chrono_body_contact,0,,,,,,,,True,lane_change,7.0,402,99,[25854],[25855],False,True,,12,False,False,False,0,0,,,0,0,0,,,,0,0,True,disabled,backend_compatibility,fixed promoted low-grip fallback endpoint,clay,7085653a638402e5abfa5737dcf5188cf3bc55fb7a7340a71403cb917f35b2aa,shared_worst_case_phi13_curvature_v1,True,0,,,,,,,,,,,,,
tire_model_with_estimator_ablation,nn_fixed_fallback,standard,nn,tire_force_static,clay,right_left,5.0,0,402,/home/ksha/Documents/sbel/offroad-control/benchmarking/results/tire_model_with_estimator_ablation_20260827_225959/raw/0437_nn_fixed_fallback_clay_right_left_v5_b0_s402,ok,0,25.978718996047974,20.0,1.0,/home/ksha/Documents/sbel/offroad-control/benchmarking/results/tire_model_with_estimator_ablation_20260827_225959/raw/0437_nn_fixed_fallback_clay_right_left_v5_b0_s402/20260827_232412_084835_clay_right_left_acados_static_mlp/diag_clay_right_left_acados_static_mlp.csv,,,1143,0.13669025214625402,0.428182,0.10513281388478582,3.6307968980797636,4.427919999999999,0.7261593796159527,15.698818897637794,16.76699999999999,121.04931436898897,45.696094,-30.894102,0,chrono_body_contact,0,,,,,,,,True,right_left,5.0,402,18,[25874],[25875],False,True,,12,False,False,False,0,0,,,0,0,0,,,,0,0,True,disabled,backend_compatibility,fixed promoted low-grip fallback endpoint,clay,2df275ec6c3a4a1b2fbc274414784eef849a9e55ab7130f9593a0001877583aa,shared_worst_case_phi13_curvature_v1,True,0,,,,,,,,,,,,,
tire_model_with_estimator_ablation,nn_fixed_fallback,standard,nn,tire_force_static,clay,right_left,5.0,0,404,/home/ksha/Documents/sbel/offroad-control/benchmarking/results/tire_model_with_estimator_ablation_20260827_225959/raw/0439_nn_fixed_fallback_clay_right_left_v5_b0_s404,ok,0,26.028749227523804,20.0,1.0,/home/ksha/Documents/sbel/offroad-control/benchmarking/results/tire_model_with_estimator_ablation_20260827_225959/raw/0439_nn_fixed_fallback_clay_right_left_v5_b0_s404/20260827_232412_133584_clay_right_left_acados_static_mlp/diag_clay_right_left_acados_static_mlp.csv,,,1214,0.11062633366325261,0.306095,0.09135026008344924,3.372528511821975,4.06435,0.674505702364395,14.874382207578254,15.837399999999997,125.84391423211113,42.541338,-30.919234,0,chrono_body_contact,0,,,,,,,,True,right_left,5.0,404,22,[25878],[25879],False,True,,12,False,False,False,0,0,,,0,0,0,,,,0,0,True,disabled,backend_compatibility,fixed promoted low-grip fallback endpoint,clay,2df275ec6c3a4a1b2fbc274414784eef849a9e55ab7130f9593a0001877583aa,shared_worst_case_phi13_curvature_v1,True,0,,,,,,,,,,,,,
tire_model_with_estimator_ablation,nn_fixed_fallback,standard,nn,tire_force_static,clay,right_left,7.0,0,400,/home/ksha/Documents/sbel/offroad-control/benchmarking/results/tire_model_with_estimator_ablation_20260827_225959/raw/0440_nn_fixed_fallback_clay_right_left_v7_b0_s400,ok,0,26.12917947769165,20.0,1.0,/home/ksha/Documents/sbel/offroad-control/benchmarking/results/tire_model_with_estimator_ablation_20260827_225959/raw/0440_nn_fixed_fallback_clay_right_left_v7_b0_s400/20260827_232412_020423_clay_right_left_acados_static_mlp/diag_clay_right_left_acados_static_mlp.csv,,,1218,0.16131513373188233,0.472985,0.12342799861878453,3.9632810773480665,5.434605,0.5661830110497238,14.793571428571429,16.231299999999994,131.1935676247089,51.67395,-30.961439,0,chrono_body_contact,0,,,,,,,,True,right_left,7.0,400,24,[25880],[25881],False,True,,12,False,False,False,0,0,,,0,0,0,,,,0,0,True,disabled,backend_compatibility,fixed promoted low-grip fallback endpoint,clay,2a22058ceeef679f207bd5220377a736edae3e63c7f59afab2d351bc5e8d1aca,shared_worst_case_phi13_curvature_v1,True,0,,,,,,,,,,,,,
tire_model_with_estimator_ablation,nn_fixed_fallback,standard,nn,tire_force_static,clay,lane_change,9.0,0,403,/home/ksha/Documents/sbel/offroad-control/benchmarking/results/tire_model_with_estimator_ablation_20260827_225959/raw/0433_nn_fixed_fallback_clay_lane_change_v9_b0_s403,ok,0,26.178057432174683,20.0,0.99,/home/ksha/Documents/sbel/offroad-control/benchmarking/results/tire_model_with_estimator_ablation_20260827_225959/raw/0433_nn_fixed_fallback_clay_lane_change_v9_b0_s403/20260827_232412_304527_clay_lane_change_acados_static_mlp/diag_clay_lane_change_acados_static_mlp.csv,,,1230,0.588751138653684,1.086618,0.4329921167785235,4.663817852348993,7.888240000000001,0.5182019835943326,14.645642276422764,17.34300000000001,143.40632968094556,87.966075,2.090381,0,chrono_body_contact,0,,,,,,,,True,lane_change,9.0,403,10,[25866],[25867],False,True,,12,False,False,False,0,0,,,0,0,0,,,,0,0,True,disabled,backend_compatibility,fixed promoted low-grip fallback endpoint,clay,8738935243860ac000075a211607e15f3d93aec40193a3fb27ed22c8942c3b2e,shared_worst_case_phi13_curvature_v1,True,0,,,,,,,,,,,,,
tire_model_with_estimator_ablation,nn_fixed_fallback,standard,nn,tire_force_static,clay,right_left,5.0,0,400,/home/ksha/Documents/sbel/offroad-control/benchmarking/results/tire_model_with_estimator_ablation_20260827_225959/raw/0435_nn_fixed_fallback_clay_right_left_v5_b0_s400,ok,0,26.185328722000122,20.0,0.99,/home/ksha/Documents/sbel/offroad-control/benchmarking/results/tire_model_with_estimator_ablation_20260827_225959/raw/0435_nn_fixed_fallback_clay_right_left_v5_b0_s400/20260827_232412_340516_clay_right_left_acados_static_mlp/diag_clay_right_left_acados_static_mlp.csv,,,1204,0.1313459946786082,0.46742,0.10272220781032076,3.581140725244072,4.42056,0.7162281450488144,15.042317275747509,15.9494,126.04201051554237,45.369707,-30.991839,0,chrono_body_contact,0,,,,,,,,True,right_left,5.0,400,14,[25870],[25871],False,True,,12,False,False,False,0,0,,,0,0,0,,,,0,0,True,disabled,backend_compatibility,fixed promoted low-grip fallback endpoint,clay,2df275ec6c3a4a1b2fbc274414784eef849a9e55ab7130f9593a0001877583aa,shared_worst_case_phi13_curvature_v1,True,0,,,,,,,,,,,,,
tire_model_with_estimator_ablation,nn_fixed_fallback,standard,nn,tire_force_static,clay,right_left,5.0,0,403,/home/ksha/Documents/sbel/offroad-control/benchmarking/results/tire_model_with_estimator_ablation_20260827_225959/raw/0438_nn_fixed_fallback_clay_right_left_v5_b0_s403,ok,0,26.22758960723877,20.0,1.0,/home/ksha/Documents/sbel/offroad-control/benchmarking/results/tire_model_with_estimator_ablation_20260827_225959/raw/0438_nn_fixed_fallback_clay_right_left_v5_b0_s403/20260827_232412_204071_clay_right_left_acados_static_mlp/diag_clay_right_left_acados_static_mlp.csv,,,1195,0.1599759367939555,0.501143,0.12082121008403361,3.6472753501400557,4.542005,0.7294550700280111,15.123958158995817,16.041199999999996,126.05746296158256,45.989208,-30.963939,0,chrono_body_contact,0,,,,,,,,True,right_left,5.0,403,20,[25876],[25877],False,True,,12,False,False,False,0,0,,,0,0,0,,,,0,0,True,disabled,backend_compatibility,fixed promoted low-grip fallback endpoint,clay,2df275ec6c3a4a1b2fbc274414784eef849a9e55ab7130f9593a0001877583aa,shared_worst_case_phi13_curvature_v1,True,0,,,,,,,,,,,,,
tire_model_with_estimator_ablation,nn_fixed_fallback,standard,nn,tire_force_static,clay,right_left,5.0,0,401,/home/ksha/Documents/sbel/offroad-control/benchmarking/results/tire_model_with_estimator_ablation_20260827_225959/raw/0436_nn_fixed_fallback_clay_right_left_v5_b0_s401,ok,0,26.23042941093445,20.0,0.99,/home/ksha/Documents/sbel/offroad-control/benchmarking/results/tire_model_with_estimator_ablation_20260827_225959/raw/0436_nn_fixed_fallback_clay_right_left_v5_b0_s401/20260827_232412_154103_clay_right_left_acados_static_mlp/diag_clay_right_left_acados_static_mlp.csv,,,1204,0.1576316346093836,0.506948,0.11693218967921898,3.7193829846582984,4.5605199999999995,0.7438765969316596,15.056860465116278,15.9388,126.98635461665694,47.063666,-30.967522,0,chrono_body_contact,0,,,,,,,,True,right_left,5.0,401,16,[25872],[25873],False,True,,12,False,False,False,0,0,,,0,0,0,,,,0,0,True,disabled,backend_compatibility,fixed promoted low-grip fallback endpoint,clay,2df275ec6c3a4a1b2fbc274414784eef849a9e55ab7130f9593a0001877583aa,shared_worst_case_phi13_curvature_v1,True,0,,,,,,,,,,,,,
tire_model_with_estimator_ablation,nn_fixed_fallback,standard,nn,tire_force_static,clay,lane_change,9.0,0,404,/home/ksha/Documents/sbel/offroad-control/benchmarking/results/tire_model_with_estimator_ablation_20260827_225959/raw/0434_nn_fixed_fallback_clay_lane_change_v9_b0_s404,ok,0,26.23093891143799,20.0,1.0,/home/ksha/Documents/sbel/offroad-control/benchmarking/results/tire_model_with_estimator_ablation_20260827_225959/raw/0434_nn_fixed_fallback_clay_lane_change_v9_b0_s404/20260827_232412_088832_clay_lane_change_acados_static_mlp/diag_clay_lane_change_acados_static_mlp.csv,,,1233,0.5546868910476993,1.038616,0.4101856223404256,4.594400930851064,7.83707,0.5104889923167849,14.61740470397405,16.79200000000001,145.5186526307138,87.100937,2.193997,0,chrono_body_contact,0,,,,,,,,True,lane_change,9.0,404,12,[25868],[25869],False,True,,12,False,False,False,0,0,,,0,0,0,,,,0,0,True,disabled,backend_compatibility,fixed promoted low-grip fallback endpoint,clay,8738935243860ac000075a211607e15f3d93aec40193a3fb27ed22c8942c3b2e,shared_worst_case_phi13_curvature_v1,True,0,,,,,,,,,,,,,
tire_model_with_estimator_ablation,nn_fixed_fallback,standard,nn,tire_force_static,clay,right_left,7.0,0,403,/home/ksha/Documents/sbel/offroad-control/benchmarking/results/tire_model_with_estimator_ablation_20260827_225959/raw/0443_nn_fixed_fallback_clay_right_left_v7_b0_s403,ok,0,25.98161792755127,20.0,1.0,/home/ksha/Documents/sbel/offroad-control/benchmarking/results/tire_model_with_estimator_ablation_20260827_225959/raw/0443_nn_fixed_fallback_clay_right_left_v7_b0_s403/20260827_232438_319118_clay_right_left_acados_static_mlp/diag_clay_right_left_acados_static_mlp.csv,,,1206,0.15962810299831606,0.504475,0.12223605997210599,3.896599023709902,5.34982,0.5566570033871289,14.921028192371475,15.749,128.52067024841904,50.534777,-31.007618,0,chrono_body_contact,0,,,,,,,,True,right_left,7.0,403,30,[25886],[25887],False,True,,12,False,False,False,0,0,,,0,0,0,,,,0,0,True,disabled,backend_compatibility,fixed promoted low-grip fallback endpoint,clay,2a22058ceeef679f207bd5220377a736edae3e63c7f59afab2d351bc5e8d1aca,shared_worst_case_phi13_curvature_v1,True,0,,,,,,,,,,,,,
tire_model_with_estimator_ablation,nn_fixed_fallback,standard,nn,tire_force_static,clay,right_left,9.0,0,401,/home/ksha/Documents/sbel/offroad-control/benchmarking/results/tire_model_with_estimator_ablation_20260827_225959/raw/0446_nn_fixed_fallback_clay_right_left_v9_b0_s401,ok,0,26.081406831741333,20.0,1.0,/home/ksha/Documents/sbel/offroad-control/benchmarking/results/tire_model_with_estimator_ablation_20260827_225959/raw/0446_nn_fixed_fallback_clay_right_left_v9_b0_s401/20260827_232438_632831_clay_right_left_acados_static_mlp/diag_clay_right_left_acados_static_mlp.csv,,,1193,0.15934485823492534,0.481031,0.1235358014084507,3.909467746478873,5.71188,0.4343853051643192,15.133176865046103,15.9408,128.86200138345652,50.668703,-30.959381,0,chrono_body_contact,0,,,,,,,,True,right_left,9.0,401,36,[25892],[25893],False,True,,12,False,False,False,0,0,,,0,0,0,,,,0,0,True,disabled,backend_compatibility,fixed promoted low-grip fallback endpoint,clay,2fd2c1dbb42c39cc163281ad14f69d4122484783b6b75aa488f2ea05e6c9793b,shared_worst_case_phi13_curvature_v1,True,0,,,,,,,,,,,,,
tire_model_with_estimator_ablation,nn_fixed_fallback,standard,nn,tire_force_static,clay,right_left,9.0,0,403,/home/ksha/Documents/sbel/offroad-control/benchmarking/results/tire_model_with_estimator_ablation_20260827_225959/raw/0448_nn_fixed_fallback_clay_right_left_v9_b0_s403,ok,0,26.083938360214233,20.0,0.99,/home/ksha/Documents/sbel/offroad-control/benchmarking/results/tire_model_with_estimator_ablation_20260827_225959/raw/0448_nn_fixed_fallback_clay_right_left_v9_b0_s403/20260827_232438_643456_clay_right_left_acados_static_mlp/diag_clay_right_left_acados_static_mlp.csv,,,1217,0.16968425625534928,0.475294,0.12822627172413795,4.085737931034482,6.04332,0.4539708812260536,14.828529170090386,15.8,129.32774743643267,53.569687,-30.991806,0,chrono_body_contact,0,,,,,,,,True,right_left,9.0,403,40,[25896],[25897],False,True,,12,False,False,False,0,0,,,0,0,0,,,,0,0,True,disabled,backend_compatibility,fixed promoted low-grip fallback endpoint,clay,2fd2c1dbb42c39cc163281ad14f69d4122484783b6b75aa488f2ea05e6c9793b,shared_worst_case_phi13_curvature_v1,True,0,,,,,,,,,,,,,
tire_model_with_estimator_ablation,nn_fixed_fallback,standard,nn,tire_force_static,clay,right_left,7.0,0,404,/home/ksha/Documents/sbel/offroad-control/benchmarking/results/tire_model_with_estimator_ablation_20260827_225959/raw/0444_nn_fixed_fallback_clay_right_left_v7_b0_s404,ok,0,26.18252730369568,20.0,0.99,/home/ksha/Documents/sbel/offroad-control/benchmarking/results/tire_model_with_estimator_ablation_20260827_225959/raw/0444_nn_fixed_fallback_clay_right_left_v7_b0_s404/20260827_232438_455296_clay_right_left_acados_static_mlp/diag_clay_right_left_acados_static_mlp.csv,,,1213,0.1575867195086742,0.462378,0.12225168611111112,3.8245906944444448,5.33876,0.5463700992063493,14.979282769991755,15.7288,133.09671365399396,49.785137,-30.927331,0,chrono_body_contact,0,,,,,,,,True,right_left,7.0,404,32,[25888],[25889],False,True,,12,False,False,False,0,0,,,0,0,0,,,,0,0,True,disabled,backend_compatibility,fixed promoted low-grip fallback endpoint,clay,2a22058ceeef679f207bd5220377a736edae3e63c7f59afab2d351bc5e8d1aca,shared_worst_case_phi13_curvature_v1,True,0,,,,,,,,,,,,,
tire_model_with_estimator_ablation,nn_fixed_fallback,standard,nn,tire_force_static,clay,right_left,7.0,0,401,/home/ksha/Documents/sbel/offroad-control/benchmarking/results/tire_model_with_estimator_ablation_20260827_225959/raw/0441_nn_fixed_fallback_clay_right_left_v7_b0_s401,ok,0,26.282177448272705,20.0,0.99,/home/ksha/Documents/sbel/offroad-control/benchmarking/results/tire_model_with_estimator_ablation_20260827_225959/raw/0441_nn_fixed_fallback_clay_right_left_v7_b0_s401/20260827_232438_437679_clay_right_left_acados_static_mlp/diag_clay_right_left_acados_static_mlp.csv,,,1140,0.1568293012306458,0.490289,0.12241802500000001,3.8650672058823528,5.26303,0.5521524579831932,15.906921052631578,17.614399999999996,124.36300051496252,50.493842,-30.960161,0,chrono_body_contact,0,,,,,,,,True,right_left,7.0,401,26,[25882],[25883],False,True,,12,False,False,False,0,0,,,0,0,0,,,,0,0,True,disabled,backend_compatibility,fixed promoted low-grip fallback endpoint,clay,2a22058ceeef679f207bd5220377a736edae3e63c7f59afab2d351bc5e8d1aca,shared_worst_case_phi13_curvature_v1,True,0,,,,,,,,,,,,,
tire_model_with_estimator_ablation,nn_fixed_fallback,standard,nn,tire_force_static,clay,right_left,7.0,0,402,/home/ksha/Documents/sbel/offroad-control/benchmarking/results/tire_model_with_estimator_ablation_20260827_225959/raw/0442_nn_fixed_fallback_clay_right_left_v7_b0_s402,ok,0,26.33381700515747,20.0,0.98,/home/ksha/Documents/sbel/offroad-control/benchmarking/results/tire_model_with_estimator_ablation_20260827_225959/raw/0442_nn_fixed_fallback_clay_right_left_v7_b0_s402/20260827_232438_426443_clay_right_left_acados_static_mlp/diag_clay_right_left_acados_static_mlp.csv,,,1238,0.14850937824270183,0.454354,0.11504553523035232,3.779475880758808,5.197515,0.5399251258226868,14.752705977382874,15.699299999999987,126.98718981068689,49.329542,-30.892562,0,chrono_body_contact,0,,,,,,,,True,right_left,7.0,402,28,[25884],[25885],False,True,,12,False,False,False,0,0,,,0,0,0,,,,0,0,True,disabled,backend_compatibility,fixed promoted low-grip fallback endpoint,clay,2a22058ceeef679f207bd5220377a736edae3e63c7f59afab2d351bc5e8d1aca,shared_worst_case_phi13_curvature_v1,True,0,,,,,,,,,,,,,
tire_model_with_estimator_ablation,nn_fixed_fallback,standard,nn,tire_force_static,clay,right_left,9.0,0,400,/home/ksha/Documents/sbel/offroad-control/benchmarking/results/tire_model_with_estimator_ablation_20260827_225959/raw/0445_nn_fixed_fallback_clay_right_left_v9_b0_s400,ok,0,26.38324999809265,20.0,0.98,/home/ksha/Documents/sbel/offroad-control/benchmarking/results/tire_model_with_estimator_ablation_20260827_225959/raw/0445_nn_fixed_fallback_clay_right_left_v9_b0_s400/20260827_232438_453381_clay_right_left_acados_static_mlp/diag_clay_right_left_acados_static_mlp.csv,,,1223,0.14704070178699183,0.423185,0.1153346307053942,3.8593087136929465,5.5290799999999996,0.4288120792992163,15.014955028618154,15.780199999999999,131.60951210798953,50.696596,-30.966063,0,chrono_body_contact,0,,,,,,,,True,right_left,9.0,400,34,[25890],[25891],False,True,,12,False,False,False,0,0,,,0,0,0,,,,0,0,True,disabled,backend_compatibility,fixed promoted low-grip fallback endpoint,clay,2fd2c1dbb42c39cc163281ad14f69d4122484783b6b75aa488f2ea05e6c9793b,shared_worst_case_phi13_curvature_v1,True,0,,,,,,,,,,,,,
tire_model_with_estimator_ablation,nn_fixed_fallback,standard,nn,tire_force_static,clay,right_left,9.0,0,402,/home/ksha/Documents/sbel/offroad-control/benchmarking/results/tire_model_with_estimator_ablation_20260827_225959/raw/0447_nn_fixed_fallback_clay_right_left_v9_b0_s402,ok,0,26.4830904006958,20.0,0.97,/home/ksha/Documents/sbel/offroad-control/benchmarking/results/tire_model_with_estimator_ablation_20260827_225959/raw/0447_nn_fixed_fallback_clay_right_left_v9_b0_s402/20260827_232438_557325_clay_right_left_acados_static_mlp/diag_clay_right_left_acados_static_mlp.csv,,,1223,0.1613458556319741,0.467065,0.1254294132791328,3.860527777777778,5.421984999999999,0.42894753086419757,15.103957481602617,16.038999999999998,128.8492318600176,51.035223,-30.881201,0,chrono_body_contact,0,,,,,,,,True,right_left,9.0,402,38,[25894],[25895],False,True,,12,False,False,False,0,0,,,0,0,0,,,,0,0,True,disabled,backend_compatibility,fixed promoted low-grip fallback endpoint,clay,2fd2c1dbb42c39cc163281ad14f69d4122484783b6b75aa488f2ea05e6c9793b,shared_worst_case_phi13_curvature_v1,True,0,,,,,,,,,,,,,
tire_model_with_estimator_ablation,nn_fixed_fallback,standard,nn,tire_force_static,dirt,sinusoidal,7.0,0,400,/home/ksha/Documents/sbel/offroad-control/benchmarking/results/tire_model_with_estimator_ablation_20260827_225959/raw/0455_nn_fixed_fallback_dirt_sinusoidal_v7_b0_s400,ok,0,26.030290126800537,20.0,0.99,/home/ksha/Documents/sbel/offroad-control/benchmarking/results/tire_model_with_estimator_ablation_20260827_225959/raw/0455_nn_fixed_fallback_dirt_sinusoidal_v7_b0_s400/20260827_232505_111203_clay_sinusoidal_acados_static_mlp/diag_clay_sinusoidal_acados_static_mlp.csv,,,1212,0.07142048774411894,0.249315,0.05704551540616246,4.703129271708683,5.1740450000000004,0.6718756102440976,14.887549504950494,15.8589,128.105010426259,72.009652,1.90698,0,chrono_body_contact,0,,,,,,,,True,sinusoidal,7.0,400,54,[25910],[25911],False,True,,12,False,False,False,0,0,,,0,0,0,,,,0,0,True,disabled,backend_compatibility,fixed promoted low-grip fallback endpoint,clay,dc58ccfda201c75bc0d828da6f9710e91377898701de047f0e4ef191b0e89544,shared_worst_case_phi13_curvature_v1,True,0,,,,,,,,,,,,,
tire_model_with_estimator_ablation,nn_fixed_fallback,standard,nn,tire_force_static,dirt,sinusoidal,5.0,0,404,/home/ksha/Documents/sbel/offroad-control/benchmarking/results/tire_model_with_estimator_ablation_20260827_225959/raw/0454_nn_fixed_fallback_dirt_sinusoidal_v5_b0_s404,ok,0,26.03057098388672,20.0,1.0,/home/ksha/Documents/sbel/offroad-control/benchmarking/results/tire_model_with_estimator_ablation_20260827_225959/raw/0454_nn_fixed_fallback_dirt_sinusoidal_v5_b0_s404/20260827_232504_851500_clay_sinusoidal_acados_static_mlp/diag_clay_sinusoidal_acados_static_mlp.csv,,,1224,0.07501069927007795,0.247215,0.05989064902506964,4.370043454038997,4.95019,0.8740086908077995,14.700637254901963,15.683899999999998,130.36081475471548,63.959106,-0.32253,0,chrono_body_contact,0,,,,,,,,True,sinusoidal,5.0,404,52,[25908],[25909],False,True,,12,False,False,False,0,0,,,0,0,0,,,,0,0,True,disabled,backend_compatibility,fixed promoted low-grip fallback endpoint,clay,f544d4c607d9f35cff9cbf38b8d140aa1d8904401cf08a56f3c5a58132af58c5,shared_worst_case_phi13_curvature_v1,True,0,,,,,,,,,,,,,
tire_model_with_estimator_ablation,nn_fixed_fallback,standard,nn,tire_force_static,clay,right_left,9.0,0,404,/home/ksha/Documents/sbel/offroad-control/benchmarking/results/tire_model_with_estimator_ablation_20260827_225959/raw/0449_nn_fixed_fallback_clay_right_left_v9_b0_s404,ok,0,26.13162851333618,20.0,0.99,/home/ksha/Documents/sbel/offroad-control/benchmarking/results/tire_model_with_estimator_ablation_20260827_225959/raw/0449_nn_fixed_fallback_clay_right_left_v9_b0_s404/20260827_232504_814147_clay_right_left_acados_static_mlp/diag_clay_right_left_acados_static_mlp.csv,,,1141,0.14683330600716618,0.401477,0.11500599705014748,3.779540707964602,5.32783,0.4199489675516224,15.794373356704643,17.069999999999958,127.00426143602428,49.202596,-30.886345,0,chrono_body_contact,0,,,,,,,,True,right_left,9.0,404,42,[25898],[25899],False,True,,12,False,False,False,0,0,,,0,0,0,,,,0,0,True,disabled,backend_compatibility,fixed promoted low-grip fallback endpoint,clay,2fd2c1dbb42c39cc163281ad14f69d4122484783b6b75aa488f2ea05e6c9793b,shared_worst_case_phi13_curvature_v1,True,0,,,,,,,,,,,,,
tire_model_with_estimator_ablation,nn_fixed_fallback,standard,nn,tire_force_static,dirt,sinusoidal,7.0,0,401,/home/ksha/Documents/sbel/offroad-control/benchmarking/results/tire_model_with_estimator_ablation_20260827_225959/raw/0456_nn_fixed_fallback_dirt_sinusoidal_v7_b0_s401,ok,0,26.13098907470703,20.0,0.99,/home/ksha/Documents/sbel/offroad-control/benchmarking/results/tire_model_with_estimator_ablation_20260827_225959/raw/0456_nn_fixed_fallback_dirt_sinusoidal_v7_b0_s401/20260827_232505_018647_clay_sinusoidal_acados_static_mlp/diag_clay_sinusoidal_acados_static_mlp.csv,,,1224,0.07085126863061553,0.230589,0.0566244839609484,4.547653695955369,5.094779999999999,0.6496648137079098,14.702606209150325,15.75,130.33163610665548,66.962656,0.81997,0,chrono_body_contact,0,,,,,,,,True,sinusoidal,7.0,401,56,[25912],[25913],False,True,,12,False,False,False,0,0,,,0,0,0,,,,0,0,True,disabled,backend_compatibility,fixed promoted low-grip fallback endpoint,clay,dc58ccfda201c75bc0d828da6f9710e91377898701de047f0e4ef191b0e89544,shared_worst_case_phi13_curvature_v1,True,0,,,,,,,,,,,,,
tire_model_with_estimator_ablation,nn_fixed_fallback,standard,nn,tire_force_static,dirt,sinusoidal,5.0,0,400,/home/ksha/Documents/sbel/offroad-control/benchmarking/results/tire_model_with_estimator_ablation_20260827_225959/raw/0450_nn_fixed_fallback_dirt_sinusoidal_v5_b0_s400,ok,0,26.130845069885254,20.0,1.0,/home/ksha/Documents/sbel/offroad-control/benchmarking/results/tire_model_with_estimator_ablation_20260827_225959/raw/0450_nn_fixed_fallback_dirt_sinusoidal_v5_b0_s400/20260827_232504_963451_clay_sinusoidal_acados_static_mlp/diag_clay_sinusoidal_acados_static_mlp.csv,,,1226,0.0724694453161479,0.23541,0.057985918395574,4.584974135546335,5.10953,0.9169948271092669,14.69509787928222,15.71,131.65425078874227,71.250571,1.84625,0,chrono_body_contact,0,,,,,,,,True,sinusoidal,5.0,400,44,[25900],[25901],False,True,,12,False,False,False,0,0,,,0,0,0,,,,0,0,True,disabled,backend_compatibility,fixed promoted low-grip fallback endpoint,clay,f544d4c607d9f35cff9cbf38b8d140aa1d8904401cf08a56f3c5a58132af58c5,shared_worst_case_phi13_curvature_v1,True,0,,,,,,,,,,,,,
tire_model_with_estimator_ablation,nn_fixed_fallback,standard,nn,tire_force_static,dirt,sinusoidal,5.0,0,403,/home/ksha/Documents/sbel/offroad-control/benchmarking/results/tire_model_with_estimator_ablation_20260827_225959/raw/0453_nn_fixed_fallback_dirt_sinusoidal_v5_b0_s403,ok,0,26.180812120437622,20.0,1.0,/home/ksha/Documents/sbel/offroad-control/benchmarking/results/tire_model_with_estimator_ablation_20260827_225959/raw/0453_nn_fixed_fallback_dirt_sinusoidal_v5_b0_s403/20260827_232505_017970_clay_sinusoidal_acados_static_mlp/diag_clay_sinusoidal_acados_static_mlp.csv,,,1239,0.06966705446316376,0.273317,0.05505314265734266,4.235983216783217,4.79386,0.8471966433566435,14.547280064568202,16.383399999999938,126.56665315581525,61.174291,-1.366683,0,chrono_body_contact,0,,,,,,,,True,sinusoidal,5.0,403,50,[25906],[25907],False,True,,12,False,False,False,0,0,,,0,0,0,,,,0,0,True,disabled,backend_compatibility,fixed promoted low-grip fallback endpoint,clay,f544d4c607d9f35cff9cbf38b8d140aa1d8904401cf08a56f3c5a58132af58c5,shared_worst_case_phi13_curvature_v1,True,0,,,,,,,,,,,,,
tire_model_with_estimator_ablation,nn_fixed_fallback,standard,nn,tire_force_static,dirt,sinusoidal,5.0,0,402,/home/ksha/Documents/sbel/offroad-control/benchmarking/results/tire_model_with_estimator_ablation_20260827_225959/raw/0452_nn_fixed_fallback_dirt_sinusoidal_v5_b0_s402,ok,0,26.180535793304443,20.0,0.99,/home/ksha/Documents/sbel/offroad-control/benchmarking/results/tire_model_with_estimator_ablation_20260827_225959/raw/0452_nn_fixed_fallback_dirt_sinusoidal_v5_b0_s402/20260827_232504_962010_clay_sinusoidal_acados_static_mlp/diag_clay_sinusoidal_acados_static_mlp.csv,,,1239,0.0727614702770797,0.225049,0.05926333378932968,4.533470588235294,5.05555,0.9066941176470588,14.5873607748184,15.506199999999998,131.39502070796584,69.204597,1.439628,0,chrono_body_contact,0,,,,,,,,True,sinusoidal,5.0,402,48,[25904],[25905],False,True,,12,False,False,False,0,0,,,0,0,0,,,,0,0,True,disabled,backend_compatibility,fixed promoted low-grip fallback endpoint,clay,f544d4c607d9f35cff9cbf38b8d140aa1d8904401cf08a56f3c5a58132af58c5,shared_worst_case_phi13_curvature_v1,True,0,,,,,,,,,,,,,
tire_model_with_estimator_ablation,nn_fixed_fallback,standard,nn,tire_force_static,dirt,sinusoidal,5.0,0,401,/home/ksha/Documents/sbel/offroad-control/benchmarking/results/tire_model_with_estimator_ablation_20260827_225959/raw/0451_nn_fixed_fallback_dirt_sinusoidal_v5_b0_s401,ok,0,26.281718015670776,20.0,1.0,/home/ksha/Documents/sbel/offroad-control/benchmarking/results/tire_model_with_estimator_ablation_20260827_225959/raw/0451_nn_fixed_fallback_dirt_sinusoidal_v5_b0_s401/20260827_232504_819881_clay_sinusoidal_acados_static_mlp/diag_clay_sinusoidal_acados_static_mlp.csv,,,1208,0.07388865992402688,0.233868,0.058792125175808715,4.533405766526021,5.0715,0.9066811533052042,14.916059602649005,16.0793,129.106091807257,66.976703,0.780286,0,chrono_body_contact,0,,,,,,,,True,sinusoidal,5.0,401,46,[25902],[25903],False,True,,12,False,False,False,0,0,,,0,0,0,,,,0,0,True,disabled,backend_compatibility,fixed promoted low-grip fallback endpoint,clay,f544d4c607d9f35cff9cbf38b8d140aa1d8904401cf08a56f3c5a58132af58c5,shared_worst_case_phi13_curvature_v1,True,0,,,,,,,,,,,,,
tire_model_with_estimator_ablation,nn_fixed_fallback,standard,nn,tire_force_static,dirt,sinusoidal,9.0,0,401,/home/ksha/Documents/sbel/offroad-control/benchmarking/results/tire_model_with_estimator_ablation_20260827_225959/raw/0461_nn_fixed_fallback_dirt_sinusoidal_v9_b0_s401,ok,0,26.078238487243652,20.0,1.0,/home/ksha/Documents/sbel/offroad-control/benchmarking/results/tire_model_with_estimator_ablation_20260827_225959/raw/0461_nn_fixed_fallback_dirt_sinusoidal_v9_b0_s401/20260827_232531_085257_clay_sinusoidal_acados_static_mlp/diag_clay_sinusoidal_acados_static_mlp.csv,,,1221,0.0750849000732758,0.26866,0.060564027624309395,4.644483563535911,5.1258099999999995,0.516053729281768,14.766502866502867,16.04,132.00348068901272,72.535783,1.918602,0,chrono_body_contact,0,,,,,,,,True,sinusoidal,9.0,401,66,[25922],[25923],False,True,,12,False,False,False,0,0,,,0,0,0,,,,0,0,True,disabled,backend_compatibility,fixed promoted low-grip fallback endpoint,clay,dc58ccfda201c75bc0d828da6f9710e91377898701de047f0e4ef191b0e89544,shared_worst_case_phi13_curvature_v1,True,0,,,,,,,,,,,,,
tire_model_with_estimator_ablation,nn_fixed_fallback,standard,nn,tire_force_static,dirt,sinusoidal,9.0,0,400,/home/ksha/Documents/sbel/offroad-control/benchmarking/results/tire_model_with_estimator_ablation_20260827_225959/raw/0460_nn_fixed_fallback_dirt_sinusoidal_v9_b0_s400,ok,0,26.084572315216064,20.0,0.99,/home/ksha/Documents/sbel/offroad-control/benchmarking/results/tire_model_with_estimator_ablation_20260827_225959/raw/0460_nn_fixed_fallback_dirt_sinusoidal_v9_b0_s400/20260827_232531_194311_clay_sinusoidal_acados_static_mlp/diag_clay_sinusoidal_acados_static_mlp.csv,,,1217,0.07079439350138265,0.220806,0.056055427769985976,4.573281065918653,5.17782,0.5081423406576282,14.786696795398521,16.130399999999995,128.7889803687467,67.912099,1.131067,0,chrono_body_contact,0,,,,,,,,True,sinusoidal,9.0,400,64,[25920],[25921],False,True,,12,False,False,False,0,0,,,0,0,0,,,,0,0,True,disabled,backend_compatibility,fixed promoted low-grip fallback endpoint,clay,dc58ccfda201c75bc0d828da6f9710e91377898701de047f0e4ef191b0e89544,shared_worst_case_phi13_curvature_v1,True,0,,,,,,,,,,,,,
tire_model_with_estimator_ablation,nn_fixed_fallback,standard,nn,tire_force_static,dirt,sinusoidal,9.0,0,404,/home/ksha/Documents/sbel/offroad-control/benchmarking/results/tire_model_with_estimator_ablation_20260827_225959/raw/0464_nn_fixed_fallback_dirt_sinusoidal_v9_b0_s404,ok,0,26.127619743347168,20.0,0.99,/home/ksha/Documents/sbel/offroad-control/benchmarking/results/tire_model_with_estimator_ablation_20260827_225959/raw/0464_nn_fixed_fallback_dirt_sinusoidal_v9_b0_s404/20260827_232531_348840_clay_sinusoidal_acados_static_mlp/diag_clay_sinusoidal_acados_static_mlp.csv,,,1212,0.0735890352400437,0.224139,0.05853883286516853,4.669686657303371,5.116435,0.5188540730337079,14.877731023102308,15.898900000000001,133.03714243707253,70.706276,1.847022,0,chrono_body_contact,0,,,,,,,,True,sinusoidal,9.0,404,72,[25928],[25929],False,True,,12,False,False,False,0,0,,,0,0,0,,,,0,0,True,disabled,backend_compatibility,fixed promoted low-grip fallback endpoint,clay,dc58ccfda201c75bc0d828da6f9710e91377898701de047f0e4ef191b0e89544,shared_worst_case_phi13_curvature_v1,True,0,,,,,,,,,,,,,
tire_model_with_estimator_ablation,nn_fixed_fallback,standard,nn,tire_force_static,dirt,sinusoidal,7.0,0,403,/home/ksha/Documents/sbel/offroad-control/benchmarking/results/tire_model_with_estimator_ablation_20260827_225959/raw/0458_nn_fixed_fallback_dirt_sinusoidal_v7_b0_s403,ok,0,26.129594802856445,20.0,1.0,/home/ksha/Documents/sbel/offroad-control/benchmarking/results/tire_model_with_estimator_ablation_20260827_225959/raw/0458_nn_fixed_fallback_dirt_sinusoidal_v7_b0_s403/20260827_232531_341126_clay_sinusoidal_acados_static_mlp/diag_clay_sinusoidal_acados_static_mlp.csv,,,1222,0.07630443430605391,0.247753,0.06028659586206897,4.820158068965517,5.24766,0.6885940098522167,14.75689852700491,15.6,130.65155229760057,74.534868,1.745911,0,chrono_body_contact,0,,,,,,,,True,sinusoidal,7.0,403,60,[25916],[25917],False,True,,12,False,False,False,0,0,,,0,0,0,,,,0,0,True,disabled,backend_compatibility,fixed promoted low-grip fallback endpoint,clay,dc58ccfda201c75bc0d828da6f9710e91377898701de047f0e4ef191b0e89544,shared_worst_case_phi13_curvature_v1,True,0,,,,,,,,,,,,,
tire_model_with_estimator_ablation,nn_fixed_fallback,standard,nn,tire_force_static,dirt,sinusoidal,9.0,0,402,/home/ksha/Documents/sbel/offroad-control/benchmarking/results/tire_model_with_estimator_ablation_20260827_225959/raw/0462_nn_fixed_fallback_dirt_sinusoidal_v9_b0_s402,ok,0,26.132627725601196,20.0,0.99,/home/ksha/Documents/sbel/offroad-control/benchmarking/results/tire_model_with_estimator_ablation_20260827_225959/raw/0462_nn_fixed_fallback_dirt_sinusoidal_v9_b0_s402/20260827_232531_084214_clay_sinusoidal_acados_static_mlp/diag_clay_sinusoidal_acados_static_mlp.csv,,,1214,0.07782233855052627,0.242277,0.06271037902097902,4.733039300699301,5.1815299999999995,0.5258932556332556,14.83679571663921,15.858699999999999,130.81071026777502,72.484686,2.006746,0,chrono_body_contact,0,,,,,,,,True,sinusoidal,9.0,402,68,[25924],[25925],False,True,,12,False,False,False,0,0,,,0,0,0,,,,0,0,True,disabled,backend_compatibility,fixed promoted low-grip fallback endpoint,clay,dc58ccfda201c75bc0d828da6f9710e91377898701de047f0e4ef191b0e89544,shared_worst_case_phi13_curvature_v1,True,0,,,,,,,,,,,,,
tire_model_with_estimator_ablation,nn_fixed_fallback,standard,nn,tire_force_static,dirt,sinusoidal,9.0,0,403,/home/ksha/Documents/sbel/offroad-control/benchmarking/results/tire_model_with_estimator_ablation_20260827_225959/raw/0463_nn_fixed_fallback_dirt_sinusoidal_v9_b0_s403,ok,0,26.140098094940186,20.0,1.0,/home/ksha/Documents/sbel/offroad-control/benchmarking/results/tire_model_with_estimator_ablation_20260827_225959/raw/0463_nn_fixed_fallback_dirt_sinusoidal_v9_b0_s403/20260827_232531_354012_clay_sinusoidal_acados_static_mlp/diag_clay_sinusoidal_acados_static_mlp.csv,,,1167,0.07371613391539164,0.269368,0.058889748520710064,4.605473964497041,5.234674999999999,0.5117193293885601,15.388054841473865,16.85719999999999,125.9455070347972,68.057044,1.159807,0,chrono_body_contact,0,,,,,,,,True,sinusoidal,9.0,403,70,[25926],[25927],False,True,,12,False,False,False,0,0,,,0,0,0,,,,0,0,True,disabled,backend_compatibility,fixed promoted low-grip fallback endpoint,clay,dc58ccfda201c75bc0d828da6f9710e91377898701de047f0e4ef191b0e89544,shared_worst_case_phi13_curvature_v1,True,0,,,,,,,,,,,,,
tire_model_with_estimator_ablation,nn_fixed_fallback,standard,nn,tire_force_static,dirt,sinusoidal,7.0,0,402,/home/ksha/Documents/sbel/offroad-control/benchmarking/results/tire_model_with_estimator_ablation_20260827_225959/raw/0457_nn_fixed_fallback_dirt_sinusoidal_v7_b0_s402,ok,0,26.22744369506836,20.0,1.0,/home/ksha/Documents/sbel/offroad-control/benchmarking/results/tire_model_with_estimator_ablation_20260827_225959/raw/0457_nn_fixed_fallback_dirt_sinusoidal_v7_b0_s402/20260827_232531_335928_clay_sinusoidal_acados_static_mlp/diag_clay_sinusoidal_acados_static_mlp.csv,,,1216,0.0771550035766428,0.241764,0.061495124649859935,4.59324537815126,5.284645,0.6561779111644658,14.824144736842106,16.377999999999993,128.69596566875364,66.279268,0.632068,0,chrono_body_contact,0,,,,,,,,True,sinusoidal,7.0,402,58,[25914],[25915],False,True,,12,False,False,False,0,0,,,0,0,0,,,,0,0,True,disabled,backend_compatibility,fixed promoted low-grip fallback endpoint,clay,dc58ccfda201c75bc0d828da6f9710e91377898701de047f0e4ef191b0e89544,shared_worst_case_phi13_curvature_v1,True,0,,,,,,,,,,,,,
tire_model_with_estimator_ablation,nn_fixed_fallback,standard,nn,tire_force_static,dirt,sinusoidal,7.0,0,404,/home/ksha/Documents/sbel/offroad-control/benchmarking/results/tire_model_with_estimator_ablation_20260827_225959/raw/0459_nn_fixed_fallback_dirt_sinusoidal_v7_b0_s404,ok,0,26.284995079040527,20.0,1.0,/home/ksha/Documents/sbel/offroad-control/benchmarking/results/tire_model_with_estimator_ablation_20260827_225959/raw/0459_nn_fixed_fallback_dirt_sinusoidal_v7_b0_s404/20260827_232531_253234_clay_sinusoidal_acados_static_mlp/diag_clay_sinusoidal_acados_static_mlp.csv,,,1211,0.0730161034677135,0.253772,0.05833576470588235,4.534286974789916,5.097215,0.6477552821128452,14.891354252683733,16.374000000000006,130.3715734267062,65.679888,0.386312,0,chrono_body_contact,0,,,,,,,,True,sinusoidal,7.0,404,62,[25918],[25919],False,True,,12,False,False,False,0,0,,,0,0,0,,,,0,0,True,disabled,backend_compatibility,fixed promoted low-grip fallback endpoint,clay,dc58ccfda201c75bc0d828da6f9710e91377898701de047f0e4ef191b0e89544,shared_worst_case_phi13_curvature_v1,True,0,,,,,,,,,,,,,
tire_model_with_estimator_ablation,nn_fixed_fallback,standard,nn,tire_force_static,dirt,lane_change,5.0,0,403,/home/ksha/Documents/sbel/offroad-control/benchmarking/results/tire_model_with_estimator_ablation_20260827_225959/raw/0468_nn_fixed_fallback_dirt_lane_change_v5_b0_s403,ok,0,26.032454252243042,20.0,1.0,/home/ksha/Documents/sbel/offroad-control/benchmarking/results/tire_model_with_estimator_ablation_20260827_225959/raw/0468_nn_fixed_fallback_dirt_lane_change_v5_b0_s403/20260827_232557_752146_clay_lane_change_acados_static_mlp/diag_clay_lane_change_acados_static_mlp.csv,,,1243,0.1302123502332797,0.547009,0.08152363115845539,3.9927737683089215,5.2947,0.7985547536617843,14.472477876106195,15.64,134.87148017046258,79.118845,2.928337,0,chrono_body_contact,0,,,,,,,,True,lane_change,5.0,403,80,[25936],[25937],False,True,,12,False,False,False,0,0,,,0,0,0,,,,0,0,True,disabled,backend_compatibility,fixed promoted low-grip fallback endpoint,clay,c95613694247a1005b45d05d79e96eab52db905aea2667907ed2515e9ac3b36a,shared_worst_case_phi13_curvature_v1,True,0,,,,,,,,,,,,,
tire_model_with_estimator_ablation,nn_fixed_fallback,standard,nn,tire_force_static,dirt,lane_change,7.0,0,400,/home/ksha/Documents/sbel/offroad-control/benchmarking/results/tire_model_with_estimator_ablation_20260827_225959/raw/0470_nn_fixed_fallback_dirt_lane_change_v7_b0_s400,ok,0,26.030384063720703,20.0,1.0,/home/ksha/Documents/sbel/offroad-control/benchmarking/results/tire_model_with_estimator_ablation_20260827_225959/raw/0470_nn_fixed_fallback_dirt_lane_change_v7_b0_s400/20260827_232557_603038_clay_lane_change_acados_static_mlp/diag_clay_lane_change_acados_static_mlp.csv,,,1279,0.17395345975765528,0.687071,0.12656118297331642,3.7473607369758577,6.7039599999999995,0.5353372481394082,14.053002345582486,16.0132,142.24869833071972,80.175192,2.875291,0,chrono_body_contact,0,,,,,,,,True,lane_change,7.0,400,84,[25940],[25941],False,True,,12,False,False,False,0,0,,,0,0,0,,,,0,0,True,disabled,backend_compatibility,fixed promoted low-grip fallback endpoint,clay,7085653a638402e5abfa5737dcf5188cf3bc55fb7a7340a71403cb917f35b2aa,shared_worst_case_phi13_curvature_v1,True,0,,,,,,,,,,,,,
tire_model_with_estimator_ablation,nn_fixed_fallback,standard,nn,tire_force_static,dirt,lane_change,5.0,0,404,/home/ksha/Documents/sbel/offroad-control/benchmarking/results/tire_model_with_estimator_ablation_20260827_225959/raw/0469_nn_fixed_fallback_dirt_lane_change_v5_b0_s404,ok,0,26.082183599472046,20.0,1.0,/home/ksha/Documents/sbel/offroad-control/benchmarking/results/tire_model_with_estimator_ablation_20260827_225959/raw/0469_nn_fixed_fallback_dirt_lane_change_v5_b0_s404/20260827_232557_537953_clay_lane_change_acados_static_mlp/diag_clay_lane_change_acados_static_mlp.csv,,,1229,0.1275891262510884,0.635721,0.07241257008086253,4.057384366576819,5.455685,0.8114768733153637,14.625085435313263,15.86,137.11706687083506,79.1088,3.052117,0,chrono_body_contact,0,,,,,,,,True,lane_change,5.0,404,82,[25938],[25939],False,True,,12,False,False,False,0,0,,,0,0,0,,,,0,0,True,disabled,backend_compatibility,fixed promoted low-grip fallback endpoint,clay,c95613694247a1005b45d05d79e96eab52db905aea2667907ed2515e9ac3b36a,shared_worst_case_phi13_curvature_v1,True,0,,,,,,,,,,,,,
tire_model_with_estimator_ablation,nn_fixed_fallback,standard,nn,tire_force_static,dirt,lane_change,5.0,0,400,/home/ksha/Documents/sbel/offroad-control/benchmarking/results/tire_model_with_estimator_ablation_20260827_225959/raw/0465_nn_fixed_fallback_dirt_lane_change_v5_b0_s400,ok,0,26.130975484848022,20.0,0.99,/home/ksha/Documents/sbel/offroad-control/benchmarking/results/tire_model_with_estimator_ablation_20260827_225959/raw/0465_nn_fixed_fallback_dirt_lane_change_v5_b0_s400/20260827_232557_577526_clay_lane_change_acados_static_mlp/diag_clay_lane_change_acados_static_mlp.csv,,,1165,0.1251437578699347,0.508117,0.07837516405135521,4.0564641940085595,5.4365,0.8112928388017119,15.429690987124461,16.667199999999998,129.08447117501598,79.104275,2.963896,0,chrono_body_contact,0,,,,,,,,True,lane_change,5.0,400,74,[25930],[25931],False,True,,12,False,False,False,0,0,,,0,0,0,,,,0,0,True,disabled,backend_compatibility,fixed promoted low-grip fallback endpoint,clay,c95613694247a1005b45d05d79e96eab52db905aea2667907ed2515e9ac3b36a,shared_worst_case_phi13_curvature_v1,True,0,,,,,,,,,,,,,
tire_model_with_estimator_ablation,nn_fixed_fallback,standard,nn,tire_force_static,dirt,lane_change,5.0,0,401,/home/ksha/Documents/sbel/offroad-control/benchmarking/results/tire_model_with_estimator_ablation_20260827_225959/raw/0466_nn_fixed_fallback_dirt_lane_change_v5_b0_s401,ok,0,26.133415460586548,20.0,1.0,/home/ksha/Documents/sbel/offroad-control/benchmarking/results/tire_model_with_estimator_ablation_20260827_225959/raw/0466_nn_fixed_fallback_dirt_lane_change_v5_b0_s401/20260827_232557_692815_clay_lane_change_acados_static_mlp/diag_clay_lane_change_acados_static_mlp.csv,,,1256,0.12830757733955042,0.511632,0.0807924246031746,4.053081349206349,5.3553999999999995,0.8106162698412698,14.30265923566879,15.928500000000005,137.64084517693988,79.269953,2.984041,0,chrono_body_contact,0,,,,,,,,True,lane_change,5.0,401,76,[25932],[25933],False,True,,12,False,False,False,0,0,,,0,0,0,,,,0,0,True,disabled,backend_compatibility,fixed promoted low-grip fallback endpoint,clay,c95613694247a1005b45d05d79e96eab52db905aea2667907ed2515e9ac3b36a,shared_worst_case_phi13_curvature_v1,True,0,,,,,,,,,,,,,
tire_model_with_estimator_ablation,nn_fixed_fallback,standard,nn,tire_force_static,dirt,lane_change,7.0,0,401,/home/ksha/Documents/sbel/offroad-control/benchmarking/results/tire_model_with_estimator_ablation_20260827_225959/raw/0471_nn_fixed_fallback_dirt_lane_change_v7_b0_s401,ok,0,26.27771234512329,20.0,1.0,/home/ksha/Documents/sbel/offroad-control/benchmarking/results/tire_model_with_estimator_ablation_20260827_225959/raw/0471_nn_fixed_fallback_dirt_lane_change_v7_b0_s401/20260827_232557_707998_clay_lane_change_acados_static_mlp/diag_clay_lane_change_acados_static_mlp.csv,,,1282,0.21033784558273724,0.634143,0.1613467698113208,3.7921527044025156,6.72256,0.5417361006289309,14.02404836193448,18.6357,143.23193179475822,80.345412,2.809032,0,chrono_body_contact,0,,,,,,,,True,lane_change,7.0,401,86,[25942],[25943],False,True,,12,False,False,False,0,0,,,0,0,0,,,,0,0,True,disabled,backend_compatibility,fixed promoted low-grip fallback endpoint,clay,7085653a638402e5abfa5737dcf5188cf3bc55fb7a7340a71403cb917f35b2aa,shared_worst_case_phi13_curvature_v1,True,0,,,,,,,,,,,,,
tire_model_with_estimator_ablation,nn_fixed_fallback,standard,nn,tire_force_static,dirt,lane_change,7.0,0,402,/home/ksha/Documents/sbel/offroad-control/benchmarking/results/tire_model_with_estimator_ablation_20260827_225959/raw/0472_nn_fixed_fallback_dirt_lane_change_v7_b0_s402,ok,0,26.28123688697815,20.0,1.0,/home/ksha/Documents/sbel/offroad-control/benchmarking/results/tire_model_with_estimator_ablation_20260827_225959/raw/0472_nn_fixed_fallback_dirt_lane_change_v7_b0_s402/20260827_232557_503265_clay_lane_change_acados_static_mlp/diag_clay_lane_change_acados_static_mlp.csv,,,1272,0.3023608960394003,0.664558,0.23686209475032013,3.8144487836107555,6.8029,0.5449212548015365,14.15122641509434,16.0187,141.54046936196895,80.817942,3.402682,0,chrono_body_contact,0,,,,,,,,True,lane_change,7.0,402,88,[25944],[25945],False,True,,12,False,False,False,0,0,,,0,0,0,,,,0,0,True,disabled,backend_compatibility,fixed promoted low-grip fallback endpoint,clay,7085653a638402e5abfa5737dcf5188cf3bc55fb7a7340a71403cb917f35b2aa,shared_worst_case_phi13_curvature_v1,True,0,,,,,,,,,,,,,
tire_model_with_estimator_ablation,nn_fixed_fallback,standard,nn,tire_force_static,dirt,lane_change,5.0,0,402,/home/ksha/Documents/sbel/offroad-control/benchmarking/results/tire_model_with_estimator_ablation_20260827_225959/raw/0467_nn_fixed_fallback_dirt_lane_change_v5_b0_s402,ok,0,26.286792755126953,20.0,1.0,/home/ksha/Documents/sbel/offroad-control/benchmarking/results/tire_model_with_estimator_ablation_20260827_225959/raw/0467_nn_fixed_fallback_dirt_lane_change_v5_b0_s402/20260827_232557_553584_clay_lane_change_acados_static_mlp/diag_clay_lane_change_acados_static_mlp.csv,,,1233,0.1240775591807064,0.523376,0.0782235086321381,4.021132536520584,5.3963600000000005,0.8042265073041168,14.632384428223844,18.490400000000015,133.57703089669621,79.16433,2.971887,0,chrono_body_contact,0,,,,,,,,True,lane_change,5.0,402,78,[25934],[25935],False,True,,12,False,False,False,0,0,,,0,0,0,,,,0,0,True,disabled,backend_compatibility,fixed promoted low-grip fallback endpoint,clay,c95613694247a1005b45d05d79e96eab52db905aea2667907ed2515e9ac3b36a,shared_worst_case_phi13_curvature_v1,True,0,,,,,,,,,,,,,
tire_model_with_estimator_ablation,nn_fixed_fallback,standard,nn,tire_force_static,dirt,lane_change,9.0,0,400,/home/ksha/Documents/sbel/offroad-control/benchmarking/results/tire_model_with_estimator_ablation_20260827_225959/raw/0475_nn_fixed_fallback_dirt_lane_change_v9_b0_s400,ok,0,25.929851055145264,20.0,1.0,/home/ksha/Documents/sbel/offroad-control/benchmarking/results/tire_model_with_estimator_ablation_20260827_225959/raw/0475_nn_fixed_fallback_dirt_lane_change_v9_b0_s400/20260827_232623_936553_clay_lane_change_acados_static_mlp/diag_clay_lane_change_acados_static_mlp.csv,,,1208,0.2381615812309623,0.587409,0.19366020460704608,3.9386,7.81241,0.43762222222222225,14.754867549668875,17.182500000000015,140.6984398294731,82.884592,2.746961,0,chrono_body_contact,0,,,,,,,,True,lane_change,9.0,400,94,[25950],[25951],False,True,,12,False,False,False,0,0,,,0,0,0,,,,0,0,True,disabled,backend_compatibility,fixed promoted low-grip fallback endpoint,clay,8738935243860ac000075a211607e15f3d93aec40193a3fb27ed22c8942c3b2e,shared_worst_case_phi13_curvature_v1,True,0,,,,,,,,,,,,,
tire_model_with_estimator_ablation,nn_fixed_fallback,standard,nn,tire_force_static,dirt,lane_change,9.0,0,403,/home/ksha/Documents/sbel/offroad-control/benchmarking/results/tire_model_with_estimator_ablation_20260827_225959/raw/0478_nn_fixed_fallback_dirt_lane_change_v9_b0_s403,ok,0,25.977285385131836,20.0,1.0,/home/ksha/Documents/sbel/offroad-control/benchmarking/results/tire_model_with_estimator_ablation_20260827_225959/raw/0478_nn_fixed_fallback_dirt_lane_change_v9_b0_s403/20260827_232623_986814_clay_lane_change_acados_static_mlp/diag_clay_lane_change_acados_static_mlp.csv,,,1276,0.1710943982268477,0.671844,0.10985616071428571,3.9214102040816328,7.8469999999999995,0.4357122448979592,13.99119905956113,17.16,146.43123722183213,82.642027,2.936718,0,chrono_body_contact,0,,,,,,,,True,lane_change,9.0,403,100,[25956],[25957],False,True,,12,False,False,False,0,0,,,0,0,0,,,,0,0,True,disabled,backend_compatibility,fixed promoted low-grip fallback endpoint,clay,8738935243860ac000075a211607e15f3d93aec40193a3fb27ed22c8942c3b2e,shared_worst_case_phi13_curvature_v1,True,0,,,,,,,,,,,,,
tire_model_with_estimator_ablation,nn_fixed_fallback,standard,nn,tire_force_static,dirt,lane_change,9.0,0,401,/home/ksha/Documents/sbel/offroad-control/benchmarking/results/tire_model_with_estimator_ablation_20260827_225959/raw/0476_nn_fixed_fallback_dirt_lane_change_v9_b0_s401,ok,0,25.982797145843506,20.0,1.0,/home/ksha/Documents/sbel/offroad-control/benchmarking/results/tire_model_with_estimator_ablation_20260827_225959/raw/0476_nn_fixed_fallback_dirt_lane_change_v9_b0_s401/20260827_232624_016987_clay_lane_change_acados_static_mlp/diag_clay_lane_change_acados_static_mlp.csv,,,1293,0.4724477804132648,0.817137,0.37107282196969693,3.821764393939393,7.85238,0.4246404882154881,13.8122815158546,16.383199999999995,146.49833692677245,81.123333,3.676781,0,chrono_body_contact,0,,,,,,,,True,lane_change,9.0,401,96,[25952],[25953],False,True,,12,False,False,False,0,0,,,0,0,0,,,,0,0,True,disabled,backend_compatibility,fixed promoted low-grip fallback endpoint,clay,8738935243860ac000075a211607e15f3d93aec40193a3fb27ed22c8942c3b2e,shared_worst_case_phi13_curvature_v1,True,0,,,,,,,,,,,,,
tire_model_with_estimator_ablation,nn_fixed_fallback,standard,nn,tire_force_static,dirt,lane_change,9.0,0,402,/home/ksha/Documents/sbel/offroad-control/benchmarking/results/tire_model_with_estimator_ablation_20260827_225959/raw/0477_nn_fixed_fallback_dirt_lane_change_v9_b0_s402,ok,0,26.378756046295166,20.0,1.0,/home/ksha/Documents/sbel/offroad-control/benchmarking/results/tire_model_with_estimator_ablation_20260827_225959/raw/0477_nn_fixed_fallback_dirt_lane_change_v9_b0_s402/20260827_232623_906204_clay_lane_change_acados_static_mlp/diag_clay_lane_change_acados_static_mlp.csv,,,1281,0.3791109509779386,0.73719,0.3125962939698493,3.8883276381909546,7.8568999999999996,0.4320364042434394,14.00063231850117,18.94,145.65259813915162,82.243325,3.564451,0,chrono_body_contact,0,,,,,,,,True,lane_change,9.0,402,98,[25954],[25955],False,True,,12,False,False,False,0,0,,,0,0,0,,,,0,0,True,disabled,backend_compatibility,fixed promoted low-grip fallback endpoint,clay,8738935243860ac000075a211607e15f3d93aec40193a3fb27ed22c8942c3b2e,shared_worst_case_phi13_curvature_v1,True,0,,,,,,,,,,,,,
tire_model_with_estimator_ablation,nn_fixed_fallback,standard,nn,tire_force_static,dirt,right_left,5.0,0,400,/home/ksha/Documents/sbel/offroad-control/benchmarking/results/tire_model_with_estimator_ablation_20260827_225959/raw/0480_nn_fixed_fallback_dirt_right_left_v5_b0_s400,ok,0,26.3822500705719,20.0,0.99,/home/ksha/Documents/sbel/offroad-control/benchmarking/results/tire_model_with_estimator_ablation_20260827_225959/raw/0480_nn_fixed_fallback_dirt_right_left_v5_b0_s400/20260827_232624_215423_clay_right_left_acados_static_mlp/diag_clay_right_left_acados_static_mlp.csv,,,1195,0.10252411193565196,0.30536,0.08303319549929676,3.633217018284107,4.44875,0.7266434036568213,15.137874476987449,15.764199999999995,124.3836863722693,47.563661,-30.987186,0,chrono_body_contact,0,,,,,,,,True,right_left,5.0,400,3,[25960],[25961],False,True,,12,False,False,False,0,0,,,0,0,0,,,,0,0,True,disabled,backend_compatibility,fixed promoted low-grip fallback endpoint,clay,2df275ec6c3a4a1b2fbc274414784eef849a9e55ab7130f9593a0001877583aa,shared_worst_case_phi13_curvature_v1,True,0,,,,,,,,,,,,,
tire_model_with_estimator_ablation,nn_fixed_fallback,standard,nn,tire_force_static,dirt,lane_change,7.0,0,403,/home/ksha/Documents/sbel/offroad-control/benchmarking/results/tire_model_with_estimator_ablation_20260827_225959/raw/0473_nn_fixed_fallback_dirt_lane_change_v7_b0_s403,ok,0,26.38335919380188,20.0,1.0,/home/ksha/Documents/sbel/offroad-control/benchmarking/results/tire_model_with_estimator_ablation_20260827_225959/raw/0473_nn_fixed_fallback_dirt_lane_change_v7_b0_s403/20260827_232624_052699_clay_lane_change_acados_static_mlp/diag_clay_lane_change_acados_static_mlp.csv,,,1262,0.22963021536722344,0.720078,0.1807705282051282,3.73526858974359,6.78984,0.5336097985347986,14.270705229793975,17.650600000000054,139.7402297049249,80.48531,2.731967,0,chrono_body_contact,0,,,,,,,,True,lane_change,7.0,403,90,[25946],[25947],False,True,,12,False,False,False,0,0,,,0,0,0,,,,0,0,True,disabled,backend_compatibility,fixed promoted low-grip fallback endpoint,clay,7085653a638402e5abfa5737dcf5188cf3bc55fb7a7340a71403cb917f35b2aa,shared_worst_case_phi13_curvature_v1,True,0,,,,,,,,,,,,,
tire_model_with_estimator_ablation,nn_fixed_fallback,standard,nn,tire_force_static,dirt,lane_change,7.0,0,404,/home/ksha/Documents/sbel/offroad-control/benchmarking/results/tire_model_with_estimator_ablation_20260827_225959/raw/0474_nn_fixed_fallback_dirt_lane_change_v7_b0_s404,ok,0,26.42923069000244,20.0,1.0,/home/ksha/Documents/sbel/offroad-control/benchmarking/results/tire_model_with_estimator_ablation_20260827_225959/raw/0474_nn_fixed_fallback_dirt_lane_change_v7_b0_s404/20260827_232624_226774_clay_lane_change_acados_static_mlp/diag_clay_lane_change_acados_static_mlp.csv,,,1259,0.32458577184800175,0.654382,0.257254486521181,3.7571857509627726,6.8108699999999995,0.5367408215661104,14.298832406671965,17.326800000000002,144.1417851855212,80.570742,3.516237,0,chrono_body_contact,0,,,,,,,,True,lane_change,7.0,404,92,[25948],[25949],False,True,,12,False,False,False,0,0,,,0,0,0,,,,0,0,True,disabled,backend_compatibility,fixed promoted low-grip fallback endpoint,clay,7085653a638402e5abfa5737dcf5188cf3bc55fb7a7340a71403cb917f35b2aa,shared_worst_case_phi13_curvature_v1,True,0,,,,,,,,,,,,,
tire_model_with_estimator_ablation,nn_fixed_fallback,standard,nn,tire_force_static,dirt,lane_change,9.0,0,404,/home/ksha/Documents/sbel/offroad-control/benchmarking/results/tire_model_with_estimator_ablation_20260827_225959/raw/0479_nn_fixed_fallback_dirt_lane_change_v9_b0_s404,ok,0,26.433493614196777,20.0,0.99,/home/ksha/Documents/sbel/offroad-control/benchmarking/results/tire_model_with_estimator_ablation_20260827_225959/raw/0479_nn_fixed_fallback_dirt_lane_change_v9_b0_s404/20260827_232624_017085_clay_lane_change_acados_static_mlp/diag_clay_lane_change_acados_static_mlp.csv,,,1261,0.1665537879117617,0.610412,0.11919588446726573,3.945389858793325,7.900589999999999,0.4383766509770361,14.251704996034894,18.388000000000005,147.2947399852595,83.18708,3.008871,0,chrono_body_contact,0,,,,,,,,True,lane_change,9.0,404,1,[25958],[25959],False,True,,12,False,False,False,0,0,,,0,0,0,,,,0,0,True,disabled,backend_compatibility,fixed promoted low-grip fallback endpoint,clay,8738935243860ac000075a211607e15f3d93aec40193a3fb27ed22c8942c3b2e,shared_worst_case_phi13_curvature_v1,True,0,,,,,,,,,,,,,
tire_model_with_estimator_ablation,nn_fixed_fallback,standard,nn,tire_force_static,dirt,right_left,5.0,0,402,/home/ksha/Documents/sbel/offroad-control/benchmarking/results/tire_model_with_estimator_ablation_20260827_225959/raw/0482_nn_fixed_fallback_dirt_right_left_v5_b0_s402,ok,0,25.983843564987183,20.0,1.0,/home/ksha/Documents/sbel/offroad-control/benchmarking/results/tire_model_with_estimator_ablation_20260827_225959/raw/0482_nn_fixed_fallback_dirt_right_left_v5_b0_s402/20260827_232650_349216_clay_right_left_acados_static_mlp/diag_clay_right_left_acados_static_mlp.csv,,,1210,0.10251373948193596,0.282979,0.0849347983310153,3.721519471488178,4.66926,0.7443038942976357,14.91922314049587,15.639100000000001,127.8659769781533,49.091936,-30.998657,0,chrono_body_contact,0,,,,,,,,True,right_left,5.0,402,7,[25964],[25965],False,True,,12,False,False,False,0,0,,,0,0,0,,,,0,0,True,disabled,backend_compatibility,fixed promoted low-grip fallback endpoint,clay,2df275ec6c3a4a1b2fbc274414784eef849a9e55ab7130f9593a0001877583aa,shared_worst_case_phi13_curvature_v1,True,0,,,,,,,,,,,,,
tire_model_with_estimator_ablation,nn_fixed_fallback,standard,nn,tire_force_static,dirt,right_left,5.0,0,404,/home/ksha/Documents/sbel/offroad-control/benchmarking/results/tire_model_with_estimator_ablation_20260827_225959/raw/0484_nn_fixed_fallback_dirt_right_left_v5_b0_s404,ok,0,26.03384304046631,20.0,1.0,/home/ksha/Documents/sbel/offroad-control/benchmarking/results/tire_model_with_estimator_ablation_20260827_225959/raw/0484_nn_fixed_fallback_dirt_right_left_v5_b0_s404/20260827_232650_476890_clay_right_left_acados_static_mlp/diag_clay_right_left_acados_static_mlp.csv,,,1141,0.11380183232462034,0.360912,0.08943427581120943,3.783797197640118,4.535265,0.7567594395280236,15.770411919368975,16.56,126.29597974922791,49.811977,-30.906336,0,chrono_body_contact,0,,,,,,,,True,right_left,5.0,404,11,[25968],[25969],False,True,,12,False,False,False,0,0,,,0,0,0,,,,0,0,True,disabled,backend_compatibility,fixed promoted low-grip fallback endpoint,clay,2df275ec6c3a4a1b2fbc274414784eef849a9e55ab7130f9593a0001877583aa,shared_worst_case_phi13_curvature_v1,True,0,,,,,,,,,,,,,
tire_model_with_estimator_ablation,nn_fixed_fallback,standard,nn,tire_force_static,dirt,right_left,7.0,0,402,/home/ksha/Documents/sbel/offroad-control/benchmarking/results/tire_model_with_estimator_ablation_20260827_225959/raw/0487_nn_fixed_fallback_dirt_right_left_v7_b0_s402,ok,0,26.084494829177856,20.0,1.0,/home/ksha/Documents/sbel/offroad-control/benchmarking/results/tire_model_with_estimator_ablation_20260827_225959/raw/0487_nn_fixed_fallback_dirt_right_left_v7_b0_s402/20260827_232650_272166_clay_right_left_acados_static_mlp/diag_clay_right_left_acados_static_mlp.csv,,,1225,0.12526450202837827,0.357931,0.09824638186813187,3.997655906593407,5.558255,0.5710937009419152,14.724930612244899,15.457600000000001,129.06755317956151,53.374404,-30.98618,0,chrono_body_contact,0,,,,,,,,True,right_left,7.0,402,17,[25974],[25975],False,True,,12,False,False,False,0,0,,,0,0,0,,,,0,0,True,disabled,backend_compatibility,fixed promoted low-grip fallback endpoint,clay,2a22058ceeef679f207bd5220377a736edae3e63c7f59afab2d351bc5e8d1aca,shared_worst_case_phi13_curvature_v1,True,0,,,,,,,,,,,,,
tire_model_with_estimator_ablation,nn_fixed_fallback,standard,nn,tire_force_static,dirt,right_left,7.0,0,400,/home/ksha/Documents/sbel/offroad-control/benchmarking/results/tire_model_with_estimator_ablation_20260827_225959/raw/0485_nn_fixed_fallback_dirt_right_left_v7_b0_s400,ok,0,26.082746028900146,20.0,1.0,/home/ksha/Documents/sbel/offroad-control/benchmarking/results/tire_model_with_estimator_ablation_20260827_225959/raw/0485_nn_fixed_fallback_dirt_right_left_v7_b0_s400/20260827_232650_649345_clay_right_left_acados_static_mlp/diag_clay_right_left_acados_static_mlp.csv,,,1201,0.13429880724032908,0.416379,0.10170941036414566,4.06136106442577,5.797610000000001,0.58019443777511,15.007610324729391,15.76,130.75073019092582,54.398925,-30.963155,0,chrono_body_contact,0,,,,,,,,True,right_left,7.0,400,13,[25970],[25971],False,True,,12,False,False,False,0,0,,,0,0,0,,,,0,0,True,disabled,backend_compatibility,fixed promoted low-grip fallback endpoint,clay,2a22058ceeef679f207bd5220377a736edae3e63c7f59afab2d351bc5e8d1aca,shared_worst_case_phi13_curvature_v1,True,0,,,,,,,,,,,,,
tire_model_with_estimator_ablation,nn_fixed_fallback,standard,nn,tire_force_static,dirt,right_left,5.0,0,401,/home/ksha/Documents/sbel/offroad-control/benchmarking/results/tire_model_with_estimator_ablation_20260827_225959/raw/0481_nn_fixed_fallback_dirt_right_left_v5_b0_s401,ok,0,26.184642553329468,20.0,0.99,/home/ksha/Documents/sbel/offroad-control/benchmarking/results/tire_model_with_estimator_ablation_20260827_225959/raw/0481_nn_fixed_fallback_dirt_right_left_v5_b0_s401/20260827_232650_665087_clay_right_left_acados_static_mlp/diag_clay_right_left_acados_static_mlp.csv,,,1211,0.11821955984908486,0.356818,0.0921043434903047,3.8647458448753462,4.610825,0.7729491689750693,14.97045417010735,15.679,128.7503353526768,51.309954,-30.989143,0,chrono_body_contact,0,,,,,,,,True,right_left,5.0,401,5,[25962],[25963],False,True,,12,False,False,False,0,0,,,0,0,0,,,,0,0,True,disabled,backend_compatibility,fixed promoted low-grip fallback endpoint,clay,2df275ec6c3a4a1b2fbc274414784eef849a9e55ab7130f9593a0001877583aa,shared_worst_case_phi13_curvature_v1,True,0,,,,,,,,,,,,,
tire_model_with_estimator_ablation,nn_fixed_fallback,standard,nn,tire_force_static,dirt,right_left,7.0,0,401,/home/ksha/Documents/sbel/offroad-control/benchmarking/results/tire_model_with_estimator_ablation_20260827_225959/raw/0486_nn_fixed_fallback_dirt_right_left_v7_b0_s401,ok,0,26.182872772216797,20.0,0.99,/home/ksha/Documents/sbel/offroad-control/benchmarking/results/tire_model_with_estimator_ablation_20260827_225959/raw/0486_nn_fixed_fallback_dirt_right_left_v7_b0_s401/20260827_232650_474459_clay_right_left_acados_static_mlp/diag_clay_right_left_acados_static_mlp.csv,,,1222,0.13407904212360544,0.442286,0.10171079726027399,4.093201917808219,5.7836,0.58474313111546,14.806342062193124,15.537899999999999,133.50516506256093,54.8382,-31.046662,0,chrono_body_contact,0,,,,,,,,True,right_left,7.0,401,15,[25972],[25973],False,True,,12,False,False,False,0,0,,,0,0,0,,,,0,0,True,disabled,backend_compatibility,fixed promoted low-grip fallback endpoint,clay,2a22058ceeef679f207bd5220377a736edae3e63c7f59afab2d351bc5e8d1aca,shared_worst_case_phi13_curvature_v1,True,0,,,,,,,,,,,,,
tire_model_with_estimator_ablation,nn_fixed_fallback,standard,nn,tire_force_static,dirt,right_left,7.0,0,403,/home/ksha/Documents/sbel/offroad-control/benchmarking/results/tire_model_with_estimator_ablation_20260827_225959/raw/0488_nn_fixed_fallback_dirt_right_left_v7_b0_s403,ok,0,26.23365879058838,20.0,1.0,/home/ksha/Documents/sbel/offroad-control/benchmarking/results/tire_model_with_estimator_ablation_20260827_225959/raw/0488_nn_fixed_fallback_dirt_right_left_v7_b0_s403/20260827_232650_482387_clay_right_left_acados_static_mlp/diag_clay_right_left_acados_static_mlp.csv,,,1215,0.13724345116808473,0.436078,0.10284609749303622,4.162418245125348,5.709199999999999,0.5946311778750497,14.837695473251028,15.697199999999997,131.4292848939175,56.297788,-30.96047,0,chrono_body_contact,0,,,,,,,,True,right_left,7.0,403,19,[25976],[25977],False,True,,12,False,False,False,0,0,,,0,0,0,,,,0,0,True,disabled,backend_compatibility,fixed promoted low-grip fallback endpoint,clay,2a22058ceeef679f207bd5220377a736edae3e63c7f59afab2d351bc5e8d1aca,shared_worst_case_phi13_curvature_v1,True,0,,,,,,,,,,,,,
tire_model_with_estimator_ablation,nn_fixed_fallback,standard,nn,tire_force_static,dirt,right_left,5.0,0,403,/home/ksha/Documents/sbel/offroad-control/benchmarking/results/tire_model_with_estimator_ablation_20260827_225959/raw/0483_nn_fixed_fallback_dirt_right_left_v5_b0_s403,ok,0,26.281970262527466,20.0,0.99,/home/ksha/Documents/sbel/offroad-control/benchmarking/results/tire_model_with_estimator_ablation_20260827_225959/raw/0483_nn_fixed_fallback_dirt_right_left_v5_b0_s403/20260827_232650_425696_clay_right_left_acados_static_mlp/diag_clay_right_left_acados_static_mlp.csv,,,1212,0.1044886724641059,0.300733,0.08519138312586445,3.711560165975104,4.49476,0.7423120331950208,14.954843234323432,15.63,127.86894158677057,49.056527,-30.975579,0,chrono_body_contact,0,,,,,,,,True,right_left,5.0,403,9,[25966],[25967],False,True,,12,False,False,False,0,0,,,0,0,0,,,,0,0,True,disabled,backend_compatibility,fixed promoted low-grip fallback endpoint,clay,2df275ec6c3a4a1b2fbc274414784eef849a9e55ab7130f9593a0001877583aa,shared_worst_case_phi13_curvature_v1,True,0,,,,,,,,,,,,,
tire_model_with_estimator_ablation,nn_fixed_fallback,standard,nn,tire_force_static,dirt,right_left,9.0,0,401,/home/ksha/Documents/sbel/offroad-control/benchmarking/results/tire_model_with_estimator_ablation_20260827_225959/raw/0491_nn_fixed_fallback_dirt_right_left_v9_b0_s401,ok,0,26.028855085372925,20.0,0.99,/home/ksha/Documents/sbel/offroad-control/benchmarking/results/tire_model_with_estimator_ablation_20260827_225959/raw/0491_nn_fixed_fallback_dirt_right_left_v9_b0_s401/20260827_232716_748985_clay_right_left_acados_static_mlp/diag_clay_right_left_acados_static_mlp.csv,,,1208,0.14568430546557207,0.440361,0.10943406666666668,4.280579444444445,6.648165,0.47561993827160504,14.934420529801324,15.767200000000003,132.54029733680795,57.536986,-30.964553,0,chrono_body_contact,0,,,,,,,,True,right_left,9.0,401,25,[25982],[25983],False,True,,12,False,False,False,0,0,,,0,0,0,,,,0,0,True,disabled,backend_compatibility,fixed promoted low-grip fallback endpoint,clay,2fd2c1dbb42c39cc163281ad14f69d4122484783b6b75aa488f2ea05e6c9793b,shared_worst_case_phi13_curvature_v1,True,0,,,,,,,,,,,,,
tire_model_with_estimator_ablation,nn_fixed_fallback,standard,nn,tire_force_static,sand,sinusoidal,5.0,0,401,/home/ksha/Documents/sbel/offroad-control/benchmarking/results/tire_model_with_estimator_ablation_20260827_225959/raw/0496_nn_fixed_fallback_sand_sinusoidal_v5_b0_s401,ok,0,26.17845344543457,20.0,1.0,/home/ksha/Documents/sbel/offroad-control/benchmarking/results/tire_model_with_estimator_ablation_20260827_225959/raw/0496_nn_fixed_fallback_sand_sinusoidal_v5_b0_s401/20260827_232716_594923_clay_sinusoidal_acados_static_mlp/diag_clay_sinusoidal_acados_static_mlp.csv,,,1221,0.08120742760868886,0.300956,0.06349404696132596,4.13395635359116,4.85546,0.8267912707182321,14.788058968058966,15.893999999999986,126.04267274718399,58.918979,-1.734476,0,chrono_body_contact,0,,,,,,,,True,sinusoidal,5.0,401,35,[25992],[25993],False,True,,12,False,False,False,0,0,,,0,0,0,,,,0,0,True,disabled,backend_compatibility,fixed promoted low-grip fallback endpoint,clay,f544d4c607d9f35cff9cbf38b8d140aa1d8904401cf08a56f3c5a58132af58c5,shared_worst_case_phi13_curvature_v1,True,0,,,,,,,,,,,,,
tire_model_with_estimator_ablation,nn_fixed_fallback,standard,nn,tire_force_static,dirt,right_left,7.0,0,404,/home/ksha/Documents/sbel/offroad-control/benchmarking/results/tire_model_with_estimator_ablation_20260827_225959/raw/0489_nn_fixed_fallback_dirt_right_left_v7_b0_s404,ok,0,26.22630548477173,20.0,0.99,/home/ksha/Documents/sbel/offroad-control/benchmarking/results/tire_model_with_estimator_ablation_20260827_225959/raw/0489_nn_fixed_fallback_dirt_right_left_v7_b0_s404/20260827_232716_778737_clay_right_left_acados_static_mlp/diag_clay_right_left_acados_static_mlp.csv,,,1211,0.13587557088100477,0.458289,0.10121600690607736,4.110377348066299,5.68983,0.5871967640094713,14.98849710982659,15.628000000000002,133.71689995948154,55.569896,-30.892016,0,chrono_body_contact,0,,,,,,,,True,right_left,7.0,404,21,[25978],[25979],False,True,,12,False,False,False,0,0,,,0,0,0,,,,0,0,True,disabled,backend_compatibility,fixed promoted low-grip fallback endpoint,clay,2a22058ceeef679f207bd5220377a736edae3e63c7f59afab2d351bc5e8d1aca,shared_worst_case_phi13_curvature_v1,True,0,,,,,,,,,,,,,
tire_model_with_estimator_ablation,nn_fixed_fallback,standard,nn,tire_force_static,dirt,right_left,9.0,0,403,/home/ksha/Documents/sbel/offroad-control/benchmarking/results/tire_model_with_estimator_ablation_20260827_225959/raw/0493_nn_fixed_fallback_dirt_right_left_v9_b0_s403,ok,0,26.23105216026306,20.0,0.99,/home/ksha/Documents/sbel/offroad-control/benchmarking/results/tire_model_with_estimator_ablation_20260827_225959/raw/0493_nn_fixed_fallback_dirt_right_left_v9_b0_s403/20260827_232716_581850_clay_right_left_acados_static_mlp/diag_clay_right_left_acados_static_mlp.csv,,,1213,0.1259243233478387,0.380123,0.09889875448275863,4.0268067586206895,6.175299999999999,0.4474229731800766,14.994979389942293,15.776399999999995,131.7527890554395,54.346994,-31.008275,0,chrono_body_contact,0,,,,,,,,True,right_left,9.0,403,29,[25986],[25987],False,True,,12,False,False,False,0,0,,,0,0,0,,,,0,0,True,disabled,backend_compatibility,fixed promoted low-grip fallback endpoint,clay,2fd2c1dbb42c39cc163281ad14f69d4122484783b6b75aa488f2ea05e6c9793b,shared_worst_case_phi13_curvature_v1,True,0,,,,,,,,,,,,,
tire_model_with_estimator_ablation,nn_fixed_fallback,standard,nn,tire_force_static,dirt,right_left,9.0,0,402,/home/ksha/Documents/sbel/offroad-control/benchmarking/results/tire_model_with_estimator_ablation_20260827_225959/raw/0492_nn_fixed_fallback_dirt_right_left_v9_b0_s402,ok,0,26.236607789993286,20.0,0.99,/home/ksha/Documents/sbel/offroad-control/benchmarking/results/tire_model_with_estimator_ablation_20260827_225959/raw/0492_nn_fixed_fallback_dirt_right_left_v9_b0_s402/20260827_232716_956836_clay_right_left_acados_static_mlp/diag_clay_right_left_acados_static_mlp.csv,,,1200,0.13138419119792766,0.39203,0.09892852440725243,4.09243179916318,6.256779999999998,0.4547146443514644,15.107016666666665,15.8802,130.24098205984745,54.990502,-30.879437,0,chrono_body_contact,0,,,,,,,,True,right_left,9.0,402,27,[25984],[25985],False,True,,12,False,False,False,0,0,,,0,0,0,,,,0,0,True,disabled,backend_compatibility,fixed promoted low-grip fallback endpoint,clay,2fd2c1dbb42c39cc163281ad14f69d4122484783b6b75aa488f2ea05e6c9793b,shared_worst_case_phi13_curvature_v1,True,0,,,,,,,,,,,,,
tire_model_with_estimator_ablation,nn_fixed_fallback,standard,nn,tire_force_static,dirt,right_left,9.0,0,400,/home/ksha/Documents/sbel/offroad-control/benchmarking/results/tire_model_with_estimator_ablation_20260827_225959/raw/0490_nn_fixed_fallback_dirt_right_left_v9_b0_s400,ok,0,26.281049728393555,20.0,0.99,/home/ksha/Documents/sbel/offroad-control/benchmarking/results/tire_model_with_estimator_ablation_20260827_225959/raw/0490_nn_fixed_fallback_dirt_right_left_v9_b0_s400/20260827_232717_044059_clay_right_left_acados_static_mlp/diag_clay_right_left_acados_static_mlp.csv,,,1145,0.13394677426116788,0.404582,0.10132624817518247,3.9953982481751824,5.972179999999999,0.4439331386861314,15.899659388646288,17.25639999999999,126.68994150373916,53.849569,-30.962492,0,chrono_body_contact,0,,,,,,,,True,right_left,9.0,400,23,[25980],[25981],False,True,,12,False,False,False,0,0,,,0,0,0,,,,0,0,True,disabled,backend_compatibility,fixed promoted low-grip fallback endpoint,clay,2fd2c1dbb42c39cc163281ad14f69d4122484783b6b75aa488f2ea05e6c9793b,shared_worst_case_phi13_curvature_v1,True,0,,,,,,,,,,,,,
tire_model_with_estimator_ablation,nn_fixed_fallback,standard,nn,tire_force_static,sand,sinusoidal,5.0,0,400,/home/ksha/Documents/sbel/offroad-control/benchmarking/results/tire_model_with_estimator_ablation_20260827_225959/raw/0495_nn_fixed_fallback_sand_sinusoidal_v5_b0_s400,ok,0,26.29144811630249,20.0,0.99,/home/ksha/Documents/sbel/offroad-control/benchmarking/results/tire_model_with_estimator_ablation_20260827_225959/raw/0495_nn_fixed_fallback_sand_sinusoidal_v5_b0_s400/20260827_232716_831515_clay_sinusoidal_acados_static_mlp/diag_clay_sinusoidal_acados_static_mlp.csv,,,1235,0.08300837664140114,0.23908,0.0670166762295082,4.175890300546448,4.749595,0.8351780601092896,14.68817004048583,17.244400000000027,128.2843986697893,61.582295,-1.193569,0,chrono_body_contact,0,,,,,,,,True,sinusoidal,5.0,400,33,[25990],[25991],False,True,,12,False,False,False,0,0,,,0,0,0,,,,0,0,True,disabled,backend_compatibility,fixed promoted low-grip fallback endpoint,clay,f544d4c607d9f35cff9cbf38b8d140aa1d8904401cf08a56f3c5a58132af58c5,shared_worst_case_phi13_curvature_v1,True,0,,,,,,,,,,,,,
tire_model_with_estimator_ablation,nn_fixed_fallback,standard,nn,tire_force_static,dirt,right_left,9.0,0,404,/home/ksha/Documents/sbel/offroad-control/benchmarking/results/tire_model_with_estimator_ablation_20260827_225959/raw/0494_nn_fixed_fallback_dirt_right_left_v9_b0_s404,ok,0,26.382421493530273,20.0,0.98,/home/ksha/Documents/sbel/offroad-control/benchmarking/results/tire_model_with_estimator_ablation_20260827_225959/raw/0494_nn_fixed_fallback_dirt_right_left_v9_b0_s404/20260827_232716_853381_clay_right_left_acados_static_mlp/diag_clay_right_left_acados_static_mlp.csv,,,1208,0.130791697230474,0.399694,0.10238505898491083,4.018855144032922,6.110760000000001,0.44653946044810244,15.163998344370862,16.09,133.89395747068085,54.479483,-30.931227,0,chrono_body_contact,0,,,,,,,,True,right_left,9.0,404,31,[25988],[25989],False,True,,12,False,False,False,0,0,,,0,0,0,,,,0,0,True,disabled,backend_compatibility,fixed promoted low-grip fallback endpoint,clay,2fd2c1dbb42c39cc163281ad14f69d4122484783b6b75aa488f2ea05e6c9793b,shared_worst_case_phi13_curvature_v1,True,0,,,,,,,,,,,,,
tire_model_with_estimator_ablation,nn_fixed_fallback,standard,nn,tire_force_static,sand,sinusoidal,5.0,0,404,/home/ksha/Documents/sbel/offroad-control/benchmarking/results/tire_model_with_estimator_ablation_20260827_225959/raw/0499_nn_fixed_fallback_sand_sinusoidal_v5_b0_s404,ok,0,26.03672504425049,20.0,0.99,/home/ksha/Documents/sbel/offroad-control/benchmarking/results/tire_model_with_estimator_ablation_20260827_225959/raw/0499_nn_fixed_fallback_sand_sinusoidal_v5_b0_s404/20260827_232742_989138_clay_sinusoidal_acados_static_mlp/diag_clay_sinusoidal_acados_static_mlp.csv,,,1223,0.0818256703897902,0.216006,0.0656609100968188,4.2033506224066395,4.8088,0.8406701244813279,14.780915780866723,15.61,127.58601935528063,60.958036,-1.315515,0,chrono_body_contact,0,,,,,,,,True,sinusoidal,5.0,404,41,[25998],[25999],False,True,,12,False,False,False,0,0,,,0,0,0,,,,0,0,True,disabled,backend_compatibility,fixed promoted low-grip fallback endpoint,clay,f544d4c607d9f35cff9cbf38b8d140aa1d8904401cf08a56f3c5a58132af58c5,shared_worst_case_phi13_curvature_v1,True,0,,,,,,,,,,,,,
tire_model_with_estimator_ablation,nn_fixed_fallback,standard,nn,tire_force_static,sand,sinusoidal,7.0,0,401,/home/ksha/Documents/sbel/offroad-control/benchmarking/results/tire_model_with_estimator_ablation_20260827_225959/raw/0501_nn_fixed_fallback_sand_sinusoidal_v7_b0_s401,ok,0,26.082467555999756,20.0,0.99,/home/ksha/Documents/sbel/offroad-control/benchmarking/results/tire_model_with_estimator_ablation_20260827_225959/raw/0501_nn_fixed_fallback_sand_sinusoidal_v7_b0_s401/20260827_232743_307638_clay_sinusoidal_acados_static_mlp/diag_clay_sinusoidal_acados_static_mlp.csv,,,1218,0.0892418408684887,0.300251,0.07107967732962447,4.432596105702365,5.085330000000001,0.6332280151003379,14.80478653530378,15.696599999999998,129.0339146489295,64.601343,-0.11712,0,chrono_body_contact,0,,,,,,,,True,sinusoidal,7.0,401,45,[26002],[26003],False,True,,12,False,False,False,0,0,,,0,0,0,,,,0,0,True,disabled,backend_compatibility,fixed promoted low-grip fallback endpoint,clay,dc58ccfda201c75bc0d828da6f9710e91377898701de047f0e4ef191b0e89544,shared_worst_case_phi13_curvature_v1,True,0,,,,,,,,,,,,,
tire_model_with_estimator_ablation,nn_fixed_fallback,standard,nn,tire_force_static,sand,sinusoidal,7.0,0,400,/home/ksha/Documents/sbel/offroad-control/benchmarking/results/tire_model_with_estimator_ablation_20260827_225959/raw/0500_nn_fixed_fallback_sand_sinusoidal_v7_b0_s400,ok,0,26.13169527053833,20.0,0.99,/home/ksha/Documents/sbel/offroad-control/benchmarking/results/tire_model_with_estimator_ablation_20260827_225959/raw/0500_nn_fixed_fallback_sand_sinusoidal_v7_b0_s400/20260827_232743_282891_clay_sinusoidal_acados_static_mlp/diag_clay_sinusoidal_acados_static_mlp.csv,,,1225,0.08850143272101418,0.257598,0.07135031673582297,4.526417565698479,5.09771,0.6466310808140684,14.753265306122449,15.8652,131.2771951135795,66.03258,0.496129,0,chrono_body_contact,0,,,,,,,,True,sinusoidal,7.0,400,43,[26000],[26001],False,True,,12,False,False,False,0,0,,,0,0,0,,,,0,0,True,disabled,backend_compatibility,fixed promoted low-grip fallback endpoint,clay,dc58ccfda201c75bc0d828da6f9710e91377898701de047f0e4ef191b0e89544,shared_worst_case_phi13_curvature_v1,True,0,,,,,,,,,,,,,
tire_model_with_estimator_ablation,nn_fixed_fallback,standard,nn,tire_force_static,sand,sinusoidal,7.0,0,403,/home/ksha/Documents/sbel/offroad-control/benchmarking/results/tire_model_with_estimator_ablation_20260827_225959/raw/0503_nn_fixed_fallback_sand_sinusoidal_v7_b0_s403,ok,0,26.230561017990112,20.0,0.99,/home/ksha/Documents/sbel/offroad-control/benchmarking/results/tire_model_with_estimator_ablation_20260827_225959/raw/0503_nn_fixed_fallback_sand_sinusoidal_v7_b0_s403/20260827_232743_300952_clay_sinusoidal_acados_static_mlp/diag_clay_sinusoidal_acados_static_mlp.csv,,,1154,0.08532985907758026,0.2598,0.0683245724852071,4.393791863905325,5.035125,0.627684551986475,15.6053726169844,17.447000000000003,122.28336138667711,64.863652,0.015746,0,chrono_body_contact,0,,,,,,,,True,sinusoidal,7.0,403,49,[26006],[26007],False,True,,12,False,False,False,0,0,,,0,0,0,,,,0,0,True,disabled,backend_compatibility,fixed promoted low-grip fallback endpoint,clay,dc58ccfda201c75bc0d828da6f9710e91377898701de047f0e4ef191b0e89544,shared_worst_case_phi13_curvature_v1,True,0,,,,,,,,,,,,,
tire_model_with_estimator_ablation,nn_fixed_fallback,standard,nn,tire_force_static,sand,sinusoidal,5.0,0,402,/home/ksha/Documents/sbel/offroad-control/benchmarking/results/tire_model_with_estimator_ablation_20260827_225959/raw/0497_nn_fixed_fallback_sand_sinusoidal_v5_b0_s402,ok,0,26.28213119506836,20.0,0.98,/home/ksha/Documents/sbel/offroad-control/benchmarking/results/tire_model_with_estimator_ablation_20260827_225959/raw/0497_nn_fixed_fallback_sand_sinusoidal_v5_b0_s402/20260827_232743_154675_clay_sinusoidal_acados_static_mlp/diag_clay_sinusoidal_acados_static_mlp.csv,,,1232,0.08569413018477304,0.253236,0.06880772153635117,4.259717009602195,4.82092,0.8519434019204389,14.77024350649351,15.873800000000001,126.26616380619032,62.534814,-0.820632,0,chrono_body_contact,0,,,,,,,,True,sinusoidal,5.0,402,37,[25994],[25995],False,True,,12,False,False,False,0,0,,,0,0,0,,,,0,0,True,disabled,backend_compatibility,fixed promoted low-grip fallback endpoint,clay,f544d4c607d9f35cff9cbf38b8d140aa1d8904401cf08a56f3c5a58132af58c5,shared_worst_case_phi13_curvature_v1,True,0,,,,,,,,,,,,,
tire_model_with_estimator_ablation,nn_fixed_fallback,standard,nn,tire_force_static,sand,sinusoidal,7.0,0,404,/home/ksha/Documents/sbel/offroad-control/benchmarking/results/tire_model_with_estimator_ablation_20260827_225959/raw/0504_nn_fixed_fallback_sand_sinusoidal_v7_b0_s404,ok,0,26.330922603607178,20.0,0.99,/home/ksha/Documents/sbel/offroad-control/benchmarking/results/tire_model_with_estimator_ablation_20260827_225959/raw/0504_nn_fixed_fallback_sand_sinusoidal_v7_b0_s404/20260827_232743_247733_clay_sinusoidal_acados_static_mlp/diag_clay_sinusoidal_acados_static_mlp.csv,,,1243,0.08120875000764949,0.261769,0.06408792496589359,4.234730695770805,5.02746,0.6049615279672579,14.596299275945292,16.71659999999998,130.62599354375686,59.852044,-1.551288,0,chrono_body_contact,0,,,,,,,,True,sinusoidal,7.0,404,51,[26008],[26009],False,True,,12,False,False,False,0,0,,,0,0,0,,,,0,0,True,disabled,backend_compatibility,fixed promoted low-grip fallback endpoint,clay,dc58ccfda201c75bc0d828da6f9710e91377898701de047f0e4ef191b0e89544,shared_worst_case_phi13_curvature_v1,True,0,,,,,,,,,,,,,
tire_model_with_estimator_ablation,nn_fixed_fallback,standard,nn,tire_force_static,sand,sinusoidal,7.0,0,402,/home/ksha/Documents/sbel/offroad-control/benchmarking/results/tire_model_with_estimator_ablation_20260827_225959/raw/0502_nn_fixed_fallback_sand_sinusoidal_v7_b0_s402,ok,0,26.381027936935425,20.0,0.99,/home/ksha/Documents/sbel/offroad-control/benchmarking/results/tire_model_with_estimator_ablation_20260827_225959/raw/0502_nn_fixed_fallback_sand_sinusoidal_v7_b0_s402/20260827_232743_176295_clay_sinusoidal_acados_static_mlp/diag_clay_sinusoidal_acados_static_mlp.csv,,,1231,0.08949240567321456,0.295411,0.0714635047879617,4.383456771545828,5.04645,0.6262081102208326,14.72965881397238,15.992000000000004,129.5364133968531,63.878804,-0.313588,0,chrono_body_contact,0,,,,,,,,True,sinusoidal,7.0,402,47,[26004],[26005],False,True,,12,False,False,False,0,0,,,0,0,0,,,,0,0,True,disabled,backend_compatibility,fixed promoted low-grip fallback endpoint,clay,dc58ccfda201c75bc0d828da6f9710e91377898701de047f0e4ef191b0e89544,shared_worst_case_phi13_curvature_v1,True,0,,,,,,,,,,,,,
tire_model_with_estimator_ablation,nn_fixed_fallback,standard,nn,tire_force_static,sand,sinusoidal,5.0,0,403,/home/ksha/Documents/sbel/offroad-control/benchmarking/results/tire_model_with_estimator_ablation_20260827_225959/raw/0498_nn_fixed_fallback_sand_sinusoidal_v5_b0_s403,ok,0,26.478500604629517,20.0,0.98,/home/ksha/Documents/sbel/offroad-control/benchmarking/results/tire_model_with_estimator_ablation_20260827_225959/raw/0498_nn_fixed_fallback_sand_sinusoidal_v5_b0_s403/20260827_232743_056017_clay_sinusoidal_acados_static_mlp/diag_clay_sinusoidal_acados_static_mlp.csv,,,1248,0.08705662215669889,0.274542,0.06971021380243572,4.389937889039242,4.91409,0.8779875778078484,14.705681089743589,15.8653,129.23681945399233,64.839824,0.018787,0,chrono_body_contact,0,,,,,,,,True,sinusoidal,5.0,403,39,[25996],[25997],False,True,,12,False,False,False,0,0,,,0,0,0,,,,0,0,True,disabled,backend_compatibility,fixed promoted low-grip fallback endpoint,clay,f544d4c607d9f35cff9cbf38b8d140aa1d8904401cf08a56f3c5a58132af58c5,shared_worst_case_phi13_curvature_v1,True,0,,,,,,,,,,,,,
tire_model_with_estimator_ablation,nn_fixed_fallback,standard,nn,tire_force_static,sand,lane_change,5.0,0,401,/home/ksha/Documents/sbel/offroad-control/benchmarking/results/tire_model_with_estimator_ablation_20260827_225959/raw/0511_nn_fixed_fallback_sand_lane_change_v5_b0_s401,ok,0,26.0360426902771,20.0,0.99,/home/ksha/Documents/sbel/offroad-control/benchmarking/results/tire_model_with_estimator_ablation_20260827_225959/raw/0511_nn_fixed_fallback_sand_lane_change_v5_b0_s401/20260827_232809_550663_clay_lane_change_acados_static_mlp/diag_clay_lane_change_acados_static_mlp.csv,,,1244,0.13081644149512262,0.601843,0.07484916958277253,4.320829071332437,5.2821299999999995,0.8641658142664873,14.496382636655948,15.665599999999994,136.4733704392496,79.511704,2.989253,0,chrono_body_contact,0,,,,,,,,True,lane_change,5.0,401,65,[26022],[26023],False,True,,12,False,False,False,0,0,,,0,0,0,,,,0,0,True,disabled,backend_compatibility,fixed promoted low-grip fallback endpoint,clay,c95613694247a1005b45d05d79e96eab52db905aea2667907ed2515e9ac3b36a,shared_worst_case_phi13_curvature_v1,True,0,,,,,,,,,,,,,
tire_model_with_estimator_ablation,nn_fixed_fallback,standard,nn,tire_force_static,sand,sinusoidal,9.0,0,404,/home/ksha/Documents/sbel/offroad-control/benchmarking/results/tire_model_with_estimator_ablation_20260827_225959/raw/0509_nn_fixed_fallback_sand_sinusoidal_v9_b0_s404,ok,0,26.076850652694702,20.0,1.0,/home/ksha/Documents/sbel/offroad-control/benchmarking/results/tire_model_with_estimator_ablation_20260827_225959/raw/0509_nn_fixed_fallback_sand_sinusoidal_v9_b0_s404/20260827_232809_813517_clay_sinusoidal_acados_static_mlp/diag_clay_sinusoidal_acados_static_mlp.csv,,,1220,0.08889659653916172,0.284886,0.07010236974789916,4.4792886554621845,5.07997,0.4976987394957983,14.766336065573771,15.834299999999999,130.41203691417152,65.236305,0.24975,0,chrono_body_contact,0,,,,,,,,True,sinusoidal,9.0,404,61,[26018],[26019],False,True,,12,False,False,False,0,0,,,0,0,0,,,,0,0,True,disabled,backend_compatibility,fixed promoted low-grip fallback endpoint,clay,dc58ccfda201c75bc0d828da6f9710e91377898701de047f0e4ef191b0e89544,shared_worst_case_phi13_curvature_v1,True,0,,,,,,,,,,,,,
tire_model_with_estimator_ablation,nn_fixed_fallback,standard,nn,tire_force_static,sand,sinusoidal,9.0,0,400,/home/ksha/Documents/sbel/offroad-control/benchmarking/results/tire_model_with_estimator_ablation_20260827_225959/raw/0505_nn_fixed_fallback_sand_sinusoidal_v9_b0_s400,ok,0,26.079615354537964,20.0,1.0,/home/ksha/Documents/sbel/offroad-control/benchmarking/results/tire_model_with_estimator_ablation_20260827_225959/raw/0505_nn_fixed_fallback_sand_sinusoidal_v9_b0_s400/20260827_232809_751022_clay_sinusoidal_acados_static_mlp/diag_clay_sinusoidal_acados_static_mlp.csv,,,1238,0.08785301915610266,0.264303,0.07102212154696133,4.41580179558011,5.169935,0.4906446439533456,14.51797253634895,15.46,129.78508637326763,63.528109,-0.539219,0,chrono_body_contact,0,,,,,,,,True,sinusoidal,9.0,400,53,[26010],[26011],False,True,,12,False,False,False,0,0,,,0,0,0,,,,0,0,True,disabled,backend_compatibility,fixed promoted low-grip fallback endpoint,clay,dc58ccfda201c75bc0d828da6f9710e91377898701de047f0e4ef191b0e89544,shared_worst_case_phi13_curvature_v1,True,0,,,,,,,,,,,,,
tire_model_with_estimator_ablation,nn_fixed_fallback,standard,nn,tire_force_static,sand,lane_change,5.0,0,402,/home/ksha/Documents/sbel/offroad-control/benchmarking/results/tire_model_with_estimator_ablation_20260827_225959/raw/0512_nn_fixed_fallback_sand_lane_change_v5_b0_s402,ok,0,26.13000202178955,20.0,0.99,/home/ksha/Documents/sbel/offroad-control/benchmarking/results/tire_model_with_estimator_ablation_20260827_225959/raw/0512_nn_fixed_fallback_sand_lane_change_v5_b0_s402/20260827_232809_724013_clay_lane_change_acados_static_mlp/diag_clay_lane_change_acados_static_mlp.csv,,,1222,0.12826074633376872,0.605676,0.07396834604904633,4.300788147138965,5.34914,0.860157629427793,14.76949263502455,15.7379,132.84680237768777,79.453945,3.029301,0,chrono_body_contact,0,,,,,,,,True,lane_change,5.0,402,67,[26024],[26025],False,True,,12,False,False,False,0,0,,,0,0,0,,,,0,0,True,disabled,backend_compatibility,fixed promoted low-grip fallback endpoint,clay,c95613694247a1005b45d05d79e96eab52db905aea2667907ed2515e9ac3b36a,shared_worst_case_phi13_curvature_v1,True,0,,,,,,,,,,,,,
tire_model_with_estimator_ablation,nn_fixed_fallback,standard,nn,tire_force_static,sand,sinusoidal,9.0,0,403,/home/ksha/Documents/sbel/offroad-control/benchmarking/results/tire_model_with_estimator_ablation_20260827_225959/raw/0508_nn_fixed_fallback_sand_sinusoidal_v9_b0_s403,ok,0,26.226874113082886,20.0,0.99,/home/ksha/Documents/sbel/offroad-control/benchmarking/results/tire_model_with_estimator_ablation_20260827_225959/raw/0508_nn_fixed_fallback_sand_sinusoidal_v9_b0_s403/20260827_232809_614306_clay_sinusoidal_acados_static_mlp/diag_clay_sinusoidal_acados_static_mlp.csv,,,1219,0.08771668565691543,0.312052,0.07049704126547456,4.3392537826685,5.03475,0.4821393091853889,14.857235438884333,15.691999999999995,125.85921824072292,62.925139,-0.759447,0,chrono_body_contact,0,,,,,,,,True,sinusoidal,9.0,403,59,[26016],[26017],False,True,,12,False,False,False,0,0,,,0,0,0,,,,0,0,True,disabled,backend_compatibility,fixed promoted low-grip fallback endpoint,clay,dc58ccfda201c75bc0d828da6f9710e91377898701de047f0e4ef191b0e89544,shared_worst_case_phi13_curvature_v1,True,0,,,,,,,,,,,,,
tire_model_with_estimator_ablation,nn_fixed_fallback,standard,nn,tire_force_static,sand,sinusoidal,9.0,0,402,/home/ksha/Documents/sbel/offroad-control/benchmarking/results/tire_model_with_estimator_ablation_20260827_225959/raw/0507_nn_fixed_fallback_sand_sinusoidal_v9_b0_s402,ok,0,26.227198839187622,20.0,0.99,/home/ksha/Documents/sbel/offroad-control/benchmarking/results/tire_model_with_estimator_ablation_20260827_225959/raw/0507_nn_fixed_fallback_sand_sinusoidal_v9_b0_s402/20260827_232809_888972_clay_sinusoidal_acados_static_mlp/diag_clay_sinusoidal_acados_static_mlp.csv,,,1213,0.08219865438130924,0.251055,0.0659126496551724,4.316353241379311,4.9325,0.4795948045977012,14.977353668590272,15.69159999999999,126.18579688445317,62.365143,-0.880833,0,chrono_body_contact,0,,,,,,,,True,sinusoidal,9.0,402,57,[26014],[26015],False,True,,12,False,False,False,0,0,,,0,0,0,,,,0,0,True,disabled,backend_compatibility,fixed promoted low-grip fallback endpoint,clay,dc58ccfda201c75bc0d828da6f9710e91377898701de047f0e4ef191b0e89544,shared_worst_case_phi13_curvature_v1,True,0,,,,,,,,,,,,,
tire_model_with_estimator_ablation,nn_fixed_fallback,standard,nn,tire_force_static,sand,sinusoidal,9.0,0,401,/home/ksha/Documents/sbel/offroad-control/benchmarking/results/tire_model_with_estimator_ablation_20260827_225959/raw/0506_nn_fixed_fallback_sand_sinusoidal_v9_b0_s401,ok,0,26.292624711990356,20.0,1.0,/home/ksha/Documents/sbel/offroad-control/benchmarking/results/tire_model_with_estimator_ablation_20260827_225959/raw/0506_nn_fixed_fallback_sand_sinusoidal_v9_b0_s401/20260827_232809_501519_clay_sinusoidal_acados_static_mlp/diag_clay_sinusoidal_acados_static_mlp.csv,,,1222,0.07949521056515677,0.300864,0.06249139305555555,4.1534716666666665,4.996215,0.46149685185185185,14.75163666121113,16.112299999999987,128.71636173638552,58.631045,-1.75173,0,chrono_body_contact,0,,,,,,,,True,sinusoidal,9.0,401,55,[26012],[26013],False,True,,12,False,False,False,0,0,,,0,0,0,,,,0,0,True,disabled,backend_compatibility,fixed promoted low-grip fallback endpoint,clay,dc58ccfda201c75bc0d828da6f9710e91377898701de047f0e4ef191b0e89544,shared_worst_case_phi13_curvature_v1,True,0,,,,,,,,,,,,,
tire_model_with_estimator_ablation,nn_fixed_fallback,standard,nn,tire_force_static,sand,lane_change,5.0,0,400,/home/ksha/Documents/sbel/offroad-control/benchmarking/results/tire_model_with_estimator_ablation_20260827_225959/raw/0510_nn_fixed_fallback_sand_lane_change_v5_b0_s400,ok,0,26.380890130996704,20.0,0.99,/home/ksha/Documents/sbel/offroad-control/benchmarking/results/tire_model_with_estimator_ablation_20260827_225959/raw/0510_nn_fixed_fallback_sand_lane_change_v5_b0_s400/20260827_232809_764200_clay_lane_change_acados_static_mlp/diag_clay_lane_change_acados_static_mlp.csv,,,1154,0.14712701310504175,0.590423,0.08422389586305279,4.312264194008559,5.3306,0.8624528388017119,15.723466204506067,16.7341,129.39399564265207,79.519035,2.989721,0,chrono_body_contact,0,,,,,,,,True,lane_change,5.0,400,63,[26020],[26021],False,True,,12,False,False,False,0,0,,,0,0,0,,,,0,0,True,disabled,backend_compatibility,fixed promoted low-grip fallback endpoint,clay,c95613694247a1005b45d05d79e96eab52db905aea2667907ed2515e9ac3b36a,shared_worst_case_phi13_curvature_v1,True,0,,,,,,,,,,,,,
tire_model_with_estimator_ablation,nn_fixed_fallback,standard,nn,tire_force_static,sand,lane_change,7.0,0,401,/home/ksha/Documents/sbel/offroad-control/benchmarking/results/tire_model_with_estimator_ablation_20260827_225959/raw/0516_nn_fixed_fallback_sand_lane_change_v7_b0_s401,ok,0,25.982892513275146,20.0,1.0,/home/ksha/Documents/sbel/offroad-control/benchmarking/results/tire_model_with_estimator_ablation_20260827_225959/raw/0516_nn_fixed_fallback_sand_lane_change_v7_b0_s401/20260827_232836_181081_clay_lane_change_acados_static_mlp/diag_clay_lane_change_acados_static_mlp.csv,,,1280,0.15513979028161476,0.692745,0.08948908142493638,3.9640048346055976,6.356025,0.5662864049436568,14.034031250000002,15.87,141.65398577447553,80.078609,3.055781,0,chrono_body_contact,0,,,,,,,,True,lane_change,7.0,401,75,[26032],[26033],False,True,,12,False,False,False,0,0,,,0,0,0,,,,0,0,True,disabled,backend_compatibility,fixed promoted low-grip fallback endpoint,clay,7085653a638402e5abfa5737dcf5188cf3bc55fb7a7340a71403cb917f35b2aa,shared_worst_case_phi13_curvature_v1,True,0,,,,,,,,,,,,,
tire_model_with_estimator_ablation,nn_fixed_fallback,standard,nn,tire_force_static,sand,lane_change,9.0,0,400,/home/ksha/Documents/sbel/offroad-control/benchmarking/results/tire_model_with_estimator_ablation_20260827_225959/raw/0520_nn_fixed_fallback_sand_lane_change_v9_b0_s400,ok,0,26.132474422454834,20.0,1.0,/home/ksha/Documents/sbel/offroad-control/benchmarking/results/tire_model_with_estimator_ablation_20260827_225959/raw/0520_nn_fixed_fallback_sand_lane_change_v9_b0_s400/20260827_232836_240222_clay_lane_change_acados_static_mlp/diag_clay_lane_change_acados_static_mlp.csv,,,1242,0.2023507974571558,0.7313,0.14254149933949803,4.06977714663144,6.41628,0.45219746073682665,14.527987117552337,16.640299999999986,139.41401715808843,80.576539,2.825164,0,chrono_body_contact,0,,,,,,,,True,lane_change,9.0,400,83,[26040],[26041],False,True,,12,False,False,False,0,0,,,0,0,0,,,,0,0,True,disabled,backend_compatibility,fixed promoted low-grip fallback endpoint,clay,8738935243860ac000075a211607e15f3d93aec40193a3fb27ed22c8942c3b2e,shared_worst_case_phi13_curvature_v1,True,0,,,,,,,,,,,,,
tire_model_with_estimator_ablation,nn_fixed_fallback,standard,nn,tire_force_static,sand,lane_change,7.0,0,400,/home/ksha/Documents/sbel/offroad-control/benchmarking/results/tire_model_with_estimator_ablation_20260827_225959/raw/0515_nn_fixed_fallback_sand_lane_change_v7_b0_s400,ok,0,26.180506467819214,20.0,0.99,/home/ksha/Documents/sbel/offroad-control/benchmarking/results/tire_model_with_estimator_ablation_20260827_225959/raw/0515_nn_fixed_fallback_sand_lane_change_v7_b0_s400/20260827_232836_236908_clay_lane_change_acados_static_mlp/diag_clay_lane_change_acados_static_mlp.csv,,,1250,0.22221720846998347,0.801339,0.15065724210526316,4.043978947368421,6.37971,0.5777112781954887,14.425103999999997,16.4204,140.40923935315544,80.206796,3.189862,0,chrono_body_contact,0,,,,,,,,True,lane_change,7.0,400,73,[26030],[26031],False,True,,12,False,False,False,0,0,,,0,0,0,,,,0,0,True,disabled,backend_compatibility,fixed promoted low-grip fallback endpoint,clay,7085653a638402e5abfa5737dcf5188cf3bc55fb7a7340a71403cb917f35b2aa,shared_worst_case_phi13_curvature_v1,True,0,,,,,,,,,,,,,
tire_model_with_estimator_ablation,nn_fixed_fallback,standard,nn,tire_force_static,sand,lane_change,7.0,0,403,/home/ksha/Documents/sbel/offroad-control/benchmarking/results/tire_model_with_estimator_ablation_20260827_225959/raw/0518_nn_fixed_fallback_sand_lane_change_v7_b0_s403,ok,0,26.183002948760986,20.0,1.0,/home/ksha/Documents/sbel/offroad-control/benchmarking/results/tire_model_with_estimator_ablation_20260827_225959/raw/0518_nn_fixed_fallback_sand_lane_change_v7_b0_s403/20260827_232836_074131_clay_lane_change_acados_static_mlp/diag_clay_lane_change_acados_static_mlp.csv,,,1248,0.17042320315060552,0.790473,0.09352328010471204,3.994722382198953,6.349939999999999,0.5706746260284218,14.429286858974356,16.0353,138.19963854475606,80.187734,3.036845,0,chrono_body_contact,0,,,,,,,,True,lane_change,7.0,403,79,[26036],[26037],False,True,,12,False,False,False,0,0,,,0,0,0,,,,0,0,True,disabled,backend_compatibility,fixed promoted low-grip fallback endpoint,clay,7085653a638402e5abfa5737dcf5188cf3bc55fb7a7340a71403cb917f35b2aa,shared_worst_case_phi13_curvature_v1,True,0,,,,,,,,,,,,,
tire_model_with_estimator_ablation,nn_fixed_fallback,standard,nn,tire_force_static,sand,lane_change,7.0,0,402,/home/ksha/Documents/sbel/offroad-control/benchmarking/results/tire_model_with_estimator_ablation_20260827_225959/raw/0517_nn_fixed_fallback_sand_lane_change_v7_b0_s402,ok,0,26.182358741760254,20.0,1.0,/home/ksha/Documents/sbel/offroad-control/benchmarking/results/tire_model_with_estimator_ablation_20260827_225959/raw/0517_nn_fixed_fallback_sand_lane_change_v7_b0_s402/20260827_232836_234130_clay_lane_change_acados_static_mlp/diag_clay_lane_change_acados_static_mlp.csv,,,1269,0.2850084568905762,0.790206,0.2125762628205128,4.049468846153847,6.360915,0.5784955494505495,14.174751773049644,16.785999999999998,141.6742579633154,80.659707,3.368568,0,chrono_body_contact,0,,,,,,,,True,lane_change,7.0,402,77,[26034],[26035],False,True,,12,False,False,False,0,0,,,0,0,0,,,,0,0,True,disabled,backend_compatibility,fixed promoted low-grip fallback endpoint,clay,7085653a638402e5abfa5737dcf5188cf3bc55fb7a7340a71403cb917f35b2aa,shared_worst_case_phi13_curvature_v1,True,0,,,,,,,,,,,,,
tire_model_with_estimator_ablation,nn_fixed_fallback,standard,nn,tire_force_static,sand,lane_change,5.0,0,404,/home/ksha/Documents/sbel/offroad-control/benchmarking/results/tire_model_with_estimator_ablation_20260827_225959/raw/0514_nn_fixed_fallback_sand_lane_change_v5_b0_s404,ok,0,26.232510328292847,20.0,1.0,/home/ksha/Documents/sbel/offroad-control/benchmarking/results/tire_model_with_estimator_ablation_20260827_225959/raw/0514_nn_fixed_fallback_sand_lane_change_v5_b0_s404/20260827_232836_076246_clay_lane_change_acados_static_mlp/diag_clay_lane_change_acados_static_mlp.csv,,,1221,0.13021109450851767,0.588192,0.07402645034013605,4.309291292517007,5.365869999999999,0.8618582585034014,14.795446355446357,15.825999999999999,134.73344812455215,79.361545,3.103555,0,chrono_body_contact,0,,,,,,,,True,lane_change,5.0,404,71,[26028],[26029],False,True,,12,False,False,False,0,0,,,0,0,0,,,,0,0,True,disabled,backend_compatibility,fixed promoted low-grip fallback endpoint,clay,c95613694247a1005b45d05d79e96eab52db905aea2667907ed2515e9ac3b36a,shared_worst_case_phi13_curvature_v1,True,0,,,,,,,,,,,,,
tire_model_with_estimator_ablation,nn_fixed_fallback,standard,nn,tire_force_static,sand,lane_change,7.0,0,404,/home/ksha/Documents/sbel/offroad-control/benchmarking/results/tire_model_with_estimator_ablation_20260827_225959/raw/0519_nn_fixed_fallback_sand_lane_change_v7_b0_s404,ok,0,26.233236074447632,20.0,1.0,/home/ksha/Documents/sbel/offroad-control/benchmarking/results/tire_model_with_estimator_ablation_20260827_225959/raw/0519_nn_fixed_fallback_sand_lane_change_v7_b0_s404/20260827_232835_929639_clay_lane_change_acados_static_mlp/diag_clay_lane_change_acados_static_mlp.csv,,,1178,0.2505818620904877,0.699476,0.18790866436464088,4.00083273480663,6.36662,0.5715475335438043,15.264269949066213,18.21570000000001,138.2097576478031,80.444364,2.74825,0,chrono_body_contact,0,,,,,,,,True,lane_change,7.0,404,81,[26038],[26039],False,True,,12,False,False,False,0,0,,,0,0,0,,,,0,0,True,disabled,backend_compatibility,fixed promoted low-grip fallback endpoint,clay,7085653a638402e5abfa5737dcf5188cf3bc55fb7a7340a71403cb917f35b2aa,shared_worst_case_phi13_curvature_v1,True,0,,,,,,,,,,,,,
tire_model_with_estimator_ablation,nn_fixed_fallback,standard,nn,tire_force_static,sand,lane_change,5.0,0,403,/home/ksha/Documents/sbel/offroad-control/benchmarking/results/tire_model_with_estimator_ablation_20260827_225959/raw/0513_nn_fixed_fallback_sand_lane_change_v5_b0_s403,ok,0,26.233776330947876,20.0,0.99,/home/ksha/Documents/sbel/offroad-control/benchmarking/results/tire_model_with_estimator_ablation_20260827_225959/raw/0513_nn_fixed_fallback_sand_lane_change_v5_b0_s403/20260827_232835_965515_clay_lane_change_acados_static_mlp/diag_clay_lane_change_acados_static_mlp.csv,,,1224,0.13210547887467708,0.550557,0.08119623407202216,4.335835318559557,5.2563249999999995,0.8671670637119113,14.822965686274507,16.053099999999997,132.71121865014362,79.72645,2.981381,0,chrono_body_contact,0,,,,,,,,True,lane_change,5.0,403,69,[26026],[26027],False,True,,12,False,False,False,0,0,,,0,0,0,,,,0,0,True,disabled,backend_compatibility,fixed promoted low-grip fallback endpoint,clay,c95613694247a1005b45d05d79e96eab52db905aea2667907ed2515e9ac3b36a,shared_worst_case_phi13_curvature_v1,True,0,,,,,,,,,,,,,
tire_model_with_estimator_ablation,nn_fixed_fallback,standard,nn,tire_force_static,sand,lane_change,9.0,0,402,/home/ksha/Documents/sbel/offroad-control/benchmarking/results/tire_model_with_estimator_ablation_20260827_225959/raw/0522_nn_fixed_fallback_sand_lane_change_v9_b0_s402,ok,0,26.034392595291138,20.0,1.0,/home/ksha/Documents/sbel/offroad-control/benchmarking/results/tire_model_with_estimator_ablation_20260827_225959/raw/0522_nn_fixed_fallback_sand_lane_change_v9_b0_s402/20260827_232902_532587_clay_lane_change_acados_static_mlp/diag_clay_lane_change_acados_static_mlp.csv,,,1230,0.23254126782058882,0.740738,0.16653875229357795,4.018856356487548,6.38659,0.44653959516528313,14.364642276422765,16.74460000000001,138.03180749737783,80.654267,3.2835,0,chrono_body_contact,0,,,,,,,,True,lane_change,9.0,402,87,[26044],[26045],False,True,,12,False,False,False,0,0,,,0,0,0,,,,0,0,True,disabled,backend_compatibility,fixed promoted low-grip fallback endpoint,clay,8738935243860ac000075a211607e15f3d93aec40193a3fb27ed22c8942c3b2e,shared_worst_case_phi13_curvature_v1,True,0,,,,,,,,,,,,,
tire_model_with_estimator_ablation,nn_fixed_fallback,standard,nn,tire_force_static,sand,lane_change,9.0,0,404,/home/ksha/Documents/sbel/offroad-control/benchmarking/results/tire_model_with_estimator_ablation_20260827_225959/raw/0524_nn_fixed_fallback_sand_lane_change_v9_b0_s404,ok,0,26.13451099395752,20.0,0.99,/home/ksha/Documents/sbel/offroad-control/benchmarking/results/tire_model_with_estimator_ablation_20260827_225959/raw/0524_nn_fixed_fallback_sand_lane_change_v9_b0_s404/20260827_232902_441989_clay_lane_change_acados_static_mlp/diag_clay_lane_change_acados_static_mlp.csv,,,1243,0.172314492758694,0.612859,0.11919573350923482,4.009195646437995,6.38375,0.44546618293755497,14.522992759452938,18.11959999999999,140.90743267385028,80.290283,2.934149,0,chrono_body_contact,0,,,,,,,,True,lane_change,9.0,404,91,[26048],[26049],False,True,,12,False,False,False,0,0,,,0,0,0,,,,0,0,True,disabled,backend_compatibility,fixed promoted low-grip fallback endpoint,clay,8738935243860ac000075a211607e15f3d93aec40193a3fb27ed22c8942c3b2e,shared_worst_case_phi13_curvature_v1,True,0,,,,,,,,,,,,,
tire_model_with_estimator_ablation,nn_fixed_fallback,standard,nn,tire_force_static,sand,lane_change,9.0,0,403,/home/ksha/Documents/sbel/offroad-control/benchmarking/results/tire_model_with_estimator_ablation_20260827_225959/raw/0523_nn_fixed_fallback_sand_lane_change_v9_b0_s403,ok,0,26.23310899734497,20.0,1.0,/home/ksha/Documents/sbel/offroad-control/benchmarking/results/tire_model_with_estimator_ablation_20260827_225959/raw/0523_nn_fixed_fallback_sand_lane_change_v9_b0_s403/20260827_232902_488329_clay_lane_change_acados_static_mlp/diag_clay_lane_change_acados_static_mlp.csv,,,1269,0.380185156107976,0.835993,0.2730777335058215,4.0544150064683055,6.4089,0.45049055627425616,14.180409771473602,16.39479999999996,141.5973921551686,80.599328,3.546195,0,chrono_body_contact,0,,,,,,,,True,lane_change,9.0,403,89,[26046],[26047],False,True,,12,False,False,False,0,0,,,0,0,0,,,,0,0,True,disabled,backend_compatibility,fixed promoted low-grip fallback endpoint,clay,8738935243860ac000075a211607e15f3d93aec40193a3fb27ed22c8942c3b2e,shared_worst_case_phi13_curvature_v1,True,0,,,,,,,,,,,,,
tire_model_with_estimator_ablation,nn_fixed_fallback,standard,nn,tire_force_static,sand,right_left,5.0,0,402,/home/ksha/Documents/sbel/offroad-control/benchmarking/results/tire_model_with_estimator_ablation_20260827_225959/raw/0527_nn_fixed_fallback_sand_right_left_v5_b0_s402,ok,0,26.2379629611969,20.0,0.98,/home/ksha/Documents/sbel/offroad-control/benchmarking/results/tire_model_with_estimator_ablation_20260827_225959/raw/0527_nn_fixed_fallback_sand_right_left_v5_b0_s402/20260827_232902_407338_clay_right_left_acados_static_mlp/diag_clay_right_left_acados_static_mlp.csv,,,1231,0.12539343083758223,0.376242,0.09675230081300813,3.74035650406504,4.572255,0.748071300813008,14.860471161657191,15.64,128.4231181523457,48.277947,-30.996837,0,chrono_body_contact,0,,,,,,,,True,right_left,5.0,402,97,[26054],[26055],False,True,,12,False,False,False,0,0,,,0,0,0,,,,0,0,True,disabled,backend_compatibility,fixed promoted low-grip fallback endpoint,clay,2df275ec6c3a4a1b2fbc274414784eef849a9e55ab7130f9593a0001877583aa,shared_worst_case_phi13_curvature_v1,True,0,,,,,,,,,,,,,
tire_model_with_estimator_ablation,nn_fixed_fallback,standard,nn,tire_force_static,sand,lane_change,9.0,0,401,/home/ksha/Documents/sbel/offroad-control/benchmarking/results/tire_model_with_estimator_ablation_20260827_225959/raw/0521_nn_fixed_fallback_sand_lane_change_v9_b0_s401,ok,0,26.282697677612305,20.0,0.98,/home/ksha/Documents/sbel/offroad-control/benchmarking/results/tire_model_with_estimator_ablation_20260827_225959/raw/0521_nn_fixed_fallback_sand_lane_change_v9_b0_s401/20260827_232902_237358_clay_lane_change_acados_static_mlp/diag_clay_lane_change_acados_static_mlp.csv,,,1205,0.20207503154882164,0.713367,0.1418725237449118,4.024318181818181,6.3742,0.44714646464646457,15.127186721991704,16.8896,135.59808877056338,80.660912,2.820206,0,chrono_body_contact,0,,,,,,,,True,lane_change,9.0,401,85,[26042],[26043],False,True,,12,False,False,False,0,0,,,0,0,0,,,,0,0,True,disabled,backend_compatibility,fixed promoted low-grip fallback endpoint,clay,8738935243860ac000075a211607e15f3d93aec40193a3fb27ed22c8942c3b2e,shared_worst_case_phi13_curvature_v1,True,0,,,,,,,,,,,,,
tire_model_with_estimator_ablation,nn_fixed_fallback,standard,nn,tire_force_static,sand,right_left,5.0,0,401,/home/ksha/Documents/sbel/offroad-control/benchmarking/results/tire_model_with_estimator_ablation_20260827_225959/raw/0526_nn_fixed_fallback_sand_right_left_v5_b0_s401,ok,0,26.33763575553894,20.0,0.99,/home/ksha/Documents/sbel/offroad-control/benchmarking/results/tire_model_with_estimator_ablation_20260827_225959/raw/0526_nn_fixed_fallback_sand_right_left_v5_b0_s401/20260827_232902_474295_clay_right_left_acados_static_mlp/diag_clay_right_left_acados_static_mlp.csv,,,1236,0.09927033429386938,0.278862,0.08129425407608695,3.5368384510869566,4.291075,0.7073676902173913,14.692750809061486,15.386500000000002,131.3045373884937,45.289732,-30.987633,0,chrono_body_contact,0,,,,,,,,True,right_left,5.0,401,95,[26052],[26053],False,True,,12,False,False,False,0,0,,,0,0,0,,,,0,0,True,disabled,backend_compatibility,fixed promoted low-grip fallback endpoint,clay,2df275ec6c3a4a1b2fbc274414784eef849a9e55ab7130f9593a0001877583aa,shared_worst_case_phi13_curvature_v1,True,0,,,,,,,,,,,,,
tire_model_with_estimator_ablation,nn_fixed_fallback,standard,nn,tire_force_static,sand,right_left,5.0,0,403,/home/ksha/Documents/sbel/offroad-control/benchmarking/results/tire_model_with_estimator_ablation_20260827_225959/raw/0528_nn_fixed_fallback_sand_right_left_v5_b0_s403,ok,0,26.38112163543701,20.0,0.98,/home/ksha/Documents/sbel/offroad-control/benchmarking/results/tire_model_with_estimator_ablation_20260827_225959/raw/0528_nn_fixed_fallback_sand_right_left_v5_b0_s403/20260827_232902_331027_clay_right_left_acados_static_mlp/diag_clay_right_left_acados_static_mlp.csv,,,1224,0.09391206100287738,0.246651,0.0778319931972789,3.456655782312925,4.254639999999999,0.691331156462585,14.903651960784314,15.5077,125.63151336648447,44.366597,-30.995899,0,chrono_body_contact,0,,,,,,,,True,right_left,5.0,403,99,[26056],[26057],False,True,,12,False,False,False,0,0,,,0,0,0,,,,0,0,True,disabled,backend_compatibility,fixed promoted low-grip fallback endpoint,clay,2df275ec6c3a4a1b2fbc274414784eef849a9e55ab7130f9593a0001877583aa,shared_worst_case_phi13_curvature_v1,True,0,,,,,,,,,,,,,
tire_model_with_estimator_ablation,nn_fixed_fallback,standard,nn,tire_force_static,sand,right_left,5.0,0,400,/home/ksha/Documents/sbel/offroad-control/benchmarking/results/tire_model_with_estimator_ablation_20260827_225959/raw/0525_nn_fixed_fallback_sand_right_left_v5_b0_s400,ok,0,26.436965703964233,20.0,0.99,/home/ksha/Documents/sbel/offroad-control/benchmarking/results/tire_model_with_estimator_ablation_20260827_225959/raw/0525_nn_fixed_fallback_sand_right_left_v5_b0_s400/20260827_232902_512121_clay_right_left_acados_static_mlp/diag_clay_right_left_acados_static_mlp.csv,,,1216,0.09356109148692689,0.273748,0.07643373396998634,3.5390207366985,4.30614,0.7078041473397,14.996529605263158,15.605499999999997,128.01317496040687,45.502543,-30.996791,0,chrono_body_contact,0,,,,,,,,True,right_left,5.0,400,93,[26050],[26051],False,True,,12,False,False,False,0,0,,,0,0,0,,,,0,0,True,disabled,backend_compatibility,fixed promoted low-grip fallback endpoint,clay,2df275ec6c3a4a1b2fbc274414784eef849a9e55ab7130f9593a0001877583aa,shared_worst_case_phi13_curvature_v1,True,0,,,,,,,,,,,,,
tire_model_with_estimator_ablation,nn_fixed_fallback,standard,nn,tire_force_static,sand,right_left,9.0,0,400,/home/ksha/Documents/sbel/offroad-control/benchmarking/results/tire_model_with_estimator_ablation_20260827_225959/raw/0535_nn_fixed_fallback_sand_right_left_v9_b0_s400,ok,0,26.08149766921997,20.0,1.0,/home/ksha/Documents/sbel/offroad-control/benchmarking/results/tire_model_with_estimator_ablation_20260827_225959/raw/0535_nn_fixed_fallback_sand_right_left_v9_b0_s400/20260827_232928_917738_clay_right_left_acados_static_mlp/diag_clay_right_left_acados_static_mlp.csv,,,1140,0.13744344191878974,0.431174,0.10723235946745562,3.8508477810650885,5.2433250000000005,0.42787197567389873,15.80367543859649,16.76,123.84767153268768,51.367106,-30.986767,0,chrono_body_contact,0,,,,,,,,True,right_left,9.0,400,12,[26070],[26071],False,True,,12,False,False,False,0,0,,,0,0,0,,,,0,0,True,disabled,backend_compatibility,fixed promoted low-grip fallback endpoint,clay,2fd2c1dbb42c39cc163281ad14f69d4122484783b6b75aa488f2ea05e6c9793b,shared_worst_case_phi13_curvature_v1,True,0,,,,,,,,,,,,,
tire_model_with_estimator_ablation,nn_fixed_fallback,standard,nn,tire_force_static,sand,right_left,7.0,0,402,/home/ksha/Documents/sbel/offroad-control/benchmarking/results/tire_model_with_estimator_ablation_20260827_225959/raw/0532_nn_fixed_fallback_sand_right_left_v7_b0_s402,ok,0,26.134544134140015,20.0,0.99,/home/ksha/Documents/sbel/offroad-control/benchmarking/results/tire_model_with_estimator_ablation_20260827_225959/raw/0532_nn_fixed_fallback_sand_right_left_v7_b0_s402/20260827_232928_985722_clay_right_left_acados_static_mlp/diag_clay_right_left_acados_static_mlp.csv,,,1218,0.14202860597567155,0.400047,0.11038820247933884,3.8296698347107436,5.1926000000000005,0.5470956906729634,14.837931034482757,15.786399999999995,129.1885603824716,50.420459,-30.985872,0,chrono_body_contact,0,,,,,,,,True,right_left,7.0,402,6,[26064],[26065],False,True,,12,False,False,False,0,0,,,0,0,0,,,,0,0,True,disabled,backend_compatibility,fixed promoted low-grip fallback endpoint,clay,2a22058ceeef679f207bd5220377a736edae3e63c7f59afab2d351bc5e8d1aca,shared_worst_case_phi13_curvature_v1,True,0,,,,,,,,,,,,,
tire_model_with_estimator_ablation,nn_fixed_fallback,standard,nn,tire_force_static,sand,right_left,7.0,0,400,/home/ksha/Documents/sbel/offroad-control/benchmarking/results/tire_model_with_estimator_ablation_20260827_225959/raw/0530_nn_fixed_fallback_sand_right_left_v7_b0_s400,ok,0,26.183419466018677,20.0,0.99,/home/ksha/Documents/sbel/offroad-control/benchmarking/results/tire_model_with_estimator_ablation_20260827_225959/raw/0530_nn_fixed_fallback_sand_right_left_v7_b0_s400/20260827_232929_073699_clay_right_left_acados_static_mlp/diag_clay_right_left_acados_static_mlp.csv,,,1198,0.12882623572865648,0.398237,0.10245867178770951,3.7403317039106145,5.047725,0.5343331005586592,15.107779632721204,15.861799999999997,130.61020083538165,49.05634,-30.996209,0,chrono_body_contact,0,,,,,,,,True,right_left,7.0,400,2,[26060],[26061],False,True,,12,False,False,False,0,0,,,0,0,0,,,,0,0,True,disabled,backend_compatibility,fixed promoted low-grip fallback endpoint,clay,2a22058ceeef679f207bd5220377a736edae3e63c7f59afab2d351bc5e8d1aca,shared_worst_case_phi13_curvature_v1,True,0,,,,,,,,,,,,,
tire_model_with_estimator_ablation,nn_fixed_fallback,standard,nn,tire_force_static,sand,right_left,5.0,0,404,/home/ksha/Documents/sbel/offroad-control/benchmarking/results/tire_model_with_estimator_ablation_20260827_225959/raw/0529_nn_fixed_fallback_sand_right_left_v5_b0_s404,ok,0,26.187199354171753,20.0,1.0,/home/ksha/Documents/sbel/offroad-control/benchmarking/results/tire_model_with_estimator_ablation_20260827_225959/raw/0529_nn_fixed_fallback_sand_right_left_v5_b0_s404/20260827_232929_122634_clay_right_left_acados_static_mlp/diag_clay_right_left_acados_static_mlp.csv,,,1203,0.10356881135621472,0.341041,0.08242582845188284,3.635362761506276,4.40222,0.7270725523012552,15.007705735660846,15.84,129.38642952065067,46.86889,-30.897763,0,chrono_body_contact,0,,,,,,,,True,right_left,5.0,404,0,[26058],[26059],False,True,,12,False,False,False,0,0,,,0,0,0,,,,0,0,True,disabled,backend_compatibility,fixed promoted low-grip fallback endpoint,clay,2df275ec6c3a4a1b2fbc274414784eef849a9e55ab7130f9593a0001877583aa,shared_worst_case_phi13_curvature_v1,True,0,,,,,,,,,,,,,
tire_model_with_estimator_ablation,nn_fixed_fallback,standard,nn,tire_force_static,sand,right_left,7.0,0,401,/home/ksha/Documents/sbel/offroad-control/benchmarking/results/tire_model_with_estimator_ablation_20260827_225959/raw/0531_nn_fixed_fallback_sand_right_left_v7_b0_s401,ok,0,26.332249402999878,20.0,0.99,/home/ksha/Documents/sbel/offroad-control/benchmarking/results/tire_model_with_estimator_ablation_20260827_225959/raw/0531_nn_fixed_fallback_sand_right_left_v7_b0_s401/20260827_232928_841039_clay_right_left_acados_static_mlp/diag_clay_right_left_acados_static_mlp.csv,,,1213,0.1286750498590552,0.454122,0.09877839034482759,3.8567808275862068,5.254879999999999,0.5509686896551724,15.021599340478154,15.855199999999995,127.97920005985823,51.129749,-30.97749,0,chrono_body_contact,0,,,,,,,,True,right_left,7.0,401,4,[26062],[26063],False,True,,12,False,False,False,0,0,,,0,0,0,,,,0,0,True,disabled,backend_compatibility,fixed promoted low-grip fallback endpoint,clay,2a22058ceeef679f207bd5220377a736edae3e63c7f59afab2d351bc5e8d1aca,shared_worst_case_phi13_curvature_v1,True,0,,,,,,,,,,,,,
tire_model_with_estimator_ablation,nn_fixed_fallback,standard,nn,tire_force_static,sand,right_left,9.0,0,401,/home/ksha/Documents/sbel/offroad-control/benchmarking/results/tire_model_with_estimator_ablation_20260827_225959/raw/0536_nn_fixed_fallback_sand_right_left_v9_b0_s401,ok,0,26.33182382583618,20.0,0.97,/home/ksha/Documents/sbel/offroad-control/benchmarking/results/tire_model_with_estimator_ablation_20260827_225959/raw/0536_nn_fixed_fallback_sand_right_left_v9_b0_s401/20260827_232928_893040_clay_right_left_acados_static_mlp/diag_clay_right_left_acados_static_mlp.csv,,,1225,0.1684557674215657,0.560346,0.12105392151556157,4.010998376184033,5.45199,0.44566648624267036,15.004604081632653,15.9476,131.19238979989768,53.928125,-30.982216,0,chrono_body_contact,0,,,,,,,,True,right_left,9.0,401,14,[26072],[26073],False,True,,12,False,False,False,0,0,,,0,0,0,,,,0,0,True,disabled,backend_compatibility,fixed promoted low-grip fallback endpoint,clay,2fd2c1dbb42c39cc163281ad14f69d4122484783b6b75aa488f2ea05e6c9793b,shared_worst_case_phi13_curvature_v1,True,0,,,,,,,,,,,,,
tire_model_with_estimator_ablation,nn_fixed_fallback,standard,nn,tire_force_static,sand,right_left,7.0,0,403,/home/ksha/Documents/sbel/offroad-control/benchmarking/results/tire_model_with_estimator_ablation_20260827_225959/raw/0533_nn_fixed_fallback_sand_right_left_v7_b0_s403,ok,0,26.383589267730713,20.0,0.99,/home/ksha/Documents/sbel/offroad-control/benchmarking/results/tire_model_with_estimator_ablation_20260827_225959/raw/0533_nn_fixed_fallback_sand_right_left_v7_b0_s403/20260827_232928_972158_clay_right_left_acados_static_mlp/diag_clay_right_left_acados_static_mlp.csv,,,1218,0.14224454459863028,0.452607,0.10889178758620689,3.8837788965517244,5.313219999999999,0.5548255566502464,14.866929392446636,15.926599999999999,130.30787382430177,51.989275,-30.965567,0,chrono_body_contact,0,,,,,,,,True,right_left,7.0,403,8,[26066],[26067],False,True,,12,False,False,False,0,0,,,0,0,0,,,,0,0,True,disabled,backend_compatibility,fixed promoted low-grip fallback endpoint,clay,2a22058ceeef679f207bd5220377a736edae3e63c7f59afab2d351bc5e8d1aca,shared_worst_case_phi13_curvature_v1,True,0,,,,,,,,,,,,,
tire_model_with_estimator_ablation,nn_fixed_fallback,standard,nn,tire_force_static,sand,right_left,7.0,0,404,/home/ksha/Documents/sbel/offroad-control/benchmarking/results/tire_model_with_estimator_ablation_20260827_225959/raw/0534_nn_fixed_fallback_sand_right_left_v7_b0_s404,ok,0,26.48475742340088,20.0,0.97,/home/ksha/Documents/sbel/offroad-control/benchmarking/results/tire_model_with_estimator_ablation_20260827_225959/raw/0534_nn_fixed_fallback_sand_right_left_v7_b0_s404/20260827_232929_017132_clay_right_left_acados_static_mlp/diag_clay_right_left_acados_static_mlp.csv,,,1230,0.1628888614094299,0.5426,0.11811028879892037,3.9898141700404857,5.3641,0.5699734528629266,15.02070731707317,15.867099999999999,135.11388828563582,53.357042,-30.939844,0,chrono_body_contact,0,,,,,,,,True,right_left,7.0,404,10,[26068],[26069],False,True,,12,False,False,False,0,0,,,0,0,0,,,,0,0,True,disabled,backend_compatibility,fixed promoted low-grip fallback endpoint,clay,2a22058ceeef679f207bd5220377a736edae3e63c7f59afab2d351bc5e8d1aca,shared_worst_case_phi13_curvature_v1,True,0,,,,,,,,,,,,,
tire_model_with_estimator_ablation,nn_fixed_fallback,standard,nn,tire_force_static,sand,right_left,9.0,0,404,/home/ksha/Documents/sbel/offroad-control/benchmarking/results/tire_model_with_estimator_ablation_20260827_225959/raw/0539_nn_fixed_fallback_sand_right_left_v9_b0_s404,ok,0,24.743968963623047,20.0,1.0,/home/ksha/Documents/sbel/offroad-control/benchmarking/results/tire_model_with_estimator_ablation_20260827_225959/raw/0539_nn_fixed_fallback_sand_right_left_v9_b0_s404/20260827_232954_264595_clay_right_left_acados_static_mlp/diag_clay_right_left_acados_static_mlp.csv,,,1667,0.15096549358229516,0.46958,0.11265475800000001,3.9169876999999995,5.31881,0.4352208555555555,7.974073185362927,8.520199999999997,166.04071892066312,51.957942,-30.927661,0,chrono_body_contact,0,,,,,,,,True,right_left,9.0,404,20,[26078],[26079],False,True,,12,False,False,False,0,0,,,0,0,0,,,,0,0,True,disabled,backend_compatibility,fixed promoted low-grip fallback endpoint,clay,2fd2c1dbb42c39cc163281ad14f69d4122484783b6b75aa488f2ea05e6c9793b,shared_worst_case_phi13_curvature_v1,True,0,,,,,,,,,,,,,
tire_model_with_estimator_ablation,nn_fixed_fallback,standard,nn,tire_force_static,sand,right_left,9.0,0,403,/home/ksha/Documents/sbel/offroad-control/benchmarking/results/tire_model_with_estimator_ablation_20260827_225959/raw/0538_nn_fixed_fallback_sand_right_left_v9_b0_s403,ok,0,24.746253728866577,20.0,1.0,/home/ksha/Documents/sbel/offroad-control/benchmarking/results/tire_model_with_estimator_ablation_20260827_225959/raw/0538_nn_fixed_fallback_sand_right_left_v9_b0_s403/20260827_232954_295426_clay_right_left_acados_static_mlp/diag_clay_right_left_acados_static_mlp.csv,,,1667,0.14532043354140187,0.446133,0.10933941300000001,3.9248830000000003,5.366665,0.43609811111111113,8.292069586082784,8.863399999999999,162.2620007877555,52.232419,-31.019013,0,chrono_body_contact,0,,,,,,,,True,right_left,9.0,403,18,[26076],[26077],False,True,,12,False,False,False,0,0,,,0,0,0,,,,0,0,True,disabled,backend_compatibility,fixed promoted low-grip fallback endpoint,clay,2fd2c1dbb42c39cc163281ad14f69d4122484783b6b75aa488f2ea05e6c9793b,shared_worst_case_phi13_curvature_v1,True,0,,,,,,,,,,,,,
tire_model_with_estimator_ablation,nn_fixed_fallback,standard,nn,tire_force_static,sand,right_left,9.0,0,402,/home/ksha/Documents/sbel/offroad-control/benchmarking/results/tire_model_with_estimator_ablation_20260827_225959/raw/0537_nn_fixed_fallback_sand_right_left_v9_b0_s402,ok,0,24.75148582458496,20.0,1.0,/home/ksha/Documents/sbel/offroad-control/benchmarking/results/tire_model_with_estimator_ablation_20260827_225959/raw/0537_nn_fixed_fallback_sand_right_left_v9_b0_s402/20260827_232954_289580_clay_right_left_acados_static_mlp/diag_clay_right_left_acados_static_mlp.csv,,,1667,0.15751617963336972,0.49422,0.11380470399999999,4.0079113,5.472569999999999,0.44532347777777775,8.18496100779844,8.82,161.47836112752512,53.374792,-30.987943,0,chrono_body_contact,0,,,,,,,,True,right_left,9.0,402,16,[26074],[26075],False,True,,12,False,False,False,0,0,,,0,0,0,,,,0,0,True,disabled,backend_compatibility,fixed promoted low-grip fallback endpoint,clay,2fd2c1dbb42c39cc163281ad14f69d4122484783b6b75aa488f2ea05e6c9793b,shared_worst_case_phi13_curvature_v1,True,0,,,,,,,,,,,,,
