trace_id,backend,backend_label,status,trace_path,trace_sha256,trace_rows,tail_start_s,tail_rows,est_n,internal_est_n,final_est_n,final_internal_n,tail_n_sigma,final_n_sigma,est_phi_deg,internal_est_phi_deg,final_est_phi_deg,final_internal_phi_deg,tail_phi_sigma_deg,final_phi_sigma_deg,publish_update_count,joint_snapshot_update_count,final_joint_snapshot_seq,estimate_call_count,dynamics_active_rows,final_dynamics_windows,max_dynamics_windows,accepted_dynamics_windows,rejected_dynamics_windows,feature_clip_count,feature_envelope_excursions,kinematic_excitation_rejections,last_informative_time,final_profile_force_gain,final_profile_ax_bias,final_profile_ay_bias,profile_bound_hit_rows,final_accepted_snapshot_version,final_joint_active,final_joint_has_estimate,final_joint_updates,final_snapshot_n,final_snapshot_phi_deg,final_joint_projection_failures,final_joint_information_kl,final_n_information_kl,final_phi_information_kl,final_cohesion_information_kl,final_n_boundary_mass,final_phi_boundary_mass,final_cohesion_boundary_mass,final_max_boundary_mass,final_boundary_limited,final_observability_rank,final_observability_min_singular_value,final_last_likelihood_block_count,final_last_likelihood_residual_count,final_residual_ax_mad,final_residual_ay_mad,final_residual_sample_count,final_duplicate_likelihood_block_count,final_duplicate_likelihood_update_count,final_likelihood_evaluations,final_last_joint_update_time,final_publication_confidence,final_load_transfer_mode,final_last_effective_front_load,final_last_effective_rear_load,final_last_effective_load_ax,final_last_effective_load_ay,final_projection_wall_time_s,final_profile_wall_time_s,final_observability_wall_time_s,final_posterior_wall_time_s,final_publication_wall_time_s,final_update_wall_time_s,final_final_trace_time,final_final_update_age_s,final_final_update_max_age_s,final_accuracy_valid,final_fresh,final_confident,final_control_envelope_valid,final_publication_ready,final_snapshot_was_published,timeseries_path,trace_quality,failure
trace_0000,rig_dynamics_joint,Joint rig-dynamics profile,ok,/home/ksha/Documents/sbel/offroad-control/benchmarking/results/joint_b4_scope_seed94627135/collection/raw/trace_0000/attempt_01/sensor_trace.csv,c6a71dcbac713e9ced0884c8596a8af6bf121091f6829956ebe4b4eae0a49ed5,1167,7,583,0.6418300244309384,0.6418300244309384,0.56334792675497103,0.56334792675497103,0.16876758053876667,0.12055099587324154,27.057480739893094,27.057480739893094,23.959079076346622,23.959079076346622,6.8516659013219341,3.9059990871127943,8,8,8,8,333,15,15,15,12,0,3,0,13.24800000000039,0.99713435918358029,0.026861183564647294,-0.0034016012992717447,0,rig_dynamics_joint_accepted_v2,1,1,8,0.56334792675497103,23.959079076346622,0,1.9807052161595853,0.52719444536868887,0.81483094794779654,0,0.045200741095870779,0.00022265264810138264,0,0.045200741095870779,0,2,1.3186552343002487,15,30,0.18761191900352747,0.16667866875034054,92,0,0,8,13.24800000000039,0.61470772509547666,static,6531.9641384009701,6088.6008615990313,0,0,0.043389671482145786,0.061012797057628632,0.0071909762918949127,0.068566856905817986,8.6116604506969452e-05,0.11204264499247074,13.992000000000418,0.74400000000002819,3.5,1,1,1,1,1,1,timeseries/trace_0000_rig_dynamics_joint.csv,exact_runtime_observations,
trace_0001,rig_dynamics_joint,Joint rig-dynamics profile,ok,/home/ksha/Documents/sbel/offroad-control/benchmarking/results/joint_b4_scope_seed94627135/collection/raw/trace_0001/attempt_01/sensor_trace.csv,8e64cf0a1866aa49ecf4d7ba5317c84139a64dc25a2039c3a5bdae6e98682ba9,851,7,417,0.57207633592116991,0.57207633592116991,0.48708163733463333,0.48708163733463333,0.11192005820592994,0.039128098305056765,32.649552852130242,32.649552852130242,34.687260896476303,34.687260896476303,5.228408956336426,2.5613273656355138,8,8,8,8,271,13,13,15,12,0,5,2,13.24800000000039,1.0085805389379068,-0.064440992089841997,-0.019896407426480918,0,rig_dynamics_joint_accepted_v2,1,1,8,0.48708163733463333,34.687260896476303,0,2.8070905974936258,1.5346870137638022,1.2461332706862944,0,0.026399200938952885,0.24225150560275091,0,0.24225150560275091,0,2,2.0404134563365548,13,26,0.30753516166997868,0.24251610316398001,89,0,0,8,13.24800000000039,0.66591421908633353,static,6531.9641384009701,6088.6008615990313,0,0,0.039033820852637291,0.041827521286904812,0.00015229545533657074,0.042317795567214489,5.8101490139961243e-05,0.081409717909991741,13.980000000000418,0.73200000000002774,3.5,1,1,1,1,1,1,timeseries/trace_0001_rig_dynamics_joint.csv,exact_runtime_observations,
trace_0002,rig_dynamics_joint,Joint rig-dynamics profile,ok,/home/ksha/Documents/sbel/offroad-control/benchmarking/results/joint_b4_scope_seed94627135/collection/raw/trace_0002/attempt_01/sensor_trace.csv,c8a66743db38ffc32160d1773c85add8011d7ee76c4d36d03e6d602a54fc0675,819,7,399,0.74081553370177555,0.74081553370177555,0.77571183788351228,0.77571183788351228,0.16074027683303596,0.12605432157603652,29.171401672875387,29.171401672875387,29.381253643889679,29.381253643889679,6.3845364074611641,4.1274337757463693,10,10,10,10,287,16,16,17,10,0,1,1,13.24800000000039,1.0027521469834419,-0.018210336707642046,0.00080432148004559419,0,rig_dynamics_joint_accepted_v2,1,1,10,0.77571183788351228,29.381253643889679,0,1.3084478775788575,0.35658937690271919,0.71146349440137224,0,0.0038861505282469571,0.020681629528056075,0,0.020681629528056075,0,2,0.19750081763411884,16,32,0.17466170442208578,0.099796083967279431,124,0,0,10,13.24800000000039,0.52142531938832304,static,6531.9641384009701,6088.6008615990313,0,0,0.063721079379320145,0.062095752917230129,0.00017692986875772476,0.062665995210409164,8.15587118268013e-05,0.12646863330155611,13.980000000000418,0.73200000000002774,3.5,1,1,1,1,1,1,timeseries/trace_0002_rig_dynamics_joint.csv,exact_runtime_observations,
trace_0003,rig_dynamics_joint,Joint rig-dynamics profile,ok,/home/ksha/Documents/sbel/offroad-control/benchmarking/results/joint_b4_scope_seed94627135/collection/raw/trace_0003/attempt_01/sensor_trace.csv,ea6843004003b593dc42d16fa233718c2fd774f6eb5220ac6edb1ef041df9985,834,7,397,0.68923055561782731,0.68923055561782731,0.67456419074066021,0.67456419074066021,0.17189350790825228,0.13105896510679949,22.225688380936621,22.225688380936621,15.572825154198005,15.572825154198005,6.4096917687847661,3.0017625528616336,7,7,7,7,202,14,14,14,13,0,3,0,13.23600000000039,1.0031259777520913,0.066077580353674337,0.0059245492216455772,0,rig_dynamics_joint_accepted_v2,1,1,7,0.67456419074066021,15.572825154198005,0,1.7503965526609888,0.3189464166047507,1.0307568194588297,0,0.018210793848492595,0.0031982877036987297,0,0.018210793848492595,0,2,0.59166093289958155,14,28,0.21031134533339338,0.11788424095661636,77,0,0,7,13.23600000000039,0.57920722592911678,static,6531.9641384009701,6088.6008615990313,0,0,0.050394388847053051,0.066033933311700821,0.00018975604325532913,0.066590802744030952,8.0185942351818085e-05,0.11706537753343582,13.992000000000418,0.75600000000002865,3.5,1,1,1,1,1,1,timeseries/trace_0003_rig_dynamics_joint.csv,exact_runtime_observations,
trace_0004,rig_dynamics_joint,Joint rig-dynamics profile,ok,/home/ksha/Documents/sbel/offroad-control/benchmarking/results/joint_b4_scope_seed94627135/collection/raw/trace_0004/attempt_01/sensor_trace.csv,a44b600d0eb000f46977795c7260f5759aee3d97f81d59f676d5179ac9675118,812,7,406,0.64399074622132035,0.64399074622132035,0.54781945479936445,0.54781945479936445,0.15166391917594935,0.094792746875482448,30.291161193261157,30.291161193261157,28.700583927857636,28.700583927857636,6.1310659625073418,4.169379843238846,10,10,10,10,296,15,15,17,10,0,4,0,13.24800000000039,1.0037230370188888,-0.0034527790901134905,-0.0040870002882190575,0,rig_dynamics_joint_accepted_v2,1,1,10,0.54781945479936445,28.700583927857636,0,2.0528859957485541,0.71474292836487641,0.74574532346935429,0,0.038702301295476541,0.039362110737249635,0,0.039362110737249635,0,2,1.490705607024515,15,30,0.18964130711190269,0.27621880363308582,122,0,0,10,13.24800000000039,0.69224681830104462,static,6531.9641384009701,6088.6008615990313,0,0,0.044329599477350712,0.065870415419340134,0.00019121076911687851,0.066507303155958652,0.0061089266091585159,0.11694582924246788,13.992000000000418,0.74400000000002819,3.5,1,1,1,1,1,1,timeseries/trace_0004_rig_dynamics_joint.csv,exact_runtime_observations,
trace_0005,rig_dynamics_joint,Joint rig-dynamics profile,ok,/home/ksha/Documents/sbel/offroad-control/benchmarking/results/joint_b4_scope_seed94627135/collection/raw/trace_0005/attempt_01/sensor_trace.csv,9d389a5ee91d89f636ffefa72a0492f44f646015453aa914c8b88019ac7de1c5,777,7,394,0.69600935546304354,0.69600935546304354,0.67645782030205792,0.67645782030205792,0.18446228457907163,0.17650499851074131,30.900860162631034,30.900860162631034,31.83573107633266,31.83573107633266,6.5102295703376498,4.570813306947243,9,9,9,9,253,15,15,16,11,0,3,1,13.24800000000039,1.0035228526258602,-0.11507943130090532,0.0014838415485807293,0,rig_dynamics_joint_accepted_v2,1,1,9,0.67645782030205792,31.83573107633266,0,1.5496283522012009,0.19317292627082419,0.74971176192287758,0,0.011213810299549242,0.15940698771264192,0,0.15940698771264192,0,2,1.5537405913830009,15,30,0.21830787925200015,0.13385725117609146,107,0,0,9,13.24800000000039,0.38347227604686412,static,6531.9641384009701,6088.6008615990313,0,0,0.061676988378167152,0.043682071380317211,0.00018623471260070801,0.044281503185629845,8.0423429608345032e-05,0.10603891499340534,13.980000000000418,0.73200000000002774,3.5,1,1,1,1,1,1,timeseries/trace_0005_rig_dynamics_joint.csv,exact_runtime_observations,
trace_0006,rig_dynamics_joint,Joint rig-dynamics profile,ok,/home/ksha/Documents/sbel/offroad-control/benchmarking/results/joint_b4_scope_seed94627135/collection/raw/trace_0006/attempt_01/sensor_trace.csv,784d210ed9dc4424404673ee904d7faba5839188b8109f7e69acaad02d8abd9c,825,7,409,0.80651178035577853,0.80651178035577853,0.86522565552459829,0.86522565552459829,0.15844507773900235,0.12567005117275598,28.221163461752017,28.221163461752017,27.804394354023614,27.804394354023614,6.1429349997475171,3.8989191822772304,10,10,10,10,296,16,16,17,10,0,2,0,13.24800000000039,1.0006083984882146,-0.022206910622113173,0.0043775513320509158,0,rig_dynamics_joint_accepted_v2,1,1,10,0.86522565552459829,27.804394354023614,0,1.2538318699158373,0.38541860866460032,0.75380310237827597,0,0.010876506834739313,0.0067094513143499349,0,0.010876506834739313,0,2,0.15166587444608465,16,32,0.18663878161772524,0.18853242533678299,124,0,0,10,13.24800000000039,0.51654856881966715,static,6531.9641384009701,6088.6008615990313,0,0,0.024574415758252144,0.018619074486196041,0.00017759483307600021,0.019184675998985767,0.0030906088650226593,0.046849700622260571,13.980000000000418,0.73200000000002774,3.5,1,1,1,1,1,1,timeseries/trace_0006_rig_dynamics_joint.csv,exact_runtime_observations,
trace_0007,rig_dynamics_joint,Joint rig-dynamics profile,ok,/home/ksha/Documents/sbel/offroad-control/benchmarking/results/joint_b4_scope_seed94627135/collection/raw/trace_0007/attempt_01/sensor_trace.csv,be36362997155e94520d16bc367bd038f4591a7216dd0d4951e5fd5fbb6cdd5b,840,7,412,0.69778723511534435,0.69778723511534435,0.68633004867108538,0.68633004867108538,0.18985896071573083,0.15048987683316212,22.987195002904208,22.987195002904208,12.358546939690029,12.358546939690029,7.3616120997414525,2.9334592731630882,5,5,5,5,146,12,12,12,15,0,2,0,13.24200000000039,0.99894928148614726,0.066012595378495562,0.0086314043279121493,0,rig_dynamics_joint_accepted_v2,1,1,5,0.68633004867108538,12.358546939690029,0,1.6101697984735024,0.19447982817319087,1.0569215896980224,0,0.022405571305218901,0.046462837997349044,0,0.046462837997349044,0,2,0.60834744410916519,12,24,0.1566075594334182,0.093908551073727559,50,0,0,5,13.24200000000039,0.49925529485476294,static,6531.9641384009701,6088.6008615990313,0,0,0.036307364702224731,0.026134788990020752,0.00018391851335763931,0.026737433858215809,0.00010077562183141708,0.063145574182271957,13.980000000000418,0.73800000000002797,3.5,1,1,1,1,1,1,timeseries/trace_0007_rig_dynamics_joint.csv,exact_runtime_observations,
trace_0008,rig_dynamics_joint,Joint rig-dynamics profile,ok,/home/ksha/Documents/sbel/offroad-control/benchmarking/results/joint_b4_scope_seed94627135/collection/raw/trace_0008/attempt_01/sensor_trace.csv,2ff99e5c287c4082f4b70595653e5e3dec23fb88f441ee2d22a36769c298e390,805,7,393,0.67209404447499921,0.67209404447499921,0.6732927222695122,0.6732927222695122,0.16193731764302277,0.13537713844077712,25.812118280249678,25.812118280249678,23.581670081629319,23.581670081629319,6.0594042822121805,4.1469488254982263,8,8,8,8,281,13,13,15,12,0,5,0,13.24800000000039,1.0008977514883668,0.028666998305294778,0.011136656706039019,0,rig_dynamics_joint_accepted_v2,1,1,8,0.6732927222695122,23.581670081629319,0,1.4654856688702005,0.28494263660479818,0.70240004523955413,0,0.01716192753706116,4.3714684067524016e-05,0,0.01716192753706116,0,2,0.29385794688820177,13,26,0.18505681979371305,0.23938571967245115,85,0,0,8,13.24800000000039,0.52950048769128033,static,6531.9641384009701,6088.6008615990313,0,0,0.047062456607818604,0.035660699009895325,0.00014449004083871841,0.036113962531089783,6.4637511968612671e-05,0.083241056650876999,13.992000000000418,0.74400000000002819,3.5,1,1,1,1,1,1,timeseries/trace_0008_rig_dynamics_joint.csv,exact_runtime_observations,
trace_0009,rig_dynamics_joint,Joint rig-dynamics profile,ok,/home/ksha/Documents/sbel/offroad-control/benchmarking/results/joint_b4_scope_seed94627135/collection/raw/trace_0009/attempt_01/sensor_trace.csv,36cdc730f942b6c5f9d9c91fcfb115f786a60117884f82647ab6ae92d9f51500,847,7,418,0.68543102765358788,0.68543102765358788,0.66595561233911627,0.66595561233911627,0.17735702383658372,0.15934582868242783,23.702823666038924,23.702823666038924,19.689452877752405,19.689452877752405,6.3598648879259896,4.0205815760680714,9,9,9,9,267,16,16,16,11,0,2,0,13.24800000000039,0.99755613106975327,-0.025227471606840687,0.0022978261903862855,0,rig_dynamics_joint_accepted_v2,1,1,9,0.66595561233911627,19.689452877752405,0,1.4042063101175413,0.16552168090347499,0.73428374121844686,0,0.025165632955459292,0.00014634364137250611,0,0.025165632955459292,0,2,0.72581432513606192,16,32,0.1248539934904592,0.15764161477351646,108,0,0,9,13.24800000000039,0.46190593279763947,static,6531.9641384009701,6088.6008615990313,0,0,0.063692339695990086,0.048280584625899792,0.00017340667545795441,0.048833676613867283,7.5981020927429199e-05,0.1126019973307848,13.980000000000418,0.73200000000002774,3.5,1,1,1,1,1,1,timeseries/trace_0009_rig_dynamics_joint.csv,exact_runtime_observations,
trace_0010,rig_dynamics_joint,Joint rig-dynamics profile,ok,/home/ksha/Documents/sbel/offroad-control/benchmarking/results/joint_b4_scope_seed94627135/collection/raw/trace_0010/attempt_01/sensor_trace.csv,668e8c5bce1ceb25cdc6037e5b63e92193099ef8a1f0b560e6051e71066921db,865,7,432,0.78172820655078334,0.78172820655078334,0.82939431338798986,0.82939431338798986,0.18354084550028663,0.16802748029470232,24.25701410235958,24.25701410235958,21.490230887080763,21.490230887080763,6.1625654629989004,3.7082567870837333,9,9,9,9,280,16,16,16,11,0,2,0,13.24800000000039,1.0030555547962743,0.01687589673811854,0.015195253797496021,0,rig_dynamics_joint_accepted_v2,1,1,9,0.82939431338798986,21.490230887080763,0,1.2843300618918465,0.15393978682299125,0.84053628759792309,0,0.020160785178003644,0.00029575522124950741,0,0.020160785178003644,0,2,0.58441462668855315,16,32,0.2153067132878872,0.15269437507761055,108,0,0,9,13.24800000000039,0.42724389293582743,static,6531.9641384009701,6088.6008615990313,0,0,0.050068852491676807,0.050178761593997478,0.00018410850316286087,0.05078502744436264,9.4192102551460266e-05,0.10094807203859091,13.992000000000418,0.74400000000002819,3.5,1,1,1,1,1,1,timeseries/trace_0010_rig_dynamics_joint.csv,exact_runtime_observations,
trace_0011,rig_dynamics_joint,Joint rig-dynamics profile,ok,/home/ksha/Documents/sbel/offroad-control/benchmarking/results/joint_b4_scope_seed94627135/collection/raw/trace_0011/attempt_01/sensor_trace.csv,4fb8dce510caa23c652a7e889138d5a14994b107536d9b478fda031004c25e1e,821,7,408,0.7839801638196221,0.7839801638196221,0.83954114051076778,0.83954114051076778,0.15206704231705795,0.11007016497700198,30.990459113459458,30.990459113459458,32.751877783976248,32.751877783976248,6.0066358747819431,3.6067262564082205,10,10,10,10,293,16,16,17,10,0,1,1,13.260000000000391,0.9994706344630897,-0.023846941438667509,-0.0073396004243579454,0,rig_dynamics_joint_accepted_v2,1,1,10,0.83954114051076778,32.751877783976248,0,1.5032996700798722,0.49129711278639077,0.89591098058367502,0,0.0032511874749451795,0.12652690124236005,0,0.12652690124236005,0,2,0.40320283204282026,16,32,0.13566640318092368,0.18996022520436501,124,0,0,10,13.260000000000391,0.52957252069465932,static,6531.9641384009701,6088.6008615990313,0,0,0.04019541572779417,0.034168904647231102,0.00018312875181436539,0.034772978164255619,9.3416310846805573e-05,0.075061810202896595,13.992000000000418,0.73200000000002774,3.5,1,1,1,1,1,1,timeseries/trace_0011_rig_dynamics_joint.csv,exact_runtime_observations,
trace_0012,rig_dynamics_joint,Joint rig-dynamics profile,ok,/home/ksha/Documents/sbel/offroad-control/benchmarking/results/joint_b4_scope_seed94627135/collection/raw/trace_0012/attempt_01/sensor_trace.csv,309f13ee01d74dd92e7d92eec6f616a5ab51b11591cc5f4d207c7e5d1c8a39b3,829,7,414,0.65068804022192916,0.65068804022192916,0.65210217657856218,0.65210217657856218,0.16665715645751328,0.14101725090675132,26.264610838763158,26.264610838763158,24.829885867821556,24.829885867821556,6.7376110073302975,4.3744923961690168,6,6,6,6,268,12,12,13,14,0,7,0,13.260000000000391,1.0018478200941741,0.025720383658380998,0.0085001911062239192,0,rig_dynamics_joint_accepted_v2,1,1,6,0.65210217657856218,24.829885867821556,0,1.4895830765694291,0.25846909924039424,0.65699677224975761,0,0.022256253288358632,0.00035483315179948681,0,0.022256253288358632,0,2,0.39943403215424539,12,24,0.22974444841981867,0.15725428628838561,62,0,0,6,13.260000000000391,0.51734515726824648,static,6531.9641384009701,6088.6008615990313,0,0,0.058429812081158161,0.032955020666122437,0.0122032780200243,0.045580071397125721,9.9607743322849274e-05,0.10410949122160673,13.992000000000418,0.73200000000002774,3.5,1,1,1,1,1,1,timeseries/trace_0012_rig_dynamics_joint.csv,exact_runtime_observations,
trace_0013,rig_dynamics_joint,Joint rig-dynamics profile,ok,/home/ksha/Documents/sbel/offroad-control/benchmarking/results/joint_b4_scope_seed94627135/collection/raw/trace_0013/attempt_01/sensor_trace.csv,0da03d6055ddc0a6c354f84cb8385491cd52a4e2cbe28dbbb17b5aa2aac15895,800,7,390,0.67891308428050623,0.67891308428050623,0.72370593388471427,0.72370593388471427,0.15582213281747095,0.13827799501991822,29.617371338086055,29.617371338086055,31.936314089606842,31.936314089606842,6.2381555939420252,4.0538459872128367,9,9,9,9,304,14,14,16,11,0,5,1,13.24800000000039,1.0038367057843729,0.011830252730879287,-0.015944794487202103,0,rig_dynamics_joint_accepted_v2,1,1,9,0.72370593388471427,31.936314089606842,0,1.5057489880421246,0.27129255857897444,0.80009249407066041,0,0.0085847123569041846,0.083204167586305819,0,0.083204167586305819,0,2,0.60723582108873098,14,28,0.21295948490322336,0.047581336754283721,105,0,0,9,13.24800000000039,0.49337506131400322,static,6531.9641384009701,6088.6008615990313,0,0,0.050088029354810715,0.039927682839334011,0.00018459279090166092,0.040503168478608131,8.1893056631088257e-05,0.090673090890049934,13.968000000000417,0.72000000000002728,3.5,1,1,1,1,1,1,timeseries/trace_0013_rig_dynamics_joint.csv,exact_runtime_observations,
trace_0014,rig_dynamics_joint,Joint rig-dynamics profile,fail,/home/ksha/Documents/sbel/offroad-control/benchmarking/results/joint_b4_scope_seed94627135/collection/raw/trace_0014/attempt_01/sensor_trace.csv,b3a6d9b631734fe9ad4754778f52b4a2d944809abd243679a094181f6b995fc3,,,,,,,,,,,,,,,,,,,,,,,,,,,,,,,,,,,,,,,,,,,,,,,,,,,,,,,,,,,,,,,,,,,,,,,,,,,,,,,,,,exact_runtime_observations,ValueError('joint estimator has no accepted snapshot')
trace_0015,rig_dynamics_joint,Joint rig-dynamics profile,ok,/home/ksha/Documents/sbel/offroad-control/benchmarking/results/joint_b4_scope_seed94627135/collection/raw/trace_0015/attempt_01/sensor_trace.csv,59691e208dac78f9a85786aac0a7f527ccf643f2ee0d4d4da12f832dbf4dfaa5,821,7,416,0.64524925817993428,0.64524925817993428,0.55385167739727836,0.55385167739727836,0.16349929164226895,0.10402371893721557,29.544165461517135,29.544165461517135,29.395163449756168,29.395163449756168,7.125248179100061,4.2714418758467545,7,7,7,7,211,14,14,14,13,0,5,0,13.24800000000039,0.99976814219735122,-0.01670485001703147,0.0039120702258932018,0,rig_dynamics_joint_accepted_v2,1,1,7,0.55385167739727836,29.395163449756168,0,1.9398225117308427,0.63931788215319518,0.72967503903410824,0,0.040017957369877302,0.060135073165456611,0,0.060135073165456611,0,2,1.1409636615298586,14,28,0.17282014531449902,0.17645888257624284,77,0,0,7,13.24800000000039,0.64259771651387099,static,6531.9641384009701,6088.6008615990313,0,0,0.02908790297806263,0.030247297137975693,0.0001538814976811409,0.030733343213796616,7.0956535637378693e-05,0.059892202727496624,13.992000000000418,0.74400000000002819,3.5,1,1,1,1,1,1,timeseries/trace_0015_rig_dynamics_joint.csv,exact_runtime_observations,
trace_0016,rig_dynamics_joint,Joint rig-dynamics profile,ok,/home/ksha/Documents/sbel/offroad-control/benchmarking/results/joint_b4_scope_seed94627135/collection/raw/trace_0016/attempt_01/sensor_trace.csv,68e5f9d51e3393551f6074de0d7c8373de36621594b67e21f33b0e30e2fb4dca,822,7,411,0.60895811062713323,0.60895811062713323,0.57640337723227708,0.57640337723227708,0.15686520047943045,0.1325401007379878,29.728021689138128,29.728021689138128,30.613601273370378,30.613601273370378,6.216651379230302,4.1726237119396608,8,8,8,8,265,14,14,15,12,0,5,0,13.24800000000039,0.9936902790235137,-0.054501777448844504,-0.009745056148868763,0,rig_dynamics_joint_accepted_v2,1,1,8,0.57640337723227708,30.613601273370378,0,1.8500329716381463,0.50014210773362033,0.78458012795997456,0,0.024403606085461049,0.10201740722127796,0,0.10201740722127796,0,2,1.4247106344064153,14,28,0.23614708341076357,0.07139748273584022,91,0,0,8,13.24800000000039,0.53683663478902888,static,6531.9641384009701,6088.6008615990313,0,0,0.036331778392195702,0.016246846877038479,0.00019311532378196716,0.016858479008078575,8.3133578300476074e-05,0.053273390978574753,13.980000000000418,0.73200000000002774,3.5,1,1,1,1,1,1,timeseries/trace_0016_rig_dynamics_joint.csv,exact_runtime_observations,
trace_0017,rig_dynamics_joint,Joint rig-dynamics profile,ok,/home/ksha/Documents/sbel/offroad-control/benchmarking/results/joint_b4_scope_seed94627135/collection/raw/trace_0017/attempt_01/sensor_trace.csv,83238d4ebf0165019c11f6b54c273b5027ecbb00f010bec6c24cd193c4872bc4,861,7,428,0.66187386535075288,0.66187386535075288,0.64145323482160688,0.64145323482160688,0.15949088152947846,0.13322300270784734,28.151295633471083,28.151295633471083,26.927126587359425,26.927126587359425,6.7105009220696266,4.8119486000121965,7,7,7,7,270,13,14,14,13,0,5,1,12.750000000000371,0.99728462480486091,-0.011701537999769701,0.0097647211667237967,0,rig_dynamics_joint_accepted_v2,1,1,7,0.64145323482160688,26.927126587359425,0,1.5181732998709561,0.31184487899736008,0.57726093677304247,0,0.021102374918867454,0.0069242709402957629,0,0.021102374918867454,0,2,0.37102653555516629,14,28,0.18927795955579116,0.17013747016936515,77,0,0,7,12.750000000000371,0.54061764887709418,static,6531.9641384009701,6088.6008615990313,0,0,0.046963367611169815,0.044651796109974384,0.00017032865434885025,0.045201004482805729,8.6200423538684845e-05,0.092250572517514229,13.992000000000418,1.2420000000000471,3.5,1,1,1,1,1,1,timeseries/trace_0017_rig_dynamics_joint.csv,exact_runtime_observations,
trace_0018,rig_dynamics_joint,Joint rig-dynamics profile,ok,/home/ksha/Documents/sbel/offroad-control/benchmarking/results/joint_b4_scope_seed94627135/collection/raw/trace_0018/attempt_01/sensor_trace.csv,4b7938636549e05de467c8001b36caba3590be82c88dbf1e70ea7ccc2c2395ed,853,7,420,0.65535816750102582,0.65535816750102582,0.53161757090069106,0.53161757090069106,0.16590463488512544,0.096874642163690711,30.367714376856341,30.367714376856341,28.154493012540893,28.154493012540893,6.0992093131775356,3.7807164851475243,10,10,10,10,298,15,15,17,10,0,4,1,13.24800000000039,1.0010793754242677,-0.034850883050267449,0.0011828146752398173,0,rig_dynamics_joint_accepted_v2,1,1,10,0.53161757090069106,28.154493012540893,0,2.1320321921039729,0.79158222578816528,0.85748951566907239,0,0.038202009332344994,0.028095044207320435,0,0.038202009332344994,0,2,1.5178861889954818,15,30,0.23729043896459806,0.22434753633798235,122,0,0,10,13.24800000000039,0.69549836748581428,static,6531.9641384009701,6088.6008615990313,0,0,0.037922406569123268,0.029005687683820724,0.0061995061114430428,0.035653099417686462,9.7407959401607513e-05,0.073672913946211338,13.992000000000418,0.74400000000002819,3.5,1,1,1,1,1,1,timeseries/trace_0018_rig_dynamics_joint.csv,exact_runtime_observations,
trace_0019,rig_dynamics_joint,Joint rig-dynamics profile,ok,/home/ksha/Documents/sbel/offroad-control/benchmarking/results/joint_b4_scope_seed94627135/collection/raw/trace_0019/attempt_01/sensor_trace.csv,330658d9f3e80fd84030206c56ccfd9032e046a04763714790176c38b3a63b44,790,7,392,0.7287206991142503,0.7287206991142503,0.74910253280645056,0.74910253280645056,0.19226527283187525,0.16019808312798375,20.820918825526231,20.820918825526231,10.212960132434061,10.212960132434061,6.683052052698752,2.5267864900038179,4,4,4,4,169,11,11,11,16,0,1,0,13.24800000000039,0.99973999415106052,0.038483241104293499,0.013626982378086289,0,rig_dynamics_joint_accepted_v2,1,1,4,0.74910253280645056,10.212960132434061,0,1.5198885694187498,0.13048238594308723,1.2071008985726324,0,0.020355466417996466,0.12402953125811951,0,0.12402953125811951,0,2,0.7074840875672892,11,22,0.066206057807479096,0.062218183295390389,38,0,0,4,13.24800000000039,0.4281117437345468,static,6531.9641384009701,6088.6008615990313,0,0,0.046611607074737549,0.035059673711657524,0.00017176847904920578,0.035594284534454346,7.9993158578872681e-05,0.082285884767770767,13.968000000000417,0.72000000000002728,3.5,1,1,1,1,1,1,timeseries/trace_0019_rig_dynamics_joint.csv,exact_runtime_observations,
trace_0020,rig_dynamics_joint,Joint rig-dynamics profile,ok,/home/ksha/Documents/sbel/offroad-control/benchmarking/results/joint_b4_scope_seed94627135/collection/raw/trace_0020/attempt_01/sensor_trace.csv,abd48bf01b210c21ab57e1d8e8c1095f546b18660251e135bd98c4c503659fec,822,7,408,0.57579763616629565,0.57579763616629565,0.4942391861106708,0.4942391861106708,0.11184959079359222,0.047087474537363554,31.573348580517436,31.573348580517436,32.176518712449976,32.176518712449976,5.2281199703772767,2.9384292553400448,10,10,10,10,292,16,16,17,10,0,3,1,13.24800000000039,1.0032934305610801,-0.068685600279762171,-0.0082903080255802408,0,rig_dynamics_joint_accepted_v2,1,1,10,0.4942391861106708,32.176518712449976,0,2.5199571238614951,1.3381132537126321,1.0446052965067856,0,0.03127432312651586,0.070938518101648265,0,0.070938518101648265,0,2,2.0625611708893019,16,32,0.23426652492444366,0.1591244762634032,124,0,0,10,13.24800000000039,0.78299420830921962,static,6531.9641384009701,6088.6008615990313,0,0,0.048233652487397194,0.069009516388177872,0.0096259284764528275,0.079073484987020493,8.0442987382411957e-05,0.1273875804618001,13.980000000000418,0.73200000000002774,3.5,1,1,1,1,1,1,timeseries/trace_0020_rig_dynamics_joint.csv,exact_runtime_observations,
trace_0021,rig_dynamics_joint,Joint rig-dynamics profile,ok,/home/ksha/Documents/sbel/offroad-control/benchmarking/results/joint_b4_scope_seed94627135/collection/raw/trace_0021/attempt_01/sensor_trace.csv,6896146ddce57ae0bfa2d0252696d4e663a81588d685861bf73c67d343ac67b0,834,7,411,0.5661297550689961,0.5661297550689961,0.48402690976401047,0.48402690976401047,0.10305095610366873,0.039992057075353672,32.825682073482128,32.825682073482128,34.119354846987235,34.119354846987235,5.1783763162895564,2.7975095378990948,9,9,9,9,264,14,14,16,11,0,4,1,13.24800000000039,1.0143875435893028,-0.067516124806183436,-0.015985866158981524,0,rig_dynamics_joint_accepted_v2,1,1,9,0.48402690976401047,34.119354846987235,0,2.6786721201806638,1.5106720842151826,1.1435804123498334,0,0.03340401837118645,0.19234071693916063,0,0.19234071693916063,0,2,1.1061504448960049,14,28,0.27246368379044944,0.22579608581713567,105,0,0,9,13.24800000000039,0.69485008579929919,static,6531.9641384009701,6088.6008615990313,0,0,0.044710194692015648,0.03240596130490303,0.00017491728067398071,0.044938207603991032,5.8135949075222015e-05,0.089706538245081902,13.992000000000418,0.74400000000002819,3.5,1,1,1,1,1,1,timeseries/trace_0021_rig_dynamics_joint.csv,exact_runtime_observations,
trace_0022,rig_dynamics_joint,Joint rig-dynamics profile,ok,/home/ksha/Documents/sbel/offroad-control/benchmarking/results/joint_b4_scope_seed94627135/collection/raw/trace_0022/attempt_01/sensor_trace.csv,7b1f23c0772fbd4152b19e527ac24f055cfbd18c1ed87a37a30d74a0f6d8a4cf,853,7,416,0.72802531213678523,0.72802531213678523,0.74334216334838621,0.74334216334838621,0.18152007777046006,0.15625594356019493,22.907469276220642,22.907469276220642,17.790957931158189,17.790957931158189,6.4348284960896924,3.4166258095011637,8,8,8,8,229,15,15,15,12,0,2,0,13.24800000000039,0.99958285623904541,-0.0043587839746920846,0.001880352474985315,0,rig_dynamics_joint_accepted_v2,1,1,8,0.74334216334838621,17.790957931158189,0,1.4436563336032391,0.14239028022752065,0.92336341180728909,0,0.01479499406939138,0.0020400533001385438,0,0.01479499406939138,0,2,0.45146456289862819,15,30,0.1648349414625811,0.098440413892167317,92,0,0,8,13.24800000000039,0.47954767748877497,static,6531.9641384009701,6088.6008615990313,0,0,0.046149692498147488,0.062158197164535522,0.00016505271196365356,0.062669110484421253,7.1995891630649567e-05,0.10889079887419939,13.992000000000418,0.74400000000002819,3.5,1,1,1,1,1,1,timeseries/trace_0022_rig_dynamics_joint.csv,exact_runtime_observations,
trace_0023,rig_dynamics_joint,Joint rig-dynamics profile,ok,/home/ksha/Documents/sbel/offroad-control/benchmarking/results/joint_b4_scope_seed94627135/collection/raw/trace_0023/attempt_01/sensor_trace.csv,ad3034fa43ed54f247e2286147ee5c20265b816d0db53a4e6b3527b8e677d707,825,7,413,0.67975815332617107,0.67975815332617107,0.65274713488884339,0.65274713488884339,0.18442418229872284,0.14446286845450515,26.100488599570536,26.100488599570536,21.099966088508644,21.099966088508644,7.797056729394118,3.9765016564356057,5,5,5,5,147,12,12,12,15,0,7,0,13.24800000000039,0.99998188932981757,0.022387270596915525,0.00679798879651699,0,rig_dynamics_joint_accepted_v2,1,1,5,0.65274713488884339,21.099966088508644,0,1.4833884127662911,0.23992003109528295,0.74057725233734029,0,0.024066422524770995,2.2308060442759048e-05,0,0.024066422524770995,0,2,0.79862764702336542,12,24,0.19360169672969543,0.22752401999921554,50,0,0,5,13.24800000000039,0.5074992140918313,static,6531.9641384009701,6088.6008615990313,0,0,0.059580590575933456,0.048892196267843246,0.0001551331952214241,0.049386525526642799,7.1057118475437164e-05,0.10903817322105169,13.980000000000418,0.73200000000002774,3.5,1,1,1,1,1,1,timeseries/trace_0023_rig_dynamics_joint.csv,exact_runtime_observations,
trace_0024,rig_dynamics_joint,Joint rig-dynamics profile,ok,/home/ksha/Documents/sbel/offroad-control/benchmarking/results/joint_b4_scope_seed94627135/collection/raw/trace_0024/attempt_01/sensor_trace.csv,dcc785bdaaee364370fceb278e3ff9eb5f13fc6ae339f997ff9f84b1649463ed,809,7,394,0.55209220130108383,0.55209220130108383,0.48828979337927986,0.48828979337927986,0.092161601083608935,0.037628003126163496,31.893036022686921,31.893036022686921,33.74748752976938,33.74748752976938,5.0257057586636824,2.740007555112868,9,9,9,9,281,15,16,16,11,0,3,1,12.744000000000371,1.0114512386395871,-0.072059890771905707,-0.0036076340972753221,0,rig_dynamics_joint_accepted_v2,1,1,9,0.48828979337927986,33.74748752976938,0,2.722089888411134,1.5530743538032117,1.1371206439597321,0,0.023309888216162578,0.14606160006146574,0,0.14606160006146574,0,2,1.9293263027151442,16,32,0.22364432662992872,0.32828426613541878,108,0,0,9,12.744000000000371,0.73925983794001204,static,6531.9641384009701,6088.6008615990313,0,0,0.038742018863558769,0.028823127970099449,0.00015630200505256653,0.029321912676095963,5.7146884500980377e-05,0.068121078424155712,13.992000000000418,1.2480000000000473,3.5,1,1,1,1,1,1,timeseries/trace_0024_rig_dynamics_joint.csv,exact_runtime_observations,
trace_0025,rig_dynamics_joint,Joint rig-dynamics profile,ok,/home/ksha/Documents/sbel/offroad-control/benchmarking/results/joint_b4_scope_seed94627135/collection/raw/trace_0025/attempt_01/sensor_trace.csv,555dc4af44a07f2d53e3ea34256f1b2f1aa9497b920ae31b1a7530c3788f1512,862,7,427,0.7245596919046231,0.7245596919046231,0.74924464867183549,0.74924464867183549,0.18602360767721021,0.16012983760265104,21.503926595223099,21.503926595223099,14.392830062421353,14.392830062421353,6.4262454314662874,2.9538434607112309,7,7,7,7,216,14,14,14,13,0,2,0,13.24800000000039,1.0016468031264361,-0.0035055631701199079,0.011536016783199833,0,rig_dynamics_joint_accepted_v2,1,1,7,0.74924464867183549,14.392830062421353,0,1.5058417158394863,0.12206730247425744,1.0637904326334275,0,0.017983493807045378,0.014931161370064724,0,0.017983493807045378,0,2,0.62815256033779399,14,28,0.1894739900329015,0.11017882750327888,77,0,0,7,13.24800000000039,0.4781911628671589,static,6531.9641384009701,6088.6008615990313,0,0,0.032037580385804176,0.038924664258956909,0.00016356725245714188,0.039423522539436817,6.9709494709968567e-05,0.071530812419950962,13.980000000000418,0.73200000000002774,3.5,1,1,1,1,1,1,timeseries/trace_0025_rig_dynamics_joint.csv,exact_runtime_observations,
trace_0026,rig_dynamics_joint,Joint rig-dynamics profile,ok,/home/ksha/Documents/sbel/offroad-control/benchmarking/results/joint_b4_scope_seed94627135/collection/raw/trace_0026/attempt_01/sensor_trace.csv,12034d0f2760e9ea5188da45cb0c41e27381d665b3c6081cb636c815c3b3cc10,863,7,429,0.67326634468373092,0.67326634468373092,0.639033741095135,0.639033741095135,0.18162446727356193,0.15293044227114788,23.001732031916706,23.001732031916706,17.811354363664297,17.811354363664297,6.5897932269428496,3.8054163653259878,6,6,6,6,242,13,13,13,14,0,4,0,13.24800000000039,1.0028546855252705,0.056068667828043678,-0.0023617480038198241,0,rig_dynamics_joint_accepted_v2,1,1,6,0.639033741095135,17.811354363664297,0,1.4690037533978648,0.22063326061099184,0.77992606343407689,0,0.031278156278142323,0.00076506891116702252,0,0.031278156278142323,0,2,1.0681469596836137,13,26,0.19770223506279525,0.21546282846334938,63,0,0,6,13.24800000000039,0.48254458870482314,static,6531.9641384009701,6088.6008615990313,0,0,0.028704447671771049,0.026175773702561855,0.00018738210201263428,0.02678535133600235,9.8178163170814514e-05,0.055587977170944214,13.980000000000418,0.73200000000002774,3.5,1,1,1,1,1,1,timeseries/trace_0026_rig_dynamics_joint.csv,exact_runtime_observations,
trace_0027,rig_dynamics_joint,Joint rig-dynamics profile,ok,/home/ksha/Documents/sbel/offroad-control/benchmarking/results/joint_b4_scope_seed94627135/collection/raw/trace_0027/attempt_01/sensor_trace.csv,ceb0a4ee4df5717d9326e7cb2e707db9e0f4322628be764ad00ec93f763b2e65,833,7,408,0.60188424203270974,0.60188424203270974,0.53130973597920517,0.53130973597920517,0.12969118628863352,0.074297859118513887,30.873340543771054,30.873340543771054,30.640539766237907,30.640539766237907,5.6631099252158963,3.6241655647968134,10,10,10,10,292,15,15,17,10,0,4,1,13.24800000000039,1.0032348502183608,-0.031891621645093494,0.0058012509879519815,0,rig_dynamics_joint_accepted_v2,1,1,10,0.53130973597920517,30.640539766237907,0,2.2355118880481859,0.9297731368767933,0.8625126620833895,0,0.034042249859162571,0.063725637816079594,0,0.063725637816079594,0,2,1.4682418629384479,15,30,0.23835118814765302,0.14338665624306429,122,0,0,10,13.24800000000039,0.73440374548699017,static,6531.9641384009701,6088.6008615990313,0,0,0.060013594105839729,0.052816119976341724,0.00017172656953334808,0.053421434015035629,9.5752067863941193e-05,0.1135307801887393,13.980000000000418,0.73200000000002774,3.5,1,1,1,1,1,1,timeseries/trace_0027_rig_dynamics_joint.csv,exact_runtime_observations,
trace_0028,rig_dynamics_joint,Joint rig-dynamics profile,ok,/home/ksha/Documents/sbel/offroad-control/benchmarking/results/joint_b4_scope_seed94627135/collection/raw/trace_0028/attempt_01/sensor_trace.csv,4e7be5379347eb4b63656b0a517b97cd8910b7bc5b338d59d4d50458cb59c7bd,858,7,431,0.70705495609633717,0.70705495609633717,0.77529259719770582,0.77529259719770582,0.16392216976565521,0.12700521848551619,31.232099425508462,31.232099425508462,33.423914475220812,33.423914475220812,6.1474717366527853,4.0313792708437441,11,11,11,11,336,16,16,18,9,0,2,1,13.24800000000039,0.99800025426955541,-0.028640013562386213,0.0081626654440867911,0,rig_dynamics_joint_accepted_v2,1,1,11,0.77529259719770582,33.423914475220812,0,1.4941099706813941,0.3680424083959688,0.89439849510732539,0,0.0029001914207250363,0.22035006133542709,0,0.22035006133542709,0,2,0.50724984225571479,16,32,0.20499593986784548,0.13655235359722126,140,0,0,11,13.24800000000039,0.43936285338468306,static,6531.9641384009701,6088.6008615990313,0,0,0.027198627591133118,0.0069839628413319588,0.00017089396715164185,0.007572658360004425,0.00010183081030845642,0.034873116761445999,13.968000000000417,0.72000000000002728,3.5,1,1,1,1,1,1,timeseries/trace_0028_rig_dynamics_joint.csv,exact_runtime_observations,
trace_0029,rig_dynamics_joint,Joint rig-dynamics profile,ok,/home/ksha/Documents/sbel/offroad-control/benchmarking/results/joint_b4_scope_seed94627135/collection/raw/trace_0029/attempt_01/sensor_trace.csv,661a2e3541c0e384d377ae142c4d6db40fe17a60eddd990d31d07f368c5863c1,862,7,422,0.70698911786111307,0.70698911786111307,0.70422478757293572,0.70422478757293572,0.17574800260005902,0.14816458742769589,22.847090451495372,22.847090451495372,17.81791851434895,17.81791851434895,6.2108471826766989,3.3585889549477619,8,8,8,8,243,15,15,15,12,0,2,1,13.24800000000039,0.99795421021549113,0.012349915119920101,0.011176416570889103,0,rig_dynamics_joint_accepted_v2,1,1,8,0.70422478757293572,17.81791851434895,0,1.554500649835989,0.19293296905013621,0.93007561445135234,0,0.016743034974719708,0.00081448745034273448,0,0.016743034974719708,0,2,0.48932399918479491,15,30,0.21457809585635429,0.12416536367255376,92,0,0,8,13.24800000000039,0.51289080971187162,static,6531.9641384009701,6088.6008615990313,0,0,0.028065970167517662,0.036143507808446884,0.00016647391021251678,0.036722555756568909,6.8474560976028442e-05,0.064857000485062599,13.992000000000418,0.74400000000002819,3.5,1,1,1,1,1,1,timeseries/trace_0029_rig_dynamics_joint.csv,exact_runtime_observations,
trace_0030,rig_dynamics_joint,Joint rig-dynamics profile,ok,/home/ksha/Documents/sbel/offroad-control/benchmarking/results/joint_b4_scope_seed94627135/collection/raw/trace_0030/attempt_01/sensor_trace.csv,310ba7d2f14b9f8417aa107745045eca7e225506ec0ad8203a861e2ea77eba7f,857,7,422,0.72469546135924212,0.72469546135924212,0.74745954264360703,0.74745954264360703,0.18766355487011102,0.16760734838227204,22.320793465100586,22.320793465100586,17.299964491912529,17.299964491912529,6.3664374530367134,3.4449113588974085,8,8,8,8,238,15,15,15,12,0,2,0,13.24800000000039,0.99549301053554506,0.013699828107030305,0.008269989988200676,0,rig_dynamics_joint_accepted_v2,1,1,8,0.74745954264360703,17.299964491912529,0,1.3899858578959252,0.089207838196491668,0.91308608045830908,0,0.018169706146522507,0.0028202415076074815,0,0.018169706146522507,0,2,0.5262358941183678,15,30,0.19118193037002384,0.11034258669169822,92,0,0,8,13.24800000000039,0.4454275737065721,static,6531.9641384009701,6088.6008615990313,0,0,0.045352882705628872,0.071139196865260601,0.0001542242243885994,0.071643455885350704,7.1750953793525696e-05,0.1170680895447731,13.980000000000418,0.73200000000002774,3.5,1,1,1,1,1,1,timeseries/trace_0030_rig_dynamics_joint.csv,exact_runtime_observations,
trace_0031,rig_dynamics_joint,Joint rig-dynamics profile,ok,/home/ksha/Documents/sbel/offroad-control/benchmarking/results/joint_b4_scope_seed94627135/collection/raw/trace_0031/attempt_01/sensor_trace.csv,0784019b20050ae0cc29ae321e577edfbec741d950fde1ce7d838988574b1014,830,7,412,0.84266971609041774,0.84266971609041774,0.89641313462790584,0.89641313462790584,0.15543606470448776,0.12446668706464316,29.724056681453824,29.724056681453824,27.763570380748565,27.763570380748565,5.9874833224677797,3.7473014981065136,10,10,10,10,293,16,16,17,10,0,3,0,13.23600000000039,1.0004208409090602,-0.013820322147111702,0.0093948016226345597,0,rig_dynamics_joint_accepted_v2,1,1,10,0.89641313462790584,27.763570380748565,0,1.3269071934988794,0.43271267384569151,0.79481772345459178,0,0.018822889411474968,0.0049693031462106066,0,0.018822889411474968,0,2,0.21562989234837568,16,32,0.21429303376674769,0.13272031737218937,124,0,0,10,13.23600000000039,0.52953735483923192,static,6531.9641384009701,6088.6008615990313,0,0,0.038370558992028236,0.084915035404264927,0.000161721371114254,0.085428772494196892,7.4771232903003693e-05,0.12387410271912813,13.980000000000418,0.74400000000002819,3.5,1,1,1,1,1,1,timeseries/trace_0031_rig_dynamics_joint.csv,exact_runtime_observations,
trace_0032,rig_dynamics_joint,Joint rig-dynamics profile,ok,/home/ksha/Documents/sbel/offroad-control/benchmarking/results/joint_b4_scope_seed94627135/collection/raw/trace_0032/attempt_01/sensor_trace.csv,f35e848eff58ff42f4cc029233f4ea1e5b583429412bbc4bd36e29df93bcadfc,803,7,394,0.69527521187782992,0.69527521187782992,0.6732229782029906,0.6732229782029906,0.19674759574397641,0.15668530373729345,27.00543024198226,27.00543024198226,18.761838504107686,18.761838504107686,8.5884457390584057,4.0849772613441866,3,3,3,3,81,10,10,10,17,0,4,1,13.24800000000039,1.0012641776374345,0.039070257278129288,0.0071454032075786971,0,rig_dynamics_joint_accepted_v2,1,1,3,0.6732229782029906,18.761838504107686,0,1.2650663808441323,0.16410162228529376,0.70592452307281706,0,0.02405047863183751,0.0012143341845909904,0,0.02405047863183751,0,2,0.63386162523076339,10,20,0.28676863174010436,0.30921313198891015,27,0,0,3,13.24800000000039,0.44545077086286838,static,6531.9641384009701,6088.6008615990313,0,0,0.041363677941262722,0.010545458644628525,0.0001883339136838913,0.011174309067428112,0.00010545831173658371,0.052643445320427418,13.980000000000418,0.73200000000002774,3.5,1,1,1,1,1,1,timeseries/trace_0032_rig_dynamics_joint.csv,exact_runtime_observations,
trace_0033,rig_dynamics_joint,Joint rig-dynamics profile,ok,/home/ksha/Documents/sbel/offroad-control/benchmarking/results/joint_b4_scope_seed94627135/collection/raw/trace_0033/attempt_01/sensor_trace.csv,cb04d7521ec11daeeab0adbbc13aeec29eceaad580e2e8722259a96cbc13fc34,811,7,406,0.63748819451202787,0.63748819451202787,0.59417815417655129,0.59417815417655129,0.15595762558141135,0.12591968492597291,27.261288399433091,27.261288399433091,25.77574604428597,25.77574604428597,6.5562439424296741,4.4140429513553894,7,7,7,7,260,13,13,14,13,0,5,1,13.260000000000391,0.99997202814914965,-0.0022224849192886368,-0.011186389879429031,0,rig_dynamics_joint_accepted_v2,1,1,7,0.59417815417655129,25.77574604428597,0,1.7650671806337086,0.414240400228372,0.67299663761723849,0,0.038793200437233374,0.0025559026073335559,0,0.038793200437233374,0,2,0.82949881203105569,13,26,0.14181012219619438,0.17748062013670324,76,0,0,7,13.260000000000391,0.58159141425856276,static,6531.9641384009701,6088.6008615990313,0,0,0.047335818409919739,0.031254305504262447,0.00017317105084657669,0.03178941085934639,7.6033174991607666e-05,0.079201262444257736,13.980000000000418,0.72000000000002728,3.5,1,1,1,1,1,1,timeseries/trace_0033_rig_dynamics_joint.csv,exact_runtime_observations,
trace_0034,rig_dynamics_joint,Joint rig-dynamics profile,ok,/home/ksha/Documents/sbel/offroad-control/benchmarking/results/joint_b4_scope_seed94627135/collection/raw/trace_0034/attempt_01/sensor_trace.csv,22179f8e1a9d36663da2840363c5ff8b815fa521ee96380c02ef13b244cb2d5c,843,7,424,0.59970672914378631,0.59970672914378631,0.52220906997265937,0.52220906997265937,0.13917105470115743,0.075600031882082919,29.529107289148154,29.529107289148154,29.676891998598268,29.676891998598268,6.03320984073767,3.5892922585140439,9,9,9,9,279,15,15,16,11,0,4,1,13.23600000000039,0.99590984123213555,-0.027506915486574406,-0.018035345420227732,0,rig_dynamics_joint_accepted_v2,1,1,9,0.52220906997265937,29.676891998598268,0,2.2322032571937926,0.93098922820320018,0.88143368211810635,0,0.038203560353433322,0.044890691461628503,0,0.044890691461628503,0,2,1.4377752095907985,15,30,0.20797130062566385,0.15943159989942066,107,0,0,9,13.23600000000039,0.75062976623050404,static,6531.9641384009701,6088.6008615990313,0,0,0.050936304964125156,0.087077345699071884,0.00019513536244630814,0.087706767953932285,9.6434727311134338e-05,0.13873950764536858,13.980000000000418,0.74400000000002819,3.5,1,1,1,1,1,1,timeseries/trace_0034_rig_dynamics_joint.csv,exact_runtime_observations,
trace_0035,rig_dynamics_joint,Joint rig-dynamics profile,ok,/home/ksha/Documents/sbel/offroad-control/benchmarking/results/joint_b4_scope_seed94627135/collection/raw/trace_0035/attempt_01/sensor_trace.csv,a68658cc2c77bcdae64b112bd90751dafeb444a524f13c03fa6bdb08431a7624,849,7,404,0.77005490231235751,0.77005490231235751,0.8210139763558284,0.8210139763558284,0.17917700080180402,0.1522667959824611,22.612137279276933,22.612137279276933,17.965067813288719,17.965067813288719,5.9407000303442485,2.7886336007384331,8,8,8,8,232,15,15,15,12,0,2,0,13.24800000000039,1.0048230023658666,-0.0083683279400603317,0.018187610302151422,0,rig_dynamics_joint_accepted_v2,1,1,8,0.8210139763558284,17.965067813288719,0,1.544550954503572,0.1841349259755915,1.1305198834534596,0,0.017246927753730955,0.0010992638431546018,0,0.017246927753730955,0,2,0.77225366277930729,15,30,0.11449942172922187,0.16781780609482638,92,0,0,8,13.24800000000039,0.50171664709683894,static,6531.9641384009701,6088.6008615990313,0,0,0.045963343232870102,0.035760629922151566,0.00017467793077230453,0.036365113221108913,9.7601674497127533e-05,0.082426058128476143,13.980000000000418,0.73200000000002774,3.5,1,1,1,1,1,1,timeseries/trace_0035_rig_dynamics_joint.csv,exact_runtime_observations,
trace_0036,rig_dynamics_joint,Joint rig-dynamics profile,ok,/home/ksha/Documents/sbel/offroad-control/benchmarking/results/joint_b4_scope_seed94627135/collection/raw/trace_0036/attempt_01/sensor_trace.csv,861fa22b330b53ca8ee5fc90653165857e00a505f70902faa20a73df74d572d5,851,7,418,0.77314884999844125,0.77314884999844125,0.83178927535625202,0.83178927535625202,0.16767330683652068,0.13891084765457573,28.332788415437765,28.332788415437765,27.607130896313866,27.607130896313866,6.3940692572293516,3.9888351061056628,9,9,9,9,272,16,16,16,11,0,2,0,13.24800000000039,1.001551049767762,-0.012309474553047369,-0.0022572521152827802,0,rig_dynamics_joint_accepted_v2,1,1,9,0.83178927535625202,27.607130896313866,0,1.2444903326882355,0.29365649498317925,0.74421100246331262,0,0.0085835248363806474,0.0047206210612934429,0,0.0085835248363806474,0,2,0.15257971199809633,16,32,0.16665798296216333,0.18096391844530249,108,0,0,9,13.24800000000039,0.48674034612044403,static,6531.9641384009701,6088.6008615990313,0,0,0.045419476926326752,0.042883210815489292,0.00015372689813375473,0.043379366397857666,7.082521915435791e-05,0.088869668543338776,13.992000000000418,0.74400000000002819,3.5,1,1,1,1,1,1,timeseries/trace_0036_rig_dynamics_joint.csv,exact_runtime_observations,
trace_0037,rig_dynamics_joint,Joint rig-dynamics profile,ok,/home/ksha/Documents/sbel/offroad-control/benchmarking/results/joint_b4_scope_seed94627135/collection/raw/trace_0037/attempt_01/sensor_trace.csv,5912bcb668232ab0ce39b1ebe7241e4e3113f5441359fea9c8164ba30c6c3b7f,830,7,405,0.735458777323869,0.735458777323869,0.81012726621326125,0.81012726621326125,0.17659861836307567,0.15017982002849592,29.242114721055689,29.242114721055689,29.494902982714393,29.494902982714393,6.3102102248197873,3.610217755776806,9,9,9,9,264,15,15,16,11,0,4,0,13.23600000000039,1.003846471331616,-0.0025531553467014537,0.0081073280188697448,0,rig_dynamics_joint_accepted_v2,1,1,9,0.81012726621326125,29.494902982714393,0,1.4652461029918169,0.21433788051851133,0.89731672371989368,0,0.0097112624753725729,0.0060968503448928868,0,0.0097112624753725729,0,2,0.68588555836508658,15,30,0.22666562556616399,0.13714072285435033,107,0,0,9,13.23600000000039,0.49901113965293398,static,6531.9641384009701,6088.6008615990313,0,0,0.041634057648479939,0.01578545942902565,0.00016732793301343918,0.016358807682991028,9.0276822447776794e-05,0.058083142153918743,13.992000000000418,0.75600000000002865,3.5,1,1,1,1,1,1,timeseries/trace_0037_rig_dynamics_joint.csv,exact_runtime_observations,
trace_0038,rig_dynamics_joint,Joint rig-dynamics profile,ok,/home/ksha/Documents/sbel/offroad-control/benchmarking/results/joint_b4_scope_seed94627135/collection/raw/trace_0038/attempt_01/sensor_trace.csv,0aff5809219587654d99fc8ee9c7db84b82c09165cdcf0e23b43b775d19326be,867,7,419,0.71083276983965693,0.71083276983965693,0.72522778047259839,0.72522778047259839,0.19164995239058966,0.16683358179130175,22.617097560613761,22.617097560613761,11.355405640831176,11.355405640831176,7.1931605071594937,2.610397093774703,4,4,4,4,156,11,11,11,16,0,2,0,13.24800000000039,1.0010145276962561,0.055285201568045998,-0.014568423438034399,0,rig_dynamics_joint_accepted_v2,1,1,4,0.72522778047259839,11.355405640831176,0,1.5484886935216562,0.097269916387860617,1.1679512040488902,0,0.023544412551367924,0.063951038566929755,0,0.063951038566929755,0,2,1.3442082178215842,11,22,0.079370391170777321,0.15621582381337423,38,0,0,4,13.24800000000039,0.4469345545988439,static,6531.9641384009701,6088.6008615990313,0,0,0.051879685372114182,0.041358305141329765,0.00016159843653440475,0.041851506568491459,7.2274357080459595e-05,0.0938034662976861,13.992000000000418,0.74400000000002819,3.5,1,1,1,1,1,1,timeseries/trace_0038_rig_dynamics_joint.csv,exact_runtime_observations,
trace_0039,rig_dynamics_joint,Joint rig-dynamics profile,ok,/home/ksha/Documents/sbel/offroad-control/benchmarking/results/joint_b4_scope_seed94627135/collection/raw/trace_0039/attempt_01/sensor_trace.csv,0f934c01e77827fe8d910be1f3708eaca1da1cb218a4f60d66855bdf946ee2de,850,7,398,0.69452530285317193,0.69452530285317193,0.68302205365056146,0.68302205365056146,0.17736516376681422,0.14119149356673727,21.639300797093014,21.639300797093014,14.554889452278125,14.554889452278125,6.3972965731246916,2.9920356700845425,7,7,7,7,202,14,14,14,13,0,3,0,13.24800000000039,0.99980753588380389,0.064510547511153996,0.0096099897525490727,0,rig_dynamics_joint_accepted_v2,1,1,7,0.68302205365056146,14.554889452278125,0,1.6683917910974393,0.24655837128718389,1.0354567121394498,0,0.018988330966035753,0.0086557915408767665,0,0.018988330966035753,0,2,0.60177831831559681,14,28,0.23288879087831879,0.095893886655945185,77,0,0,7,13.24800000000039,0.54338918332642405,static,6531.9641384009701,6088.6008615990313,0,0,0.041021907702088356,0.026716217398643494,0.00017723999917507172,0.027322898618876934,9.3920156359672546e-05,0.068438726477324963,13.992000000000418,0.74400000000002819,3.5,1,1,1,1,1,1,timeseries/trace_0039_rig_dynamics_joint.csv,exact_runtime_observations,
trace_0040,rig_dynamics_joint,Joint rig-dynamics profile,ok,/home/ksha/Documents/sbel/offroad-control/benchmarking/results/joint_b4_scope_seed94627135/collection/raw/trace_0040/attempt_01/sensor_trace.csv,5fd7daa95351a599371d3f8c0aa8b3eaeb908c5c0bd3ea1f04ab6d972e7f0b5f,827,7,411,0.67644899764150901,0.67644899764150901,0.64600180464441015,0.64600180464441015,0.17763615122334242,0.14835822768628748,26.346697138652196,26.346697138652196,23.223000024848488,23.223000024848488,7.1498999026374186,4.5195634401660536,4,4,4,4,205,11,11,11,16,0,8,0,12.252000000000352,1.0019888463549529,0.0043127616447546169,0.0038939948523472267,0,rig_dynamics_joint_accepted_v2,1,1,4,0.64600180464441015,23.223000024848488,0,1.3656170975414104,0.2280285164099887,0.6154659006467289,0,0.02646211126479962,0.00020947736880237803,0,0.02646211126479962,0,2,0.54331481296600104,11,22,0.30236876520192829,0.17187610383536195,38,0,0,4,12.252000000000352,0.4791127929766873,static,6531.9641384009701,6088.6008615990313,0,0,0.050169751048088074,0.052289676852524281,0.00017485395073890686,0.0528724305331707,9.5491297543048859e-05,0.10313767287880182,13.980000000000418,1.7280000000000655,3.5,1,1,1,1,1,1,timeseries/trace_0040_rig_dynamics_joint.csv,exact_runtime_observations,
trace_0041,rig_dynamics_joint,Joint rig-dynamics profile,ok,/home/ksha/Documents/sbel/offroad-control/benchmarking/results/joint_b4_scope_seed94627135/collection/raw/trace_0041/attempt_01/sensor_trace.csv,8c58451f2885050e7f5d047e370cfaa8c9f071acec522cdbb7733c2359500612,840,7,405,0.69806383074514866,0.69806383074514866,0.67296039488914527,0.67296039488914527,0.20491603385292886,0.17708219878776613,27.904976618425827,27.904976618425827,13.707432084912481,13.707432084912481,9.3096118308552516,3.7719111011254474,1,1,1,1,29,8,8,8,19,0,6,0,13.25400000000039,0.99995347099835019,-0.0052591827243579307,-0.0073471326866522361,0,rig_dynamics_joint_accepted_v2,1,1,1,0.67296039488914527,13.707432084912481,0,1.1825717425650004,0.095812671629982055,0.79239352719661138,0,0.035484290782978052,0.037381666976909894,0,0.037381666976909894,0,2,0.60905475453142566,8,16,0.13495399482336229,0.093829754523859388,8,0,0,1,13.25400000000039,0.38557926190280811,static,6531.9641384009701,6088.6008615990313,0,0,0.060189073905348778,0.028845922090113163,0.00017640553414821625,0.029417244717478752,9.4276852905750275e-05,0.08970059547573328,13.992000000000418,0.73800000000002797,3.5,1,1,1,1,1,1,timeseries/trace_0041_rig_dynamics_joint.csv,exact_runtime_observations,
trace_0042,rig_dynamics_joint,Joint rig-dynamics profile,ok,/home/ksha/Documents/sbel/offroad-control/benchmarking/results/joint_b4_scope_seed94627135/collection/raw/trace_0042/attempt_01/sensor_trace.csv,b7c2524e3038a780933b1070c29ae60526445baa487e16f56ec2de651fbce96e,849,7,415,0.73396962079672978,0.73396962079672978,0.76537901808755582,0.76537901808755582,0.18648901024184691,0.16209692314631663,22.433823035819714,22.433823035819714,15.708529035917083,15.708529035917083,6.5545604198210752,3.0857259752114978,7,7,7,7,206,14,14,14,13,0,2,0,13.23600000000039,0.99699864608592348,-0.022191071760927678,0.009952705477808077,0,rig_dynamics_joint_accepted_v2,1,1,7,0.76537901808755582,15.708529035917083,0,1.4476665487174765,0.11369896856764569,1.0222237059433292,0,0.01733108466640431,0.007459617408151824,0,0.01733108466640431,0,2,0.54975965962889894,14,28,0.13560391144500586,0.11414761426504803,77,0,0,7,13.23600000000039,0.46602675955872264,static,6531.9641384009701,6088.6008615990313,0,0,0.061368247494101524,0.038371804170310497,0.00017739739269018173,0.038970036432147026,9.357742965221405e-05,0.10043186135590076,13.980000000000418,0.74400000000002819,3.5,1,1,1,1,1,1,timeseries/trace_0042_rig_dynamics_joint.csv,exact_runtime_observations,
trace_0043,rig_dynamics_joint,Joint rig-dynamics profile,ok,/home/ksha/Documents/sbel/offroad-control/benchmarking/results/joint_b4_scope_seed94627135/collection/raw/trace_0043/attempt_01/sensor_trace.csv,e3e7a25ea6d44fb20f82531f393a9d06ccacb72b08b0bf01ce5e57a841117e2a,832,7,407,0.7485494980263756,0.7485494980263756,0.78761543259110345,0.78761543259110345,0.18981327478272561,0.16018052176278266,21.094546531212085,21.094546531212085,11.01068355377199,11.01068355377199,6.6842876137896257,2.509060852524621,5,5,5,5,176,12,12,12,15,0,2,0,13.24800000000039,1.0021191170648729,-0.0059045659017328738,0.013035889600481314,0,rig_dynamics_joint_accepted_v2,1,1,5,0.78761543259110345,11.01068355377199,0,1.5000747933513365,0.13463027579778253,1.203329298768536,0,0.021397788912683902,0.072058056583027025,0,0.072058056583027025,0,2,0.64178317320484757,12,24,0.14664107450543729,0.083449980861014739,50,0,0,5,13.24800000000039,0.45100780306586125,static,6531.9641384009701,6088.6008615990313,0,0,0.063829767517745495,0.04258302878588438,0.00017481297254562378,0.043129329569637775,7.2483904659748077e-05,0.10703158099204302,13.992000000000418,0.74400000000002819,3.5,1,1,1,1,1,1,timeseries/trace_0043_rig_dynamics_joint.csv,exact_runtime_observations,
trace_0044,rig_dynamics_joint,Joint rig-dynamics profile,ok,/home/ksha/Documents/sbel/offroad-control/benchmarking/results/joint_b4_scope_seed94627135/collection/raw/trace_0044/attempt_01/sensor_trace.csv,3e4fb5bbe196186f8e2bf508dddcdb15a5e32016f2560b93c5325ec10747a472,832,7,412,0.66652865692805607,0.66652865692805607,0.63975572896614308,0.63975572896614308,0.16194968569188337,0.123482402119849,28.152252017407157,28.152252017407157,26.784397115264579,26.784397115264579,6.9000298997177074,4.251225573308993,6,6,6,6,233,13,13,13,14,0,7,0,13.24800000000039,1.0023598433028378,0.023030772300465473,0.0049672210566772054,0,rig_dynamics_joint_accepted_v2,1,1,6,0.63975572896614308,26.784397115264579,0,1.7212966958557239,0.38143176929142419,0.69459074813934751,0,0.021750871276732527,0.0015234169273198445,0,0.021750871276732527,0,2,0.35131586470972931,13,26,0.19461185264623729,0.16867522586809533,63,0,0,6,13.24800000000039,0.59256664930197545,static,6531.9641384009701,6088.6008615990313,0,0,0.031678249128162861,0.035647744312882423,0.00014498643577098846,0.036111501045525074,6.457790732383728e-05,0.067854328081011772,13.992000000000418,0.74400000000002819,3.5,1,1,1,1,1,1,timeseries/trace_0044_rig_dynamics_joint.csv,exact_runtime_observations,
trace_0045,rig_dynamics_joint,Joint rig-dynamics profile,ok,/home/ksha/Documents/sbel/offroad-control/benchmarking/results/joint_b4_scope_seed94627135/collection/raw/trace_0045/attempt_01/sensor_trace.csv,949a568d460d191bf0c3ad486c4d5ce3ae6d9e000836e42b1aed36259bddf0c1,879,7,416,0.75458871190852339,0.75458871190852339,0.77801741213349029,0.77801741213349029,0.18494701715525361,0.15238949350195871,18.996586586281044,18.996586586281044,9.2807740405901704,9.2807740405901704,5.984415150480122,2.1784906518878073,6,6,6,6,209,13,13,13,14,0,0,0,13.24800000000039,1.0024031890114327,0.00053927268834839926,0.010037161236526674,0,rig_dynamics_joint_accepted_v2,1,1,6,0.77801741213349029,9.2807740405901704,0,1.6583216966404064,0.18075547504528008,1.3556580205298998,0,0.017702913056098647,0.16893606662768962,0,0.16893606662768962,0,2,0.78646753267205027,13,26,0.10343162547948255,0.17173401941064037,63,0,0,6,13.24800000000039,0.4364076432330673,static,6531.9641384009701,6088.6008615990313,0,0,0.055981401354074478,0.03879066277295351,0.00016843527555465698,0.039366338402032852,9.3549489974975586e-05,0.095441289246082306,13.968000000000417,0.72000000000002728,3.5,1,1,1,0,0,1,timeseries/trace_0045_rig_dynamics_joint.csv,exact_runtime_observations,
trace_0046,rig_dynamics_joint,Joint rig-dynamics profile,ok,/home/ksha/Documents/sbel/offroad-control/benchmarking/results/joint_b4_scope_seed94627135/collection/raw/trace_0046/attempt_01/sensor_trace.csv,6a3808d37d86663f6e1b4c692fc194807b78e6d52cfe5221578f6c22f0441721,826,7,389,0.71990061171045205,0.71990061171045205,0.72827294726121306,0.72827294726121306,0.19172691357935892,0.15262045943667629,21.743515248405448,21.743515248405448,12.062634073198673,12.062634073198673,6.8795450582194864,2.7700156052996778,5,5,5,5,166,12,12,12,15,0,1,0,13.23600000000039,0.99742591264850955,0.055041482124137203,0.0043716404072834687,0,rig_dynamics_joint_accepted_v2,1,1,5,0.72827294726121306,12.062634073198673,0,1.5547655310746205,0.16917941589293109,1.1131617568756429,0,0.017186810030827705,0.051647177401625728,0,0.051647177401625728,0,2,0.55218892853900847,12,24,0.15263203079249121,0.10050613495090861,50,0,0,5,13.23600000000039,0.48469832256325768,static,6531.9641384009701,6088.6008615990313,0,0,0.037881809286773205,0.040866311639547348,0.0001850910484790802,0.041459489613771439,0.00010109785944223404,0.079442396759986877,13.992000000000418,0.75600000000002865,3.5,1,1,1,1,1,1,timeseries/trace_0046_rig_dynamics_joint.csv,exact_runtime_observations,
trace_0047,rig_dynamics_joint,Joint rig-dynamics profile,ok,/home/ksha/Documents/sbel/offroad-control/benchmarking/results/joint_b4_scope_seed94627135/collection/raw/trace_0047/attempt_01/sensor_trace.csv,fc3856ea2fe343c46998ec247c627a9725f1d52796666bddc730e71994aa8af5,850,7,413,0.71258288552223326,0.71258288552223326,0.72748776157092698,0.72748776157092698,0.1846278790278823,0.15891146128430297,22.271209714456905,22.271209714456905,15.727047681446001,15.727047681446001,6.549491626278745,3.0984557775724606,7,7,7,7,205,14,14,14,13,0,3,0,13.23600000000039,0.99905054778409474,0.009856033477800473,0.013217322937324248,0,rig_dynamics_joint_accepted_v2,1,1,7,0.72748776157092698,15.727047681446001,0,1.5317987570550087,0.12916031704396766,1.016950355263073,0,0.018121545926520384,0.0049146101198094122,0,0.018121545926520384,0,2,0.49796932500382368,14,28,0.19111337656870314,0.10909742908220287,77,0,0,7,13.23600000000039,0.48436421855985162,static,6531.9641384009701,6088.6008615990313,0,0,0.056633421219885349,0.053432552143931389,0.00017897225916385651,0.054044859483838081,9.5787458121776581e-05,0.11077406816184521,13.980000000000418,0.74400000000002819,3.5,1,1,1,1,1,1,timeseries/trace_0047_rig_dynamics_joint.csv,exact_runtime_observations,
trace_0048,rig_dynamics_joint,Joint rig-dynamics profile,ok,/home/ksha/Documents/sbel/offroad-control/benchmarking/results/joint_b4_scope_seed94627135/collection/raw/trace_0048/attempt_01/sensor_trace.csv,a4569193f4494639647f7f71e95b0085fe63913fd04ac9fb7ba8094d9c80d97e,846,7,409,0.7854315686692056,0.7854315686692056,0.87227142231257204,0.87227142231257204,0.17227643283967406,0.14029641687230163,27.57235597250255,27.57235597250255,25.535649280513063,25.535649280513063,6.5848870768206353,3.6845322395333131,8,8,8,8,232,16,16,16,11,0,2,0,13.260000000000391,1.0005969881670342,-0.012802467689915838,0.011072885249564811,0,rig_dynamics_joint_accepted_v2,1,1,8,0.87227142231257204,25.535649280513063,0,1.2995104141156066,0.32180210591794833,0.82058300113396709,0,0.017506387788406869,0.00046086677290446199,0,0.017506387788406869,0,2,0.3139459590305167,16,32,0.2006361618197206,0.19007620147331777,108,0,0,9,13.260000000000391,0.48976163368626646,static,6531.9641384009701,6088.6008615990313,0,0,0.055698525160551071,0.028142964467406273,0.00018661376088857651,0.028773896396160126,0.00010032393038272858,0.084572745487093925,13.992000000000418,0.73200000000002774,3.5,1,1,1,1,1,1,timeseries/trace_0048_rig_dynamics_joint.csv,exact_runtime_observations,
trace_0049,rig_dynamics_joint,Joint rig-dynamics profile,ok,/home/ksha/Documents/sbel/offroad-control/benchmarking/results/joint_b4_scope_seed94627135/collection/raw/trace_0049/attempt_01/sensor_trace.csv,f21935ffa98342ef47863dca0867221cace6e50c785b1740054b5d7341c37c28,858,7,425,0.7579052079463483,0.7579052079463483,0.79859051756707966,0.79859051756707966,0.15998623185008012,0.12857353997107221,29.619776198415877,29.619776198415877,29.823565851863659,29.823565851863659,6.1872362869479405,4.0453280085576608,10,10,10,10,303,16,16,17,10,0,1,1,13.24800000000039,1.0028830771842403,-0.014927458385785219,0.0072756380028926853,0,rig_dynamics_joint_accepted_v2,1,1,10,0.79859051756707966,29.823565851863659,0,1.3061593987832816,0.34669017250509715,0.73571635100245014,0,0.0042090032063694348,0.026036180688034673,0,0.026036180688034673,0,2,0.1318030531135661,16,32,0.16614396692443495,0.11486354431923627,124,0,0,10,13.24800000000039,0.51253961252995572,static,6531.9641384009701,6088.6008615990313,0,0,0.032027030363678932,0.019949975423514843,0.0001522386446595192,0.020436735823750496,0.00027114991098642349,0.052734916098415852,13.980000000000418,0.73200000000002774,3.5,1,1,1,1,1,1,timeseries/trace_0049_rig_dynamics_joint.csv,exact_runtime_observations,
trace_0050,rig_dynamics_joint,Joint rig-dynamics profile,ok,/home/ksha/Documents/sbel/offroad-control/benchmarking/results/joint_b4_scope_seed94627135/collection/raw/trace_0050/attempt_01/sensor_trace.csv,68a5120a9fc9374e53389d59a421472b951d2436edb65334ad99f7840776422c,840,7,413,0.78978212170499884,0.78978212170499884,0.83077363810076876,0.83077363810076876,0.16916992518236404,0.14201114381452126,27.271472973958776,27.271472973958776,25.223192083011195,25.223192083011195,6.2240382313237772,3.8571405390553961,10,10,10,10,295,16,16,17,10,0,2,0,13.24800000000039,1.0002686989461944,-0.018583185155698425,0.0097515181142425033,0,rig_dynamics_joint_accepted_v2,1,1,10,0.83077363810076876,25.223192083011195,0,1.2337411633527182,0.26986224157168542,0.77206370858245255,0,0.0097818863837713377,0.00049792436030622459,0,0.0097818863837713377,0,2,0.2375715179705708,16,32,0.16005026470640549,0.12243208015974874,124,0,0,10,13.24800000000039,0.47733899166523064,static,6531.9641384009701,6088.6008615990313,0,0,0.03292378131300211,0.02786467969417572,0.00016699731349945068,0.028442086651921272,9.1001391410827637e-05,0.061456869356334209,13.980000000000418,0.73200000000002774,3.5,1,1,1,1,1,1,timeseries/trace_0050_rig_dynamics_joint.csv,exact_runtime_observations,
trace_0051,rig_dynamics_joint,Joint rig-dynamics profile,ok,/home/ksha/Documents/sbel/offroad-control/benchmarking/results/joint_b4_scope_seed94627135/collection/raw/trace_0051/attempt_01/sensor_trace.csv,e3aa6cdec9fd8a9e9a4a583c1f0c2d10bfcc90e02094176b61766dfb3bf72385,782,7,394,0.65547364143470455,0.65547364143470455,0.59631226184526764,0.59631226184526764,0.15984335913267977,0.11726553311210824,28.394636742245329,28.394636742245329,27.907020526392529,27.907020526392529,6.4792489179859514,4.1398507743849917,8,8,8,8,252,14,14,15,12,0,5,0,13.23600000000039,1.0011151300522552,0.020375659079178158,-0.012597275341448177,0,rig_dynamics_joint_accepted_v2,1,1,8,0.59631226184526764,27.907020526392529,0,1.8330755485268444,0.47372303640228069,0.71894064699673577,0,0.031389430541077921,0.00853436482817942,0,0.031389430541077921,0,2,0.89413539186206059,14,28,0.31514146482921163,0.24192420446856014,91,0,0,8,13.23600000000039,0.61610683110323283,static,6531.9641384009701,6088.6008615990313,0,0,0.045812016353011131,0.096468968316912651,0.00019331835210323334,0.097120692022144794,0.00010445155203342438,0.14303715992718935,13.968000000000417,0.73200000000002774,3.5,1,1,1,1,1,1,timeseries/trace_0051_rig_dynamics_joint.csv,exact_runtime_observations,
trace_0052,rig_dynamics_joint,Joint rig-dynamics profile,ok,/home/ksha/Documents/sbel/offroad-control/benchmarking/results/joint_b4_scope_seed94627135/collection/raw/trace_0052/attempt_01/sensor_trace.csv,7faf95b95580a5ed9411d4845b212e90b67ef7f8bd32320e3521b4055bab04aa,847,7,422,0.63789046356720314,0.63789046356720314,0.5813302244358699,0.5813302244358699,0.15001379272127327,0.11265758410889666,31.264700456588045,31.264700456588045,31.163897319585189,31.163897319585189,5.8383588695758553,4.1060432531620119,10,10,10,10,298,15,15,17,10,0,3,1,13.24200000000039,1.0014769444735925,-0.067010542185145711,-0.011206158314207227,0,rig_dynamics_joint_accepted_v2,1,1,10,0.5813302244358699,31.163897319585189,0,1.9007560936384511,0.55915450463714322,0.77426260683139059,0,0.01987816268361766,0.10706221862045789,0,0.10706221862045789,0,2,1.3950267621181744,15,30,0.20660283888471792,0.24085109281135433,122,0,0,10,13.24200000000039,0.58601331624713582,static,6531.9641384009701,6088.6008615990313,0,0,0.038737780414521694,0.033795955590903759,0.0001687193289399147,0.034381594508886337,9.4418413937091827e-05,0.073213793337345123,13.980000000000418,0.73800000000002797,3.5,1,1,1,1,1,1,timeseries/trace_0052_rig_dynamics_joint.csv,exact_runtime_observations,
trace_0053,rig_dynamics_joint,Joint rig-dynamics profile,ok,/home/ksha/Documents/sbel/offroad-control/benchmarking/results/joint_b4_scope_seed94627135/collection/raw/trace_0053/attempt_01/sensor_trace.csv,907c37aa20d94badabf79d07e6bade5acf0ab3777ec5e4a6ad7c4c961adc81bc,874,7,430,0.70468053302285028,0.70468053302285028,0.70416559582676042,0.70416559582676042,0.18056300175638035,0.13196640869056836,22.43726402486411,22.43726402486411,13.747254856847814,13.747254856847814,6.8882079001142014,2.7585304896832175,6,6,6,6,182,13,13,13,14,0,2,0,13.23600000000039,1.0015561753619366,0.066591784802540854,0.0084375065189598846,0,rig_dynamics_joint_accepted_v2,1,1,6,0.70416559582676042,13.747254856847814,0,1.7214273090015482,0.30711493084889474,1.1171427573896426,0,0.012961481248785508,0.015342546197966194,0,0.015342546197966194,0,2,0.58091466247129553,13,26,0.17307886244434958,0.11064345438475724,63,0,0,6,13.23600000000039,0.57502446239192584,static,6531.9641384009701,6088.6008615990313,0,0,0.041691678576171398,0.017839777283370495,0.00018292292952537537,0.018447373993694782,0.0031029032543301582,0.063241955824196339,13.980000000000418,0.74400000000002819,3.5,1,1,1,1,1,1,timeseries/trace_0053_rig_dynamics_joint.csv,exact_runtime_observations,
trace_0054,rig_dynamics_joint,Joint rig-dynamics profile,ok,/home/ksha/Documents/sbel/offroad-control/benchmarking/results/joint_b4_scope_seed94627135/collection/raw/trace_0054/attempt_01/sensor_trace.csv,1b18bdf0ea0e8c16e55ce673965d35709fb681c3c1a82903266c3cadcf7721a3,838,7,412,0.68894859002964959,0.68894859002964959,0.67975707791161333,0.67975707791161333,0.17338849286680155,0.14970287924433959,23.447442869682824,23.447442869682824,19.902392930385727,19.902392930385727,6.1822651035430622,3.7830479681938787,9,9,9,9,265,16,16,16,11,0,2,0,13.24800000000039,1.0020197002381257,0.0052854905133142898,-0.00036015416042429392,0,rig_dynamics_joint_accepted_v2,1,1,9,0.67975707791161333,19.902392930385727,0,1.4945609843716472,0.19715032019838849,0.80211999761743014,0,0.020347415716248322,8.4875364031474334e-05,0,0.020347415716248322,0,2,0.36019000952111352,16,32,0.15238032267668128,0.12264079055783358,108,0,0,9,13.24800000000039,0.49902685115697887,static,6531.9641384009701,6088.6008615990313,0,0,0.045656299218535423,0.018548681400716305,0.00016800872981548309,0.022291197441518307,7.7692791819572449e-05,0.068025189451873302,13.980000000000418,0.73200000000002774,3.5,1,1,1,1,1,1,timeseries/trace_0054_rig_dynamics_joint.csv,exact_runtime_observations,
trace_0055,rig_dynamics_joint,Joint rig-dynamics profile,ok,/home/ksha/Documents/sbel/offroad-control/benchmarking/results/joint_b4_scope_seed94627135/collection/raw/trace_0055/attempt_01/sensor_trace.csv,39657d7c073bb48f2b6c167f82d9e63f737d9d7f9a4dbe982843356b440f1dd2,835,7,408,0.68227874744759953,0.68227874744759953,0.64855121346644562,0.64855121346644562,0.18358236641558345,0.15113362494533797,25.359262413584066,25.359262413584066,18.781522584460212,18.781522584460212,7.3694574633585175,4.0179332408970785,4,4,4,4,174,11,11,11,16,0,5,0,13.24200000000039,0.99996083670718605,0.035845021369107014,0.0062611713711656922,0,rig_dynamics_joint_accepted_v2,1,1,4,0.64855121346644562,18.781522584460212,0,1.3291440259059026,0.213483717904907,0.71964971967475022,0,0.027835546201206589,0.0010268342740781668,0,0.027835546201206589,0,2,0.80143201310134127,11,22,0.24308355490092548,0.21887325465705543,38,0,0,4,13.24200000000039,0.46637218640165612,static,6531.9641384009701,6088.6008615990313,0,0,0.05083896778523922,0.024096123874187469,0.00922395009547472,0.033765347674489021,0.00010303407907485962,0.084707349538803101,13.992000000000418,0.75000000000002842,3.5,1,1,1,1,1,1,timeseries/trace_0055_rig_dynamics_joint.csv,exact_runtime_observations,
trace_0056,rig_dynamics_joint,Joint rig-dynamics profile,ok,/home/ksha/Documents/sbel/offroad-control/benchmarking/results/joint_b4_scope_seed94627135/collection/raw/trace_0056/attempt_01/sensor_trace.csv,6f336a4e92bf040b5e275d5beae7af693c666d6954f9c2a8bffa0a816f7e22ee,816,7,407,0.69271884975087339,0.69271884975087339,0.68379202900732305,0.68379202900732305,0.17264913543873106,0.1370824295898608,22.441588249905493,22.441588249905493,18.295168648744674,18.295168648744674,6.3352955958010568,3.4420275254145261,8,8,8,8,231,15,15,15,12,0,4,0,13.25400000000039,1.0018626635830936,0.025292808649402324,0.00409428585317305,0,rig_dynamics_joint_accepted_v2,1,1,8,0.68379202900732305,18.295168648744674,0,1.6020943118982758,0.27069913770882192,0.89631157620509772,0,0.017599541799183518,0.00052191965820088098,0,0.017599541799183518,0,2,0.38764027833315839,15,30,0.17436712725679021,0.077737874739309973,92,0,0,8,13.25400000000039,0.54542084357545617,static,6531.9641384009701,6088.6008615990313,0,0,0.057262466289103031,0.029942994937300682,0.00017019174993038177,0.030525501817464828,9.870436042547226e-05,0.087886672466993332,13.992000000000418,0.73800000000002797,3.5,1,1,1,1,1,1,timeseries/trace_0056_rig_dynamics_joint.csv,exact_runtime_observations,
trace_0057,rig_dynamics_joint,Joint rig-dynamics profile,ok,/home/ksha/Documents/sbel/offroad-control/benchmarking/results/joint_b4_scope_seed94627135/collection/raw/trace_0057/attempt_01/sensor_trace.csv,f680b99616daadc3602034c2d31e4bd62b5f7524d0d779aa154fcefb649624f7,865,7,416,0.75672640868869623,0.75672640868869623,0.77328454733671281,0.77328454733671281,0.17977437123320275,0.15743287867257835,22.70142895845726,22.70142895845726,17.506983945648074,17.506983945648074,6.23184617074517,3.3483554812847847,8,8,8,8,236,15,15,15,12,0,2,0,13.24800000000039,0.99619196403117272,-0.037245161991758001,0.0042146739407697914,0,rig_dynamics_joint_accepted_v2,1,1,8,0.77328454733671281,17.506983945648074,0,1.3849202240195964,0.14035142168143586,0.93980993978468108,0,0.015068663765180861,0.0035836083147888164,0,0.015068663765180861,0,2,0.60239321226610731,15,30,0.18053472800051037,0.096312495863655562,92,0,0,8,13.24800000000039,0.4678854441919747,static,6531.9641384009701,6088.6008615990313,0,0,0.042955128476023674,0.026826598681509495,0.00016662292182445526,0.027400694787502289,9.3526206910610199e-05,0.070449349470436573,13.980000000000418,0.73200000000002774,3.5,1,1,1,1,1,1,timeseries/trace_0057_rig_dynamics_joint.csv,exact_runtime_observations,
trace_0058,rig_dynamics_joint,Joint rig-dynamics profile,ok,/home/ksha/Documents/sbel/offroad-control/benchmarking/results/joint_b4_scope_seed94627135/collection/raw/trace_0058/attempt_01/sensor_trace.csv,f8afe0d704f789687acebca55cb4a4e9306b753e3b9b91b1878531405722b63b,799,7,380,0.80989863559051045,0.80989863559051045,0.87150673883571816,0.87150673883571816,0.1726891562946225,0.14970553848366042,24.777570226899378,24.777570226899378,22.152173328083407,22.152173328083407,5.965950103060595,3.4063479352128203,9,9,9,9,243,16,16,16,11,0,2,0,13.24800000000039,1.0037979072745002,0.0011131803917178271,0.0055992086005576761,0,rig_dynamics_joint_accepted_v2,1,1,9,0.87150673883571816,22.152173328083407,0,1.3809519507435239,0.27049867534546135,0.91911437416374175,0,0.023589443968513694,0.00023087373772123833,0,0.023589443968513694,0,2,0.68925793890129738,16,32,0.15328215280683721,0.084277090348906014,108,0,0,9,13.24800000000039,0.48006126853001446,static,6531.9641384009701,6088.6008615990313,0,0,0.059589634649455547,0.044843859970569611,0.00017421785742044449,0.04544183611869812,0.00010119378566741943,0.10513266455382109,13.992000000000418,0.74400000000002819,3.5,1,1,1,1,1,1,timeseries/trace_0058_rig_dynamics_joint.csv,exact_runtime_observations,
trace_0059,rig_dynamics_joint,Joint rig-dynamics profile,ok,/home/ksha/Documents/sbel/offroad-control/benchmarking/results/joint_b4_scope_seed94627135/collection/raw/trace_0059/attempt_01/sensor_trace.csv,0f78fb5a5fbd674291d91eef7318e213100c077a548d415123f90ee49b041ed4,842,7,405,0.68829466101501013,0.68829466101501013,0.66269809166993787,0.66269809166993787,0.17836784599188754,0.14607505478361699,24.504640613773212,24.504640613773212,18.991200059582635,18.991200059582635,6.9725850199998076,3.8438108010581113,5,5,5,5,206,12,12,12,15,0,4,0,13.24800000000039,1.0022670916851777,0.041886919755520662,-0.003377156345798256,0,rig_dynamics_joint_accepted_v2,1,1,5,0.66269809166993787,18.991200059582635,0,1.4137958774869532,0.22483611036691409,0.76941173050686273,0,0.022841919189865816,0.00050738619951199804,0,0.022841919189865816,0,2,0.76219025371589677,12,24,0.23213711310016377,0.20386224664086117,50,0,0,5,13.24800000000039,0.49376141752397956,static,6531.9641384009701,6088.6008615990313,0,0,0.044378307648003101,0.031586289405822754,0.00016963761299848557,0.032155611552298069,9.4129703938961029e-05,0.076628048904240131,13.992000000000418,0.74400000000002819,3.5,1,1,1,1,1,1,timeseries/trace_0059_rig_dynamics_joint.csv,exact_runtime_observations,
trace_0060,rig_dynamics_joint,Joint rig-dynamics profile,ok,/home/ksha/Documents/sbel/offroad-control/benchmarking/results/joint_b4_scope_seed94627135/collection/raw/trace_0060/attempt_01/sensor_trace.csv,4bb0da28c1de6923f9e61a54752911ad14b1d9e269e2b643a07ee22ba85ef034,856,7,422,0.77595579153539795,0.77595579153539795,0.82660712010393878,0.82660712010393878,0.1741755789231858,0.14942186643724392,25.708512783722693,25.708512783722693,24.298516190155503,24.298516190155503,6.2095864845081614,3.7970408913343068,9,9,9,9,275,16,16,16,11,0,3,0,13.23600000000039,0.99655287940325499,-0.013301605056809569,0.0097040653222771854,0,rig_dynamics_joint_accepted_v2,1,1,9,0.82660712010393878,24.298516190155503,0,1.3034943657885318,0.22772249108129602,0.81666589864103145,0,0.011935622357960821,0.00010690573495735257,0,0.011935622357960821,0,2,0.38600676318769578,16,32,0.13243428341884173,0.055777974910844776,108,0,0,9,13.23600000000039,0.47327149839078803,static,6531.9641384009701,6088.6008615990313,0,0,0.049372611567378044,0.034196615219116211,0.00016561988741159439,0.034711573272943497,7.1813352406024933e-05,0.084155998192727566,13.980000000000418,0.74400000000002819,3.5,1,1,1,1,1,1,timeseries/trace_0060_rig_dynamics_joint.csv,exact_runtime_observations,
trace_0061,rig_dynamics_joint,Joint rig-dynamics profile,ok,/home/ksha/Documents/sbel/offroad-control/benchmarking/results/joint_b4_scope_seed94627135/collection/raw/trace_0061/attempt_01/sensor_trace.csv,b4f21fb400fb4425599073dc3be86208fc8aefa705b0c61d35e194dfb0ac1fec,860,7,433,0.67583029239883929,0.67583029239883929,0.65241473635953329,0.65241473635953329,0.16999471247365855,0.13362550168730455,28.507658307222133,28.507658307222133,28.031585269123934,28.031585269123934,6.8866299450316397,4.3516168428546003,7,7,7,7,253,13,13,14,13,0,4,1,13.24200000000039,1.0051757757041251,-0.0019396886063933272,-0.0016462639934627511,0,rig_dynamics_joint_accepted_v2,1,1,7,0.65241473635953329,28.031585269123934,0,1.6055873847532152,0.30181249902692681,0.67410021809077658,0,0.018108770659795954,0.0066594280908176921,0,0.018108770659795954,0,2,0.65160725962402954,13,26,0.2131880776649373,0.1820976589986999,76,0,0,7,13.24200000000039,0.55402531055296245,static,6531.9641384009701,6088.6008615990313,0,0,0.043456795625388622,0.02587430365383625,0.00018075853586196899,0.026476752944290638,9.6416100859642029e-05,0.070029964670538902,13.980000000000418,0.73800000000002797,3.5,1,1,1,1,1,1,timeseries/trace_0061_rig_dynamics_joint.csv,exact_runtime_observations,
trace_0062,rig_dynamics_joint,Joint rig-dynamics profile,ok,/home/ksha/Documents/sbel/offroad-control/benchmarking/results/joint_b4_scope_seed94627135/collection/raw/trace_0062/attempt_01/sensor_trace.csv,7dc43827dd8bbef23537d02c9f3457a99929fe74e7815c1c4d48c17c83326e97,842,7,402,0.69179699381060189,0.69179699381060189,0.6819707586280126,0.6819707586280126,0.17873893466429153,0.14354220767497786,21.22506893370462,21.22506893370462,13.744202913533657,13.744202913533657,6.4387490586591314,2.9601373495206955,7,7,7,7,201,14,14,14,13,0,3,0,13.25400000000039,1.0005336073715845,0.072278930940629482,0.0046281893555213255,0,rig_dynamics_joint_accepted_v2,1,1,7,0.6819707586280126,13.744202913533657,0,1.6914572642088543,0.23443739167493882,1.0505958236553501,0,0.020224163052208935,0.016520908281759519,0,0.020224163052208935,0,2,0.62928724905802114,14,28,0.1669055487259854,0.13875684075200637,77,0,0,7,13.25400000000039,0.53982739978669803,static,6531.9641384009701,6088.6008615990313,0,0,0.038931365124881268,0.030817006714642048,0.00018920749425888062,0.031426482833921909,0.006101289764046669,0.076459137722849846,13.992000000000418,0.73800000000002797,3.5,1,1,1,1,1,1,timeseries/trace_0062_rig_dynamics_joint.csv,exact_runtime_observations,
trace_0063,rig_dynamics_joint,Joint rig-dynamics profile,ok,/home/ksha/Documents/sbel/offroad-control/benchmarking/results/joint_b4_scope_seed94627135/collection/raw/trace_0063/attempt_01/sensor_trace.csv,0b4ace957fcb0f8f65b3db3477ee6b774c39f3001ea12de6e7872d9222e4cf9d,862,7,415,0.70209990464924632,0.70209990464924632,0.70500839327262765,0.70500839327262765,0.19829596430225055,0.18615340353441787,21.958920295564159,21.958920295564159,12.206620245167382,12.206620245167382,6.9352915352488749,3.0551497171584336,1,1,1,1,174,8,8,8,19,0,1,0,10.746000000000295,1.0002089770215468,0.0094802208450652063,-0.0011447372514470069,0,rig_dynamics_joint_accepted_v2,1,1,1,0.70500839327262765,12.206620245167382,0,1.388483766122687,0.043036121116328666,1.0128706592820687,0,0.036627291981818751,0.052903079408891815,0,0.052903079408891815,0,2,0.67995814041338754,8,16,0.035409473672871568,0.094573267240926254,8,0,0,1,10.746000000000295,0.39311283626526683,static,6531.9641384009701,6088.6008615990313,0,0,0.035955960862338543,0.016316772438585758,0.00020456872880458832,0.016970708966255188,0.00010450463742017746,0.053031174466013908,13.992000000000418,3.246000000000123,3.5,1,1,1,1,1,1,timeseries/trace_0063_rig_dynamics_joint.csv,exact_runtime_observations,
trace_0064,rig_dynamics_joint,Joint rig-dynamics profile,ok,/home/ksha/Documents/sbel/offroad-control/benchmarking/results/joint_b4_scope_seed94627135/collection/raw/trace_0064/attempt_01/sensor_trace.csv,78eac638ddd967f6adc7c1200bc5bcd56a59a0eedafe3d8414ff74c515155c61,838,7,423,0.61076835188754708,0.61076835188754708,0.62465672560486218,0.62465672560486218,0.149115715172215,0.15405821062195824,31.527913040394441,31.527913040394441,33.44243656748138,33.44243656748138,5.8561398570946857,3.9868779332886062,6,6,6,6,276,11,12,13,14,0,8,1,12.750000000000371,1.0034599719421642,-0.097890931790449762,-0.0011144007883409968,0,rig_dynamics_joint_accepted_v2,1,1,6,0.62465672560486218,33.44243656748138,0,1.7517081473790985,0.36153641660377617,0.93325385519175508,0,0.012980281083881294,0.2847971890796791,0,0.2847971890796791,1,2,1.3620689089344407,12,24,0.31428198202845814,0.15586758148044155,62,0,0,6,12.750000000000371,0.38050084463982758,static,6531.9641384009701,6088.6008615990313,0,0,0.035463731735944748,0.014672909863293171,0.0037168068811297417,0.018790045753121376,9.4392336905002594e-05,0.054348169825971127,13.968000000000417,1.2180000000000462,3.5,1,1,1,1,0,1,timeseries/trace_0064_rig_dynamics_joint.csv,exact_runtime_observations,
trace_0065,rig_dynamics_joint,Joint rig-dynamics profile,ok,/home/ksha/Documents/sbel/offroad-control/benchmarking/results/joint_b4_scope_seed94627135/collection/raw/trace_0065/attempt_01/sensor_trace.csv,a5490f862d2eee025d84c2b8c78c792b09759920349df375a894fc4850aca3af,822,7,406,0.69883475043637722,0.69883475043637722,0.7022940372496681,0.7022940372496681,0.15525228846707831,0.12621291623692052,31.406070693376812,31.406070693376812,32.860066484129852,32.860066484129852,5.9303942914765946,4.064784371116744,9,9,9,9,318,14,15,16,11,0,4,1,12.750000000000371,0.99804356892519497,0.0047296058007975771,-0.010246665095100527,0,rig_dynamics_joint_accepted_v2,1,1,9,0.7022940372496681,32.860066484129852,0,1.7318129632268131,0.3404026825479724,0.86261660741107871,0,0.0078639053214780846,0.14716434998643349,0,0.14716434998643349,0,2,1.3396847866118951,15,30,0.18797525947811103,0.083126470561672466,107,0,0,9,12.750000000000371,0.51177214595446041,static,6531.9641384009701,6088.6008615990313,0,0,0.044180938042700291,0.077018442563712597,0.0031691482290625572,0.080538119189441204,8.6641870439052582e-05,0.12480569910258055,13.980000000000418,1.2300000000000466,3.5,1,1,1,1,1,1,timeseries/trace_0065_rig_dynamics_joint.csv,exact_runtime_observations,
trace_0066,rig_dynamics_joint,Joint rig-dynamics profile,ok,/home/ksha/Documents/sbel/offroad-control/benchmarking/results/joint_b4_scope_seed94627135/collection/raw/trace_0066/attempt_01/sensor_trace.csv,e2dd21dcf5d3801700de3dda75438e169ae70945b14f1c88b4b2846f90ab8f77,778,7,379,0.59473676867859604,0.59473676867859604,0.5522644735378307,0.5522644735378307,0.12622702613977665,0.093282607204264789,30.403264378213724,30.403264378213724,30.770832086066761,30.770832086066761,5.8851895559180889,4.230548458685977,6,6,6,6,270,11,11,13,14,0,7,1,13.24800000000039,1.0021141887519303,0.0091985128698434376,-0.0060325777852745207,0,rig_dynamics_joint_accepted_v2,1,1,6,0.5522644735378307,30.770832086066761,0,1.917357375178357,0.7211014460571552,0.72968847032929396,0,0.045892110872450716,0.10089626750139666,0,0.10089626750139666,0,2,0.7935059769397298,11,22,0.1624393501983013,0.17960071474213041,60,0,0,6,13.24800000000039,0.63754739237258495,static,6531.9641384009701,6088.6008615990313,0,0,0.057907611131668091,0.031320673413574696,0.00017350446432828903,0.031916381791234016,9.550340473651886e-05,0.089919496327638626,13.980000000000418,0.73200000000002774,3.5,1,1,1,1,1,1,timeseries/trace_0066_rig_dynamics_joint.csv,exact_runtime_observations,
trace_0067,rig_dynamics_joint,Joint rig-dynamics profile,ok,/home/ksha/Documents/sbel/offroad-control/benchmarking/results/joint_b4_scope_seed94627135/collection/raw/trace_0067/attempt_01/sensor_trace.csv,0db2b7751c875e2a5579ce96170b5de0b5b95014f9c217a359be26641ee2370c,817,7,398,0.65630595740440756,0.65630595740440756,0.62336617727229315,0.62336617727229315,0.14624474389583708,0.10446614229289289,30.569760664030177,30.569760664030177,31.524882270778811,31.524882270778811,6.1844758412845851,4.2237302627758391,9,9,9,9,282,14,15,16,11,0,4,1,12.744000000000371,1.0012968427461133,0.022339000735390462,0.0017745203902468675,0,rig_dynamics_joint_accepted_v2,1,1,9,0.62336617727229315,31.524882270778811,0,1.882568329968719,0.55222387340077583,0.74175115932690838,0,0.016123465699230764,0.098363714278539793,0,0.098363714278539793,0,2,0.84741038344767117,15,30,0.23789595479821496,0.16414281341065823,107,0,0,9,12.744000000000371,0.60931627825150259,static,6531.9641384009701,6088.6008615990313,0,0,0.047558171674609184,0.079886442981660366,0.00017768982797861099,0.080489863641560078,0.000100686214864254,0.12814872153103352,13.992000000000418,1.2480000000000473,3.5,1,1,1,1,1,1,timeseries/trace_0067_rig_dynamics_joint.csv,exact_runtime_observations,
trace_0068,rig_dynamics_joint,Joint rig-dynamics profile,ok,/home/ksha/Documents/sbel/offroad-control/benchmarking/results/joint_b4_scope_seed94627135/collection/raw/trace_0068/attempt_01/sensor_trace.csv,83fe15f7bc506402d764056e226e4202b98bf365007b8439ae13b64e062ee965,839,7,417,0.70089154770383955,0.70089154770383955,0.70694828395549281,0.70694828395549281,0.16919307533840994,0.13886301190036202,24.641168594410864,24.641168594410864,23.02145058722639,23.02145058722639,6.0978878110207395,3.8326903877135026,8,8,8,8,293,14,14,15,12,0,4,0,13.23600000000039,0.99842290367776509,0.01005592778150355,-0.007177234240835822,0,rig_dynamics_joint_accepted_v2,1,1,8,0.70694828395549281,23.02145058722639,0,1.4753405987309733,0.25070223061423846,0.79253345684046494,0,0.012700229614288737,9.4836922725420023e-06,0,0.012700229614288737,0,2,0.38893518534892563,14,28,0.17900208283119234,0.1394580924042586,91,0,0,8,13.23600000000039,0.52526619812776254,static,6531.9641384009701,6088.6008615990313,0,0,0.049930984154343605,0.04271211288869381,0.00016857683658599854,0.043286910280585289,9.4719231128692627e-05,0.093312613666057587,13.968000000000417,0.73200000000002774,3.5,1,1,1,1,1,1,timeseries/trace_0068_rig_dynamics_joint.csv,exact_runtime_observations,
trace_0069,rig_dynamics_joint,Joint rig-dynamics profile,ok,/home/ksha/Documents/sbel/offroad-control/benchmarking/results/joint_b4_scope_seed94627135/collection/raw/trace_0069/attempt_01/sensor_trace.csv,10a9241ed010e19d41d26a5fafca86f8c2de9f3ead6231a58e50355e18d7a1ea,862,7,426,0.70691254097154355,0.70691254097154355,0.70522137919564154,0.70522137919564154,0.18612590440299762,0.14784973349363517,21.735700738787802,21.735700738787802,12.091481390318158,12.091481390318158,6.8802751901776249,2.7898688249423316,6,6,6,6,179,13,13,13,14,0,2,0,13.24200000000039,0.99843397112059873,0.065627798572745907,0.0075248573435036277,0,rig_dynamics_joint_accepted_v2,1,1,6,0.70522137919564154,12.091481390318158,0,1.6191500901199674,0.20215004190480548,1.1070691363635023,0,0.018245737601752365,0.050521386814108532,0,0.050521386814108532,0,2,0.61478706246485126,13,26,0.17543340077362218,0.10030946356571369,63,0,0,6,13.24200000000039,0.50430274506425798,static,6531.9641384009701,6088.6008615990313,0,0,0.069308415986597538,0.044141252525150776,0.00017097033560276031,0.04471178911626339,9.2636793851852417e-05,0.11411284189671278,13.980000000000418,0.73800000000002797,3.5,1,1,1,1,1,1,timeseries/trace_0069_rig_dynamics_joint.csv,exact_runtime_observations,
trace_0070,rig_dynamics_joint,Joint rig-dynamics profile,ok,/home/ksha/Documents/sbel/offroad-control/benchmarking/results/joint_b4_scope_seed94627135/collection/raw/trace_0070/attempt_01/sensor_trace.csv,4a6e85762a2016cb445337d7287df6573c7be5f12ad64031667a088c2884503e,820,7,405,0.69439503876260911,0.69439503876260911,0.72206096454397461,0.72206096454397461,0.15942483149357087,0.13476962187346761,28.50683758617312,28.50683758617312,32.566014216906837,32.566014216906837,6.4754748872081018,4.0096313495228797,9,9,9,9,313,14,14,16,11,0,4,0,13.24800000000039,0.99868768380314243,0.0033429782784339876,-0.010527770034882563,0,rig_dynamics_joint_accepted_v2,1,1,9,0.72206096454397461,32.566014216906837,0,1.5355635477537006,0.29293952169881815,0.83400225850741438,0,0.0071133072556699489,0.12620139682286147,0,0.12620139682286147,0,2,0.62687618531152645,14,28,0.20267831878301679,0.14768398612171069,102,0,0,9,13.24800000000039,0.48161600415459965,static,6531.9641384009701,6088.6008615990313,0,0,0.044782730750739574,0.018815150484442711,0.00017105042934417725,0.019391361624002457,9.3331560492515564e-05,0.064267423935234547,13.980000000000418,0.73200000000002774,3.5,1,1,1,1,1,1,timeseries/trace_0070_rig_dynamics_joint.csv,exact_runtime_observations,
trace_0071,rig_dynamics_joint,Joint rig-dynamics profile,ok,/home/ksha/Documents/sbel/offroad-control/benchmarking/results/joint_b4_scope_seed94627135/collection/raw/trace_0071/attempt_01/sensor_trace.csv,71c2e8879cea025c42b171922cbf77789360c15ea586328db76bf9e118152e5f,827,7,401,0.65694511707437453,0.65694511707437453,0.59683093464798065,0.59683093464798065,0.16858388547877542,0.13560758934697684,28.393630488893827,28.393630488893827,26.68485868596342,26.68485868596342,6.9581091114184632,4.524861290357312,8,8,8,8,232,15,15,15,12,0,4,0,13.24800000000039,1.0019397187067298,-0.0089393720248457029,-0.0072965282348313957,0,rig_dynamics_joint_accepted_v2,1,1,8,0.59683093464798065,26.68485868596342,0,1.7554343541298554,0.37250897467100103,0.67204071939248267,0,0.03248157104330706,0.006669539249848656,0,0.03248157104330706,0,2,1.2524309136199103,15,30,0.20004644029094637,0.12240108461057006,92,0,0,8,13.24800000000039,0.56007825051887616,static,6531.9641384009701,6088.6008615990313,0,0,0.058516605757176876,0.067748728208243847,0.000168604776263237,0.068280048668384552,7.4686482548713684e-05,0.12687134090811014,13.980000000000418,0.73200000000002774,3.5,1,1,1,1,1,1,timeseries/trace_0071_rig_dynamics_joint.csv,exact_runtime_observations,
trace_0072,rig_dynamics_joint,Joint rig-dynamics profile,ok,/home/ksha/Documents/sbel/offroad-control/benchmarking/results/joint_b4_scope_seed94627135/collection/raw/trace_0072/attempt_01/sensor_trace.csv,a9d920a674373feb700adbc9be3d55ba254f0006af358cb17212667decb3f6a5,833,7,398,0.6948889201936167,0.6948889201936167,0.65564359979772247,0.65564359979772247,0.20122325964986809,0.16245809825827431,27.365825038770762,27.365825038770762,16.897850966600608,16.897850966600608,8.9821429390006902,4.2543557870814865,2,2,2,2,55,9,9,9,18,0,4,1,13.24800000000039,1.0025872552335107,0.019530891429563792,0.0011899408750998424,0,rig_dynamics_joint_accepted_v2,1,1,2,0.65564359979772247,16.897850966600608,0,1.1976714078711297,0.16060944357899928,0.66304395669190241,0,0.030639022941552473,0.0073798580358028628,0,0.030639022941552473,0,2,0.6405513779970976,9,18,0.18163227626353773,0.13520930860845928,17,0,0,2,13.24800000000039,0.41886994467445826,static,6531.9641384009701,6088.6008615990313,0,0,0.048727978020906448,0.023838226683437824,0.00017170701175928116,0.024365933611989021,7.7322125434875488e-05,0.073171233758330345,13.980000000000418,0.73200000000002774,3.5,1,1,1,1,1,1,timeseries/trace_0072_rig_dynamics_joint.csv,exact_runtime_observations,
trace_0073,rig_dynamics_joint,Joint rig-dynamics profile,ok,/home/ksha/Documents/sbel/offroad-control/benchmarking/results/joint_b4_scope_seed94627135/collection/raw/trace_0073/attempt_01/sensor_trace.csv,5a67664cf7af7ce462d6697df59bb179b7b3ee3f4205d6038c6363a73a8ad29c,786,7,384,0.72502799571327403,0.72502799571327403,0.728829593783065,0.728829593783065,0.16277179517151114,0.13344740918540252,28.024660072284959,28.024660072284959,27.285825039675348,27.285825039675348,6.2384700510937412,3.8151519499066024,9,9,9,9,276,15,15,16,11,0,3,0,13.25400000000039,0.99692245240845212,-0.0096304602070894293,0.0030933688511675808,0,rig_dynamics_joint_accepted_v2,1,1,9,0.728829593783065,27.285825039675348,0,1.4801124205536134,0.28899736542568322,0.80125958527835095,0,0.0078831479517140583,0.0012376941052246299,0,0.0078831479517140583,0,2,0.4056415833378183,15,30,0.16250845165245281,0.18266287968085018,107,0,0,9,13.25400000000039,0.54141946933801666,static,6531.9641384009701,6088.6008615990313,0,0,0.035308275371789932,0.017784738913178444,0.00016216747462749481,0.018352292478084564,9.1375783085823059e-05,0.05375194363296032,13.980000000000418,0.72600000000002751,3.5,1,1,1,1,1,1,timeseries/trace_0073_rig_dynamics_joint.csv,exact_runtime_observations,
trace_0074,rig_dynamics_joint,Joint rig-dynamics profile,ok,/home/ksha/Documents/sbel/offroad-control/benchmarking/results/joint_b4_scope_seed94627135/collection/raw/trace_0074/attempt_01/sensor_trace.csv,ccda95d64fe7263dcb6bac8213bd910b3e2395b931dcb89651df5186698e65e3,800,7,394,0.63972214558612583,0.63972214558612583,0.54601634530599708,0.54601634530599708,0.14780747730930541,0.090486277762694287,30.974756722184058,30.974756722184058,31.060498133977518,31.060498133977518,6.0863298121596401,3.9231186985694997,8,8,8,8,280,13,13,15,12,0,6,0,13.24800000000039,0.99903545909918801,-0.02166403538840796,-0.022026125330799198,0,rig_dynamics_joint_accepted_v2,1,1,8,0.54601634530599708,31.060498133977518,0,2.0138660436796094,0.75837242850575037,0.80050621962344448,0,0.033974071556595375,0.096285267697464802,0,0.096285267697464802,0,2,1.3653182491653002,13,26,0.24221673725781095,0.22916149561629248,89,0,0,8,13.24800000000039,0.65752750077728817,static,6531.9641384009701,6088.6008615990313,0,0,0.037283018231391907,0.034964139573276043,0.00016651302576065063,0.035545745864510536,9.5071271061897278e-05,0.07292383536696434,13.980000000000418,0.73200000000002774,3.5,1,1,1,1,1,1,timeseries/trace_0074_rig_dynamics_joint.csv,exact_runtime_observations,
trace_0075,rig_dynamics_joint,Joint rig-dynamics profile,ok,/home/ksha/Documents/sbel/offroad-control/benchmarking/results/joint_b4_scope_seed94627135/collection/raw/trace_0075/attempt_01/sensor_trace.csv,824bf791b2db778ca1aa15b6e969195c8f7a2858f186b125cd8d76ad7dc5c59d,816,7,400,0.54750896005413063,0.54750896005413063,0.49411527115172449,0.49411527115172449,0.092094434215477888,0.046237361714472326,33.716760141093317,33.716760141093317,35.284162720455001,35.284162720455001,4.506293640795799,2.5044571436461482,8,8,8,8,284,13,13,15,12,0,5,1,13.24800000000039,0.99583728641936309,-0.087238539913289267,0.00047850287145215665,0,rig_dynamics_joint_accepted_v2,1,1,8,0.49411527115172449,35.284162720455001,0,2.7612729012087178,1.3975304120980057,1.334178241602221,0,0.026135482965837654,0.34477358964002291,0,0.34477358964002291,1,2,1.7983669412588343,13,26,0.2940061738791262,0.19525934904216918,89,0,0,8,13.24800000000039,0.57571863786423338,static,6531.9641384009701,6088.6008615990313,0,0,0.050758697092533112,0.042638855986297131,0.00018237531185150146,0.043237204663455486,7.673259824514389e-05,0.094072634354233742,13.992000000000418,0.74400000000002819,3.5,1,1,1,1,0,1,timeseries/trace_0075_rig_dynamics_joint.csv,exact_runtime_observations,
trace_0076,rig_dynamics_joint,Joint rig-dynamics profile,ok,/home/ksha/Documents/sbel/offroad-control/benchmarking/results/joint_b4_scope_seed94627135/collection/raw/trace_0076/attempt_01/sensor_trace.csv,0be2d5ebd90392e7f8b4d75783e7c7d18db2ef05c9be5ca016776383d3d7b9c8,851,7,423,0.71345133999363841,0.71345133999363841,0.71590360351875504,0.71590360351875504,0.1796208413701002,0.15292651185442729,21.905244752997117,21.905244752997117,15.909740681357544,15.909740681357544,6.2853941630541108,3.2524206558681761,8,8,8,8,233,15,15,15,12,0,2,0,13.24800000000039,1.0023196012048299,0.0099921908729214987,0.0091471194031694861,0,rig_dynamics_joint_accepted_v2,1,1,8,0.71590360351875504,15.909740681357544,0,1.5669680471041996,0.16368947345545692,0.97441581519662757,0,0.017403843337278679,0.0054856911057807071,0,0.017403843337278679,0,2,0.736915044661555,15,30,0.12941491640518893,0.11864403763476969,92,0,0,8,13.24800000000039,0.5031200722994138,static,6531.9641384009701,6088.6008615990313,0,0,0.056111051701009274,0.04161723330616951,0.00017623137682676315,0.042214531451463699,9.6416100859642029e-05,0.098421999253332615,13.980000000000418,0.73200000000002774,3.5,1,1,1,1,1,1,timeseries/trace_0076_rig_dynamics_joint.csv,exact_runtime_observations,
trace_0077,rig_dynamics_joint,Joint rig-dynamics profile,ok,/home/ksha/Documents/sbel/offroad-control/benchmarking/results/joint_b4_scope_seed94627135/collection/raw/trace_0077/attempt_01/sensor_trace.csv,3f642189cadae99db5e783583c4729bec1ebb5b82ac3047de7f9f2cfba873b09,832,7,407,0.71342906933947603,0.71342906933947603,0.7625816997260868,0.7625816997260868,0.15725535442233371,0.13048001584985433,30.697744141325412,30.697744141325412,32.456714688771321,32.456714688771321,6.1493423777382397,4.1510636698221335,11,11,11,11,321,16,16,18,9,0,3,1,13.260000000000391,1.0042899533561691,-0.0084773447720588417,0.0024033817856257429,0,rig_dynamics_joint_accepted_v2,1,1,11,0.7625816997260868,32.456714688771321,0,1.5553786430553695,0.33171777280860021,0.83347636946687897,0,0.0048368520850988438,0.11171194187037821,0,0.11171194187037821,0,2,1.3313234048678366,16,32,0.1466912393872285,0.17303842441526346,140,0,0,11,13.260000000000391,0.5015885883929051,static,6531.9641384009701,6088.6008615990313,0,0,0.049143870361149311,0.040193462744355202,0.0001857951283454895,0.040820342488586903,9.7543932497501373e-05,0.090061756782233715,13.992000000000418,0.73200000000002774,3.5,1,1,1,1,1,1,timeseries/trace_0077_rig_dynamics_joint.csv,exact_runtime_observations,
trace_0078,rig_dynamics_joint,Joint rig-dynamics profile,ok,/home/ksha/Documents/sbel/offroad-control/benchmarking/results/joint_b4_scope_seed94627135/collection/raw/trace_0078/attempt_01/sensor_trace.csv,5be610c9110138ba4b521d400834c58d78937f656a87e5a6a721f6f7cd057173,864,7,411,0.72002833949516487,0.72002833949516487,0.73327894214286859,0.73327894214286859,0.18444764368006794,0.15960945652841252,22.182421219733499,22.182421219733499,16.249092261861357,16.249092261861357,6.3601867382120654,3.1594125158388913,8,8,8,8,221,15,15,15,12,0,2,0,13.212000000000389,0.99850423440403779,0.0089578265207890962,0.014827490397952973,0,rig_dynamics_joint_accepted_v2,1,1,8,0.73327894214286859,16.249092261861357,0,1.5038276176082055,0.1235764812696994,0.99708988751156469,0,0.016917848012410013,0.0036230973330468466,0,0.016917848012410013,0,2,0.72593685584139211,15,30,0.19906760501753101,0.13192245893321827,92,0,0,8,13.212000000000389,0.4795996115774937,static,6531.9641384009701,6088.6008615990313,0,0,0.031441180966794491,0.023969566449522972,0.00017513800412416458,0.024573157541453838,0.0061046788468956947,0.062119017355144024,13.980000000000418,0.7680000000000291,3.5,1,1,1,1,1,1,timeseries/trace_0078_rig_dynamics_joint.csv,exact_runtime_observations,
trace_0079,rig_dynamics_joint,Joint rig-dynamics profile,ok,/home/ksha/Documents/sbel/offroad-control/benchmarking/results/joint_b4_scope_seed94627135/collection/raw/trace_0079/attempt_01/sensor_trace.csv,fe81382db5ae5ce3dab63a7af262859093288f7ffd160b571bddaacc84c127de,874,7,412,0.75756414129313099,0.75756414129313099,0.80510911675524222,0.80510911675524222,0.18180790145474252,0.15650946030828788,24.026113803745247,24.026113803745247,19.944122576879263,19.944122576879263,6.4619999569404065,3.3959050430232693,8,8,8,8,228,15,15,15,12,0,2,0,13.23600000000039,0.99510655593508801,-0.0071814637294543276,0.006611431432929216,0,rig_dynamics_joint_accepted_v2,1,1,8,0.80510911675524222,19.944122576879263,0,1.3573591859226981,0.15962618078329427,0.92647935763676736,0,0.01450534383407691,0.00068697521648573227,0,0.01450534383407691,0,2,0.35382938388117074,15,30,0.14955633059438522,0.064872032096706472,92,0,0,8,13.23600000000039,0.46578000753176835,static,6531.9641384009701,6088.6008615990313,0,0,0.037873419933021069,0.027683129534125328,0.00011851266026496887,0.028100197203457355,8.27740877866745e-05,0.066056391224265099,13.992000000000418,0.75600000000002865,3.5,1,1,1,1,1,1,timeseries/trace_0079_rig_dynamics_joint.csv,exact_runtime_observations,
trace_0080,rig_dynamics_joint,Joint rig-dynamics profile,ok,/home/ksha/Documents/sbel/offroad-control/benchmarking/results/joint_b4_scope_seed94627135/collection/raw/trace_0080/attempt_01/sensor_trace.csv,11161405df0508047692dd9d878dfa4024c507bd06d2ec692979e91ef222b9ed,814,7,403,0.61260674352190425,0.61260674352190425,0.51889816857653948,0.51889816857653948,0.15287459446432322,0.085045073087717943,28.755599486530912,28.755599486530912,28.037648809403215,28.037648809403215,6.0890720342745759,3.6233550623593049,10,10,10,10,288,15,15,17,10,0,4,1,13.24800000000039,1.0031964815530752,-0.0071655594622630769,-0.017425666571995554,0,rig_dynamics_joint_accepted_v2,1,1,10,0.51889816857653948,28.037648809403215,0,2.2101957236720211,0.87840092104812417,0.89673405841097953,0,0.048286740668630389,0.024494108589729356,0,0.048286740668630389,0,2,1.4803488679167238,15,30,0.28166364009857903,0.17612189213186874,122,0,0,10,13.24800000000039,0.72502439917224182,static,6531.9641384009701,6088.6008615990313,0,0,0.058794368058443069,0.044556068256497383,0.00017550215125083923,0.045151318423449993,9.3012116849422455e-05,0.10403869859874249,13.992000000000418,0.74400000000002819,3.5,1,1,1,1,1,1,timeseries/trace_0080_rig_dynamics_joint.csv,exact_runtime_observations,
trace_0081,rig_dynamics_joint,Joint rig-dynamics profile,ok,/home/ksha/Documents/sbel/offroad-control/benchmarking/results/joint_b4_scope_seed94627135/collection/raw/trace_0081/attempt_01/sensor_trace.csv,7e422900dbb3a843bedaf8c643c04e564f871d9e5419def1a936bc5457c704b5,867,7,425,0.75204726948407252,0.75204726948407252,0.7906523323900515,0.7906523323900515,0.1790764730062735,0.15957773378646539,25.273394246803594,25.273394246803594,23.42300218776554,23.42300218776554,6.3337146897531591,3.8787476394929277,9,9,9,9,281,16,16,16,11,0,2,0,13.24800000000039,1.0035123444030845,-0.0050261597304356058,0.017139974490434407,0,rig_dynamics_joint_accepted_v2,1,1,9,0.7906523323900515,23.42300218776554,0,1.24074926419775,0.15848130800268079,0.77764004393039188,0,0.011966698473848129,6.9075882679618374e-05,0,0.011966698473848129,0,2,0.35232780970317362,16,32,0.16995809583984961,0.13473351050012469,108,0,0,9,13.24800000000039,0.44062354029702944,static,6531.9641384009701,6088.6008615990313,0,0,0.032139900140464306,0.033947335556149483,0.00017079152166843414,0.03453216515481472,9.8637305200099945e-05,0.066770702600479126,13.980000000000418,0.73200000000002774,3.5,1,1,1,1,1,1,timeseries/trace_0081_rig_dynamics_joint.csv,exact_runtime_observations,
trace_0082,rig_dynamics_joint,Joint rig-dynamics profile,ok,/home/ksha/Documents/sbel/offroad-control/benchmarking/results/joint_b4_scope_seed94627135/collection/raw/trace_0082/attempt_01/sensor_trace.csv,25ff412f1aef9079d3623814ffa84c02622f1dc785d06e7a88bc4f9928869bcb,828,7,397,0.55112118872974591,0.55112118872974591,0.48366113814474593,0.48366113814474593,0.087722058626755556,0.033052471897251676,33.959088158189161,33.959088158189161,36.082054133138925,36.082054133138925,4.4147594690248599,2.0159398640677533,10,10,10,10,281,15,15,17,10,0,3,2,13.24800000000039,1.0199256421143645,-0.076235867328509094,-0.0083315433307352155,0,rig_dynamics_joint_accepted_v2,1,1,10,0.48366113814474593,36.082054133138925,0,3.2735458891198381,1.6912270110615291,1.5774799753636533,0,0.021653537766552836,0.46243595434885654,0,0.46243595434885654,1,2,2.004088373353802,15,30,0.35065772909961923,0.32937952195974068,122,0,0,10,13.24800000000039,0.49594546021197672,static,6531.9641384009701,6088.6008615990313,0,0,0.034015698358416557,0.034958739764988422,0.0001565832644701004,0.035463670268654823,6.2058679759502411e-05,0.069541427306830883,13.980000000000418,0.73200000000002774,3.5,1,1,1,1,0,1,timeseries/trace_0082_rig_dynamics_joint.csv,exact_runtime_observations,
trace_0083,rig_dynamics_joint,Joint rig-dynamics profile,ok,/home/ksha/Documents/sbel/offroad-control/benchmarking/results/joint_b4_scope_seed94627135/collection/raw/trace_0083/attempt_01/sensor_trace.csv,09816d733e2e1d0a90e20558141b7892c24057d07479522dedb13489ddb84ea1,824,7,408,0.64104245653423786,0.64104245653423786,0.62491805918150078,0.62491805918150078,0.16080171516545555,0.12858820633405973,25.901201204479467,25.901201204479467,25.345573773977947,25.345573773977947,6.680793043451497,4.4242255730546463,6,6,6,6,262,12,12,13,14,0,7,0,13.24800000000039,1.0033451383962599,0.033062555993187387,-0.0033703509819986584,0,rig_dynamics_joint_accepted_v2,1,1,6,0.62491805918150078,25.345573773977947,0,1.5870176746496285,0.35944175054140454,0.64296978551630524,0,0.029209855077196707,0.00086682467117602901,0,0.029209855077196707,0,2,0.3814366650419147,12,24,0.24739560509370995,0.16885207992942924,62,0,0,6,13.24800000000039,0.55730343314861297,static,6531.9641384009701,6088.6008615990313,0,0,0.056805657222867012,0.02384678740054369,0.00016422290354967117,0.024409222416579723,8.896365761756897e-05,0.081303843297064304,13.980000000000418,0.73200000000002774,3.5,1,1,1,1,1,1,timeseries/trace_0083_rig_dynamics_joint.csv,exact_runtime_observations,
trace_0084,rig_dynamics_joint,Joint rig-dynamics profile,ok,/home/ksha/Documents/sbel/offroad-control/benchmarking/results/joint_b4_scope_seed94627135/collection/raw/trace_0084/attempt_01/sensor_trace.csv,b8d3548c0f2b08678b7b56ef15b8f3bd30df97d28e4e1942abf065251cb09296,787,7,380,0.55637137038030748,0.55637137038030748,0.47802579699709968,0.47802579699709968,0.10364449311432555,0.043128902356484651,32.799621968658627,32.799621968658627,34.459871394944074,34.459871394944074,4.6307505171170602,2.529611627353082,9,9,9,9,298,13,13,16,11,0,6,1,13.24800000000039,1.0130424338380803,-0.031425308496576411,-0.026174101466076696,0,rig_dynamics_joint_accepted_v2,1,1,9,0.47802579699709968,34.459871394944074,0,2.6938281588675443,1.4295285832137243,1.2353115183283756,0,0.05755376252116956,0.19922566821473359,0,0.19922566821473359,0,2,1.1622855025411465,13,26,0.3168344169442357,0.27594032971058141,99,0,0,9,13.24800000000039,0.69941644556815685,static,6531.9641384009701,6088.6008615990313,0,0,0.036214824765920639,0.017420726828277111,0.00019773095846176147,0.018066441640257835,8.4187835454940796e-05,0.054365454241633415,13.992000000000418,0.74400000000002819,3.5,1,1,1,1,1,1,timeseries/trace_0084_rig_dynamics_joint.csv,exact_runtime_observations,
trace_0085,rig_dynamics_joint,Joint rig-dynamics profile,ok,/home/ksha/Documents/sbel/offroad-control/benchmarking/results/joint_b4_scope_seed94627135/collection/raw/trace_0085/attempt_01/sensor_trace.csv,4ceec02fbfc619c04f7aff176164ec1654827fbb8fe32d030684eff709806a74,830,7,418,0.54787136627933897,0.54787136627933897,0.48067101119914696,0.48067101119914696,0.087736485356612895,0.036240365223790157,33.395067426782283,33.395067426782283,34.816157570696404,34.816157570696404,4.6185556057685275,2.5370205001405557,10,10,10,10,297,15,15,17,10,0,3,1,13.23600000000039,1.014599488029291,-0.055669866172418002,-0.013700231903738116,0,rig_dynamics_joint_accepted_v2,1,1,10,0.48067101119914696,34.816157570696404,0,2.8708109771943242,1.5952625978105257,1.2644354441118575,0,0.03344417428499627,0.25670658382029787,0,0.25670658382029787,1,2,1.5344387424870225,15,30,0.27867193752242303,0.34494747665166503,122,0,0,10,13.23600000000039,0.6566050197147193,static,6531.9641384009701,6088.6008615990313,0,0,0.052915829233825207,0.044526267796754837,0.00017712358385324478,0.045118123292922974,7.8842043876647949e-05,0.098112794570624828,13.980000000000418,0.74400000000002819,3.5,1,1,1,1,0,1,timeseries/trace_0085_rig_dynamics_joint.csv,exact_runtime_observations,
trace_0086,rig_dynamics_joint,Joint rig-dynamics profile,ok,/home/ksha/Documents/sbel/offroad-control/benchmarking/results/joint_b4_scope_seed94627135/collection/raw/trace_0086/attempt_01/sensor_trace.csv,86968d8cfb9d0951ec31438bd6f0e046d11dd4aa9383f9a26483f0c27b53aa06,832,7,408,0.77240379147991733,0.77240379147991733,0.84611502958953788,0.84611502958953788,0.18256096322150972,0.15705211661202728,24.297838141590375,24.297838141590375,20.624060678360625,20.624060678360625,6.4832184800013701,3.4563037268153307,8,8,8,8,229,15,15,15,12,0,2,0,13.24800000000039,0.99763086290814318,-0.0046956596937232295,0.00094446851490737668,0,rig_dynamics_joint_accepted_v2,1,1,8,0.84611502958953788,20.624060678360625,0,1.3102226312199963,0.19749311837817601,0.90212032920343566,0,0.021323856856513061,0.00071221633197140588,0,0.021323856856513061,0,2,0.4967049462243327,15,30,0.17848282985016017,0.12644346940793955,92,0,0,8,13.24800000000039,0.45367551331433886,static,6531.9641384009701,6088.6008615990313,0,0,0.046924030408263206,0.024711164645850658,0.00017762463539838791,0.025304513983428478,9.1395340859889984e-05,0.072319939732551575,13.980000000000418,0.73200000000002774,3.5,1,1,1,1,1,1,timeseries/trace_0086_rig_dynamics_joint.csv,exact_runtime_observations,
trace_0087,rig_dynamics_joint,Joint rig-dynamics profile,ok,/home/ksha/Documents/sbel/offroad-control/benchmarking/results/joint_b4_scope_seed94627135/collection/raw/trace_0087/attempt_01/sensor_trace.csv,b35f6ac0e44d4018cae2435d7f1ba2fc0447b230acf3bb8609609973120eff49,829,7,406,0.68050799181263266,0.68050799181263266,0.57259750251065467,0.57259750251065467,0.17046407398120136,0.12686343511804171,29.079817036523551,29.079817036523551,26.633465155156145,26.633465155156145,6.4319938043208129,4.2861732963709311,10,10,10,10,283,15,15,17,10,0,4,0,13.24200000000039,1.0020780187484783,-0.013569847512682,-0.0014034260594905075,0,rig_dynamics_joint_accepted_v2,1,1,10,0.57259750251065467,26.633465155156145,0,1.7838361527627196,0.46937704049841078,0.71637698065305244,0,0.039850042525528172,0.0080445480369277633,0,0.039850042525528172,0,2,1.1990787165041374,15,30,0.29132786529016913,0.20607986465050604,122,0,0,10,13.24200000000039,0.58082360439520175,static,6531.9641384009701,6088.6008615990313,0,0,0.045733839273452759,0.035641996189951897,0.00017273891717195511,0.036241672001779079,9.5381401479244232e-05,0.082070892676711082,13.968000000000417,0.72600000000002751,3.5,1,1,1,1,1,1,timeseries/trace_0087_rig_dynamics_joint.csv,exact_runtime_observations,
trace_0088,rig_dynamics_joint,Joint rig-dynamics profile,ok,/home/ksha/Documents/sbel/offroad-control/benchmarking/results/joint_b4_scope_seed94627135/collection/raw/trace_0088/attempt_01/sensor_trace.csv,cce0f08d1badb9eb235bdce7d7fc75a30b1ee439e4c0a2d6a6a3f63394f67960,814,7,405,0.78864077401943733,0.78864077401943733,0.8601383928013363,0.8601383928013363,0.1578058280149249,0.11112112461213838,31.08752841429877,31.08752841429877,32.246819836882018,32.246819836882018,6.1031585282599234,3.6824726580508269,10,10,10,10,290,16,16,17,10,0,3,0,13.24800000000039,0.99674255334755058,-0.028691887249422329,0.00050493890452337192,0,rig_dynamics_joint_accepted_v2,1,1,10,0.8601383928013363,32.246819836882018,0,1.4394811590370016,0.48734072661269967,0.85752215310162205,0,0.0055846489212818679,0.099207460575328435,0,0.099207460575328435,0,2,0.38128116024184749,16,32,0.23749587761870475,0.12785771219620121,124,0,0,10,13.24800000000039,0.53358712064314628,static,6531.9641384009701,6088.6008615990313,0,0,0.034078069031238556,0.054457680322229862,0.00016892235726118088,0.055005542933940887,8.1755220890045166e-05,0.089165367186069489,13.980000000000418,0.73200000000002774,3.5,1,1,1,1,1,1,timeseries/trace_0088_rig_dynamics_joint.csv,exact_runtime_observations,
trace_0089,rig_dynamics_joint,Joint rig-dynamics profile,ok,/home/ksha/Documents/sbel/offroad-control/benchmarking/results/joint_b4_scope_seed94627135/collection/raw/trace_0089/attempt_01/sensor_trace.csv,e8e919a6ccca25abedaff978e22af11540f6469274685ca120452e2bab36b115,799,7,385,0.73605617866754769,0.73605617866754769,0.75547853262849396,0.75547853262849396,0.17040514200383278,0.14829749209809931,24.916849285189898,24.916849285189898,22.239522878650455,22.239522878650455,6.1978548463780028,3.7036730600794763,9,9,9,9,249,16,16,16,11,0,2,0,13.24800000000039,0.99957297299172176,-0.01074501064024689,0.0056564725516099245,0,rig_dynamics_joint_accepted_v2,1,1,9,0.75547853262849396,22.239522878650455,0,1.3517483686004961,0.19290420445981851,0.82436952145814624,0,0.0097659682294466404,5.4033847126743132e-05,0,0.0097659682294466404,0,2,0.30065700369894488,16,32,0.14144711843038762,0.12291874018828966,108,0,0,9,13.24800000000039,0.48513206157803923,static,6531.9641384009701,6088.6008615990313,0,0,0.063364402391016483,0.053835673257708549,0.00020510144531726837,0.05448614526540041,8.0352649092674255e-05,0.11793090030550957,13.980000000000418,0.73200000000002774,3.5,1,1,1,1,1,1,timeseries/trace_0089_rig_dynamics_joint.csv,exact_runtime_observations,
trace_0090,rig_dynamics_joint,Joint rig-dynamics profile,ok,/home/ksha/Documents/sbel/offroad-control/benchmarking/results/joint_b4_scope_seed94627135/collection/raw/trace_0090/attempt_01/sensor_trace.csv,588e2802a58926e6abc2be5c0d1260e97b58258379dc6ecda267a71f28bafea0,849,7,407,0.71115094452770122,0.71115094452770122,0.71562022574424877,0.71562022574424877,0.19206545615616372,0.15736209275036539,21.387064447588916,21.387064447588916,11.25002142267723,11.25002142267723,6.8385378435238966,2.759529732619264,5,5,5,5,174,12,12,12,15,0,1,0,13.260000000000391,1.0021810021823876,0.0530561244948176,0.0081062468156340578,0,rig_dynamics_joint_accepted_v2,1,1,5,0.71562022574424877,11.25002142267723,0,1.549233794355779,0.14705621387834633,1.1201233270184301,0,0.021134239336532374,0.08329057169231921,0,0.08329057169231921,0,2,0.63139846698663771,12,24,0.098502387625952176,0.10888607533063079,50,0,0,5,13.260000000000391,0.45766321277769212,static,6531.9641384009701,6088.6008615990313,0,0,0.063790904358029366,0.053180295042693615,0.00018144398927688599,0.053778410889208317,9.6473842859268188e-05,0.11766578909009695,13.980000000000418,0.72000000000002728,3.5,1,1,1,1,1,1,timeseries/trace_0090_rig_dynamics_joint.csv,exact_runtime_observations,
trace_0091,rig_dynamics_joint,Joint rig-dynamics profile,ok,/home/ksha/Documents/sbel/offroad-control/benchmarking/results/joint_b4_scope_seed94627135/collection/raw/trace_0091/attempt_01/sensor_trace.csv,cf27674939d3f49ef8e1301de306befaccd90dbc00dbe4ae6c91308e697d16ca,842,7,411,0.72582750825079478,0.72582750825079478,0.75936665470178755,0.75936665470178755,0.18718519641943471,0.1591076330280865,21.681296222505477,21.681296222505477,14.610021092114055,14.610021092114055,6.4213610104533831,2.7874830035926741,7,7,7,7,205,14,14,14,13,0,2,0,13.24800000000039,1.0019864359141348,0.0078276570236576262,0.017735388039169284,0,rig_dynamics_joint_accepted_v2,1,1,7,0.75936665470178755,14.610021092114055,0,1.5386122383156071,0.12728592537294528,1.1194944532769084,0,0.01733167667384292,0.0097515360493383042,0,0.01733167667384292,0,2,0.59097255308606556,14,28,0.20852723167043161,0.089191744815237867,77,0,0,7,13.24800000000039,0.48521720235135007,static,6531.9641384009701,6088.6008615990313,0,0,0.04715993907302618,0.049930041655898094,0.0001741945743560791,0.050467873923480511,7.442571222782135e-05,0.097702238708734512,13.980000000000418,0.73200000000002774,3.5,1,1,1,1,1,1,timeseries/trace_0091_rig_dynamics_joint.csv,exact_runtime_observations,
trace_0092,rig_dynamics_joint,Joint rig-dynamics profile,ok,/home/ksha/Documents/sbel/offroad-control/benchmarking/results/joint_b4_scope_seed94627135/collection/raw/trace_0092/attempt_01/sensor_trace.csv,33720a8b1e9c37975bfc5ca2a4c27504c0f5a6ce06acf5c1015a744ee9ec295b,844,7,413,0.67958333123887904,0.67958333123887904,0.66436910676895844,0.66436910676895844,0.16946857900558851,0.13587029532020942,25.896889460990923,25.896889460990923,22.236470538209531,22.236470538209531,6.7986271934438882,3.9263996786338038,6,6,6,6,228,13,13,13,14,0,5,0,13.24800000000039,1.0008220203145024,0.035706962871268559,0.0065951736633946328,0,rig_dynamics_joint_accepted_v2,1,1,6,0.66436910676895844,22.236470538209531,0,1.5166135851876019,0.28251456751089815,0.75491509171914639,0,0.018701501859034877,9.5851875643505399e-06,0,0.018701501859034877,0,2,0.3707868562228514,13,26,0.1875403901887088,0.19084106662566963,63,0,0,6,13.24800000000039,0.5354147071465778,static,6531.9641384009701,6088.6008615990313,0,0,0.034158298745751381,0.017226633615791798,0.00018747150897979736,0.017853993922472,9.9059194326400757e-05,0.052111351862549782,13.980000000000418,0.73200000000002774,3.5,1,1,1,1,1,1,timeseries/trace_0092_rig_dynamics_joint.csv,exact_runtime_observations,
trace_0093,rig_dynamics_joint,Joint rig-dynamics profile,ok,/home/ksha/Documents/sbel/offroad-control/benchmarking/results/joint_b4_scope_seed94627135/collection/raw/trace_0093/attempt_01/sensor_trace.csv,9322dfc62a244f239c795fab153defa49eb501bc8c249bfb7529e12f1f56f77c,831,7,402,0.67062961967600043,0.67062961967600043,0.63745026638262203,0.63745026638262203,0.16319879010384555,0.12521051385024434,28.305099930668803,28.305099930668803,27.11448268406939,27.11448268406939,6.8478106387295741,4.8809081549362183,5,5,5,5,234,11,11,12,15,0,7,0,12.744000000000371,0.99941791490952969,0.022460392463807537,-0.012543557638388525,0,rig_dynamics_joint_accepted_v2,1,1,5,0.63745026638262203,27.11448268406939,0,1.404211387097533,0.36594649709021371,0.53849230780157031,0,0.019959218989449221,0.013026825784343509,0,0.019959218989449221,0,2,0.26940389637331463,11,22,0.22146500520861587,0.1591789907051136,47,0,0,5,12.744000000000371,0.54140953350868926,static,6531.9641384009701,6088.6008615990313,0,0,0.058112237602472305,0.03722166083753109,0.00017169676721096039,0.037787115201354027,9.3268230557441711e-05,0.095992621034383774,13.980000000000418,1.2360000000000468,3.5,1,1,1,1,1,1,timeseries/trace_0093_rig_dynamics_joint.csv,exact_runtime_observations,
trace_0094,rig_dynamics_joint,Joint rig-dynamics profile,ok,/home/ksha/Documents/sbel/offroad-control/benchmarking/results/joint_b4_scope_seed94627135/collection/raw/trace_0094/attempt_01/sensor_trace.csv,894977a89703c24672536ffedb2cf51edc0d8cbe3442c47da4b701f04d2eef64,825,7,409,0.77956626412733543,0.77956626412733543,0.81963808291658979,0.81963808291658979,0.1656390509361044,0.1478073620155991,27.48196815444425,27.48196815444425,26.52753662931935,26.52753662931935,6.2175036066654581,4.2206255410260809,10,10,10,10,295,16,16,17,10,0,2,0,13.24800000000039,0.9981031786016511,-0.015388133406347187,0.0063629518727810596,0,rig_dynamics_joint_accepted_v2,1,1,10,0.81963808291658979,26.52753662931935,0,1.146541377149962,0.24393581195342887,0.67932983148559223,0,0.0095127795545721407,0.0033070056984976985,0,0.0095127795545721407,0,2,0.16525038446679638,16,32,0.18413388318754642,0.1734028933704686,124,0,0,10,13.24800000000039,0.44766674358944503,static,6531.9641384009701,6088.6008615990313,0,0,0.041408471763134003,0.061832361854612827,0.00018659047782421112,0.062413790263235569,7.9162418842315674e-05,0.10390142444521189,13.980000000000418,0.73200000000002774,3.5,1,1,1,1,1,1,timeseries/trace_0094_rig_dynamics_joint.csv,exact_runtime_observations,
trace_0095,rig_dynamics_joint,Joint rig-dynamics profile,ok,/home/ksha/Documents/sbel/offroad-control/benchmarking/results/joint_b4_scope_seed94627135/collection/raw/trace_0095/attempt_01/sensor_trace.csv,bf5d42292c6f48c6198782231ba9511d271ef5ae593173e426919d104bbad9b0,819,7,409,0.67910780996480669,0.67910780996480669,0.65976597586491059,0.65976597586491059,0.16369299770757023,0.12102289245870355,26.317115902579815,26.317115902579815,24.324093094586619,24.324093094586619,6.5075291893256519,3.5752427839245637,8,8,8,8,230,15,15,15,12,0,5,0,13.24800000000039,1.0002528884427926,0.073631366658518674,-0.0054441708885667019,0,rig_dynamics_joint_accepted_v2,1,1,8,0.65976597586491059,24.324093094586619,0,1.8780876392606627,0.39538702189876529,0.87218462232864824,0,0.01665201040308506,1.0766036749287809e-06,0,0.01665201040308506,0,2,0.67504612011078724,15,30,0.20617309996253386,0.17625944676350375,92,0,0,8,13.24800000000039,0.62090430380186068,static,6531.9641384009701,6088.6008615990313,0,0,0.044850848615169525,0.074651345610618591,0.00019280239939689636,0.075282514095306396,9.8059885203838348e-05,0.12023142259567976,13.992000000000418,0.74400000000002819,3.5,1,1,1,1,1,1,timeseries/trace_0095_rig_dynamics_joint.csv,exact_runtime_observations,
trace_0096,rig_dynamics_joint,Joint rig-dynamics profile,ok,/home/ksha/Documents/sbel/offroad-control/benchmarking/results/joint_b4_scope_seed94627135/collection/raw/trace_0096/attempt_01/sensor_trace.csv,44cce960d1c8fe2173aa539cc0111df4688429bcc06e62db5eac645a17c38b5d,808,7,401,0.67530717091110226,0.67530717091110226,0.64781864623717589,0.64781864623717589,0.1893065119978965,0.17037146572670692,23.329097465667335,23.329097465667335,18.026521523627846,18.026521523627846,6.570359422650391,3.816787986646053,5,5,5,5,231,12,12,12,15,0,6,0,13.24800000000039,1.0018113989643425,0.015785723068265919,0.0052817673942531793,0,rig_dynamics_joint_accepted_v2,1,1,5,0.64781864623717589,18.026521523627846,0,1.3860421563806751,0.15367482442817887,0.77729573337300606,0,0.034203264538789128,0.00078110036903519082,0,0.034203264538789128,0,2,0.84911626950315988,12,24,0.40593386557130873,0.23711471585975974,50,0,0,5,13.24800000000039,0.43189387683469782,static,6531.9641384009701,6088.6008615990313,0,0,0.049089038744568825,0.035919370129704475,0.00015401933342218399,0.03641471266746521,7.4126757681369781e-05,0.085577878169715405,13.980000000000418,0.73200000000002774,3.5,1,1,1,1,1,1,timeseries/trace_0096_rig_dynamics_joint.csv,exact_runtime_observations,
trace_0097,rig_dynamics_joint,Joint rig-dynamics profile,ok,/home/ksha/Documents/sbel/offroad-control/benchmarking/results/joint_b4_scope_seed94627135/collection/raw/trace_0097/attempt_01/sensor_trace.csv,4675c6a20d47d93866ee1344265e085ac2105ea433f48141a0c53e76e95d9601,862,7,409,0.70014031418395128,0.70014031418395128,0.69560505045743382,0.69560505045743382,0.18177651099313114,0.16042906368707685,22.132022215513242,22.132022215513242,16.615933746729368,16.615933746729368,6.2578487354095236,3.3995387100247219,8,8,8,8,234,15,15,15,12,0,3,0,13.24800000000039,1.0009344132392115,-0.0055421032562237788,0.0068083800844794757,0,rig_dynamics_joint_accepted_v2,1,1,8,0.69560505045743382,16.615933746729368,0,1.5150832986197331,0.13311516047670821,0.91592562118447562,0,0.021757605988883585,0.0019772923518293424,0,0.021757605988883585,0,2,0.61828700549008808,15,30,0.16981588660038421,0.098129575148835135,92,0,0,8,13.24800000000039,0.47693484017051707,static,6531.9641384009701,6088.6008615990313,0,0,0.069225074723362923,0.036424974910914898,0.00018698349595069885,0.037052853032946587,0.00010464619845151901,0.10638257395476103,13.980000000000418,0.73200000000002774,3.5,1,1,1,1,1,1,timeseries/trace_0097_rig_dynamics_joint.csv,exact_runtime_observations,
trace_0098,rig_dynamics_joint,Joint rig-dynamics profile,ok,/home/ksha/Documents/sbel/offroad-control/benchmarking/results/joint_b4_scope_seed94627135/collection/raw/trace_0098/attempt_01/sensor_trace.csv,b4c57ddad6d788976ff2082016c4bff15d8605307c703e41a743c4217f8b5c5e,855,7,405,0.70046288906806153,0.70046288906806153,0.69107780000836794,0.69107780000836794,0.18191875142595901,0.1472603306400114,20.707758426911727,20.707758426911727,13.317241714946697,13.317241714946697,6.3269156043902344,2.9212345702617424,7,7,7,7,208,14,14,14,13,0,3,0,13.24800000000039,1.0013191280965448,0.065242878860206924,0.017142870088427735,0,rig_dynamics_joint_accepted_v2,1,1,7,0.69107780000836794,13.317241714946697,0,1.6546924575771462,0.20866435460836663,1.0636457738599856,0,0.019891447476562511,0.023288038212291581,0,0.023288038212291581,0,2,0.51315896633747726,14,28,0.21211598033479676,0.14085648005320012,77,0,0,7,13.24800000000039,0.52465110323066344,static,6531.9641384009701,6088.6008615990313,0,0,0.036328901536762714,0.019882330670952797,0.00014687888324260712,0.020351825281977654,6.6416338086128235e-05,0.056747143156826496,13.980000000000418,0.73200000000002774,3.5,1,1,1,1,1,1,timeseries/trace_0098_rig_dynamics_joint.csv,exact_runtime_observations,
trace_0099,rig_dynamics_joint,Joint rig-dynamics profile,ok,/home/ksha/Documents/sbel/offroad-control/benchmarking/results/joint_b4_scope_seed94627135/collection/raw/trace_0099/attempt_01/sensor_trace.csv,872051ed4ef4c8d987b9b717f83bc5118caa3d8034c548ef709032abfb3e04d3,827,7,401,0.77555811267645902,0.77555811267645902,0.82028258793160513,0.82028258793160513,0.17714187158547018,0.1566751722693206,22.617763203147177,22.617763203147177,19.461032134915275,19.461032134915275,5.799892717121673,3.2932738554202023,9,9,9,9,259,16,16,16,11,0,2,0,13.24800000000039,1.0022779373125801,-0.01839268754020915,0.0075944155979286512,0,rig_dynamics_joint_accepted_v2,1,1,9,0.82028258793160513,19.461032134915275,0,1.398761060615171,0.17086653022870471,0.96704316797804946,0,0.017016921735239367,0.001076242751569062,0,0.017016921735239367,0,2,0.59590421396311299,16,32,0.17217303015885194,0.1550219919388085,108,0,0,9,13.24800000000039,0.47075933878735693,static,6531.9641384009701,6088.6008615990313,0,0,0.04580150730907917,0.050927995704114437,0.00017331074923276901,0.051520265638828278,9.4491057097911835e-05,0.09741626400500536,13.980000000000418,0.73200000000002774,3.5,1,1,1,1,1,1,timeseries/trace_0099_rig_dynamics_joint.csv,exact_runtime_observations,
trace_0100,rig_dynamics_joint,Joint rig-dynamics profile,ok,/home/ksha/Documents/sbel/offroad-control/benchmarking/results/joint_b4_scope_seed94627135/collection/raw/trace_0100/attempt_01/sensor_trace.csv,d8ba99e060de1a2f86a6d7aa940e7b33ce6bb730f7c460cc4e537da2608ef041,820,7,402,0.66441188639061333,0.66441188639061333,0.60691989186995499,0.60691989186995499,0.17482387517072104,0.13660724253290857,26.51617706988629,26.51617706988629,22.170386132220742,22.170386132220742,7.5066112587834546,4.3544516417230623,5,5,5,5,195,12,12,12,15,0,4,1,13.23600000000039,1.0032644947061202,0.011138841102750719,-0.0022120446247419936,0,rig_dynamics_joint_accepted_v2,1,1,5,0.60691989186995499,22.170386132220742,0,1.5268626763919391,0.33807707443060514,0.65637989593108137,0,0.038770273763151078,0.00010584376983731195,0,0.038770273763151078,0,2,0.75508033254351081,12,24,0.15838459168133867,0.09888204093583175,50,0,0,5,13.23600000000039,0.52425207632487347,static,6531.9641384009701,6088.6008615990313,0,0,0.052217867225408554,0.061578705906867981,0.00017961394041776657,0.062135987915098667,7.8283250331878662e-05,0.1144321383908391,13.980000000000418,0.74400000000002819,3.5,1,1,1,1,1,1,timeseries/trace_0100_rig_dynamics_joint.csv,exact_runtime_observations,
trace_0101,rig_dynamics_joint,Joint rig-dynamics profile,ok,/home/ksha/Documents/sbel/offroad-control/benchmarking/results/joint_b4_scope_seed94627135/collection/raw/trace_0101/attempt_01/sensor_trace.csv,409ebc8635c90c226bbd70c19d4e67d3e5309979dad6665e581fad1a34515c41,823,7,399,0.67878214913556656,0.67878214913556656,0.59484244920069607,0.59484244920069607,0.16166111520979157,0.122488137216113,29.285722825167415,29.285722825167415,27.007848377702707,27.007848377702707,6.5723532628630377,4.510991116692014,6,6,6,6,250,12,12,13,14,0,6,0,13.24800000000039,1.0020596262713033,0.01487082361328663,-0.0057795356462812314,0,rig_dynamics_joint_accepted_v2,1,1,6,0.59484244920069607,27.007848377702707,0,1.7162052447659317,0.43949183277000425,0.63988511869882181,0,0.029887922261317128,0.010194932448012489,0,0.029887922261317128,0,2,0.62145274395487404,12,24,0.29575549175394072,0.19303132204281923,59,0,0,6,13.24800000000039,0.58946470067265555,static,6531.9641384009701,6088.6008615990313,0,0,0.054823724552989006,0.049720597453415394,0.00018386263400316238,0.050324197858572006,9.5359049737453461e-05,0.10524328146129847,13.980000000000418,0.73200000000002774,3.5,1,1,1,1,1,1,timeseries/trace_0101_rig_dynamics_joint.csv,exact_runtime_observations,
trace_0102,rig_dynamics_joint,Joint rig-dynamics profile,ok,/home/ksha/Documents/sbel/offroad-control/benchmarking/results/joint_b4_scope_seed94627135/collection/raw/trace_0102/attempt_01/sensor_trace.csv,f23878fbae432ca21d4531dc8eb8067d691fa2e8cd6074d825f7fde02f29839e,824,7,420,0.55497350692750202,0.55497350692750202,0.48592478552188828,0.48592478552188828,0.093038721291079082,0.044642237455102284,32.74171852715024,32.74171852715024,32.991779577462196,32.991779577462196,4.817012317541475,2.8708625973741939,10,10,10,10,296,15,15,17,10,0,3,2,13.23600000000039,1.0127873644845087,-0.050341582514601385,0.004087396017654882,0,rig_dynamics_joint_accepted_v2,1,1,10,0.48592478552188828,32.991779577462196,0,2.5278095875437989,1.3922716375872413,1.0735478247085131,0,0.041903073391716783,0.099090846254053497,0,0.099090846254053497,0,2,1.4053068474208334,15,30,0.37248282221868634,0.24862997898487937,122,0,0,10,13.23600000000039,0.76268179463101704,static,6531.9641384009701,6088.6008615990313,0,0,0.058553001843392849,0.045854114927351475,0.00018616952002048492,0.046467767097055912,0.012103978544473648,0.11712474748492241,13.992000000000418,0.75600000000002865,3.5,1,1,1,1,1,1,timeseries/trace_0102_rig_dynamics_joint.csv,exact_runtime_observations,
trace_0103,rig_dynamics_joint,Joint rig-dynamics profile,ok,/home/ksha/Documents/sbel/offroad-control/benchmarking/results/joint_b4_scope_seed94627135/collection/raw/trace_0103/attempt_01/sensor_trace.csv,1d18dae40745af6174251908264c73e4c6049a14e56b7bdfe8361d975d721881,854,7,404,0.70839370767817222,0.70839370767817222,0.70627129850480774,0.70627129850480774,0.18184028182263373,0.13805942386176298,21.598266048035001,21.598266048035001,14.16320846300388,14.16320846300388,6.464111795187792,2.7802172077931027,7,7,7,7,199,14,14,14,13,0,1,0,13.24800000000039,0.99760818168365684,0.074891675747586997,0.010222237359156462,0,rig_dynamics_joint_accepted_v2,1,1,7,0.70627129850480774,14.16320846300388,0,1.7344600635447942,0.26276514419058777,1.1183309528654557,0,0.014273685969792674,0.011463287870244337,0,0.014273685969792674,0,2,0.63669685821038313,14,28,0.17371634023621829,0.062564461871299507,77,0,0,7,13.24800000000039,0.56193682959221447,static,6531.9641384009701,6088.6008615990313,0,0,0.046161524020135403,0.0535156624391675,0.00016862712800502777,0.054043574258685112,7.7603384852409363e-05,0.10028270166367292,13.980000000000418,0.73200000000002774,3.5,1,1,1,1,1,1,timeseries/trace_0103_rig_dynamics_joint.csv,exact_runtime_observations,
trace_0104,rig_dynamics_joint,Joint rig-dynamics profile,ok,/home/ksha/Documents/sbel/offroad-control/benchmarking/results/joint_b4_scope_seed94627135/collection/raw/trace_0104/attempt_01/sensor_trace.csv,bc9c2e3e47ba4247b9b9dbff2a28dd379d3a9895aec24466f2bfad92d26427d9,825,7,414,0.81899455446940239,0.81899455446940239,0.90169278747668646,0.90169278747668646,0.16015245673030101,0.11793032406539231,29.062153810981577,29.062153810981577,29.123543779419006,29.123543779419006,6.244642318726787,3.9288433695079443,10,10,10,10,299,16,16,17,10,0,3,0,13.23600000000039,0.9978541738132799,-0.015344175331920531,0.0048007179848726725,0,rig_dynamics_joint_accepted_v2,1,1,10,0.90169278747668646,29.123543779419006,0,1.3091918970581715,0.47872029487004353,0.7478801455539259,0,0.017636329135526697,0.018324804279706147,0,0.018324804279706147,0,2,0.16521482895870515,16,32,0.15838319716243141,0.12186686831229054,124,0,0,10,13.23600000000039,0.5410745579236913,static,6531.9641384009701,6088.6008615990313,0,0,0.025493552908301353,0.070744356140494347,0.00017739180475473404,0.071345804259181023,9.5189549028873444e-05,0.09693454671651125,13.992000000000418,0.75600000000002865,3.5,1,1,1,1,1,1,timeseries/trace_0104_rig_dynamics_joint.csv,exact_runtime_observations,
trace_0105,rig_dynamics_joint,Joint rig-dynamics profile,ok,/home/ksha/Documents/sbel/offroad-control/benchmarking/results/joint_b4_scope_seed94627135/collection/raw/trace_0105/attempt_01/sensor_trace.csv,c2e970e8be0fe158550dc1ac58d4ddd9ac4b5e30e72310483cf669f502d47b59,843,7,419,0.65452856703932683,0.65452856703932683,0.64882944524094854,0.64882944524094854,0.17462084546517656,0.15090627214337865,24.574616698075591,24.574616698075591,21.240700282389984,21.240700282389984,6.2362409616508714,3.8358541073846379,6,6,6,6,276,12,12,13,14,0,7,0,13.24200000000039,1.0008445946015445,0.010415570389477274,0.0071058668155339318,0,rig_dynamics_joint_accepted_v2,1,1,6,0.64882944524094854,21.240700282389984,0,1.4789283294817714,0.2127281952423575,0.77546696015453898,0,0.024657104710704369,8.760409538102367e-06,0,0.024657104710704369,0,2,0.54568062168636033,12,24,0.20398645040705216,0.19884221664502502,62,0,0,6,13.24200000000039,0.49184213231077228,static,6531.9641384009701,6088.6008615990313,0,0,0.09089314192533493,0.032698466442525387,0.0001613181084394455,0.0332137206569314,7.0453621447086334e-05,0.12417731620371342,13.992000000000418,0.75000000000002842,3.5,1,1,1,1,1,1,timeseries/trace_0105_rig_dynamics_joint.csv,exact_runtime_observations,
trace_0106,rig_dynamics_joint,Joint rig-dynamics profile,ok,/home/ksha/Documents/sbel/offroad-control/benchmarking/results/joint_b4_scope_seed94627135/collection/raw/trace_0106/attempt_01/sensor_trace.csv,ea35ac4e0544dcd404198d67c4281ea694f9013eb698c7e4fc9a74b93df51d64,835,7,406,0.82756190777060623,0.82756190777060623,0.91059829349728016,0.91059829349728016,0.15818218752086693,0.12148797844639739,27.692072632306392,27.692072632306392,26.992219564603548,26.992219564603548,6.4809002035166161,3.8410069785980792,8,8,8,8,234,16,16,16,11,0,2,0,13.24800000000039,0.99747711790527804,-0.017598144137189548,0.012440313398085552,0,rig_dynamics_joint_accepted_v2,1,1,8,0.91059829349728016,26.992219564603548,0,1.31751950296049,0.4697740955002353,0.76663844065611975,0,0.023808490984938806,0.0037175151636831549,0,0.023808490984938806,0,2,0.20991826788425841,16,32,0.12824457211364307,0.11747376730321418,108,0,0,9,13.24800000000039,0.53172659487539187,static,6531.9641384009701,6088.6008615990313,0,0,0.045256653800606728,0.061938300728797913,0.00018803216516971588,0.062560819089412689,0.00010022521018981934,0.10791769810020924,13.992000000000418,0.74400000000002819,3.5,1,1,1,1,1,1,timeseries/trace_0106_rig_dynamics_joint.csv,exact_runtime_observations,
trace_0107,rig_dynamics_joint,Joint rig-dynamics profile,ok,/home/ksha/Documents/sbel/offroad-control/benchmarking/results/joint_b4_scope_seed94627135/collection/raw/trace_0107/attempt_01/sensor_trace.csv,1fd6de33298b2c2b127f6007e25b3fa016c21465d30c69f61956660bf40acf61,835,7,410,0.66550018131664057,0.66550018131664057,0.68165101798840977,0.68165101798840977,0.15936849505971731,0.12539635391395165,25.561206448096954,25.561206448096954,24.188486496217291,24.188486496217291,6.426161951961455,3.7278910834347041,6,6,6,6,269,12,12,13,14,0,7,0,13.24200000000039,1.0021133812748035,0.03518699986357901,0.0021808067643184128,0,rig_dynamics_joint_accepted_v2,1,1,6,0.68165101798840977,24.188486496217291,0,1.6454287959614766,0.35650922725109407,0.8188764352921164,0,0.013970476677344301,8.110843821732874e-06,0,0.013970476677344301,0,2,0.42292188471788938,12,24,0.16030037185854928,0.28375208882574238,62,0,0,6,13.24200000000039,0.58225513760806946,static,6531.9641384009701,6088.6008615990313,0,0,0.056475745514035225,0.027921103872358799,0.00018829293549060822,0.028531376272439957,9.6560455858707428e-05,0.085103682242333889,13.980000000000418,0.73800000000002797,3.5,1,1,1,1,1,1,timeseries/trace_0107_rig_dynamics_joint.csv,exact_runtime_observations,
trace_0108,rig_dynamics_joint,Joint rig-dynamics profile,fail,/home/ksha/Documents/sbel/offroad-control/benchmarking/results/joint_b4_scope_seed94627135/collection/raw/trace_0108/attempt_01/sensor_trace.csv,af836089fc4e8513bf9b80f1ba11d001a1becba0d6f4faa7a4e5c8781c75831a,,,,,,,,,,,,,,,,,,,,,,,,,,,,,,,,,,,,,,,,,,,,,,,,,,,,,,,,,,,,,,,,,,,,,,,,,,,,,,,,,,exact_runtime_observations,ValueError('joint estimator has no accepted snapshot')
trace_0109,rig_dynamics_joint,Joint rig-dynamics profile,ok,/home/ksha/Documents/sbel/offroad-control/benchmarking/results/joint_b4_scope_seed94627135/collection/raw/trace_0109/attempt_01/sensor_trace.csv,6c246b0a0bc1ce7656ece1652abce0a1bcf4fc6576389e29c70c9a4b0282566d,812,7,400,0.6756347246239427,0.6756347246239427,0.67896828980233803,0.67896828980233803,0.1681020241743959,0.12786423421004661,28.5416919958165,28.5416919958165,28.669992563043309,28.669992563043309,6.8505752492174796,4.2183581561689367,7,7,7,7,255,13,13,14,13,0,6,0,13.24800000000039,1.0026444301432862,0.023202808123472422,-0.0038537449566159892,0,rig_dynamics_joint_accepted_v2,1,1,7,0.67896828980233803,28.669992563043309,0,1.5716309178402494,0.33246223509612655,0.70843569489858838,0,0.012756192409011517,0.0076231858967309449,0,0.012756192409011517,0,2,0.4442175971892306,13,26,0.29000975669491513,0.20594894013964588,76,0,0,7,13.24800000000039,0.56625907263147968,static,6531.9641384009701,6088.6008615990313,0,0,0.065887967124581337,0.052491162903606892,0.00019884482026100159,0.053129593841731548,9.908527135848999e-05,0.11911664623767138,13.980000000000418,0.73200000000002774,3.5,1,1,1,1,1,1,timeseries/trace_0109_rig_dynamics_joint.csv,exact_runtime_observations,
trace_0110,rig_dynamics_joint,Joint rig-dynamics profile,ok,/home/ksha/Documents/sbel/offroad-control/benchmarking/results/joint_b4_scope_seed94627135/collection/raw/trace_0110/attempt_01/sensor_trace.csv,636792980dbd5e2ec0ebbf7c64a1e6bd583d61c3f1e0347775db843a7d4ade48,839,7,421,0.67051575222628512,0.67051575222628512,0.65053189867088046,0.65053189867088046,0.17318592611906289,0.14493601564689201,22.565580902386515,22.565580902386515,17.502530867701743,17.502530867701743,6.4677446959834697,3.7860488177189033,6,6,6,6,240,13,13,13,14,0,4,0,12.246000000000352,1.0019312188735927,0.032936455152259875,0.0061087139240263173,0,rig_dynamics_joint_accepted_v2,1,1,6,0.65053189867088046,17.502530867701743,0,1.5227691174950333,0.24261195130112012,0.79143459011775819,0,0.028236958470297311,0.0013985652778332144,0,0.028236958470297311,0,2,0.50246543814122913,13,26,0.21054702803160591,0.11198623890767848,63,0,0,6,12.246000000000352,0.50996108002256968,static,6531.9641384009701,6088.6008615990313,0,0,0.05019003339111805,0.044031549245119095,0.0001668659970164299,0.04460329283028841,9.3026086688041687e-05,0.094886352308094501,13.968000000000417,1.7220000000000653,3.5,1,1,1,1,1,1,timeseries/trace_0110_rig_dynamics_joint.csv,exact_runtime_observations,
trace_0111,rig_dynamics_joint,Joint rig-dynamics profile,ok,/home/ksha/Documents/sbel/offroad-control/benchmarking/results/joint_b4_scope_seed94627135/collection/raw/trace_0111/attempt_01/sensor_trace.csv,40eb00544d9cf7633fb4658e100b30da59e7ba568a31b7d6028d718bcf256e1f,776,7,378,0.6788825103525733,0.6788825103525733,0.63688597564423444,0.63688597564423444,0.18467508501034618,0.14778721850857426,25.545398965140347,25.545398965140347,19.238914566475657,19.238914566475657,7.4883348917647048,4.0385891928200151,4,4,4,4,157,11,11,11,16,0,4,1,13.24200000000039,0.99901006285291583,0.034852028451789446,0.0056153756415613081,0,rig_dynamics_joint_accepted_v2,1,1,4,0.63688597564423444,19.238914566475657,0,1.3704456970076728,0.24300793129552692,0.71428139481608965,0,0.029682708602438889,0.0006157332893773446,0,0.029682708602438889,0,2,0.88607100375700232,11,22,0.25248761242122802,0.21696120546298753,38,0,0,4,13.24200000000039,0.47956590516024966,static,6531.9641384009701,6088.6008615990313,0,0,0.042841915041208267,0.026363732293248177,0.00015242490917444229,0.026838603429496288,6.9729983806610107e-05,0.069750248454511166,13.980000000000418,0.73800000000002797,3.5,1,1,1,1,1,1,timeseries/trace_0111_rig_dynamics_joint.csv,exact_runtime_observations,
trace_0112,rig_dynamics_joint,Joint rig-dynamics profile,ok,/home/ksha/Documents/sbel/offroad-control/benchmarking/results/joint_b4_scope_seed94627135/collection/raw/trace_0112/attempt_01/sensor_trace.csv,d23fd0f118cff5c04004fdf1f95758a96dd2db87efe51eefc91c432b798b4e55,836,7,408,0.87094525803226264,0.87094525803226264,0.96546134914003645,0.96546134914003645,0.13440276083936473,0.09109000270147645,31.581592550664364,31.581592550664364,31.525185862116651,31.525185862116651,5.7429088652108815,3.8726997390844566,10,10,10,10,288,16,16,17,10,0,3,0,13.24800000000039,0.99950816210602511,-0.016773891753915998,0.013519788471073036,0,rig_dynamics_joint_accepted_v2,1,1,10,0.96546134914003645,31.525185862116651,0,1.5607296396606107,0.75192990778702096,0.78927536461444392,0,0.045847410380466344,0.081754678809422651,0,0.081754678809422651,0,2,0.26267378229133842,16,32,0.19933651336038455,0.14899898437475451,124,0,0,10,13.24800000000039,0.60780422241087373,static,6531.9641384009701,6088.6008615990313,0,0,0.055085140280425549,0.09180332999676466,0.0031864261254668236,0.095417482778429985,0.0001010773703455925,0.15060370042920113,13.968000000000417,0.72000000000002728,3.5,1,1,1,1,1,1,timeseries/trace_0112_rig_dynamics_joint.csv,exact_runtime_observations,
trace_0113,rig_dynamics_joint,Joint rig-dynamics profile,ok,/home/ksha/Documents/sbel/offroad-control/benchmarking/results/joint_b4_scope_seed94627135/collection/raw/trace_0113/attempt_01/sensor_trace.csv,f42a71695169c48bb04bc758d7f8f41e62dc893b36c9b4b15dd7bb095e77c169,847,7,403,0.71341920931681635,0.71341920931681635,0.71803774550175903,0.71803774550175903,0.18868368136818786,0.14906848870678188,22.099076200866072,22.099076200866072,12.24543968850098,12.24543968850098,6.9875946698630464,2.7544669059305633,6,6,6,6,163,13,13,13,14,0,2,0,13.24800000000039,0.99862676182221322,0.054202878942945461,0.009459764151011631,0,rig_dynamics_joint_accepted_v2,1,1,6,0.71803774550175903,12.24543968850098,0,1.6017658518432727,0.19143463744966843,1.1195960784545491,0,0.017064014067279823,0.04487007845009218,0,0.04487007845009218,0,2,0.54140446180022084,13,26,0.14835537067015425,0.1104215564918084,63,0,0,6,13.24800000000039,0.50229922767860924,static,6531.9641384009701,6088.6008615990313,0,0,0.063496870920062065,0.035734319128096104,0.00019581802189350128,0.036368897184729576,0.00010053813457489014,0.099966306239366531,13.980000000000418,0.73200000000002774,3.5,1,1,1,1,1,1,timeseries/trace_0113_rig_dynamics_joint.csv,exact_runtime_observations,
trace_0114,rig_dynamics_joint,Joint rig-dynamics profile,ok,/home/ksha/Documents/sbel/offroad-control/benchmarking/results/joint_b4_scope_seed94627135/collection/raw/trace_0114/attempt_01/sensor_trace.csv,6986f159be254948a5bb252dd220a8b59b4b8c972dd15dcfa7dde66bdcaa5fa6,857,7,408,0.68133483622826074,0.68133483622826074,0.66677482952157141,0.66677482952157141,0.1719775594621355,0.14014823560765488,21.756984183616321,21.756984183616321,16.406561208627036,16.406561208627036,6.1260726952907723,3.2999862806837452,5,5,5,5,235,12,12,12,15,0,5,0,11.748000000000333,1.0010605019103638,0.060823633973538085,-0.0036679056274671004,0,rig_dynamics_joint_accepted_v2,1,1,5,0.66677482952157141,16.406561208627036,0,1.6279260671434896,0.26028008443336537,0.93150518044254726,0,0.022607636849947189,0.0020586003531102362,0,0.022607636849947189,0,2,0.46562773004675256,12,24,0.2377895183776822,0.11283667608811429,50,0,0,5,11.748000000000333,0.53870692068032378,static,6531.9641384009701,6088.6008615990313,0,0,0.048395603895187378,0.043527334928512573,0.00017979927361011505,0.047049327753484249,9.7319483757019043e-05,0.095542251132428646,13.980000000000418,2.2320000000000846,3.5,1,1,1,1,1,1,timeseries/trace_0114_rig_dynamics_joint.csv,exact_runtime_observations,
trace_0115,rig_dynamics_joint,Joint rig-dynamics profile,ok,/home/ksha/Documents/sbel/offroad-control/benchmarking/results/joint_b4_scope_seed94627135/collection/raw/trace_0115/attempt_01/sensor_trace.csv,85ab324ee59f92e5acf6ffceebb6a2347ccdc912ba4664e4148b2ecc13835ee6,868,7,421,0.74549051601113725,0.74549051601113725,0.76639610196298802,0.76639610196298802,0.18846501392833837,0.17439866335508572,23.937744910108105,23.937744910108105,20.611430866801669,20.611430866801669,6.217123669630694,3.8015577613171434,9,9,9,9,271,16,16,16,11,0,2,0,13.24800000000039,1.0015911649528122,0.031291775364593745,0.0059967851161468362,0,rig_dynamics_joint_accepted_v2,1,1,9,0.76639610196298802,20.611430866801669,0,1.3123617087293276,0.080365958436507109,0.81749603362863321,0,0.017309655138614172,0.00019899335034627894,0,0.017309655138614172,0,2,0.61082990192685727,16,32,0.20319846826193438,0.11983569828698083,108,0,0,9,13.24800000000039,0.42013129348220279,static,6531.9641384009701,6088.6008615990313,0,0,0.053680229932069778,0.042965698055922985,0.00017363298684358597,0.043544454500079155,9.7276642918586731e-05,0.09732196107506752,13.980000000000418,0.73200000000002774,3.5,1,1,1,1,1,1,timeseries/trace_0115_rig_dynamics_joint.csv,exact_runtime_observations,
trace_0116,rig_dynamics_joint,Joint rig-dynamics profile,ok,/home/ksha/Documents/sbel/offroad-control/benchmarking/results/joint_b4_scope_seed94627135/collection/raw/trace_0116/attempt_01/sensor_trace.csv,6d71e9444c2c06db65b66734bd1f195b9b5bb580cac0ee5107961d5ba9c8e27f,852,7,437,0.69186433551485282,0.69186433551485282,0.6893446343200762,0.6893446343200762,0.16532556863459755,0.13480313840743452,24.623600773625263,24.623600773625263,22.521402131856668,22.521402131856668,6.2623034550349015,3.8444537705292996,7,7,7,7,278,14,14,14,13,0,4,0,13.24800000000039,1.0033506401256214,0.0045922240516293083,0.00078702250900555869,0,rig_dynamics_joint_accepted_v2,1,1,7,0.6893446343200762,22.521402131856668,0,1.5180006622888744,0.28571604286576519,0.78473377961018465,0,0.015464749493708142,1.5062043365735918e-05,0,0.015464749493708142,0,2,0.25183295556442187,14,28,0.14718215501617299,0.080829282739911232,77,0,0,7,13.24800000000039,0.5399328140963775,static,6531.9641384009701,6088.6008615990313,0,0,0.049022901803255081,0.048380558378994465,0.00015885196626186371,0.048888317309319973,7.0693902671337128e-05,0.097981913015246391,13.980000000000418,0.73200000000002774,3.5,1,1,1,1,1,1,timeseries/trace_0116_rig_dynamics_joint.csv,exact_runtime_observations,
trace_0117,rig_dynamics_joint,Joint rig-dynamics profile,fail,/home/ksha/Documents/sbel/offroad-control/benchmarking/results/joint_b4_scope_seed94627135/collection/raw/trace_0117/attempt_01/sensor_trace.csv,20eba596527be18595ffe3091fc50d048ad0584a49ceb91b4d21a6d3dd3c4d75,,,,,,,,,,,,,,,,,,,,,,,,,,,,,,,,,,,,,,,,,,,,,,,,,,,,,,,,,,,,,,,,,,,,,,,,,,,,,,,,,,exact_runtime_observations,ValueError('joint estimator has no accepted snapshot')
trace_0118,rig_dynamics_joint,Joint rig-dynamics profile,ok,/home/ksha/Documents/sbel/offroad-control/benchmarking/results/joint_b4_scope_seed94627135/collection/raw/trace_0118/attempt_01/sensor_trace.csv,7d5ab6d5992c8644e89d0124f18f5e0699e5d8d202f3d3582adad3df0abfd17f,828,7,409,0.57494156514067429,0.57494156514067429,0.49538197370016263,0.49538197370016263,0.1132387708089098,0.046913562107446238,32.026132902185253,32.026132902185253,33.419322922707281,33.419322922707281,5.4652940001364838,2.8984896633294817,9,9,9,9,263,14,14,16,11,0,3,1,13.24200000000039,1.0041878653003591,-0.090118936191040847,-0.0086268607793706636,0,rig_dynamics_joint_accepted_v2,1,1,9,0.49538197370016263,33.419322922707281,0,2.5409381372607536,1.3926184114155125,1.080417562378823,0,0.024161015451663437,0.13583992078499041,0,0.13583992078499041,0,2,1.5969657398262944,14,28,0.34448326546538255,0.3272496478335698,105,0,0,9,13.24200000000039,0.73126788388621333,static,6531.9641384009701,6088.6008615990313,0,0,0.056712965480983257,0.024132768623530865,0.00014672428369522095,0.024607287719845772,5.431007593870163e-05,0.081374563276767731,13.968000000000417,0.72600000000002751,3.5,1,1,1,1,1,1,timeseries/trace_0118_rig_dynamics_joint.csv,exact_runtime_observations,
trace_0119,rig_dynamics_joint,Joint rig-dynamics profile,ok,/home/ksha/Documents/sbel/offroad-control/benchmarking/results/joint_b4_scope_seed94627135/collection/raw/trace_0119/attempt_01/sensor_trace.csv,c902c0ee4cdac07eb7421cf22d24914f9496b6cf18d5c194ab5907cb4080e301,803,7,395,0.66314500008051447,0.66314500008051447,0.67496841461287516,0.67496841461287516,0.18182844773534057,0.16896153175435927,25.694120725167906,25.694120725167906,24.806720232612868,24.806720232612868,6.6009705560004841,4.1532067580490839,8,8,8,8,249,14,14,15,12,0,5,0,13.24800000000039,0.99631154863938665,-0.0014040436502824214,-0.0067121425052372972,0,rig_dynamics_joint_accepted_v2,1,1,8,0.67496841461287516,24.806720232612868,0,1.4808500283382982,0.12320374208537718,0.73969552297483643,0,0.024795868689137128,8.6425742348895503e-05,0,0.024795868689137128,0,2,1.3200321626461786,14,28,0.27897361546124544,0.23093350922394507,91,0,0,8,13.24800000000039,0.45226335391172218,static,6531.9641384009701,6088.6008615990313,0,0,0.060045546852052212,0.035348265431821346,0.00017799250781536102,0.035957625135779381,9.7785145044326782e-05,0.096100957132875919,13.980000000000418,0.73200000000002774,3.5,1,1,1,1,1,1,timeseries/trace_0119_rig_dynamics_joint.csv,exact_runtime_observations,
trace_0120,rig_dynamics_joint,Joint rig-dynamics profile,ok,/home/ksha/Documents/sbel/offroad-control/benchmarking/results/joint_b4_scope_seed94627135/collection/raw/trace_0120/attempt_01/sensor_trace.csv,dd662c88c10bd443195aa09150c64b2bb9fb76235df2e18069fead38d1fe0059,780,7,377,0.78141987489226117,0.78141987489226117,0.81989904977889716,0.81989904977889716,0.17530435241549322,0.157567338605,24.410006333252468,24.410006333252468,22.177790986344885,22.177790986344885,5.7027429996436521,3.559440928278518,10,10,10,10,267,16,16,17,10,0,2,0,13.23600000000039,0.99519522845326669,0.0120436860701497,-0.004327142313019075,0,rig_dynamics_joint_accepted_v2,1,1,10,0.81989904977889716,22.177790986344885,0,1.3097982394375209,0.17514278458430338,0.87222263836945491,0,0.014638020843510449,0.00011153849947506218,0,0.014638020843510449,0,2,0.4058749906056402,16,32,0.18519168659869606,0.22005698702757917,119,0,0,10,13.23600000000039,0.45560969914009114,static,6531.9641384009701,6088.6008615990313,0,0,0.043287277221679688,0.034093426540493965,0.00016885809600353241,0.03467655461281538,9.5094554126262665e-05,0.07805892638862133,13.980000000000418,0.74400000000002819,3.5,1,1,1,1,1,1,timeseries/trace_0120_rig_dynamics_joint.csv,exact_runtime_observations,
trace_0121,rig_dynamics_joint,Joint rig-dynamics profile,ok,/home/ksha/Documents/sbel/offroad-control/benchmarking/results/joint_b4_scope_seed94627135/collection/raw/trace_0121/attempt_01/sensor_trace.csv,62ee4678e6465184d3115589963dffdf6be417fd1cfcbbde602889bc6f9d85bc,892,7,417,0.78180597858091094,0.78180597858091094,0.8599824262762672,0.8599824262762672,0.17299825681693604,0.14286190135278309,27.618738983428507,27.618738983428507,25.435063812362426,25.435063812362426,6.9091358464762811,4.1063593024635763,8,8,8,8,232,16,16,16,11,0,2,0,13.24800000000039,1.0007673972414697,-0.015858739895708393,0.010401353284321766,0,rig_dynamics_joint_accepted_v2,1,1,8,0.8599824262762672,25.435063812362426,0,1.1727346955664126,0.29711736219451002,0.70928878341730728,0,0.014936312975983813,0.0011725525727406844,0,0.014936312975983813,0,2,0.21159311931227759,16,32,0.1392395215633504,0.17625515267926511,108,0,0,9,13.24800000000039,0.46081058921508372,static,6531.9641384009701,6088.6008615990313,0,0,0.039448310621082783,0.036014887504279613,0.0091934278607368469,0.045644199475646019,9.5324590802192688e-05,0.085187834687530994,13.980000000000418,0.73200000000002774,3.5,1,1,1,1,1,1,timeseries/trace_0121_rig_dynamics_joint.csv,exact_runtime_observations,
trace_0122,rig_dynamics_joint,Joint rig-dynamics profile,ok,/home/ksha/Documents/sbel/offroad-control/benchmarking/results/joint_b4_scope_seed94627135/collection/raw/trace_0122/attempt_01/sensor_trace.csv,a158173b71ad9d7115c5e4f66f53923af4462f5f882ff3ee639e0433bf0068ee,887,7,444,0.71012946080994099,0.71012946080994099,0.71540186476528478,0.71540186476528478,0.18283920655477243,0.15173774097986936,21.583347289655993,21.583347289655993,14.139890145337295,14.139890145337295,6.4752340682189216,2.9200282422812895,7,7,7,7,220,14,14,14,13,0,2,0,13.24200000000039,0.99802968432009942,0.04214582093304084,0.011949009801674973,0,rig_dynamics_joint_accepted_v2,1,1,7,0.71540186476528478,14.139890145337295,0,1.6063900162303382,0.17181539923157685,1.0708286117074444,0,0.017588338861003305,0.014123183656934322,0,0.017588338861003305,0,2,0.64352990719730407,14,28,0.17507939697960995,0.12147223622143465,77,0,0,7,13.24200000000039,0.51094599340428215,static,6531.9641384009701,6088.6008615990313,0,0,0.04071793332695961,0.041565283201634884,0.00017337128520011902,0.042164591141045094,9.5768831670284271e-05,0.082978293299674988,13.992000000000418,0.75000000000002842,3.5,1,1,1,1,1,1,timeseries/trace_0122_rig_dynamics_joint.csv,exact_runtime_observations,
trace_0123,rig_dynamics_joint,Joint rig-dynamics profile,ok,/home/ksha/Documents/sbel/offroad-control/benchmarking/results/joint_b4_scope_seed94627135/collection/raw/trace_0123/attempt_01/sensor_trace.csv,d16d220792b3f688d5720c417c220a1d499243387e2e67fd15fb7a46445c06f5,856,7,424,0.54733048177254429,0.54733048177254429,0.48507296991244353,0.48507296991244353,0.087727717075472736,0.035267984828169667,33.460173514208435,33.460173514208435,35.409976983987363,35.409976983987363,4.6646229040260074,2.45142102775911,8,8,8,8,305,13,14,15,12,0,5,2,12.750000000000371,1.0157010005145675,-0.068982218650080682,-0.009081298607978714,0,rig_dynamics_joint_accepted_v2,1,1,8,0.48507296991244353,35.409976983987363,0,2.9978690399669183,1.6281186232967599,1.364638413674095,0,0.023354716977430908,0.3600636570969511,0,0.3600636570969511,1,2,2.0630485138932415,14,28,0.2790641719061524,0.38298807863848577,91,0,0,8,12.750000000000371,0.57176454068698113,static,6531.9641384009701,6088.6008615990313,0,0,0.025024326518177986,0.026226355694234371,0.00016355235129594803,0.026758424937725067,5.9804879128932953e-05,0.051842556335031986,13.992000000000418,1.2420000000000471,3.5,1,1,1,1,0,1,timeseries/trace_0123_rig_dynamics_joint.csv,exact_runtime_observations,
trace_0124,rig_dynamics_joint,Joint rig-dynamics profile,ok,/home/ksha/Documents/sbel/offroad-control/benchmarking/results/joint_b4_scope_seed94627135/collection/raw/trace_0124/attempt_01/sensor_trace.csv,7bf63d01265dac98eadd51de2edeeb9021731f3fae41d904836f834dba346bf7,847,7,416,0.7511205523600063,0.7511205523600063,0.76828487487523145,0.76828487487523145,0.17018450072474872,0.14491234462213964,26.444525065024742,26.444525065024742,24.947776991342131,24.947776991342131,6.3588508293347221,3.9909802787685056,9,9,9,9,268,16,16,16,11,0,2,0,13.24200000000039,1.0018710884480266,-0.0041193310392587581,0.0051222201627785157,0,rig_dynamics_joint_accepted_v2,1,1,9,0.76828487487523145,24.947776991342131,0,1.3002205196361911,0.22468245561054709,0.75186953985734395,0,0.0080230736900323129,0.00021482985518506728,0,0.0080230736900323129,0,2,0.20522071715819962,16,32,0.13362807643758151,0.0718989635241708,108,0,0,9,13.24200000000039,0.48442604531209971,static,6531.9641384009701,6088.6008615990313,0,0,0.047978960908949375,0.030666452832520008,0.00014102086424827576,0.031141083687543869,6.6970475018024445e-05,0.079187015071511269,13.980000000000418,0.73800000000002797,3.5,1,1,1,1,1,1,timeseries/trace_0124_rig_dynamics_joint.csv,exact_runtime_observations,
trace_0125,rig_dynamics_joint,Joint rig-dynamics profile,ok,/home/ksha/Documents/sbel/offroad-control/benchmarking/results/joint_b4_scope_seed94627135/collection/raw/trace_0125/attempt_01/sensor_trace.csv,f77c44bcf4f7c971b787aaebbc1b10a3396de03875db61c4e78b5e45509cc6ea,844,7,422,0.54813814130003391,0.54813814130003391,0.49178404527878439,0.49178404527878439,0.097811064383526755,0.050949175998066372,32.683477286334536,32.683477286334536,33.902918802340793,33.902918802340793,4.716709740014811,2.9303633496680304,8,8,8,8,331,12,13,15,12,0,7,1,12.744000000000371,1.0038990059078523,-0.040254441286457839,-0.0097301822928285431,0,rig_dynamics_joint_accepted_v2,1,1,8,0.49178404527878439,33.902918802340793,0,2.4175708985227748,1.264221109317921,1.0979816237768805,0,0.049471875130386561,0.18320699619396219,0,0.18320699619396219,0,2,2.318566973240332,13,26,0.29961873629177532,0.20369061176119516,88,0,0,8,12.744000000000371,0.68219472682324467,static,6531.9641384009701,6088.6008615990313,0,0,0.048238802701234818,0.04382778238505125,0.00016493909060955048,0.044401523657143116,7.6202675700187683e-05,0.092716529034078121,13.992000000000418,1.2480000000000473,3.5,1,1,1,1,1,1,timeseries/trace_0125_rig_dynamics_joint.csv,exact_runtime_observations,
trace_0126,rig_dynamics_joint,Joint rig-dynamics profile,ok,/home/ksha/Documents/sbel/offroad-control/benchmarking/results/joint_b4_scope_seed94627135/collection/raw/trace_0126/attempt_01/sensor_trace.csv,2c4b8490226153cac4dc5fe9f36f04cbe2ab3899cfc73f7c644ddf71e1602445,833,7,404,0.66574886660358434,0.66574886660358434,0.65469954126454644,0.65469954126454644,0.18936377600571241,0.17873445748016384,22.816183131387636,22.816183131387636,16.166451300621787,16.166451300621787,6.8211718297048245,3.8993616994836526,3,3,3,3,200,10,10,10,17,0,5,0,13.23600000000039,1.0012959243179533,0.0059727360263453566,-0.0038980676687601127,0,rig_dynamics_joint_accepted_v2,1,1,3,0.65469954126454644,16.166451300621787,0,1.304839869968657,0.12365957803129396,0.75506241654293704,0,0.038822593739462508,0.005533016668746042,0,0.038822593739462508,0,2,1.0373037022657376,10,20,0.26779669213424634,0.21671932307087016,27,0,0,3,13.23600000000039,0.40140519994375939,static,6531.9641384009701,6088.6008615990313,0,0,0.056379260495305061,0.029137859120965004,0.00017120968550443649,0.02970397099852562,9.2200934886932373e-05,0.086175432428717613,13.992000000000418,0.75600000000002865,3.5,1,1,1,1,1,1,timeseries/trace_0126_rig_dynamics_joint.csv,exact_runtime_observations,
trace_0127,rig_dynamics_joint,Joint rig-dynamics profile,ok,/home/ksha/Documents/sbel/offroad-control/benchmarking/results/joint_b4_scope_seed94627135/collection/raw/trace_0127/attempt_01/sensor_trace.csv,bfd3dc7202105d989a225288f08f7b22ee3bf9b7be7877c532e68a84522e2391,786,7,386,0.68922691757677335,0.68922691757677335,0.67756548134075112,0.67756548134075112,0.1848598795597379,0.15958196850132084,21.341152989576898,21.341152989576898,13.962502983066152,13.962502983066152,6.4716361177787061,3.1138164011173082,3,3,3,3,193,10,10,10,17,0,4,0,11.244000000000314,0.99941217538176941,0.068628866665245647,0.0079374705211190458,0,rig_dynamics_joint_accepted_v2,1,1,3,0.67756548134075112,13.962502983066152,0,1.4861290559451055,0.15493704826109783,0.98243471387935322,0,0.027787307685638543,0.014289017282908722,0,0.027787307685638543,0,2,1.1931286435088204,10,20,0.13022091764609345,0.08551917722032891,27,0,0,3,11.244000000000314,0.47193697467770701,static,6531.9641384009701,6088.6008615990313,0,0,0.047614307142794132,0.041239860467612743,0.00018536020070314407,0.041831653565168381,9.5401890575885773e-05,0.089541362598538399,13.980000000000418,2.7360000000001037,3.5,1,1,1,1,1,1,timeseries/trace_0127_rig_dynamics_joint.csv,exact_runtime_observations,
trace_0128,rig_dynamics_joint,Joint rig-dynamics profile,ok,/home/ksha/Documents/sbel/offroad-control/benchmarking/results/joint_b4_scope_seed94627135/collection/raw/trace_0128/attempt_01/sensor_trace.csv,0ee5712ede66fe9404b23508a9465ac0f0a5f2135349abadc10fda6ec507d7b1,842,7,430,0.71706042829011141,0.71706042829011141,0.7323868199853113,0.7323868199853113,0.16390766617469377,0.13268051201630587,28.548020811573132,28.548020811573132,28.362719490649333,28.362719490649333,6.7104567258128451,4.3877799988887505,9,9,9,9,270,16,16,16,11,0,3,0,13.212000000000389,1.0026932188174242,-0.0061448611051423433,0.00052583324087072231,0,rig_dynamics_joint_accepted_v2,1,1,9,0.7323868199853113,28.362719490649333,0,1.3408682392548146,0.3048567156517531,0.65808459977564748,0,0.0067067929601602114,0.010806707200351769,0,0.010806707200351769,0,2,0.25608817736584161,16,32,0.11228177514334878,0.046316396465401199,108,0,0,9,13.212000000000389,0.51779839227890778,static,6531.9641384009701,6088.6008615990313,0,0,0.043488112278282642,0.040134651586413383,0.0001853378489613533,0.040752897970378399,9.6876174211502075e-05,0.084337886422872543,13.968000000000417,0.75600000000002865,3.5,1,1,1,1,1,1,timeseries/trace_0128_rig_dynamics_joint.csv,exact_runtime_observations,
trace_0129,rig_dynamics_joint,Joint rig-dynamics profile,ok,/home/ksha/Documents/sbel/offroad-control/benchmarking/results/joint_b4_scope_seed94627135/collection/raw/trace_0129/attempt_01/sensor_trace.csv,12dba7eb08ac8f273f331bcdfdc3c93a4012da04748944e97fdc06b4d91cbd1e,851,7,423,0.67705025513528827,0.67705025513528827,0.63878501232902407,0.63878501232902407,0.15727588480495244,0.13158903077036468,27.879838037755512,27.879838037755512,26.110636446387989,26.110636446387989,6.2651002985563782,4.280556760452412,9,9,9,9,275,15,15,16,11,0,4,1,13.260000000000391,1.0019566938105988,0.0061345907785339653,0.0072016909901566513,0,rig_dynamics_joint_accepted_v2,1,1,9,0.63878501232902407,26.110636446387989,0,1.6654615409465165,0.33004463065342171,0.68586692544935046,0,0.02118692444694838,0.00078244003021805215,0,0.02118692444694838,0,2,0.90383035085677532,15,30,0.20746787443547052,0.26950564904965502,107,0,0,9,13.260000000000391,0.56537968224695134,static,6531.9641384009701,6088.6008615990313,0,0,0.030209513381123543,0.055776545777916908,0.00015664286911487579,0.056277355179190636,6.8025663495063782e-05,0.086554894223809242,13.980000000000418,0.72000000000002728,3.5,1,1,1,1,1,1,timeseries/trace_0129_rig_dynamics_joint.csv,exact_runtime_observations,
trace_0130,rig_dynamics_joint,Joint rig-dynamics profile,ok,/home/ksha/Documents/sbel/offroad-control/benchmarking/results/joint_b4_scope_seed94627135/collection/raw/trace_0130/attempt_01/sensor_trace.csv,a3f166860f5110f3dd4498e5c63a5fc9680a9d7096ccd868f798ed2a3e8c2ecd,837,7,410,0.67180810952751713,0.67180810952751713,0.6279536112086912,0.6279536112086912,0.18939988776009892,0.16502235873522086,24.165559942323465,24.165559942323465,19.413869031659207,19.413869031659207,6.6769691269442664,3.9055076991298008,5,5,5,5,235,12,12,12,15,0,6,0,13.24800000000039,0.99922351152953548,0.024423841278623015,0.0072472634776328537,0,rig_dynamics_joint_accepted_v2,1,1,5,0.6279536112086912,19.413869031659207,0,1.4788157189819995,0.20939572928431976,0.76199581888106493,0,0.036662320263665664,7.598438449922377e-05,0,0.036662320263665664,0,2,0.77998573891085687,12,24,0.2711169519091251,0.17110450483425682,50,0,0,5,13.24800000000039,0.45487107430669155,static,6531.9641384009701,6088.6008615990313,0,0,0.025381269864737988,0.01033775694668293,0.00015813857316970825,0.010824325494468212,6.9804489612579346e-05,0.036275399848818779,13.992000000000418,0.74400000000002819,3.5,1,1,1,1,1,1,timeseries/trace_0130_rig_dynamics_joint.csv,exact_runtime_observations,
trace_0131,rig_dynamics_joint,Joint rig-dynamics profile,ok,/home/ksha/Documents/sbel/offroad-control/benchmarking/results/joint_b4_scope_seed94627135/collection/raw/trace_0131/attempt_01/sensor_trace.csv,99deb2bf5d6723d10453991c315f3763a7c27c01eeb01e55b09a67b0de1b5610,846,7,418,0.69873232353392956,0.69873232353392956,0.67584618133603813,0.67584618133603813,0.2048721126283711,0.18828900094984252,27.177075959249969,27.177075959249969,15.326107411440388,15.326107411440388,8.9670862016502344,4.1434729100239203,2,2,2,2,58,9,9,9,18,0,4,0,13.23600000000039,0.99715025431427595,-0.013265488770610448,0.0019406097576526234,0,rig_dynamics_joint_accepted_v2,1,1,2,0.67584618133603813,15.326107411440388,0,1.1305361264844538,0.075473207803409256,0.69571245048686425,0,0.03743212616700492,0.018566519579121758,0,0.03743212616700492,0,2,0.58091054768682449,9,18,0.11258827160380452,0.082445302425500591,17,0,0,2,13.23600000000039,0.35677815136536545,static,6531.9641384009701,6088.6008615990313,0,0,0.037194625474512577,0.035049564205110073,0.00017300993204116821,0.035561153665184975,7.6021067798137665e-05,0.072831800207495689,13.980000000000418,0.74400000000002819,3.5,1,1,1,1,1,1,timeseries/trace_0131_rig_dynamics_joint.csv,exact_runtime_observations,
trace_0132,rig_dynamics_joint,Joint rig-dynamics profile,ok,/home/ksha/Documents/sbel/offroad-control/benchmarking/results/joint_b4_scope_seed94627135/collection/raw/trace_0132/attempt_01/sensor_trace.csv,b35db7a19fa63e597046b0effb0fded5ad7d1ca8928b561fc675da550ff3d9d8,870,7,429,0.74091069486999128,0.74091069486999128,0.7610009669447525,0.7610009669447525,0.18176841633606644,0.15608262402452044,21.457956694992852,21.457956694992852,15.809860292449176,15.809860292449176,5.9843962161290207,2.9526740939259581,8,8,8,8,247,15,15,15,12,0,1,0,13.24800000000039,0.99747398475434146,-0.0024464148189343583,0.0079895396734041176,0,rig_dynamics_joint_accepted_v2,1,1,8,0.7610009669447525,15.809860292449176,0,1.540980737597144,0.14164636090562885,1.0727556460777521,0,0.015001818345074858,0.0056187982423027711,0,0.015001818345074858,0,2,0.56304651380439741,15,30,0.13988755245205833,0.14734316518104099,92,0,0,8,13.24800000000039,0.49358357284224441,static,6531.9641384009701,6088.6008615990313,0,0,0.059599109925329685,0.045184209011495113,0.00018990226089954376,0.057825385592877865,9.9439173936843872e-05,0.11752393469214439,13.980000000000418,0.73200000000002774,3.5,1,1,1,1,1,1,timeseries/trace_0132_rig_dynamics_joint.csv,exact_runtime_observations,
trace_0133,rig_dynamics_joint,Joint rig-dynamics profile,ok,/home/ksha/Documents/sbel/offroad-control/benchmarking/results/joint_b4_scope_seed94627135/collection/raw/trace_0133/attempt_01/sensor_trace.csv,4ee8e5ab7bc4a4ba55ecc463533f1d4fd283e73d2d04fd7dfffee05db519dc7d,796,7,401,0.68345321170262108,0.68345321170262108,0.6349906264228351,0.6349906264228351,0.17103418404464502,0.14083330187000662,27.347580672556575,27.347580672556575,24.647322490566136,24.647322490566136,6.926391595812011,4.3451503479979863,5,5,5,5,225,11,11,12,15,0,7,0,13.24800000000039,0.99917137121742194,-0.0010119723803350366,-0.00056092435888475945,0,rig_dynamics_joint_accepted_v2,1,1,5,0.6349906264228351,24.647322490566136,0,1.5079393438777042,0.27820677458395426,0.66067362523589312,0,0.028985958567865306,0.0003454381997363801,0,0.028985958567865306,0,2,0.46066596199306187,11,22,0.25388311125557395,0.19003911084419051,46,0,0,5,13.24800000000039,0.51693172514342556,static,6531.9641384009701,6088.6008615990313,0,0,0.065972315147519112,0.041624647565186024,0.00017825979739427567,0.042228425852954388,9.6962787210941315e-05,0.10829770378768444,13.980000000000418,0.73200000000002774,3.5,1,1,1,1,1,1,timeseries/trace_0133_rig_dynamics_joint.csv,exact_runtime_observations,
trace_0134,rig_dynamics_joint,Joint rig-dynamics profile,ok,/home/ksha/Documents/sbel/offroad-control/benchmarking/results/joint_b4_scope_seed94627135/collection/raw/trace_0134/attempt_01/sensor_trace.csv,b108b23ffa3f6042933b99567828f5912ba33593698a339e1beb804892acc824,840,7,416,0.70161359121987765,0.70161359121987765,0.73386631324115936,0.73386631324115936,0.1791007415733816,0.13141563610354032,28.318562718879981,28.318562718879981,28.102760576600662,28.102760576600662,7.6435422526546342,3.9209657784308858,5,5,5,5,174,11,11,12,15,0,8,0,13.260000000000391,1.0031186356479229,0.020836170982630155,3.538700588558765e-05,0,rig_dynamics_joint_accepted_v2,1,1,5,0.73386631324115936,28.102760576600662,0,1.425169665604892,0.29821402044225237,0.77096842157387746,0,0.0075884947999345486,0.0036091722791889314,0,0.0075884947999345486,0,2,0.361106580947398,11,22,0.20200152737456423,0.27942947183384159,49,0,0,5,13.260000000000391,0.53733132937642736,static,6531.9641384009701,6088.6008615990313,0,0,0.053011220879852772,0.030521496199071407,0.00017269141972064972,0.031102723442018032,9.3959271907806396e-05,0.08420790359377861,13.992000000000418,0.73200000000002774,3.5,1,1,1,1,1,1,timeseries/trace_0134_rig_dynamics_joint.csv,exact_runtime_observations,
trace_0135,rig_dynamics_joint,Joint rig-dynamics profile,ok,/home/ksha/Documents/sbel/offroad-control/benchmarking/results/joint_b4_scope_seed94627135/collection/raw/trace_0135/attempt_01/sensor_trace.csv,56ad087281c89dca8284dcf07487cda9b0328ee32d6ce317aa031b94b9d7de29,851,7,408,0.71327384924892712,0.71327384924892712,0.71552237427835108,0.71552237427835108,0.18984552885279649,0.15278362345008553,21.453266588534333,21.453266588534333,11.578865229649967,11.578865229649967,6.8237742522367268,2.7503891460747716,5,5,5,5,174,12,12,12,15,0,2,0,13.24800000000039,1.0009523352012895,0.044158033106920423,0.0069758952359276136,0,rig_dynamics_joint_accepted_v2,1,1,5,0.71552237427835108,11.578865229649967,0,1.5692899324902423,0.17158878568620972,1.1202758831298438,0,0.019068924274631464,0.066864053570947893,0,0.066864053570947893,0,2,0.59159731198282495,12,24,0.14349350687783036,0.10076041549596038,50,0,0,5,13.24800000000039,0.47840248820878517,static,6531.9641384009701,6088.6008615990313,0,0,0.051781975664198399,0.044331228360533714,0.00018636509776115417,0.044960958883166313,0.00010294374078512192,0.096845878288149834,13.980000000000418,0.73200000000002774,3.5,1,1,1,1,1,1,timeseries/trace_0135_rig_dynamics_joint.csv,exact_runtime_observations,
trace_0136,rig_dynamics_joint,Joint rig-dynamics profile,ok,/home/ksha/Documents/sbel/offroad-control/benchmarking/results/joint_b4_scope_seed94627135/collection/raw/trace_0136/attempt_01/sensor_trace.csv,8e9f5d2ebb012e0681e041433d8bd6355d20523f967a258b2c666d0e6cd0e0df,826,7,410,0.68876543251063349,0.68876543251063349,0.66093371101881282,0.66093371101881282,0.17722906379343231,0.16123228225631062,27.178554497584248,27.178554497584248,23.846306868124771,23.846306868124771,6.8257877009952166,4.3034540681576656,6,6,6,6,234,13,13,13,14,0,7,0,13.24800000000039,1.004686204098505,-0.0398408241754548,0.0014667405171444347,0,rig_dynamics_joint_accepted_v2,1,1,6,0.66093371101881282,23.846306868124771,0,1.519140483803096,0.16029206367407617,0.70554655074451322,0,0.025085961574748898,3.8763499149549582e-05,0,0.025085961574748898,0,2,1.0663278157912395,13,26,0.22953189449379488,0.24270636846683213,63,0,0,6,13.24800000000039,0.47406913923778016,static,6531.9641384009701,6088.6008615990313,0,0,0.046871371567249298,0.018549300730228424,0.00017833616584539413,0.019150752574205399,9.7990967333316803e-05,0.066120115108788013,13.980000000000418,0.73200000000002774,3.5,1,1,1,1,1,1,timeseries/trace_0136_rig_dynamics_joint.csv,exact_runtime_observations,
trace_0137,rig_dynamics_joint,Joint rig-dynamics profile,ok,/home/ksha/Documents/sbel/offroad-control/benchmarking/results/joint_b4_scope_seed94627135/collection/raw/trace_0137/attempt_01/sensor_trace.csv,b9e63e266d9e1a9c02204bdeedf85b5f5ff15e0384dadc5a1a8fa26d0939c865,866,7,423,0.55840723600470177,0.55840723600470177,0.49179415160018808,0.49179415160018808,0.099575979716214694,0.046381482245455637,32.95863064043359,32.95863064043359,34.551268177088453,34.551268177088453,4.7508599908121161,2.5421164955698257,10,10,10,10,302,15,15,17,10,0,4,1,13.24800000000039,1.0062973912809878,-0.02535625192013018,-0.0060614336960058014,0,rig_dynamics_joint_accepted_v2,1,1,10,0.49179415160018808,34.551268177088453,0,2.6561631430924244,1.3443800901816367,1.2394510066831852,0,0.037658770049358269,0.22086479791815819,0,0.22086479791815819,0,2,2.2509174456229584,15,30,0.15285831443243941,0.1394299383840801,122,0,0,10,13.24800000000039,0.67819686431843995,static,6531.9641384009701,6088.6008615990313,0,0,0.035689456388354301,0.029528527520596981,0.00018485821783542633,0.030108276754617691,6.1576254665851593e-05,0.065859309397637844,13.980000000000418,0.73200000000002774,3.5,1,1,1,1,1,1,timeseries/trace_0137_rig_dynamics_joint.csv,exact_runtime_observations,
trace_0138,rig_dynamics_joint,Joint rig-dynamics profile,ok,/home/ksha/Documents/sbel/offroad-control/benchmarking/results/joint_b4_scope_seed94627135/collection/raw/trace_0138/attempt_01/sensor_trace.csv,a0c5d0fc27e326cbcb61886c4b281b973840eb9a8b7ab3cd9f1a75bdca7a6cc2,845,7,417,0.75702626006343632,0.75702626006343632,0.80487943410970264,0.80487943410970264,0.15715673640184533,0.12208386838461958,30.644491428795948,30.644491428795948,31.134082949631907,31.134082949631907,6.1718963141435195,4.0337168052014523,10,10,10,10,298,16,16,17,10,0,1,1,13.24800000000039,1.0004712052526181,-0.019280647732911254,0.0060330324759211955,0,rig_dynamics_joint_accepted_v2,1,1,10,0.80487943410970264,31.134082949631907,0,1.332380887415201,0.393244584236978,0.75405825195217313,0,0.0033465411628385835,0.063050919382216894,0,0.063050919382216894,0,2,0.31008445515549826,16,32,0.19317521357058598,0.1857447537216837,124,0,0,10,13.24800000000039,0.51181601302601609,static,6531.9641384009701,6088.6008615990313,0,0,0.037185694091022015,0.033880862407386303,0.00017273891717195511,0.034470748156309128,9.8029151558876038e-05,0.071754471398890018,13.980000000000418,0.73200000000002774,3.5,1,1,1,1,1,1,timeseries/trace_0138_rig_dynamics_joint.csv,exact_runtime_observations,
trace_0139,rig_dynamics_joint,Joint rig-dynamics profile,ok,/home/ksha/Documents/sbel/offroad-control/benchmarking/results/joint_b4_scope_seed94627135/collection/raw/trace_0139/attempt_01/sensor_trace.csv,f08d63d492cd986702c34579f2e5e3d0447adfbfbe9afc27c8a34e7f786ac75f,860,7,426,0.61492489646608073,0.61492489646608073,0.61680565915037611,0.61680565915037611,0.15420824053629817,0.13852724662836519,29.320423388260036,29.320423388260036,30.121821832403324,30.121821832403324,6.5470693342988193,5.0288624346427149,7,7,7,7,274,13,13,14,13,0,4,1,13.25400000000039,0.99582941628636046,-0.040607534544429613,-0.0096355368275670428,0,rig_dynamics_joint_accepted_v2,1,1,7,0.61680565915037611,30.121821832403324,0,1.5883504443514025,0.31838426027933792,0.61765477253046941,0,0.026664090657011252,0.10603565172330656,0,0.10603565172330656,0,2,1.1064230043831238,13,26,0.33301790968696665,0.18536196571042746,76,0,0,7,13.25400000000039,0.49141559324224021,static,6531.9641384009701,6088.6008615990313,0,0,0.048142855055630207,0.045427387580275536,0.00017024483531713486,0.046024219132959843,9.3404203653335571e-05,0.094260478392243385,13.992000000000418,0.73800000000002797,3.5,1,1,1,1,1,1,timeseries/trace_0139_rig_dynamics_joint.csv,exact_runtime_observations,
trace_0140,rig_dynamics_joint,Joint rig-dynamics profile,ok,/home/ksha/Documents/sbel/offroad-control/benchmarking/results/joint_b4_scope_seed94627135/collection/raw/trace_0140/attempt_01/sensor_trace.csv,98bca2e2279317c7b6c6fbaf7700e9c4b847ffc0a6637b6ccb31259980d4c6cb,860,7,426,0.59131605289811784,0.59131605289811784,0.52504608716614298,0.52504608716614298,0.13672092057188351,0.10134567283855786,32.355516925350813,32.355516925350813,33.432521747228883,33.432521747228883,5.1885304206587026,3.2121256183046798,8,8,8,8,304,12,13,15,12,0,6,1,13.25400000000039,1.0080998697787775,-0.058344477625306715,-0.0074534550852228933,0,rig_dynamics_joint_accepted_v2,1,1,8,0.52504608716614298,33.432521747228883,0,2.12815445726973,0.95977631306656885,1.0102750834832348,0,0.027627587535026425,0.17749267890866613,0,0.17749267890866613,0,2,1.6167071661220664,12,24,0.28240201196415043,0.28916930551229597,85,0,0,8,13.25400000000039,0.58455000444767269,static,6531.9641384009701,6088.6008615990313,0,0,0.036948948167264462,0.023788085207343102,0.0001818360760807991,0.024397709406912327,0.0091026769950985909,0.070449334569275379,13.980000000000418,0.72600000000002751,3.5,1,1,1,1,1,1,timeseries/trace_0140_rig_dynamics_joint.csv,exact_runtime_observations,
trace_0141,rig_dynamics_joint,Joint rig-dynamics profile,ok,/home/ksha/Documents/sbel/offroad-control/benchmarking/results/joint_b4_scope_seed94627135/collection/raw/trace_0141/attempt_01/sensor_trace.csv,cd830b6f55dccbf1c704684e46a064a9784a60d4b00dcb28d908b70b6c98fbe6,896,7,440,0.79011081250021287,0.79011081250021287,0.8483239098942752,0.8483239098942752,0.1695096181046456,0.14521626212717226,26.264171768121543,26.264171768121543,24.016580526944026,24.016580526944026,6.1501975488440106,3.5797479976442679,9,9,9,9,283,16,16,16,11,0,2,0,13.24800000000039,1.0031737025631764,-0.0046945214302264171,0.0084235099583454282,0,rig_dynamics_joint_accepted_v2,1,1,9,0.8483239098942752,24.016580526944026,0,1.3101147955104626,0.26182699555787892,0.85736492629624494,0,0.014374395571322002,9.008107021863743e-05,0,0.014374395571322002,0,2,0.37989772994199411,16,32,0.16459916673693564,0.14284912156036478,108,0,0,9,13.24800000000039,0.48243323265976124,static,6531.9641384009701,6088.6008615990313,0,0,0.041778103448450565,0.015984597615897655,0.00015880446881055832,0.016558438539505005,9.1232359409332275e-05,0.058427774347364902,13.980000000000418,0.73200000000002774,3.5,1,1,1,1,1,1,timeseries/trace_0141_rig_dynamics_joint.csv,exact_runtime_observations,
trace_0142,rig_dynamics_joint,Joint rig-dynamics profile,ok,/home/ksha/Documents/sbel/offroad-control/benchmarking/results/joint_b4_scope_seed94627135/collection/raw/trace_0142/attempt_01/sensor_trace.csv,d4c1efb4156e2e95dce8d073112b1b68f4d3a314b84b3e7314e4cd79afd296b0,892,7,442,0.83816009312650097,0.83816009312650097,0.91622637452717415,0.91622637452717415,0.14037259030597371,0.090738461893893327,33.23402396652191,33.23402396652191,34.971234568281744,34.971234568281744,5.1260643857309143,2.8281205918124495,10,10,10,10,316,16,16,17,10,0,1,1,13.24800000000039,1.0007350536074198,-0.0165688869266164,-0.00027436295766548055,0,rig_dynamics_joint_accepted_v2,1,1,10,0.91622637452717415,34.971234568281744,0,1.9561180174437605,0.68601409393792079,1.2360060533104897,0,0.010918795512544195,0.32098314341338652,0,0.32098314341338652,1,2,0.49907271596086245,16,32,0.13696362109748356,0.16488226312519086,124,0,0,10,13.24800000000039,0.48907957102613275,static,6531.9641384009701,6088.6008615990313,0,0,0.018720055930316448,0.020723856054246426,0.00018090195953845978,0.021328834816813469,9.7688287496566772e-05,0.040146579034626484,13.980000000000418,0.73200000000002774,3.5,1,1,1,1,0,1,timeseries/trace_0142_rig_dynamics_joint.csv,exact_runtime_observations,
trace_0143,rig_dynamics_joint,Joint rig-dynamics profile,ok,/home/ksha/Documents/sbel/offroad-control/benchmarking/results/joint_b4_scope_seed94627135/collection/raw/trace_0143/attempt_01/sensor_trace.csv,68f0a19c964d187ead651b0565147a8e383c911ebe2fa00cff52dd79c4c9ba5c,876,7,425,0.69442190074985854,0.69442190074985854,0.67398364302943081,0.67398364302943081,0.19823417047950884,0.16587030754800186,26.984172683856912,26.984172683856912,19.050834717308003,19.050834717308003,8.5376258104707823,4.033859982406871,3,3,3,3,91,10,10,10,17,0,4,1,13.24200000000039,0.99975191895013005,0.02266107900479904,0.0089358637533435373,0,rig_dynamics_joint_accepted_v2,1,1,3,0.67398364302943081,19.050834717308003,0,1.2270717595448923,0.12688757478783799,0.71701433764575562,0,0.026805994029053315,0.00089955094252256557,0,0.026805994029053315,0,2,0.81449981221853462,10,20,0.33400656676265006,0.23191448529455408,27,0,0,3,13.24200000000039,0.41901793443908431,static,6531.9641384009701,6088.6008615990313,0,0,0.059078771620988846,0.029164894483983517,0.00017265137284994125,0.029741700738668442,9.4867311418056488e-05,0.088915339671075344,13.992000000000418,0.75000000000002842,3.5,1,1,1,1,1,1,timeseries/trace_0143_rig_dynamics_joint.csv,exact_runtime_observations,
