experiment,variant,controller_mode,mpc_model,nn_model,terrain,path,speed_mps,bumpiness,seed,run_dir,status,rc,wall_s,sim_s,rt_factor,diag_csv,collision_csv,shield_csv,n_samples,rms_cte_m,max_abs_cte_m,mean_abs_cte_m,mean_speed_mps,p95_speed_mps,speed_ratio,mean_solve_ms,p99_solve_ms,progress_m,final_x_m,final_y_m,collisions,collision_source,near_misses,min_clearance_m,intervention_rate_pct,filter_solve_ms,mean_abs_dsteer,mean_abs_dthrottle,notes,extra_sim_diag_csv,extra_controller_tire_force_truth_rows
mpc_tire_model_sweep,pacejka,standard,pacejka,tire_force_static,clay,sinusoidal,5.0,0,100,/home/ksha/Documents/sbel/offroad-control/benchmarking/results/mpc_tire_model_sweep_20260827_162718/raw/0000_pacejka_clay_sinusoidal_v5_b0_s100,ok,0,19.212262392044067,15.0,0.99,/home/ksha/Documents/sbel/offroad-control/benchmarking/results/mpc_tire_model_sweep_20260827_162718/raw/0000_pacejka_clay_sinusoidal_v5_b0_s100/20260827_162719_452262_clay_sinusoidal_acados_pacejka/diag_clay_sinusoidal_acados_pacejka.csv,,,1247,0.2979070456972149,1.190641,0.19064548845798707,3.5856273314866116,5.18473,0.7171254662973223,2.5804811547714515,3.9,123.5811168569453,47.637562,2.098641,0,chrono_body_contact,0,,,,,,,,0
mpc_tire_model_sweep,pacejka,standard,pacejka,tire_force_static,clay,sinusoidal,5.0,0,101,/home/ksha/Documents/sbel/offroad-control/benchmarking/results/mpc_tire_model_sweep_20260827_162718/raw/0001_pacejka_clay_sinusoidal_v5_b0_s101,ok,0,19.13391137123108,15.0,0.99,/home/ksha/Documents/sbel/offroad-control/benchmarking/results/mpc_tire_model_sweep_20260827_162718/raw/0001_pacejka_clay_sinusoidal_v5_b0_s101/20260827_162738_682767_clay_sinusoidal_acados_pacejka/diag_clay_sinusoidal_acados_pacejka.csv,,,1248,0.28912624719917634,1.229959,0.1865059076638966,3.5909215143120954,5.1976700000000005,0.7181843028624191,3.2051282051282053,4.805899999999999,119.48335882941926,47.804879,2.125625,0,chrono_body_contact,0,,,,,,,,0
mpc_tire_model_sweep,pacejka,standard,pacejka,tire_force_static,clay,sinusoidal,5.0,0,102,/home/ksha/Documents/sbel/offroad-control/benchmarking/results/mpc_tire_model_sweep_20260827_162718/raw/0002_pacejka_clay_sinusoidal_v5_b0_s102,ok,0,19.18489384651184,15.0,0.99,/home/ksha/Documents/sbel/offroad-control/benchmarking/results/mpc_tire_model_sweep_20260827_162718/raw/0002_pacejka_clay_sinusoidal_v5_b0_s102/20260827_162757_863188_clay_sinusoidal_acados_pacejka/diag_clay_sinusoidal_acados_pacejka.csv,,,1248,0.3124640073288871,1.316871,0.20112469344413664,3.597451708217913,5.19222,0.7194903416435826,2.5795272435897436,3.98,124.65297378627466,47.847312,2.178169,0,chrono_body_contact,0,,,,,,,,0
mpc_tire_model_sweep,pacejka,standard,pacejka,tire_force_static,clay,sinusoidal,5.0,0,103,/home/ksha/Documents/sbel/offroad-control/benchmarking/results/mpc_tire_model_sweep_20260827_162718/raw/0003_pacejka_clay_sinusoidal_v5_b0_s103,ok,0,19.128610372543335,15.0,0.99,/home/ksha/Documents/sbel/offroad-control/benchmarking/results/mpc_tire_model_sweep_20260827_162718/raw/0003_pacejka_clay_sinusoidal_v5_b0_s103/20260827_162817_043684_clay_sinusoidal_acados_pacejka/diag_clay_sinusoidal_acados_pacejka.csv,,,1248,0.2772822782588083,1.158578,0.17947686426592802,3.568113388734995,5.17303,0.7136226777469991,2.515905448717949,3.92,122.56085839715016,47.504061,2.153619,0,chrono_body_contact,0,,,,,,,,0
mpc_tire_model_sweep,pacejka,standard,pacejka,tire_force_static,clay,sinusoidal,5.0,0,104,/home/ksha/Documents/sbel/offroad-control/benchmarking/results/mpc_tire_model_sweep_20260827_162718/raw/0004_pacejka_clay_sinusoidal_v5_b0_s104,ok,0,19.13822889328003,15.0,0.99,/home/ksha/Documents/sbel/offroad-control/benchmarking/results/mpc_tire_model_sweep_20260827_162718/raw/0004_pacejka_clay_sinusoidal_v5_b0_s104/20260827_162836_200952_clay_sinusoidal_acados_pacejka/diag_clay_sinusoidal_acados_pacejka.csv,,,1247,0.25971894918920274,1.061321,0.17151634441366576,3.5442476454293628,5.14338,0.7088495290858725,2.530793905372895,3.82,122.80047054246796,47.32463,2.082031,0,chrono_body_contact,0,,,,,,,,0
mpc_tire_model_sweep,pacejka,standard,pacejka,tire_force_static,clay,sinusoidal,5.0,4,100,/home/ksha/Documents/sbel/offroad-control/benchmarking/results/mpc_tire_model_sweep_20260827_162718/raw/0005_pacejka_clay_sinusoidal_v5_b4_s100,ok,0,19.385488748550415,15.0,0.99,/home/ksha/Documents/sbel/offroad-control/benchmarking/results/mpc_tire_model_sweep_20260827_162718/raw/0005_pacejka_clay_sinusoidal_v5_b4_s100/20260827_162855_350345_clay_sinusoidal_acados_pacejka/diag_clay_sinusoidal_acados_pacejka.csv,,,1248,0.2504491063832326,0.979507,0.170251622345337,3.463191320406279,5.13341,0.6926382640812558,2.6292708333333334,4.934799999999996,123.11612383351226,46.139711,2.393707,0,chrono_body_contact,0,,,,,,,,0
mpc_tire_model_sweep,pacejka,standard,pacejka,tire_force_static,clay,sinusoidal,5.0,4,101,/home/ksha/Documents/sbel/offroad-control/benchmarking/results/mpc_tire_model_sweep_20260827_162718/raw/0006_pacejka_clay_sinusoidal_v5_b4_s101,ok,0,19.4376437664032,15.0,0.99,/home/ksha/Documents/sbel/offroad-control/benchmarking/results/mpc_tire_model_sweep_20260827_162718/raw/0006_pacejka_clay_sinusoidal_v5_b4_s101/20260827_162914_757237_clay_sinusoidal_acados_pacejka/diag_clay_sinusoidal_acados_pacejka.csv,,,1248,0.2835947710247849,1.18471,0.1881768273314866,3.53807109879963,5.10044,0.707614219759926,3.1700641025641025,4.871199999999998,119.27207678309851,47.274108,2.268034,0,chrono_body_contact,0,,,,,,,,0
mpc_tire_model_sweep,pacejka,standard,pacejka,tire_force_static,clay,sinusoidal,5.0,4,102,/home/ksha/Documents/sbel/offroad-control/benchmarking/results/mpc_tire_model_sweep_20260827_162718/raw/0007_pacejka_clay_sinusoidal_v5_b4_s102,ok,0,19.38485026359558,15.0,0.99,/home/ksha/Documents/sbel/offroad-control/benchmarking/results/mpc_tire_model_sweep_20260827_162718/raw/0007_pacejka_clay_sinusoidal_v5_b4_s102/20260827_162934_225712_clay_sinusoidal_acados_pacejka/diag_clay_sinusoidal_acados_pacejka.csv,,,1248,0.23799247715630328,0.983767,0.1644547700831025,3.4217337026777472,5.10498,0.6843467405355494,2.612419871794872,4.6911999999999985,123.9170582774365,45.64333,2.538067,0,chrono_body_contact,0,,,,,,,,0
mpc_tire_model_sweep,pacejka,standard,pacejka,tire_force_static,clay,sinusoidal,5.0,4,103,/home/ksha/Documents/sbel/offroad-control/benchmarking/results/mpc_tire_model_sweep_20260827_162718/raw/0008_pacejka_clay_sinusoidal_v5_b4_s103,ok,0,19.33921790122986,15.0,0.99,/home/ksha/Documents/sbel/offroad-control/benchmarking/results/mpc_tire_model_sweep_20260827_162718/raw/0008_pacejka_clay_sinusoidal_v5_b4_s103/20260827_162953_614701_clay_sinusoidal_acados_pacejka/diag_clay_sinusoidal_acados_pacejka.csv,,,1248,0.2879186201743179,1.192931,0.18620666943674977,3.5582693444136653,5.06993,0.7116538688827331,2.4993429487179486,3.8,122.49084069433084,47.47611,2.187704,0,chrono_body_contact,0,,,,,,,,0
mpc_tire_model_sweep,pacejka,standard,pacejka,tire_force_static,clay,sinusoidal,5.0,4,104,/home/ksha/Documents/sbel/offroad-control/benchmarking/results/mpc_tire_model_sweep_20260827_162718/raw/0009_pacejka_clay_sinusoidal_v5_b4_s104,ok,0,19.340331315994263,15.0,0.99,/home/ksha/Documents/sbel/offroad-control/benchmarking/results/mpc_tire_model_sweep_20260827_162718/raw/0009_pacejka_clay_sinusoidal_v5_b4_s104/20260827_163012_983409_clay_sinusoidal_acados_pacejka/diag_clay_sinusoidal_acados_pacejka.csv,,,1248,0.3260038236006444,1.325707,0.2095935992613112,3.5843397045244685,5.109970000000001,0.7168679409048937,2.710272435897436,4.79,123.09198157765418,47.821102,2.164495,0,chrono_body_contact,0,,,,,,,,0
mpc_tire_model_sweep,pacejka,standard,pacejka,tire_force_static,clay,sinusoidal,5.0,8,100,/home/ksha/Documents/sbel/offroad-control/benchmarking/results/mpc_tire_model_sweep_20260827_162718/raw/0010_pacejka_clay_sinusoidal_v5_b8_s100,ok,0,19.48623275756836,15.0,0.99,/home/ksha/Documents/sbel/offroad-control/benchmarking/results/mpc_tire_model_sweep_20260827_162718/raw/0010_pacejka_clay_sinusoidal_v5_b8_s100/20260827_163032_354317_clay_sinusoidal_acados_pacejka/diag_clay_sinusoidal_acados_pacejka.csv,,,1248,0.2414789902914959,0.76993,0.1709674136657433,3.3797012927054477,5.29289,0.6759402585410895,3.0336217948717947,4.74,122.83716265529459,44.704913,2.411607,0,chrono_body_contact,0,,,,,,,,0
mpc_tire_model_sweep,pacejka,standard,pacejka,tire_force_static,clay,sinusoidal,5.0,8,101,/home/ksha/Documents/sbel/offroad-control/benchmarking/results/mpc_tire_model_sweep_20260827_162718/raw/0011_pacejka_clay_sinusoidal_v5_b8_s101,ok,0,19.482590198516846,15.0,0.99,/home/ksha/Documents/sbel/offroad-control/benchmarking/results/mpc_tire_model_sweep_20260827_162718/raw/0011_pacejka_clay_sinusoidal_v5_b8_s101/20260827_163051_849680_clay_sinusoidal_acados_pacejka/diag_clay_sinusoidal_acados_pacejka.csv,,,1248,0.20577606242977012,0.637816,0.14686294736842104,3.3012834718374884,5.211409999999999,0.6602566943674977,2.4749278846153846,3.9605999999999995,118.04935392819846,43.859383,2.397824,0,chrono_body_contact,0,,,,,,,,0
mpc_tire_model_sweep,pacejka,standard,pacejka,tire_force_static,clay,sinusoidal,5.0,8,102,/home/ksha/Documents/sbel/offroad-control/benchmarking/results/mpc_tire_model_sweep_20260827_162718/raw/0012_pacejka_clay_sinusoidal_v5_b8_s102,ok,0,19.488797664642334,15.0,0.99,/home/ksha/Documents/sbel/offroad-control/benchmarking/results/mpc_tire_model_sweep_20260827_162718/raw/0012_pacejka_clay_sinusoidal_v5_b8_s102/20260827_163111_345151_clay_sinusoidal_acados_pacejka/diag_clay_sinusoidal_acados_pacejka.csv,,,1247,0.23944477928605992,0.798248,0.1676895530932595,3.4053454293628813,5.23713,0.6810690858725763,2.544178027265437,3.700799999999999,123.62261965704889,45.136046,2.475548,0,chrono_body_contact,0,,,,,,,,0
mpc_tire_model_sweep,pacejka,standard,pacejka,tire_force_static,clay,sinusoidal,5.0,8,103,/home/ksha/Documents/sbel/offroad-control/benchmarking/results/mpc_tire_model_sweep_20260827_162718/raw/0013_pacejka_clay_sinusoidal_v5_b8_s103,ok,0,19.48716688156128,15.0,0.99,/home/ksha/Documents/sbel/offroad-control/benchmarking/results/mpc_tire_model_sweep_20260827_162718/raw/0013_pacejka_clay_sinusoidal_v5_b8_s103/20260827_163130_850551_clay_sinusoidal_acados_pacejka/diag_clay_sinusoidal_acados_pacejka.csv,,,1247,0.2643996077823976,0.902469,0.18422266020313943,3.4249944598337954,5.291129999999998,0.6849988919667591,2.6402245388933436,3.8953999999999995,121.9889228200019,45.401235,2.519412,0,chrono_body_contact,0,,,,,,,,0
mpc_tire_model_sweep,pacejka,standard,pacejka,tire_force_static,clay,sinusoidal,5.0,8,104,/home/ksha/Documents/sbel/offroad-control/benchmarking/results/mpc_tire_model_sweep_20260827_162718/raw/0014_pacejka_clay_sinusoidal_v5_b8_s104,ok,0,19.488856315612793,15.0,0.99,/home/ksha/Documents/sbel/offroad-control/benchmarking/results/mpc_tire_model_sweep_20260827_162718/raw/0014_pacejka_clay_sinusoidal_v5_b8_s104/20260827_163150_362880_clay_sinusoidal_acados_pacejka/diag_clay_sinusoidal_acados_pacejka.csv,,,1247,0.24559152751737515,0.738254,0.17243166020313944,3.408851154201293,5.21404,0.6817702308402586,2.594306335204491,3.8861999999999988,122.2481426662429,45.238144,2.413271,0,chrono_body_contact,0,,,,,,,,0
mpc_tire_model_sweep,pacejka,standard,pacejka,tire_force_static,clay,sinusoidal,7.0,0,100,/home/ksha/Documents/sbel/offroad-control/benchmarking/results/mpc_tire_model_sweep_20260827_162718/raw/0015_pacejka_clay_sinusoidal_v7_b0_s100,ok,0,19.132019996643066,15.0,0.99,/home/ksha/Documents/sbel/offroad-control/benchmarking/results/mpc_tire_model_sweep_20260827_162718/raw/0015_pacejka_clay_sinusoidal_v7_b0_s100/20260827_163209_882265_clay_sinusoidal_acados_pacejka/diag_clay_sinusoidal_acados_pacejka.csv,,,1248,1.072572211193395,3.602331,0.621875677746999,4.1351736842105264,6.21379,0.590739097744361,3.222411858974359,8.253599999999997,127.01200143748173,54.668111,1.871176,0,chrono_body_contact,0,,,,,,,,0
mpc_tire_model_sweep,pacejka,standard,pacejka,tire_force_static,clay,sinusoidal,7.0,0,101,/home/ksha/Documents/sbel/offroad-control/benchmarking/results/mpc_tire_model_sweep_20260827_162718/raw/0016_pacejka_clay_sinusoidal_v7_b0_s101,ok,0,19.134926557540894,15.0,0.99,/home/ksha/Documents/sbel/offroad-control/benchmarking/results/mpc_tire_model_sweep_20260827_162718/raw/0016_pacejka_clay_sinusoidal_v7_b0_s101/20260827_163229_038214_clay_sinusoidal_acados_pacejka/diag_clay_sinusoidal_acados_pacejka.csv,,,1247,1.102801691995155,3.692418,0.6377121375807941,4.161394829178209,6.190329999999999,0.5944849755968871,3.181459502806736,4.911599999999998,122.90781390892732,55.146122,1.853903,0,chrono_body_contact,0,,,,,,,,0
mpc_tire_model_sweep,pacejka,standard,pacejka,tire_force_static,clay,sinusoidal,7.0,0,102,/home/ksha/Documents/sbel/offroad-control/benchmarking/results/mpc_tire_model_sweep_20260827_162718/raw/0017_pacejka_clay_sinusoidal_v7_b0_s102,ok,0,19.178295850753784,15.0,0.99,/home/ksha/Documents/sbel/offroad-control/benchmarking/results/mpc_tire_model_sweep_20260827_162718/raw/0017_pacejka_clay_sinusoidal_v7_b0_s102/20260827_163248_188559_clay_sinusoidal_acados_pacejka/diag_clay_sinusoidal_acados_pacejka.csv,,,1248,1.0479239356297119,3.695361,0.5855816611265005,4.141053924284394,6.20897,0.5915791320406277,3.7900400641025644,6.546599999999994,128.17164801440632,54.78215,1.959982,0,chrono_body_contact,0,,,,,,,,0
mpc_tire_model_sweep,pacejka,standard,pacejka,tire_force_static,clay,sinusoidal,7.0,0,103,/home/ksha/Documents/sbel/offroad-control/benchmarking/results/mpc_tire_model_sweep_20260827_162718/raw/0018_pacejka_clay_sinusoidal_v7_b0_s103,ok,0,19.136653184890747,15.0,0.99,/home/ksha/Documents/sbel/offroad-control/benchmarking/results/mpc_tire_model_sweep_20260827_162718/raw/0018_pacejka_clay_sinusoidal_v7_b0_s103/20260827_163307_377913_clay_sinusoidal_acados_pacejka/diag_clay_sinusoidal_acados_pacejka.csv,,,1248,1.1274971430189005,3.948786,0.626569703601108,4.149588180978762,6.24211,0.5927983115683946,3.1853125,7.106499999999999,126.3073978569889,54.974705,2.180047,0,chrono_body_contact,0,,,,,,,,0
mpc_tire_model_sweep,pacejka,standard,pacejka,tire_force_static,clay,sinusoidal,7.0,0,104,/home/ksha/Documents/sbel/offroad-control/benchmarking/results/mpc_tire_model_sweep_20260827_162718/raw/0019_pacejka_clay_sinusoidal_v7_b0_s104,ok,0,19.137907028198242,15.0,0.99,/home/ksha/Documents/sbel/offroad-control/benchmarking/results/mpc_tire_model_sweep_20260827_162718/raw/0019_pacejka_clay_sinusoidal_v7_b0_s104/20260827_163326_534667_clay_sinusoidal_acados_pacejka/diag_clay_sinusoidal_acados_pacejka.csv,,,1247,1.1194533187026443,3.83393,0.6181550674053554,4.1771154201292715,6.2257299999999995,0.5967307743041816,3.233544506816359,5.9051999999999865,126.77897074754723,55.313285,1.916389,0,chrono_body_contact,0,,,,,,,,0
mpc_tire_model_sweep,pacejka,standard,pacejka,tire_force_static,clay,sinusoidal,7.0,4,100,/home/ksha/Documents/sbel/offroad-control/benchmarking/results/mpc_tire_model_sweep_20260827_162718/raw/0020_pacejka_clay_sinusoidal_v7_b4_s100,ok,0,19.33601975440979,15.0,0.99,/home/ksha/Documents/sbel/offroad-control/benchmarking/results/mpc_tire_model_sweep_20260827_162718/raw/0020_pacejka_clay_sinusoidal_v7_b4_s100/20260827_163345_693523_clay_sinusoidal_acados_pacejka/diag_clay_sinusoidal_acados_pacejka.csv,,,1247,1.0448194267149344,3.483076,0.6129439529085872,4.075317174515235,6.18628,0.5821881677878907,3.2074418604651167,5.914399999999987,126.74643199461767,53.950892,1.982437,0,chrono_body_contact,0,,,,,,,,0
mpc_tire_model_sweep,pacejka,standard,pacejka,tire_force_static,clay,sinusoidal,7.0,4,101,/home/ksha/Documents/sbel/offroad-control/benchmarking/results/mpc_tire_model_sweep_20260827_162718/raw/0021_pacejka_clay_sinusoidal_v7_b4_s101,ok,0,19.338295936584473,15.0,0.99,/home/ksha/Documents/sbel/offroad-control/benchmarking/results/mpc_tire_model_sweep_20260827_162718/raw/0021_pacejka_clay_sinusoidal_v7_b4_s101/20260827_163405_072828_clay_sinusoidal_acados_pacejka/diag_clay_sinusoidal_acados_pacejka.csv,,,1247,1.0699979053248971,3.757748,0.5798475161588181,4.15845457063712,6.25781,0.5940649386624457,3.1322534081796314,5.913799999999983,123.0101693342511,55.294728,1.9052,0,chrono_body_contact,0,,,,,,,,0
mpc_tire_model_sweep,pacejka,standard,pacejka,tire_force_static,clay,sinusoidal,7.0,4,102,/home/ksha/Documents/sbel/offroad-control/benchmarking/results/mpc_tire_model_sweep_20260827_162718/raw/0022_pacejka_clay_sinusoidal_v7_b4_s102,ok,0,19.383570432662964,15.0,0.99,/home/ksha/Documents/sbel/offroad-control/benchmarking/results/mpc_tire_model_sweep_20260827_162718/raw/0022_pacejka_clay_sinusoidal_v7_b4_s102/20260827_163424_417339_clay_sinusoidal_acados_pacejka/diag_clay_sinusoidal_acados_pacejka.csv,,,1248,1.1799174946756024,3.687233,0.6970853564173592,4.198058079409049,6.21027,0.5997225827727213,3.1494791666666666,5.1853,128.58545222965793,55.59203,1.804674,0,chrono_body_contact,0,,,,,,,,0
mpc_tire_model_sweep,pacejka,standard,pacejka,tire_force_static,clay,sinusoidal,7.0,4,103,/home/ksha/Documents/sbel/offroad-control/benchmarking/results/mpc_tire_model_sweep_20260827_162718/raw/0023_pacejka_clay_sinusoidal_v7_b4_s103,ok,0,19.387805700302124,15.0,0.99,/home/ksha/Documents/sbel/offroad-control/benchmarking/results/mpc_tire_model_sweep_20260827_162718/raw/0023_pacejka_clay_sinusoidal_v7_b4_s103/20260827_163443_817873_clay_sinusoidal_acados_pacejka/diag_clay_sinusoidal_acados_pacejka.csv,,,1248,1.1909898162307073,3.795,0.6680802696214221,4.238464727608495,6.191129999999999,0.6054949610869278,3.5919471153846154,5.995299999999999,126.69661917074826,56.17985,1.698279,0,chrono_body_contact,0,,,,,,,,0
mpc_tire_model_sweep,pacejka,standard,pacejka,tire_force_static,clay,sinusoidal,7.0,4,104,/home/ksha/Documents/sbel/offroad-control/benchmarking/results/mpc_tire_model_sweep_20260827_162718/raw/0024_pacejka_clay_sinusoidal_v7_b4_s104,ok,0,19.389476537704468,15.0,0.99,/home/ksha/Documents/sbel/offroad-control/benchmarking/results/mpc_tire_model_sweep_20260827_162718/raw/0024_pacejka_clay_sinusoidal_v7_b4_s104/20260827_163503_217128_clay_sinusoidal_acados_pacejka/diag_clay_sinusoidal_acados_pacejka.csv,,,1248,1.1579855122195666,3.663137,0.6664164893813482,4.196975807940905,6.22922,0.5995679725629864,3.1009695512820517,4.91,126.9415038394596,55.703978,1.645729,0,chrono_body_contact,0,,,,,,,,0
mpc_tire_model_sweep,pacejka,standard,pacejka,tire_force_static,clay,sinusoidal,7.0,8,100,/home/ksha/Documents/sbel/offroad-control/benchmarking/results/mpc_tire_model_sweep_20260827_162718/raw/0025_pacejka_clay_sinusoidal_v7_b8_s100,ok,0,19.438929796218872,15.0,0.99,/home/ksha/Documents/sbel/offroad-control/benchmarking/results/mpc_tire_model_sweep_20260827_162718/raw/0025_pacejka_clay_sinusoidal_v7_b8_s100/20260827_163522_623659_clay_sinusoidal_acados_pacejka/diag_clay_sinusoidal_acados_pacejka.csv,,,1247,0.8695334933082622,3.361985,0.4960333259464451,3.913555401662049,6.0894900000000005,0.5590793430945784,3.0531676022453893,4.676999999999999,125.98810192363617,51.622433,2.743985,0,chrono_body_contact,0,,,,,,,,0
mpc_tire_model_sweep,pacejka,standard,pacejka,tire_force_static,clay,sinusoidal,7.0,8,101,/home/ksha/Documents/sbel/offroad-control/benchmarking/results/mpc_tire_model_sweep_20260827_162718/raw/0026_pacejka_clay_sinusoidal_v7_b8_s101,ok,0,19.485031604766846,15.0,0.99,/home/ksha/Documents/sbel/offroad-control/benchmarking/results/mpc_tire_model_sweep_20260827_162718/raw/0026_pacejka_clay_sinusoidal_v7_b8_s101/20260827_163542_088270_clay_sinusoidal_acados_pacejka/diag_clay_sinusoidal_acados_pacejka.csv,,,1247,0.7879172600371804,3.039252,0.46579986241920585,3.839675346260387,6.05285,0.5485250494657696,3.1157658380112268,5.26,121.24760787618038,50.807838,2.726352,0,chrono_body_contact,0,,,,,,,,0
mpc_tire_model_sweep,pacejka,standard,pacejka,tire_force_static,clay,sinusoidal,7.0,8,102,/home/ksha/Documents/sbel/offroad-control/benchmarking/results/mpc_tire_model_sweep_20260827_162718/raw/0027_pacejka_clay_sinusoidal_v7_b8_s102,ok,0,19.4881374835968,15.0,0.99,/home/ksha/Documents/sbel/offroad-control/benchmarking/results/mpc_tire_model_sweep_20260827_162718/raw/0027_pacejka_clay_sinusoidal_v7_b8_s102/20260827_163601_603052_clay_sinusoidal_acados_pacejka/diag_clay_sinusoidal_acados_pacejka.csv,,,1248,1.0530315470790743,3.665452,0.6190796528162512,3.939514496768237,6.1351,0.5627877852526053,3.1093189102564103,6.910499999999977,127.21266759127522,51.886314,2.851952,0,chrono_body_contact,0,,,,,,,,0
mpc_tire_model_sweep,pacejka,standard,pacejka,tire_force_static,clay,sinusoidal,7.0,8,103,/home/ksha/Documents/sbel/offroad-control/benchmarking/results/mpc_tire_model_sweep_20260827_162718/raw/0028_pacejka_clay_sinusoidal_v7_b8_s103,ok,0,19.478749752044678,15.0,0.99,/home/ksha/Documents/sbel/offroad-control/benchmarking/results/mpc_tire_model_sweep_20260827_162718/raw/0028_pacejka_clay_sinusoidal_v7_b8_s103/20260827_163621_110984_clay_sinusoidal_acados_pacejka/diag_clay_sinusoidal_acados_pacejka.csv,,,1248,0.8474716566826529,2.33158,0.4945001209602955,3.7312490304709143,6.06715,0.5330355757815591,3.050953525641025,7.594999999999986,124.51587922200002,49.222119,2.579802,0,chrono_body_contact,0,,,,,,,,0
mpc_tire_model_sweep,pacejka,standard,pacejka,tire_force_static,clay,sinusoidal,7.0,8,104,/home/ksha/Documents/sbel/offroad-control/benchmarking/results/mpc_tire_model_sweep_20260827_162718/raw/0029_pacejka_clay_sinusoidal_v7_b8_s104,ok,0,19.436963319778442,15.0,0.99,/home/ksha/Documents/sbel/offroad-control/benchmarking/results/mpc_tire_model_sweep_20260827_162718/raw/0029_pacejka_clay_sinusoidal_v7_b8_s104/20260827_163640_607397_clay_sinusoidal_acados_pacejka/diag_clay_sinusoidal_acados_pacejka.csv,,,1247,0.850817089085712,3.550439,0.48220272022160665,3.9044403508771937,6.13284,0.5577771929824562,3.10112269446672,4.866199999999998,125.42315203533354,51.620416,2.876669,0,chrono_body_contact,0,,,,,,,,0
mpc_tire_model_sweep,pacejka,standard,pacejka,tire_force_static,clay,sinusoidal,9.0,0,100,/home/ksha/Documents/sbel/offroad-control/benchmarking/results/mpc_tire_model_sweep_20260827_162718/raw/0030_pacejka_clay_sinusoidal_v9_b0_s100,ok,0,19.135703325271606,15.0,0.99,/home/ksha/Documents/sbel/offroad-control/benchmarking/results/mpc_tire_model_sweep_20260827_162718/raw/0030_pacejka_clay_sinusoidal_v9_b0_s100/20260827_163700_056749_clay_sinusoidal_acados_pacejka/diag_clay_sinusoidal_acados_pacejka.csv,,,1248,1.1373745558693187,3.589476,0.6612148301015696,4.23164025854109,6.3018,0.47018225094901006,3.664038461538461,8.7859,127.64085764829217,56.013179,1.488608,0,chrono_body_contact,0,,,,,,,,0
mpc_tire_model_sweep,pacejka,standard,pacejka,tire_force_static,clay,sinusoidal,9.0,0,101,/home/ksha/Documents/sbel/offroad-control/benchmarking/results/mpc_tire_model_sweep_20260827_162718/raw/0031_pacejka_clay_sinusoidal_v9_b0_s101,ok,0,19.130279541015625,15.0,0.99,/home/ksha/Documents/sbel/offroad-control/benchmarking/results/mpc_tire_model_sweep_20260827_162718/raw/0031_pacejka_clay_sinusoidal_v9_b0_s101/20260827_163719_209733_clay_sinusoidal_acados_pacejka/diag_clay_sinusoidal_acados_pacejka.csv,,,1247,1.2760041752129172,4.109658,0.6928694579870729,4.302129824561403,6.384909999999999,0.478014424951267,3.20934242181235,7.135599999999976,123.79700151743197,57.076175,1.908424,0,chrono_body_contact,0,,,,,,,,0
mpc_tire_model_sweep,pacejka,standard,pacejka,tire_force_static,clay,sinusoidal,9.0,0,102,/home/ksha/Documents/sbel/offroad-control/benchmarking/results/mpc_tire_model_sweep_20260827_162718/raw/0032_pacejka_clay_sinusoidal_v9_b0_s102,ok,0,19.128841638565063,15.0,0.99,/home/ksha/Documents/sbel/offroad-control/benchmarking/results/mpc_tire_model_sweep_20260827_162718/raw/0032_pacejka_clay_sinusoidal_v9_b0_s102/20260827_163738_367394_clay_sinusoidal_acados_pacejka/diag_clay_sinusoidal_acados_pacejka.csv,,,1248,1.2394362276803357,4.097534,0.7153039289012003,4.208886241920591,6.387649999999999,0.46765402688006563,3.242636217948718,7.4900999999999955,128.69944960266992,55.680755,2.225308,0,chrono_body_contact,0,,,,,,,,0
mpc_tire_model_sweep,pacejka,standard,pacejka,tire_force_static,clay,sinusoidal,9.0,0,103,/home/ksha/Documents/sbel/offroad-control/benchmarking/results/mpc_tire_model_sweep_20260827_162718/raw/0033_pacejka_clay_sinusoidal_v9_b0_s103,ok,0,19.136046648025513,15.0,0.99,/home/ksha/Documents/sbel/offroad-control/benchmarking/results/mpc_tire_model_sweep_20260827_162718/raw/0033_pacejka_clay_sinusoidal_v9_b0_s103/20260827_163757_511976_clay_sinusoidal_acados_pacejka/diag_clay_sinusoidal_acados_pacejka.csv,,,1248,1.1658743124798108,3.711996,0.663180349030471,4.274062049861495,6.3917,0.4748957833179439,3.2423477564102563,6.015299999999999,127.01294643977182,56.561082,1.519867,0,chrono_body_contact,0,,,,,,,,0
mpc_tire_model_sweep,pacejka,standard,pacejka,tire_force_static,clay,sinusoidal,9.0,0,104,/home/ksha/Documents/sbel/offroad-control/benchmarking/results/mpc_tire_model_sweep_20260827_162718/raw/0034_pacejka_clay_sinusoidal_v9_b0_s104,ok,0,19.131203651428223,15.0,0.99,/home/ksha/Documents/sbel/offroad-control/benchmarking/results/mpc_tire_model_sweep_20260827_162718/raw/0034_pacejka_clay_sinusoidal_v9_b0_s104/20260827_163816_671220_clay_sinusoidal_acados_pacejka/diag_clay_sinusoidal_acados_pacejka.csv,,,1248,1.0488261659162477,3.556668,0.6040438134810711,4.158962511542013,6.31128,0.4621069457268903,3.34542467948718,7.033299999999984,126.88487701508203,55.090317,1.715993,0,chrono_body_contact,0,,,,,,,,0
mpc_tire_model_sweep,pacejka,standard,pacejka,tire_force_static,clay,sinusoidal,9.0,4,100,/home/ksha/Documents/sbel/offroad-control/benchmarking/results/mpc_tire_model_sweep_20260827_162718/raw/0035_pacejka_clay_sinusoidal_v9_b4_s100,ok,0,19.390204668045044,15.0,0.99,/home/ksha/Documents/sbel/offroad-control/benchmarking/results/mpc_tire_model_sweep_20260827_162718/raw/0035_pacejka_clay_sinusoidal_v9_b4_s100/20260827_163835_830453_clay_sinusoidal_acados_pacejka/diag_clay_sinusoidal_acados_pacejka.csv,,,1248,1.0767801345160242,3.572785,0.6028244210526316,4.221584949215143,6.31693,0.4690649943572381,3.172099358974359,5.140599999999999,127.64866352850325,55.956127,1.428978,0,chrono_body_contact,0,,,,,,,,0
mpc_tire_model_sweep,pacejka,standard,pacejka,tire_force_static,clay,sinusoidal,9.0,4,101,/home/ksha/Documents/sbel/offroad-control/benchmarking/results/mpc_tire_model_sweep_20260827_162718/raw/0036_pacejka_clay_sinusoidal_v9_b4_s101,ok,0,19.382856607437134,15.0,0.99,/home/ksha/Documents/sbel/offroad-control/benchmarking/results/mpc_tire_model_sweep_20260827_162718/raw/0036_pacejka_clay_sinusoidal_v9_b4_s101/20260827_163855_290153_clay_sinusoidal_acados_pacejka/diag_clay_sinusoidal_acados_pacejka.csv,,,1248,1.0763039469532787,3.520692,0.6084733758079409,4.220538873499539,6.31642,0.468948763722171,3.035600961538462,5.244199999999996,123.61500099428835,56.130688,1.450542,0,chrono_body_contact,0,,,,,,,,0
mpc_tire_model_sweep,pacejka,standard,pacejka,tire_force_static,clay,sinusoidal,9.0,4,102,/home/ksha/Documents/sbel/offroad-control/benchmarking/results/mpc_tire_model_sweep_20260827_162718/raw/0037_pacejka_clay_sinusoidal_v9_b4_s102,ok,0,19.384599208831787,15.0,0.99,/home/ksha/Documents/sbel/offroad-control/benchmarking/results/mpc_tire_model_sweep_20260827_162718/raw/0037_pacejka_clay_sinusoidal_v9_b4_s102/20260827_163914_650012_clay_sinusoidal_acados_pacejka/diag_clay_sinusoidal_acados_pacejka.csv,,,1248,1.206246412743676,3.75447,0.6847174469067406,4.300093628808864,6.3191,0.4777881809787627,4.071298076923077,6.415999999999994,129.08975916529317,56.931695,1.426584,0,chrono_body_contact,0,,,,,,,,0
mpc_tire_model_sweep,pacejka,standard,pacejka,tire_force_static,clay,sinusoidal,9.0,4,103,/home/ksha/Documents/sbel/offroad-control/benchmarking/results/mpc_tire_model_sweep_20260827_162718/raw/0038_pacejka_clay_sinusoidal_v9_b4_s103,ok,0,19.33674454689026,15.0,0.99,/home/ksha/Documents/sbel/offroad-control/benchmarking/results/mpc_tire_model_sweep_20260827_162718/raw/0038_pacejka_clay_sinusoidal_v9_b4_s103/20260827_163934_037928_clay_sinusoidal_acados_pacejka/diag_clay_sinusoidal_acados_pacejka.csv,,,1248,0.9215091895645507,2.349979,0.5812568993536473,4.301443951985226,6.74156,0.4779382168872473,3.17474358974359,4.801799999999998,127.48598306907041,57.225624,-0.440151,0,chrono_body_contact,0,,,,,,,,0
mpc_tire_model_sweep,pacejka,standard,pacejka,tire_force_static,clay,sinusoidal,9.0,4,104,/home/ksha/Documents/sbel/offroad-control/benchmarking/results/mpc_tire_model_sweep_20260827_162718/raw/0039_pacejka_clay_sinusoidal_v9_b4_s104,ok,0,19.383050203323364,15.0,0.99,/home/ksha/Documents/sbel/offroad-control/benchmarking/results/mpc_tire_model_sweep_20260827_162718/raw/0039_pacejka_clay_sinusoidal_v9_b4_s104/20260827_163953_406190_clay_sinusoidal_acados_pacejka/diag_clay_sinusoidal_acados_pacejka.csv,,,1248,1.113852404534587,3.588074,0.6491139538319483,4.164840443213296,6.183949999999999,0.4627600492459218,3.6229487179487183,6.325899999999999,126.8258793328614,55.24894,1.707037,0,chrono_body_contact,0,,,,,,,,0
mpc_tire_model_sweep,pacejka,standard,pacejka,tire_force_static,clay,sinusoidal,9.0,8,100,/home/ksha/Documents/sbel/offroad-control/benchmarking/results/mpc_tire_model_sweep_20260827_162718/raw/0040_pacejka_clay_sinusoidal_v9_b8_s100,ok,0,19.482325792312622,15.0,0.99,/home/ksha/Documents/sbel/offroad-control/benchmarking/results/mpc_tire_model_sweep_20260827_162718/raw/0040_pacejka_clay_sinusoidal_v9_b8_s100/20260827_164012_808076_clay_sinusoidal_acados_pacejka/diag_clay_sinusoidal_acados_pacejka.csv,,,1248,0.9843567576904728,3.089302,0.5799757497691598,3.884350692520776,6.2755,0.4315945213911973,3.1703525641025645,8.683599999999997,125.97194024645081,51.087785,2.673502,0,chrono_body_contact,0,,,,,,,,0
mpc_tire_model_sweep,pacejka,standard,pacejka,tire_force_static,clay,sinusoidal,9.0,8,101,/home/ksha/Documents/sbel/offroad-control/benchmarking/results/mpc_tire_model_sweep_20260827_162718/raw/0041_pacejka_clay_sinusoidal_v9_b8_s101,ok,0,19.490361213684082,15.0,0.99,/home/ksha/Documents/sbel/offroad-control/benchmarking/results/mpc_tire_model_sweep_20260827_162718/raw/0041_pacejka_clay_sinusoidal_v9_b8_s101/20260827_164032_314591_clay_sinusoidal_acados_pacejka/diag_clay_sinusoidal_acados_pacejka.csv,,,1248,0.9660988684073778,3.62195,0.5635914302862419,3.9250261311172663,6.24973,0.4361140145685851,3.1633333333333336,7.5312999999999946,121.84763170706535,51.885596,2.80845,0,chrono_body_contact,0,,,,,,,,0
mpc_tire_model_sweep,pacejka,standard,pacejka,tire_force_static,clay,sinusoidal,9.0,8,102,/home/ksha/Documents/sbel/offroad-control/benchmarking/results/mpc_tire_model_sweep_20260827_162718/raw/0042_pacejka_clay_sinusoidal_v9_b8_s102,ok,0,19.48481035232544,15.0,0.99,/home/ksha/Documents/sbel/offroad-control/benchmarking/results/mpc_tire_model_sweep_20260827_162718/raw/0042_pacejka_clay_sinusoidal_v9_b8_s102/20260827_164051_833938_clay_sinusoidal_acados_pacejka/diag_clay_sinusoidal_acados_pacejka.csv,,,1247,1.0036239602006918,3.426776,0.5953388162511541,3.920378024007387,6.1879800000000005,0.435597558223043,3.2658059342421812,7.852599999999994,127.06690511731779,51.660996,2.710076,0,chrono_body_contact,0,,,,,,,,0
mpc_tire_model_sweep,pacejka,standard,pacejka,tire_force_static,clay,sinusoidal,9.0,8,103,/home/ksha/Documents/sbel/offroad-control/benchmarking/results/mpc_tire_model_sweep_20260827_162718/raw/0043_pacejka_clay_sinusoidal_v9_b8_s103,ok,0,19.486083984375,15.0,0.99,/home/ksha/Documents/sbel/offroad-control/benchmarking/results/mpc_tire_model_sweep_20260827_162718/raw/0043_pacejka_clay_sinusoidal_v9_b8_s103/20260827_164111_330375_clay_sinusoidal_acados_pacejka/diag_clay_sinusoidal_acados_pacejka.csv,,,1247,0.984483135566718,3.630694,0.5753710424746076,3.9500809787626965,6.19254,0.4388978865291885,3.164530874097835,7.308199999999988,125.36001821534124,52.144192,2.722694,0,chrono_body_contact,0,,,,,,,,0
mpc_tire_model_sweep,pacejka,standard,pacejka,tire_force_static,clay,sinusoidal,9.0,8,104,/home/ksha/Documents/sbel/offroad-control/benchmarking/results/mpc_tire_model_sweep_20260827_162718/raw/0044_pacejka_clay_sinusoidal_v9_b8_s104,ok,0,19.53361701965332,15.0,0.99,/home/ksha/Documents/sbel/offroad-control/benchmarking/results/mpc_tire_model_sweep_20260827_162718/raw/0044_pacejka_clay_sinusoidal_v9_b8_s104/20260827_164130_822706_clay_sinusoidal_acados_pacejka/diag_clay_sinusoidal_acados_pacejka.csv,,,1248,0.9908280110589711,3.469039,0.5838617211449677,3.9340895660203143,6.10936,0.43712106289114605,3.3978445512820517,9.710699999999996,125.65399771606783,51.980007,2.655539,0,chrono_body_contact,0,,,,,,,,0
mpc_tire_model_sweep,pacejka,standard,pacejka,tire_force_static,clay,lane_change,5.0,0,100,/home/ksha/Documents/sbel/offroad-control/benchmarking/results/mpc_tire_model_sweep_20260827_162718/raw/0045_pacejka_clay_lane_change_v5_b0_s100,ok,0,19.13439702987671,15.0,0.99,/home/ksha/Documents/sbel/offroad-control/benchmarking/results/mpc_tire_model_sweep_20260827_162718/raw/0045_pacejka_clay_lane_change_v5_b0_s100/20260827_164150_375726_clay_lane_change_acados_pacejka/diag_clay_lane_change_acados_pacejka.csv,,,1248,0.08591414919040825,0.308697,0.06581219021237304,4.605178855032317,5.0597900000000005,0.9210357710064635,1.7239102564102562,2.85,127.95713201045248,63.330937,2.97591,0,chrono_body_contact,0,,,,,,,,0
mpc_tire_model_sweep,pacejka,standard,pacejka,tire_force_static,clay,lane_change,5.0,0,101,/home/ksha/Documents/sbel/offroad-control/benchmarking/results/mpc_tire_model_sweep_20260827_162718/raw/0046_pacejka_clay_lane_change_v5_b0_s101,ok,0,19.177716732025146,15.0,0.99,/home/ksha/Documents/sbel/offroad-control/benchmarking/results/mpc_tire_model_sweep_20260827_162718/raw/0046_pacejka_clay_lane_change_v5_b0_s101/20260827_164209_535919_clay_lane_change_acados_pacejka/diag_clay_lane_change_acados_pacejka.csv,,,1248,0.08144451879275927,0.278068,0.06326835180055401,4.514710710987996,4.92217,0.9029421421975992,1.7095112179487182,2.8758999999999992,123.24536824490266,62.365568,3.040679,0,chrono_body_contact,0,,,,,,,,0
mpc_tire_model_sweep,pacejka,standard,pacejka,tire_force_static,clay,lane_change,5.0,0,102,/home/ksha/Documents/sbel/offroad-control/benchmarking/results/mpc_tire_model_sweep_20260827_162718/raw/0047_pacejka_clay_lane_change_v5_b0_s102,ok,0,19.12959885597229,15.0,0.99,/home/ksha/Documents/sbel/offroad-control/benchmarking/results/mpc_tire_model_sweep_20260827_162718/raw/0047_pacejka_clay_lane_change_v5_b0_s102/20260827_164228_723015_clay_lane_change_acados_pacejka/diag_clay_lane_change_acados_pacejka.csv,,,1248,0.08873917153519895,0.30682,0.06676674976915975,4.615428901200369,5.10989,0.9230857802400738,1.7266346153846155,2.861199999999999,128.88055233697997,63.507643,3.06946,0,chrono_body_contact,0,,,,,,,,0
mpc_tire_model_sweep,pacejka,standard,pacejka,tire_force_static,clay,lane_change,5.0,0,103,/home/ksha/Documents/sbel/offroad-control/benchmarking/results/mpc_tire_model_sweep_20260827_162718/raw/0048_pacejka_clay_lane_change_v5_b0_s103,ok,0,19.13805890083313,15.0,0.99,/home/ksha/Documents/sbel/offroad-control/benchmarking/results/mpc_tire_model_sweep_20260827_162718/raw/0048_pacejka_clay_lane_change_v5_b0_s103/20260827_164247_884640_clay_lane_change_acados_pacejka/diag_clay_lane_change_acados_pacejka.csv,,,1248,0.08766497234489291,0.303636,0.06653797968605725,4.621705447830102,5.07913,0.9243410895660205,1.7423637820512823,2.8952999999999998,127.29552027099105,63.632866,3.04938,0,chrono_body_contact,0,,,,,,,,0
mpc_tire_model_sweep,pacejka,standard,pacejka,tire_force_static,clay,lane_change,5.0,0,104,/home/ksha/Documents/sbel/offroad-control/benchmarking/results/mpc_tire_model_sweep_20260827_162718/raw/0049_pacejka_clay_lane_change_v5_b0_s104,ok,0,19.135213613510132,15.0,0.99,/home/ksha/Documents/sbel/offroad-control/benchmarking/results/mpc_tire_model_sweep_20260827_162718/raw/0049_pacejka_clay_lane_change_v5_b0_s104/20260827_164307_047586_clay_lane_change_acados_pacejka/diag_clay_lane_change_acados_pacejka.csv,,,1248,0.08310083792097993,0.319163,0.06356069067405357,4.625010156971375,5.08775,0.9250020313942751,1.7148397435897436,2.84,127.76372335074697,63.708875,2.991704,0,chrono_body_contact,0,,,,,,,,0
mpc_tire_model_sweep,pacejka,standard,pacejka,tire_force_static,clay,lane_change,5.0,4,100,/home/ksha/Documents/sbel/offroad-control/benchmarking/results/mpc_tire_model_sweep_20260827_162718/raw/0050_pacejka_clay_lane_change_v5_b4_s100,ok,0,19.382483959197998,15.0,0.99,/home/ksha/Documents/sbel/offroad-control/benchmarking/results/mpc_tire_model_sweep_20260827_162718/raw/0050_pacejka_clay_lane_change_v5_b4_s100/20260827_164326_191062_clay_lane_change_acados_pacejka/diag_clay_lane_change_acados_pacejka.csv,,,1248,0.10256344437119178,0.39143,0.07423167220683287,4.613436103416436,5.03837,0.9226872206832872,1.7873076923076923,3.2371999999999934,127.9526284841001,63.484087,2.972861,0,chrono_body_contact,0,,,,,,,,0
mpc_tire_model_sweep,pacejka,standard,pacejka,tire_force_static,clay,lane_change,5.0,4,101,/home/ksha/Documents/sbel/offroad-control/benchmarking/results/mpc_tire_model_sweep_20260827_162718/raw/0051_pacejka_clay_lane_change_v5_b4_s101,ok,0,19.391108751296997,15.0,0.99,/home/ksha/Documents/sbel/offroad-control/benchmarking/results/mpc_tire_model_sweep_20260827_162718/raw/0051_pacejka_clay_lane_change_v5_b4_s101/20260827_164345_598798_clay_lane_change_acados_pacejka/diag_clay_lane_change_acados_pacejka.csv,,,1247,0.10704324220063853,0.409223,0.07703128254847645,4.546395567867036,4.98567,0.9092791135734071,1.874635124298316,3.75,123.30258324769589,62.824781,3.039892,0,chrono_body_contact,0,,,,,,,,0
mpc_tire_model_sweep,pacejka,standard,pacejka,tire_force_static,clay,lane_change,5.0,4,102,/home/ksha/Documents/sbel/offroad-control/benchmarking/results/mpc_tire_model_sweep_20260827_162718/raw/0052_pacejka_clay_lane_change_v5_b4_s102,ok,0,19.38152050971985,15.0,0.99,/home/ksha/Documents/sbel/offroad-control/benchmarking/results/mpc_tire_model_sweep_20260827_162718/raw/0052_pacejka_clay_lane_change_v5_b4_s102/20260827_164405_019238_clay_lane_change_acados_pacejka/diag_clay_lane_change_acados_pacejka.csv,,,1248,0.1071218535428257,0.398455,0.07599921883656509,4.542537488457987,5.05268,0.9085074976915974,1.7988541666666669,3.3405999999999993,128.44064793467678,62.595491,3.069383,0,chrono_body_contact,0,,,,,,,,0
mpc_tire_model_sweep,pacejka,standard,pacejka,tire_force_static,clay,lane_change,5.0,4,103,/home/ksha/Documents/sbel/offroad-control/benchmarking/results/mpc_tire_model_sweep_20260827_162718/raw/0053_pacejka_clay_lane_change_v5_b4_s103,ok,0,19.381167888641357,15.0,0.99,/home/ksha/Documents/sbel/offroad-control/benchmarking/results/mpc_tire_model_sweep_20260827_162718/raw/0053_pacejka_clay_lane_change_v5_b4_s103/20260827_164424_406331_clay_lane_change_acados_pacejka/diag_clay_lane_change_acados_pacejka.csv,,,1248,0.10462511852954935,0.383314,0.07556852077562327,4.642378947368421,5.09121,0.9284757894736841,1.7850240384615386,2.9,127.45220268048791,63.974659,3.047171,0,chrono_body_contact,0,,,,,,,,0
mpc_tire_model_sweep,pacejka,standard,pacejka,tire_force_static,clay,lane_change,5.0,4,104,/home/ksha/Documents/sbel/offroad-control/benchmarking/results/mpc_tire_model_sweep_20260827_162718/raw/0054_pacejka_clay_lane_change_v5_b4_s104,ok,0,19.423919200897217,15.0,0.99,/home/ksha/Documents/sbel/offroad-control/benchmarking/results/mpc_tire_model_sweep_20260827_162718/raw/0054_pacejka_clay_lane_change_v5_b4_s104/20260827_164443_819558_clay_lane_change_acados_pacejka/diag_clay_lane_change_acados_pacejka.csv,,,1248,0.1051560246102082,0.418979,0.07418580609418281,4.56356703601108,5.069389999999999,0.912713407202216,1.778878205128205,3.08,127.42467953840837,62.935281,2.990576,0,chrono_body_contact,0,,,,,,,,0
mpc_tire_model_sweep,pacejka,standard,pacejka,tire_force_static,clay,lane_change,5.0,8,100,/home/ksha/Documents/sbel/offroad-control/benchmarking/results/mpc_tire_model_sweep_20260827_162718/raw/0055_pacejka_clay_lane_change_v5_b8_s100,ok,0,19.527806997299194,15.0,0.99,/home/ksha/Documents/sbel/offroad-control/benchmarking/results/mpc_tire_model_sweep_20260827_162718/raw/0055_pacejka_clay_lane_change_v5_b8_s100/20260827_164503_257603_clay_lane_change_acados_pacejka/diag_clay_lane_change_acados_pacejka.csv,,,1248,0.08348404636016239,0.290498,0.06414105724838412,4.582873130193906,5.0857,0.9165746260387811,1.7489503205128205,2.8952999999999998,127.84775080149657,62.560869,2.991881,0,chrono_body_contact,0,,,,,,,,0
mpc_tire_model_sweep,pacejka,standard,pacejka,tire_force_static,clay,lane_change,5.0,8,101,/home/ksha/Documents/sbel/offroad-control/benchmarking/results/mpc_tire_model_sweep_20260827_162718/raw/0056_pacejka_clay_lane_change_v5_b8_s101,ok,0,19.53380012512207,15.0,0.99,/home/ksha/Documents/sbel/offroad-control/benchmarking/results/mpc_tire_model_sweep_20260827_162718/raw/0056_pacejka_clay_lane_change_v5_b8_s101/20260827_164522_790594_clay_lane_change_acados_pacejka/diag_clay_lane_change_acados_pacejka.csv,,,1248,0.08442854203440019,0.318168,0.0650336241920591,4.557984302862419,5.11051,0.9115968605724838,1.7333012820512819,2.84,123.45904125302076,62.459814,3.065212,0,chrono_body_contact,0,,,,,,,,0
mpc_tire_model_sweep,pacejka,standard,pacejka,tire_force_static,clay,lane_change,5.0,8,102,/home/ksha/Documents/sbel/offroad-control/benchmarking/results/mpc_tire_model_sweep_20260827_162718/raw/0057_pacejka_clay_lane_change_v5_b8_s102,ok,0,19.428643703460693,15.0,0.99,/home/ksha/Documents/sbel/offroad-control/benchmarking/results/mpc_tire_model_sweep_20260827_162718/raw/0057_pacejka_clay_lane_change_v5_b8_s102/20260827_164542_340129_clay_lane_change_acados_pacejka/diag_clay_lane_change_acados_pacejka.csv,,,1247,0.08704943885744539,0.286049,0.06721127608494923,4.607854385964912,5.18329,0.9215708771929825,2.440898155573376,3.6954,128.66712173000508,62.962772,3.080712,0,chrono_body_contact,0,,,,,,,,0
mpc_tire_model_sweep,pacejka,standard,pacejka,tire_force_static,clay,lane_change,5.0,8,103,/home/ksha/Documents/sbel/offroad-control/benchmarking/results/mpc_tire_model_sweep_20260827_162718/raw/0058_pacejka_clay_lane_change_v5_b8_s103,ok,0,19.4830801486969,15.0,0.99,/home/ksha/Documents/sbel/offroad-control/benchmarking/results/mpc_tire_model_sweep_20260827_162718/raw/0058_pacejka_clay_lane_change_v5_b8_s103/20260827_164601_784537_clay_lane_change_acados_pacejka/diag_clay_lane_change_acados_pacejka.csv,,,1248,0.08418213663828063,0.301,0.06482508771929824,4.555914958448754,5.070519999999999,0.9111829916897507,2.1508333333333334,3.59,126.93666198904012,62.355711,3.075072,0,chrono_body_contact,0,,,,,,,,0
mpc_tire_model_sweep,pacejka,standard,pacejka,tire_force_static,clay,lane_change,5.0,8,104,/home/ksha/Documents/sbel/offroad-control/benchmarking/results/mpc_tire_model_sweep_20260827_162718/raw/0059_pacejka_clay_lane_change_v5_b8_s104,ok,0,19.524675130844116,15.0,0.99,/home/ksha/Documents/sbel/offroad-control/benchmarking/results/mpc_tire_model_sweep_20260827_162718/raw/0059_pacejka_clay_lane_change_v5_b8_s104/20260827_164621_289307_clay_lane_change_acados_pacejka/diag_clay_lane_change_acados_pacejka.csv,,,1248,0.08363168621820818,0.345783,0.06496539796860573,4.582754755309327,5.165019999999999,0.9165509510618653,1.8711698717948717,2.86,127.6341659417958,62.709265,3.013007,0,chrono_body_contact,0,,,,,,,,0
mpc_tire_model_sweep,pacejka,standard,pacejka,tire_force_static,clay,lane_change,7.0,0,100,/home/ksha/Documents/sbel/offroad-control/benchmarking/results/mpc_tire_model_sweep_20260827_162718/raw/0060_pacejka_clay_lane_change_v7_b0_s100,ok,0,19.17793035507202,15.0,0.99,/home/ksha/Documents/sbel/offroad-control/benchmarking/results/mpc_tire_model_sweep_20260827_162718/raw/0060_pacejka_clay_lane_change_v7_b0_s100/20260827_164640_845235_clay_lane_change_acados_pacejka/diag_clay_lane_change_acados_pacejka.csv,,,1248,0.13492539884735635,0.486367,0.09336871837488457,6.063704247460757,7.47881,0.8662434639229654,2.3274198717948718,3.7805999999999993,137.76092169303877,82.324923,2.957682,0,chrono_body_contact,0,,,,,,,,0
mpc_tire_model_sweep,pacejka,standard,pacejka,tire_force_static,clay,lane_change,7.0,0,101,/home/ksha/Documents/sbel/offroad-control/benchmarking/results/mpc_tire_model_sweep_20260827_162718/raw/0061_pacejka_clay_lane_change_v7_b0_s101,ok,0,19.175502061843872,15.0,0.99,/home/ksha/Documents/sbel/offroad-control/benchmarking/results/mpc_tire_model_sweep_20260827_162718/raw/0061_pacejka_clay_lane_change_v7_b0_s101/20260827_164700_037437_clay_lane_change_acados_pacejka/diag_clay_lane_change_acados_pacejka.csv,,,1248,0.12344731796669339,0.466735,0.08725945244690674,6.060330470914128,7.57748,0.8657614958448754,2.6887499999999998,4.91,133.8393711183677,82.491505,3.040614,0,chrono_body_contact,0,,,,,,,,0
mpc_tire_model_sweep,pacejka,standard,pacejka,tire_force_static,clay,lane_change,7.0,0,102,/home/ksha/Documents/sbel/offroad-control/benchmarking/results/mpc_tire_model_sweep_20260827_162718/raw/0062_pacejka_clay_lane_change_v7_b0_s102,ok,0,19.18105435371399,15.0,0.99,/home/ksha/Documents/sbel/offroad-control/benchmarking/results/mpc_tire_model_sweep_20260827_162718/raw/0062_pacejka_clay_lane_change_v7_b0_s102/20260827_164719_236959_clay_lane_change_acados_pacejka/diag_clay_lane_change_acados_pacejka.csv,,,1248,0.12368255601549978,0.439798,0.0878364810710988,6.034284210526316,7.51277,0.8620406015037594,2.3032051282051285,3.82,138.96000759748486,82.008537,3.046474,0,chrono_body_contact,0,,,,,,,,0
mpc_tire_model_sweep,pacejka,standard,pacejka,tire_force_static,clay,lane_change,7.0,0,103,/home/ksha/Documents/sbel/offroad-control/benchmarking/results/mpc_tire_model_sweep_20260827_162718/raw/0063_pacejka_clay_lane_change_v7_b0_s103,ok,0,19.13426923751831,15.0,0.99,/home/ksha/Documents/sbel/offroad-control/benchmarking/results/mpc_tire_model_sweep_20260827_162718/raw/0063_pacejka_clay_lane_change_v7_b0_s103/20260827_164738_433767_clay_lane_change_acados_pacejka/diag_clay_lane_change_acados_pacejka.csv,,,1248,0.1391235911450569,0.523523,0.09590008494921515,6.084807940904893,7.509389999999999,0.8692582772721276,2.9918509615384616,4.843599999999997,137.51500512369466,82.696805,3.04682,0,chrono_body_contact,0,,,,,,,,0
mpc_tire_model_sweep,pacejka,standard,pacejka,tire_force_static,clay,lane_change,7.0,0,104,/home/ksha/Documents/sbel/offroad-control/benchmarking/results/mpc_tire_model_sweep_20260827_162718/raw/0064_pacejka_clay_lane_change_v7_b0_s104,ok,0,19.17945384979248,15.0,0.99,/home/ksha/Documents/sbel/offroad-control/benchmarking/results/mpc_tire_model_sweep_20260827_162718/raw/0064_pacejka_clay_lane_change_v7_b0_s104/20260827_164757_594687_clay_lane_change_acados_pacejka/diag_clay_lane_change_acados_pacejka.csv,,,1248,0.1332042173757119,0.48125,0.0911487885503232,6.066430747922438,7.56559,0.8666329639889198,2.3228125,3.93,137.67031221799834,82.457023,2.963313,0,chrono_body_contact,0,,,,,,,,0
mpc_tire_model_sweep,pacejka,standard,pacejka,tire_force_static,clay,lane_change,7.0,4,100,/home/ksha/Documents/sbel/offroad-control/benchmarking/results/mpc_tire_model_sweep_20260827_162718/raw/0065_pacejka_clay_lane_change_v7_b4_s100,ok,0,19.33199191093445,15.0,0.99,/home/ksha/Documents/sbel/offroad-control/benchmarking/results/mpc_tire_model_sweep_20260827_162718/raw/0065_pacejka_clay_lane_change_v7_b4_s100/20260827_164816_780824_clay_lane_change_acados_pacejka/diag_clay_lane_change_acados_pacejka.csv,,,1248,0.1392052770643197,0.475728,0.09767071283471838,6.063468051708218,7.4802,0.8662097216726025,3.031426282051282,5.036499999999998,137.78651736090012,82.393686,2.975237,0,chrono_body_contact,0,,,,,,,,0
mpc_tire_model_sweep,pacejka,standard,pacejka,tire_force_static,clay,lane_change,7.0,4,101,/home/ksha/Documents/sbel/offroad-control/benchmarking/results/mpc_tire_model_sweep_20260827_162718/raw/0066_pacejka_clay_lane_change_v7_b4_s101,ok,0,19.38910937309265,15.0,0.99,/home/ksha/Documents/sbel/offroad-control/benchmarking/results/mpc_tire_model_sweep_20260827_162718/raw/0066_pacejka_clay_lane_change_v7_b4_s101/20260827_164836_136113_clay_lane_change_acados_pacejka/diag_clay_lane_change_acados_pacejka.csv,,,1248,0.12914850145396642,0.434206,0.09258084118190213,6.010931855955678,7.4584399999999995,0.8587045508508112,2.6769551282051283,4.650599999999999,133.45526627895458,81.939803,3.057308,0,chrono_body_contact,0,,,,,,,,0
mpc_tire_model_sweep,pacejka,standard,pacejka,tire_force_static,clay,lane_change,7.0,4,102,/home/ksha/Documents/sbel/offroad-control/benchmarking/results/mpc_tire_model_sweep_20260827_162718/raw/0067_pacejka_clay_lane_change_v7_b4_s102,ok,0,19.332526445388794,15.0,0.99,/home/ksha/Documents/sbel/offroad-control/benchmarking/results/mpc_tire_model_sweep_20260827_162718/raw/0067_pacejka_clay_lane_change_v7_b4_s102/20260827_164855_544065_clay_lane_change_acados_pacejka/diag_clay_lane_change_acados_pacejka.csv,,,1248,0.13827445002958202,0.436285,0.0971074376731302,6.077728254847646,7.508299999999998,0.8682468935496637,2.3096634615384617,3.6452999999999998,139.33570677593565,82.653095,3.071478,0,chrono_body_contact,0,,,,,,,,0
mpc_tire_model_sweep,pacejka,standard,pacejka,tire_force_static,clay,lane_change,7.0,4,103,/home/ksha/Documents/sbel/offroad-control/benchmarking/results/mpc_tire_model_sweep_20260827_162718/raw/0068_pacejka_clay_lane_change_v7_b4_s103,ok,0,19.383001565933228,15.0,0.99,/home/ksha/Documents/sbel/offroad-control/benchmarking/results/mpc_tire_model_sweep_20260827_162718/raw/0068_pacejka_clay_lane_change_v7_b4_s103/20260827_164914_915432_clay_lane_change_acados_pacejka/diag_clay_lane_change_acados_pacejka.csv,,,1247,0.14176669107002093,0.48839,0.10041109233610342,6.08551542012927,7.586899999999999,0.8693593457327529,2.695998396150762,4.914799999999995,137.4169636755572,82.79989,3.068171,0,chrono_body_contact,0,,,,,,,,0
mpc_tire_model_sweep,pacejka,standard,pacejka,tire_force_static,clay,lane_change,7.0,4,104,/home/ksha/Documents/sbel/offroad-control/benchmarking/results/mpc_tire_model_sweep_20260827_162718/raw/0069_pacejka_clay_lane_change_v7_b4_s104,ok,0,19.424744844436646,15.0,0.99,/home/ksha/Documents/sbel/offroad-control/benchmarking/results/mpc_tire_model_sweep_20260827_162718/raw/0069_pacejka_clay_lane_change_v7_b4_s104/20260827_164934_303253_clay_lane_change_acados_pacejka/diag_clay_lane_change_acados_pacejka.csv,,,1247,0.13966277864526386,0.458152,0.09716122991689752,6.056111819021237,7.49087,0.8651588312887482,2.385613472333601,4.451599999999998,137.54966797932536,82.412046,2.981378,0,chrono_body_contact,0,,,,,,,,0
mpc_tire_model_sweep,pacejka,standard,pacejka,tire_force_static,clay,lane_change,7.0,8,100,/home/ksha/Documents/sbel/offroad-control/benchmarking/results/mpc_tire_model_sweep_20260827_162718/raw/0070_pacejka_clay_lane_change_v7_b8_s100,ok,0,19.484556674957275,15.0,0.99,/home/ksha/Documents/sbel/offroad-control/benchmarking/results/mpc_tire_model_sweep_20260827_162718/raw/0070_pacejka_clay_lane_change_v7_b8_s100/20260827_164953_758278_clay_lane_change_acados_pacejka/diag_clay_lane_change_acados_pacejka.csv,,,1248,0.1633441756758798,0.622477,0.10652677654662973,5.954108310249308,7.39692,0.8505869014641868,2.437011217948718,3.81,137.1253976368945,80.448416,2.958609,0,chrono_body_contact,0,,,,,,,,0
mpc_tire_model_sweep,pacejka,standard,pacejka,tire_force_static,clay,lane_change,7.0,8,101,/home/ksha/Documents/sbel/offroad-control/benchmarking/results/mpc_tire_model_sweep_20260827_162718/raw/0071_pacejka_clay_lane_change_v7_b8_s101,ok,0,19.484325170516968,15.0,0.99,/home/ksha/Documents/sbel/offroad-control/benchmarking/results/mpc_tire_model_sweep_20260827_162718/raw/0071_pacejka_clay_lane_change_v7_b8_s101/20260827_165013_255017_clay_lane_change_acados_pacejka/diag_clay_lane_change_acados_pacejka.csv,,,1248,0.14689005647087108,0.527198,0.09964688180978763,5.898320960295475,7.343409999999999,0.8426172800422107,2.4358653846153846,4.001199999999999,132.63911701711768,79.925652,3.046905,0,chrono_body_contact,0,,,,,,,,0
mpc_tire_model_sweep,pacejka,standard,pacejka,tire_force_static,clay,lane_change,7.0,8,102,/home/ksha/Documents/sbel/offroad-control/benchmarking/results/mpc_tire_model_sweep_20260827_162718/raw/0072_pacejka_clay_lane_change_v7_b8_s102,ok,0,19.485570669174194,15.0,0.99,/home/ksha/Documents/sbel/offroad-control/benchmarking/results/mpc_tire_model_sweep_20260827_162718/raw/0072_pacejka_clay_lane_change_v7_b8_s102/20260827_165032_756908_clay_lane_change_acados_pacejka/diag_clay_lane_change_acados_pacejka.csv,,,1248,0.16207654398859275,0.614904,0.10550773499538321,5.930564173591874,7.40224,0.8472234533702677,2.461161858974359,3.9588999999999963,138.2827731662986,80.18077,3.058525,0,chrono_body_contact,0,,,,,,,,0
mpc_tire_model_sweep,pacejka,standard,pacejka,tire_force_static,clay,lane_change,7.0,8,103,/home/ksha/Documents/sbel/offroad-control/benchmarking/results/mpc_tire_model_sweep_20260827_162718/raw/0073_pacejka_clay_lane_change_v7_b8_s103,ok,0,19.482712984085083,15.0,0.99,/home/ksha/Documents/sbel/offroad-control/benchmarking/results/mpc_tire_model_sweep_20260827_162718/raw/0073_pacejka_clay_lane_change_v7_b8_s103/20260827_165052_265757_clay_lane_change_acados_pacejka/diag_clay_lane_change_acados_pacejka.csv,,,1248,0.15573001042077197,0.56855,0.10175436103416435,5.950024930747923,7.42253,0.8500035615354176,2.427636217948718,4.055299999999999,136.69961595127705,80.468617,3.048399,0,chrono_body_contact,0,,,,,,,,0
mpc_tire_model_sweep,pacejka,standard,pacejka,tire_force_static,clay,lane_change,7.0,8,104,/home/ksha/Documents/sbel/offroad-control/benchmarking/results/mpc_tire_model_sweep_20260827_162718/raw/0074_pacejka_clay_lane_change_v7_b8_s104,ok,0,19.436896562576294,15.0,0.99,/home/ksha/Documents/sbel/offroad-control/benchmarking/results/mpc_tire_model_sweep_20260827_162718/raw/0074_pacejka_clay_lane_change_v7_b8_s104/20260827_165111_763026_clay_lane_change_acados_pacejka/diag_clay_lane_change_acados_pacejka.csv,,,1248,0.15759260539190498,0.573559,0.10180490304709142,5.944135364727609,7.3715399999999995,0.849162194961087,2.647139423076923,5.2158999999999995,137.0644766078059,80.442885,2.996928,0,chrono_body_contact,0,,,,,,,,0
mpc_tire_model_sweep,pacejka,standard,pacejka,tire_force_static,clay,lane_change,9.0,0,100,/home/ksha/Documents/sbel/offroad-control/benchmarking/results/mpc_tire_model_sweep_20260827_162718/raw/0075_pacejka_clay_lane_change_v9_b0_s100,ok,0,19.128392457962036,15.0,0.99,/home/ksha/Documents/sbel/offroad-control/benchmarking/results/mpc_tire_model_sweep_20260827_162718/raw/0075_pacejka_clay_lane_change_v9_b0_s100/20260827_165131_226296_clay_lane_change_acados_pacejka/diag_clay_lane_change_acados_pacejka.csv,,,1248,0.15148779728663678,0.559047,0.1020620240073869,6.530391597414589,8.7089,0.7255990663793987,2.5310016025641024,3.7652999999999994,141.59081883577284,88.397378,2.996805,0,chrono_body_contact,0,,,,,,,,0
mpc_tire_model_sweep,pacejka,standard,pacejka,tire_force_static,clay,lane_change,9.0,0,101,/home/ksha/Documents/sbel/offroad-control/benchmarking/results/mpc_tire_model_sweep_20260827_162718/raw/0076_pacejka_clay_lane_change_v9_b0_s101,ok,0,19.13945508003235,15.0,0.99,/home/ksha/Documents/sbel/offroad-control/benchmarking/results/mpc_tire_model_sweep_20260827_162718/raw/0076_pacejka_clay_lane_change_v9_b0_s101/20260827_165150_377071_clay_lane_change_acados_pacejka/diag_clay_lane_change_acados_pacejka.csv,,,1248,0.14555227855370537,0.547673,0.0999183730378578,6.529996029547553,8.76149,0.7255551143941726,2.5295352564102562,3.8152999999999997,137.84105395568182,88.60273,3.060599,0,chrono_body_contact,0,,,,,,,,0
mpc_tire_model_sweep,pacejka,standard,pacejka,tire_force_static,clay,lane_change,9.0,0,102,/home/ksha/Documents/sbel/offroad-control/benchmarking/results/mpc_tire_model_sweep_20260827_162718/raw/0077_pacejka_clay_lane_change_v9_b0_s102,ok,0,19.129616737365723,15.0,0.99,/home/ksha/Documents/sbel/offroad-control/benchmarking/results/mpc_tire_model_sweep_20260827_162718/raw/0077_pacejka_clay_lane_change_v9_b0_s102/20260827_165209_532286_clay_lane_change_acados_pacejka/diag_clay_lane_change_acados_pacejka.csv,,,1248,0.15180059330154422,0.516637,0.1030169593721145,6.5369580794090485,8.74644,0.7263286754898943,2.563173076923077,4.0817999999999985,143.34931541003914,88.5215,3.067721,0,chrono_body_contact,0,,,,,,,,0
mpc_tire_model_sweep,pacejka,standard,pacejka,tire_force_static,clay,lane_change,9.0,0,103,/home/ksha/Documents/sbel/offroad-control/benchmarking/results/mpc_tire_model_sweep_20260827_162718/raw/0078_pacejka_clay_lane_change_v9_b0_s103,ok,0,19.132646560668945,15.0,0.99,/home/ksha/Documents/sbel/offroad-control/benchmarking/results/mpc_tire_model_sweep_20260827_162718/raw/0078_pacejka_clay_lane_change_v9_b0_s103/20260827_165228_680666_clay_lane_change_acados_pacejka/diag_clay_lane_change_acados_pacejka.csv,,,1248,0.15556673440332625,0.598299,0.10352843120960296,6.541068605724839,8.763929999999998,0.7267854006360932,2.5836217948717946,3.9153,141.46316297532442,88.636119,3.047505,0,chrono_body_contact,0,,,,,,,,0
mpc_tire_model_sweep,pacejka,standard,pacejka,tire_force_static,clay,lane_change,9.0,0,104,/home/ksha/Documents/sbel/offroad-control/benchmarking/results/mpc_tire_model_sweep_20260827_162718/raw/0079_pacejka_clay_lane_change_v9_b0_s104,ok,0,19.18218731880188,15.0,0.99,/home/ksha/Documents/sbel/offroad-control/benchmarking/results/mpc_tire_model_sweep_20260827_162718/raw/0079_pacejka_clay_lane_change_v9_b0_s104/20260827_165247_842982_clay_lane_change_acados_pacejka/diag_clay_lane_change_acados_pacejka.csv,,,1248,0.1456801312854796,0.553277,0.09710644967682364,6.509467867036011,8.704669999999998,0.7232742074484456,2.568485576923077,3.91,141.43358871325228,88.240345,2.99384,0,chrono_body_contact,0,,,,,,,,0
mpc_tire_model_sweep,pacejka,standard,pacejka,tire_force_static,clay,lane_change,9.0,4,100,/home/ksha/Documents/sbel/offroad-control/benchmarking/results/mpc_tire_model_sweep_20260827_162718/raw/0080_pacejka_clay_lane_change_v9_b4_s100,ok,0,19.389521598815918,15.0,0.99,/home/ksha/Documents/sbel/offroad-control/benchmarking/results/mpc_tire_model_sweep_20260827_162718/raw/0080_pacejka_clay_lane_change_v9_b4_s100/20260827_165307_046609_clay_lane_change_acados_pacejka/diag_clay_lane_change_acados_pacejka.csv,,,1248,0.15625856372635888,0.535125,0.1086164432132964,6.533130563250231,8.70045,0.7259033959166924,2.5958413461538465,3.92,141.62444441885526,88.558768,3.01813,0,chrono_body_contact,0,,,,,,,,0
mpc_tire_model_sweep,pacejka,standard,pacejka,tire_force_static,clay,lane_change,9.0,4,101,/home/ksha/Documents/sbel/offroad-control/benchmarking/results/mpc_tire_model_sweep_20260827_162718/raw/0081_pacejka_clay_lane_change_v9_b4_s101,ok,0,19.38814377784729,15.0,0.99,/home/ksha/Documents/sbel/offroad-control/benchmarking/results/mpc_tire_model_sweep_20260827_162718/raw/0081_pacejka_clay_lane_change_v9_b4_s101/20260827_165326_450054_clay_lane_change_acados_pacejka/diag_clay_lane_change_acados_pacejka.csv,,,1247,0.15862608244361076,0.553443,0.11146941643582639,6.516794367497692,8.70425,0.724088263055299,2.633544506816359,4.242399999999997,137.60041924476684,88.523018,3.091603,0,chrono_body_contact,0,,,,,,,,0
mpc_tire_model_sweep,pacejka,standard,pacejka,tire_force_static,clay,lane_change,9.0,4,102,/home/ksha/Documents/sbel/offroad-control/benchmarking/results/mpc_tire_model_sweep_20260827_162718/raw/0082_pacejka_clay_lane_change_v9_b4_s102,ok,0,19.33227038383484,15.0,0.99,/home/ksha/Documents/sbel/offroad-control/benchmarking/results/mpc_tire_model_sweep_20260827_162718/raw/0082_pacejka_clay_lane_change_v9_b4_s102/20260827_165345_855708_clay_lane_change_acados_pacejka/diag_clay_lane_change_acados_pacejka.csv,,,1247,0.16398467123246255,0.510528,0.1141041329639889,6.54071569713758,8.71286,0.7267461885708423,2.687914995990377,4.1408,143.366869469309,88.712887,3.110943,0,chrono_body_contact,0,,,,,,,,0
mpc_tire_model_sweep,pacejka,standard,pacejka,tire_force_static,clay,lane_change,9.0,4,103,/home/ksha/Documents/sbel/offroad-control/benchmarking/results/mpc_tire_model_sweep_20260827_162718/raw/0083_pacejka_clay_lane_change_v9_b4_s103,ok,0,19.382472038269043,15.0,0.99,/home/ksha/Documents/sbel/offroad-control/benchmarking/results/mpc_tire_model_sweep_20260827_162718/raw/0083_pacejka_clay_lane_change_v9_b4_s103/20260827_165405_224401_clay_lane_change_acados_pacejka/diag_clay_lane_change_acados_pacejka.csv,,,1248,0.16538693828298404,0.592085,0.11467762973222531,6.544257710064635,8.72913,0.7271397455627372,2.5857211538461544,3.9705999999999992,141.48691855994753,88.784259,3.08022,0,chrono_body_contact,0,,,,,,,,0
mpc_tire_model_sweep,pacejka,standard,pacejka,tire_force_static,clay,lane_change,9.0,4,104,/home/ksha/Documents/sbel/offroad-control/benchmarking/results/mpc_tire_model_sweep_20260827_162718/raw/0084_pacejka_clay_lane_change_v9_b4_s104,ok,0,19.381513595581055,15.0,0.99,/home/ksha/Documents/sbel/offroad-control/benchmarking/results/mpc_tire_model_sweep_20260827_162718/raw/0084_pacejka_clay_lane_change_v9_b4_s104/20260827_165424_615129_clay_lane_change_acados_pacejka/diag_clay_lane_change_acados_pacejka.csv,,,1248,0.15827985525567415,0.565434,0.10755956325023083,6.527269252077562,8.69014,0.7252521391197291,3.236650641025641,4.760599999999999,141.57016556254382,88.61136,3.014296,0,chrono_body_contact,0,,,,,,,,0
mpc_tire_model_sweep,pacejka,standard,pacejka,tire_force_static,clay,lane_change,9.0,8,100,/home/ksha/Documents/sbel/offroad-control/benchmarking/results/mpc_tire_model_sweep_20260827_162718/raw/0085_pacejka_clay_lane_change_v9_b8_s100,ok,0,19.483404874801636,15.0,0.99,/home/ksha/Documents/sbel/offroad-control/benchmarking/results/mpc_tire_model_sweep_20260827_162718/raw/0085_pacejka_clay_lane_change_v9_b8_s100/20260827_165444_013677_clay_lane_change_acados_pacejka/diag_clay_lane_change_acados_pacejka.csv,,,1247,0.1686638618961839,0.627665,0.10880964819944598,6.2199073868882735,8.137349999999998,0.6911008207653637,2.7225661587810746,4.2254,139.30050902177163,83.895958,2.936019,0,chrono_body_contact,0,,,,,,,,0
mpc_tire_model_sweep,pacejka,standard,pacejka,tire_force_static,clay,lane_change,9.0,8,101,/home/ksha/Documents/sbel/offroad-control/benchmarking/results/mpc_tire_model_sweep_20260827_162718/raw/0086_pacejka_clay_lane_change_v9_b8_s101,ok,0,19.53568458557129,15.0,0.99,/home/ksha/Documents/sbel/offroad-control/benchmarking/results/mpc_tire_model_sweep_20260827_162718/raw/0086_pacejka_clay_lane_change_v9_b8_s101/20260827_165503_520779_clay_lane_change_acados_pacejka/diag_clay_lane_change_acados_pacejka.csv,,,1247,0.165513221564249,0.604113,0.10790166574330563,6.227931578947368,8.14636,0.6919923976608187,2.940625501202887,4.83,135.3428557123297,84.230009,3.035502,0,chrono_body_contact,0,,,,,,,,0
mpc_tire_model_sweep,pacejka,standard,pacejka,tire_force_static,clay,lane_change,9.0,8,102,/home/ksha/Documents/sbel/offroad-control/benchmarking/results/mpc_tire_model_sweep_20260827_162718/raw/0087_pacejka_clay_lane_change_v9_b8_s102,ok,0,19.487089157104492,15.0,0.99,/home/ksha/Documents/sbel/offroad-control/benchmarking/results/mpc_tire_model_sweep_20260827_162718/raw/0087_pacejka_clay_lane_change_v9_b8_s102/20260827_165523_074889_clay_lane_change_acados_pacejka/diag_clay_lane_change_acados_pacejka.csv,,,1248,0.17724141315791359,0.650207,0.11289812557710065,6.2347967682363805,8.14409,0.6927551964707089,2.63661858974359,3.89,140.90413591081006,84.136961,3.044669,0,chrono_body_contact,0,,,,,,,,0
mpc_tire_model_sweep,pacejka,standard,pacejka,tire_force_static,clay,lane_change,9.0,8,103,/home/ksha/Documents/sbel/offroad-control/benchmarking/results/mpc_tire_model_sweep_20260827_162718/raw/0088_pacejka_clay_lane_change_v9_b8_s103,ok,0,19.48609495162964,15.0,0.99,/home/ksha/Documents/sbel/offroad-control/benchmarking/results/mpc_tire_model_sweep_20260827_162718/raw/0088_pacejka_clay_lane_change_v9_b8_s103/20260827_165542_585793_clay_lane_change_acados_pacejka/diag_clay_lane_change_acados_pacejka.csv,,,1248,0.1848101701062569,0.653103,0.11538022899353646,6.260508402585411,8.212060000000001,0.6956120447317123,2.6102403846153845,3.7152999999999996,139.2729052995024,84.511969,3.068149,0,chrono_body_contact,0,,,,,,,,0
mpc_tire_model_sweep,pacejka,standard,pacejka,tire_force_static,clay,lane_change,9.0,8,104,/home/ksha/Documents/sbel/offroad-control/benchmarking/results/mpc_tire_model_sweep_20260827_162718/raw/0089_pacejka_clay_lane_change_v9_b8_s104,ok,0,19.48236322402954,15.0,0.99,/home/ksha/Documents/sbel/offroad-control/benchmarking/results/mpc_tire_model_sweep_20260827_162718/raw/0089_pacejka_clay_lane_change_v9_b8_s104/20260827_165602_084700_clay_lane_change_acados_pacejka/diag_clay_lane_change_acados_pacejka.csv,,,1248,0.16554386520921915,0.607243,0.10491250046168052,6.2272176361957525,8.14668,0.6919130706884169,2.583349358974359,3.8752999999999997,139.40762586130637,84.11506,2.969386,0,chrono_body_contact,0,,,,,,,,0
mpc_tire_model_sweep,pacejka,standard,pacejka,tire_force_static,clay,right_left,5.0,0,100,/home/ksha/Documents/sbel/offroad-control/benchmarking/results/mpc_tire_model_sweep_20260827_162718/raw/0090_pacejka_clay_right_left_v5_b0_s100,ok,0,19.131101369857788,15.0,0.99,/home/ksha/Documents/sbel/offroad-control/benchmarking/results/mpc_tire_model_sweep_20260827_162718/raw/0090_pacejka_clay_right_left_v5_b0_s100/20260827_165621_593544_clay_right_left_acados_pacejka/diag_clay_right_left_acados_pacejka.csv,,,1248,0.573347896835461,2.15811,0.3324455133887349,4.197999722991689,5.272139999999999,0.8395999445983378,3.3600721153846154,7.597199999999994,126.25220124068912,29.920158,-31.580612,0,chrono_body_contact,0,,,,,,,,0
mpc_tire_model_sweep,pacejka,standard,pacejka,tire_force_static,clay,right_left,5.0,0,101,/home/ksha/Documents/sbel/offroad-control/benchmarking/results/mpc_tire_model_sweep_20260827_162718/raw/0091_pacejka_clay_right_left_v5_b0_s101,ok,0,19.13309359550476,15.0,0.99,/home/ksha/Documents/sbel/offroad-control/benchmarking/results/mpc_tire_model_sweep_20260827_162718/raw/0091_pacejka_clay_right_left_v5_b0_s101/20260827_165640_763942_clay_right_left_acados_pacejka/diag_clay_right_left_acados_pacejka.csv,,,1247,0.6205987516889601,2.403341,0.33944269159741464,4.205633610341644,5.26335,0.8411267220683287,3.4550922213311948,9.502599999999994,121.9290455054294,29.613964,-31.774734,0,chrono_body_contact,0,,,,,,,,0
mpc_tire_model_sweep,pacejka,standard,pacejka,tire_force_static,clay,right_left,5.0,0,102,/home/ksha/Documents/sbel/offroad-control/benchmarking/results/mpc_tire_model_sweep_20260827_162718/raw/0092_pacejka_clay_right_left_v5_b0_s102,ok,0,19.137998819351196,15.0,0.99,/home/ksha/Documents/sbel/offroad-control/benchmarking/results/mpc_tire_model_sweep_20260827_162718/raw/0092_pacejka_clay_right_left_v5_b0_s102/20260827_165659_920051_clay_right_left_acados_pacejka/diag_clay_right_left_acados_pacejka.csv,,,1247,0.5359529379673393,1.882814,0.31329898614958446,4.130236103416436,5.23548,0.8260472206832873,3.4043544506816357,9.009599999999992,127.00715111733409,29.191544,-30.781608,0,chrono_body_contact,0,,,,,,,,0
mpc_tire_model_sweep,pacejka,standard,pacejka,tire_force_static,clay,right_left,5.0,0,103,/home/ksha/Documents/sbel/offroad-control/benchmarking/results/mpc_tire_model_sweep_20260827_162718/raw/0093_pacejka_clay_right_left_v5_b0_s103,ok,0,19.178565979003906,15.0,0.99,/home/ksha/Documents/sbel/offroad-control/benchmarking/results/mpc_tire_model_sweep_20260827_162718/raw/0093_pacejka_clay_right_left_v5_b0_s103/20260827_165719_072534_clay_right_left_acados_pacejka/diag_clay_right_left_acados_pacejka.csv,,,1248,0.5849546663148346,2.211229,0.331730483841182,4.215694829178209,5.311089999999999,0.8431389658356417,3.3654326923076927,9.12199999999999,125.59416066384472,30.326061,-31.888839,0,chrono_body_contact,0,,,,,,,,0
mpc_tire_model_sweep,pacejka,standard,pacejka,tire_force_static,clay,right_left,5.0,0,104,/home/ksha/Documents/sbel/offroad-control/benchmarking/results/mpc_tire_model_sweep_20260827_162718/raw/0094_pacejka_clay_right_left_v5_b0_s104,ok,0,19.133182287216187,15.0,0.99,/home/ksha/Documents/sbel/offroad-control/benchmarking/results/mpc_tire_model_sweep_20260827_162718/raw/0094_pacejka_clay_right_left_v5_b0_s104/20260827_165738_281062_clay_right_left_acados_pacejka/diag_clay_right_left_acados_pacejka.csv,,,1248,0.5474466045066712,1.879284,0.32240805355493996,4.118834718374885,5.362279999999998,0.8237669436749769,3.3727644230769225,9.438899999999997,126.30898210218625,29.07949,-30.757813,0,chrono_body_contact,0,,,,,,,,0
mpc_tire_model_sweep,pacejka,standard,pacejka,tire_force_static,clay,right_left,5.0,4,100,/home/ksha/Documents/sbel/offroad-control/benchmarking/results/mpc_tire_model_sweep_20260827_162718/raw/0095_pacejka_clay_right_left_v5_b4_s100,ok,0,19.382882118225098,15.0,0.99,/home/ksha/Documents/sbel/offroad-control/benchmarking/results/mpc_tire_model_sweep_20260827_162718/raw/0095_pacejka_clay_right_left_v5_b4_s100/20260827_165757_420275_clay_right_left_acados_pacejka/diag_clay_right_left_acados_pacejka.csv,,,1248,0.646984898412744,2.5074,0.3594421948291782,4.211178670360111,5.26954,0.8422357340720221,3.3165705128205127,9.20489999999999,126.20607187295671,29.332981,-31.901014,0,chrono_body_contact,0,,,,,,,,0
mpc_tire_model_sweep,pacejka,standard,pacejka,tire_force_static,clay,right_left,5.0,4,101,/home/ksha/Documents/sbel/offroad-control/benchmarking/results/mpc_tire_model_sweep_20260827_162718/raw/0096_pacejka_clay_right_left_v5_b4_s101,ok,0,19.332056760787964,15.0,0.99,/home/ksha/Documents/sbel/offroad-control/benchmarking/results/mpc_tire_model_sweep_20260827_162718/raw/0096_pacejka_clay_right_left_v5_b4_s101/20260827_165816_813498_clay_right_left_acados_pacejka/diag_clay_right_left_acados_pacejka.csv,,,1248,0.626422133918504,2.374663,0.35421166389658354,4.200334903047091,5.29916,0.8400669806094182,3.375376602564102,9.3859,122.06638834586772,29.626313,-31.740049,0,chrono_body_contact,0,,,,,,,,0
mpc_tire_model_sweep,pacejka,standard,pacejka,tire_force_static,clay,right_left,5.0,4,102,/home/ksha/Documents/sbel/offroad-control/benchmarking/results/mpc_tire_model_sweep_20260827_162718/raw/0097_pacejka_clay_right_left_v5_b4_s102,ok,0,19.336753606796265,15.0,0.99,/home/ksha/Documents/sbel/offroad-control/benchmarking/results/mpc_tire_model_sweep_20260827_162718/raw/0097_pacejka_clay_right_left_v5_b4_s102/20260827_165836_168936_clay_right_left_acados_pacejka/diag_clay_right_left_acados_pacejka.csv,,,1248,0.5824958129432593,2.124991,0.3463136011080332,4.199367682363803,5.33063,0.8398735364727606,3.387363782051282,7.580699999999968,127.26968123472132,30.097539,-31.645378,0,chrono_body_contact,0,,,,,,,,0
mpc_tire_model_sweep,pacejka,standard,pacejka,tire_force_static,clay,right_left,5.0,4,103,/home/ksha/Documents/sbel/offroad-control/benchmarking/results/mpc_tire_model_sweep_20260827_162718/raw/0098_pacejka_clay_right_left_v5_b4_s103,ok,0,19.336591005325317,15.0,0.99,/home/ksha/Documents/sbel/offroad-control/benchmarking/results/mpc_tire_model_sweep_20260827_162718/raw/0098_pacejka_clay_right_left_v5_b4_s103/20260827_165855_519694_clay_right_left_acados_pacejka/diag_clay_right_left_acados_pacejka.csv,,,1248,0.5260139982314754,1.832849,0.32962420313942753,4.1863296398891965,5.31175,0.8372659279778393,3.361794871794872,9.193599999999996,125.5941549986818,30.467689,-31.41002,0,chrono_body_contact,0,,,,,,,,0
mpc_tire_model_sweep,pacejka,standard,pacejka,tire_force_static,clay,right_left,5.0,4,104,/home/ksha/Documents/sbel/offroad-control/benchmarking/results/mpc_tire_model_sweep_20260827_162718/raw/0099_pacejka_clay_right_left_v5_b4_s104,ok,0,19.337646484375,15.0,0.99,/home/ksha/Documents/sbel/offroad-control/benchmarking/results/mpc_tire_model_sweep_20260827_162718/raw/0099_pacejka_clay_right_left_v5_b4_s104/20260827_165914_891083_clay_right_left_acados_pacejka/diag_clay_right_left_acados_pacejka.csv,,,1248,0.5498275400339694,2.118593,0.31939027885503235,4.17540701754386,5.28175,0.8350814035087719,3.451554487179488,7.212499999999966,126.33879288828975,29.743483,-31.49656,0,chrono_body_contact,0,,,,,,,,0
mpc_tire_model_sweep,pacejka,standard,pacejka,tire_force_static,clay,right_left,5.0,8,100,/home/ksha/Documents/sbel/offroad-control/benchmarking/results/mpc_tire_model_sweep_20260827_162718/raw/0100_pacejka_clay_right_left_v5_b8_s100,ok,0,19.48533344268799,15.0,0.99,/home/ksha/Documents/sbel/offroad-control/benchmarking/results/mpc_tire_model_sweep_20260827_162718/raw/0100_pacejka_clay_right_left_v5_b8_s100/20260827_165934_261755_clay_right_left_acados_pacejka/diag_clay_right_left_acados_pacejka.csv,,,1248,0.7530102734099963,3.249339,0.3648622086795937,4.300363896583565,5.25117,0.8600727793167129,3.3848397435897435,7.331199999999998,126.51074375028486,29.486551,-32.834944,0,chrono_body_contact,0,,,,,,,,0
mpc_tire_model_sweep,pacejka,standard,pacejka,tire_force_static,clay,right_left,5.0,8,101,/home/ksha/Documents/sbel/offroad-control/benchmarking/results/mpc_tire_model_sweep_20260827_162718/raw/0101_pacejka_clay_right_left_v5_b8_s101,ok,0,19.431251287460327,15.0,0.99,/home/ksha/Documents/sbel/offroad-control/benchmarking/results/mpc_tire_model_sweep_20260827_162718/raw/0101_pacejka_clay_right_left_v5_b8_s101/20260827_165953_740465_clay_right_left_acados_pacejka/diag_clay_right_left_acados_pacejka.csv,,,1248,0.7886962391306639,3.201111,0.38277482363804244,4.2991230840258545,5.26824,0.8598246168051709,3.748950320512821,9.725399999999995,122.5117248001918,29.741462,-32.871861,0,chrono_body_contact,0,,,,,,,,0
mpc_tire_model_sweep,pacejka,standard,pacejka,tire_force_static,clay,right_left,5.0,8,102,/home/ksha/Documents/sbel/offroad-control/benchmarking/results/mpc_tire_model_sweep_20260827_162718/raw/0102_pacejka_clay_right_left_v5_b8_s102,ok,0,19.483885765075684,15.0,0.99,/home/ksha/Documents/sbel/offroad-control/benchmarking/results/mpc_tire_model_sweep_20260827_162718/raw/0102_pacejka_clay_right_left_v5_b8_s102/20260827_170013_193417_clay_right_left_acados_pacejka/diag_clay_right_left_acados_pacejka.csv,,,1248,0.8134000926734932,3.537614,0.37679277469990763,4.302976546629732,5.195359999999999,0.8605953093259464,3.274046474358974,7.1236999999999915,127.51020426298194,29.129394,-33.089673,0,chrono_body_contact,0,,,,,,,,0
mpc_tire_model_sweep,pacejka,standard,pacejka,tire_force_static,clay,right_left,5.0,8,103,/home/ksha/Documents/sbel/offroad-control/benchmarking/results/mpc_tire_model_sweep_20260827_162718/raw/0103_pacejka_clay_right_left_v5_b8_s103,ok,0,19.485065937042236,15.0,0.99,/home/ksha/Documents/sbel/offroad-control/benchmarking/results/mpc_tire_model_sweep_20260827_162718/raw/0103_pacejka_clay_right_left_v5_b8_s103/20260827_170032_712517_clay_right_left_acados_pacejka/diag_clay_right_left_acados_pacejka.csv,,,1248,0.8038464031170569,3.48374,0.37785689289012003,4.356949584487534,5.2487900000000005,0.8713899168975068,4.018365384615385,7.458999999999992,126.05022202773343,30.344385,-33.49424,0,chrono_body_contact,0,,,,,,,,0
mpc_tire_model_sweep,pacejka,standard,pacejka,tire_force_static,clay,right_left,5.0,8,104,/home/ksha/Documents/sbel/offroad-control/benchmarking/results/mpc_tire_model_sweep_20260827_162718/raw/0104_pacejka_clay_right_left_v5_b8_s104,ok,0,19.485875368118286,15.0,0.99,/home/ksha/Documents/sbel/offroad-control/benchmarking/results/mpc_tire_model_sweep_20260827_162718/raw/0104_pacejka_clay_right_left_v5_b8_s104/20260827_170052_209902_clay_right_left_acados_pacejka/diag_clay_right_left_acados_pacejka.csv,,,1248,0.7441757101198254,3.17564,0.3590451994459834,4.30998485687904,5.23579,0.861996971375808,3.2531410256410256,6.415899999999999,126.85813721271727,30.193762,-33.06154,0,chrono_body_contact,0,,,,,,,,0
mpc_tire_model_sweep,pacejka,standard,pacejka,tire_force_static,clay,right_left,7.0,0,100,/home/ksha/Documents/sbel/offroad-control/benchmarking/results/mpc_tire_model_sweep_20260827_162718/raw/0105_pacejka_clay_right_left_v7_b0_s100,ok,0,19.134150981903076,15.0,0.99,/home/ksha/Documents/sbel/offroad-control/benchmarking/results/mpc_tire_model_sweep_20260827_162718/raw/0105_pacejka_clay_right_left_v7_b0_s100/20260827_170111_724001_clay_right_left_acados_pacejka/diag_clay_right_left_acados_pacejka.csv,,,1248,0.6062523130186822,1.602277,0.40326571191135735,4.193131855955679,5.51497,0.599018836565097,3.7474519230769228,10.8853,127.16357402027924,32.003912,-31.723737,0,chrono_body_contact,0,,,,,,,,0
mpc_tire_model_sweep,pacejka,standard,pacejka,tire_force_static,clay,right_left,7.0,0,101,/home/ksha/Documents/sbel/offroad-control/benchmarking/results/mpc_tire_model_sweep_20260827_162718/raw/0106_pacejka_clay_right_left_v7_b0_s101,ok,0,19.139036417007446,15.0,0.99,/home/ksha/Documents/sbel/offroad-control/benchmarking/results/mpc_tire_model_sweep_20260827_162718/raw/0106_pacejka_clay_right_left_v7_b0_s101/20260827_170130_872639_clay_right_left_acados_pacejka/diag_clay_right_left_acados_pacejka.csv,,,1248,0.667526590137685,1.742397,0.4363840969529086,4.2252007386888275,5.4362900000000005,0.6036001055269754,3.6178285256410256,9.378899999999996,123.02963211740897,32.034542,-31.872956,0,chrono_body_contact,0,,,,,,,,0
mpc_tire_model_sweep,pacejka,standard,pacejka,tire_force_static,clay,right_left,7.0,0,102,/home/ksha/Documents/sbel/offroad-control/benchmarking/results/mpc_tire_model_sweep_20260827_162718/raw/0107_pacejka_clay_right_left_v7_b0_s102,ok,0,19.13543128967285,15.0,0.99,/home/ksha/Documents/sbel/offroad-control/benchmarking/results/mpc_tire_model_sweep_20260827_162718/raw/0107_pacejka_clay_right_left_v7_b0_s102/20260827_170150_025745_clay_right_left_acados_pacejka/diag_clay_right_left_acados_pacejka.csv,,,1248,0.8188286033643399,2.442178,0.5144902585410895,4.417917174515235,5.52125,0.6311310249307479,3.88545673076923,9.81079999999999,128.7740233690743,35.188923,-33.330934,0,chrono_body_contact,0,,,,,,,,0
mpc_tire_model_sweep,pacejka,standard,pacejka,tire_force_static,clay,right_left,7.0,0,103,/home/ksha/Documents/sbel/offroad-control/benchmarking/results/mpc_tire_model_sweep_20260827_162718/raw/0108_pacejka_clay_right_left_v7_b0_s103,ok,0,19.133847951889038,15.0,0.99,/home/ksha/Documents/sbel/offroad-control/benchmarking/results/mpc_tire_model_sweep_20260827_162718/raw/0108_pacejka_clay_right_left_v7_b0_s103/20260827_170209_187789_clay_right_left_acados_pacejka/diag_clay_right_left_acados_pacejka.csv,,,1248,0.5557953229904994,1.666877,0.37077952816251153,4.230251154201293,5.45591,0.6043215934573275,3.8404727564102563,10.716599999999994,126.4124378214614,32.915553,-31.927109,0,chrono_body_contact,0,,,,,,,,0
mpc_tire_model_sweep,pacejka,standard,pacejka,tire_force_static,clay,right_left,7.0,0,104,/home/ksha/Documents/sbel/offroad-control/benchmarking/results/mpc_tire_model_sweep_20260827_162718/raw/0109_pacejka_clay_right_left_v7_b0_s104,ok,0,19.18121576309204,15.0,0.99,/home/ksha/Documents/sbel/offroad-control/benchmarking/results/mpc_tire_model_sweep_20260827_162718/raw/0109_pacejka_clay_right_left_v7_b0_s104/20260827_170228_332933_clay_right_left_acados_pacejka/diag_clay_right_left_acados_pacejka.csv,,,1248,0.5562328520786193,1.58244,0.3808192382271468,4.195446999076639,5.4130199999999995,0.5993495712966627,3.703637820512821,10.537099999999999,127.3635947732133,32.066197,-31.57868,0,chrono_body_contact,0,,,,,,,,0
mpc_tire_model_sweep,pacejka,standard,pacejka,tire_force_static,clay,right_left,7.0,4,100,/home/ksha/Documents/sbel/offroad-control/benchmarking/results/mpc_tire_model_sweep_20260827_162718/raw/0110_pacejka_clay_right_left_v7_b4_s100,ok,0,19.33762764930725,15.0,0.99,/home/ksha/Documents/sbel/offroad-control/benchmarking/results/mpc_tire_model_sweep_20260827_162718/raw/0110_pacejka_clay_right_left_v7_b4_s100/20260827_170247_541609_clay_right_left_acados_pacejka/diag_clay_right_left_acados_pacejka.csv,,,1248,0.711360451140244,2.282823,0.4585494395198523,4.367319667590028,5.3980500000000005,0.6239028096557183,3.7947596153846157,9.48,127.25009347875846,34.174136,-33.08493,0,chrono_body_contact,0,,,,,,,,0
mpc_tire_model_sweep,pacejka,standard,pacejka,tire_force_static,clay,right_left,7.0,4,101,/home/ksha/Documents/sbel/offroad-control/benchmarking/results/mpc_tire_model_sweep_20260827_162718/raw/0111_pacejka_clay_right_left_v7_b4_s101,ok,0,19.333980321884155,15.0,0.99,/home/ksha/Documents/sbel/offroad-control/benchmarking/results/mpc_tire_model_sweep_20260827_162718/raw/0111_pacejka_clay_right_left_v7_b4_s101/20260827_170306_905014_clay_right_left_acados_pacejka/diag_clay_right_left_acados_pacejka.csv,,,1248,0.6282258480520405,2.03185,0.41441005355494004,4.255252631578947,5.46784,0.6078932330827067,3.704767628205128,9.781799999999999,123.04603757740242,33.984858,-31.86682,0,chrono_body_contact,0,,,,,,,,0
mpc_tire_model_sweep,pacejka,standard,pacejka,tire_force_static,clay,right_left,7.0,4,102,/home/ksha/Documents/sbel/offroad-control/benchmarking/results/mpc_tire_model_sweep_20260827_162718/raw/0112_pacejka_clay_right_left_v7_b4_s102,ok,0,19.33509397506714,15.0,0.99,/home/ksha/Documents/sbel/offroad-control/benchmarking/results/mpc_tire_model_sweep_20260827_162718/raw/0112_pacejka_clay_right_left_v7_b4_s102/20260827_170326_254109_clay_right_left_acados_pacejka/diag_clay_right_left_acados_pacejka.csv,,,1248,1.3204056911610795,4.768223,0.7405298365650969,4.757844413665742,5.53446,0.679692059095106,3.9246875,10.581799999999998,130.10935913707678,40.274677,-35.699972,0,chrono_body_contact,0,,,,,,,,0
mpc_tire_model_sweep,pacejka,standard,pacejka,tire_force_static,clay,right_left,7.0,4,103,/home/ksha/Documents/sbel/offroad-control/benchmarking/results/mpc_tire_model_sweep_20260827_162718/raw/0113_pacejka_clay_right_left_v7_b4_s103,ok,0,19.335819005966187,15.0,0.99,/home/ksha/Documents/sbel/offroad-control/benchmarking/results/mpc_tire_model_sweep_20260827_162718/raw/0113_pacejka_clay_right_left_v7_b4_s103/20260827_170345_605244_clay_right_left_acados_pacejka/diag_clay_right_left_acados_pacejka.csv,,,1247,0.6486227399711061,2.04183,0.4306577746999077,4.250369898430287,5.480589999999999,0.6071956997757553,4.0098797113071365,10.383199999999997,126.46743325286911,33.716512,-31.900604,0,chrono_body_contact,0,,,,,,,,0
mpc_tire_model_sweep,pacejka,standard,pacejka,tire_force_static,clay,right_left,7.0,4,104,/home/ksha/Documents/sbel/offroad-control/benchmarking/results/mpc_tire_model_sweep_20260827_162718/raw/0114_pacejka_clay_right_left_v7_b4_s104,ok,0,19.38276171684265,15.0,0.99,/home/ksha/Documents/sbel/offroad-control/benchmarking/results/mpc_tire_model_sweep_20260827_162718/raw/0114_pacejka_clay_right_left_v7_b4_s104/20260827_170404_961932_clay_right_left_acados_pacejka/diag_clay_right_left_acados_pacejka.csv,,,1248,0.5921273740625582,1.865216,0.39772993813481067,4.22067756232687,5.460839999999999,0.6029539374752672,3.700200320512821,9.461799999999998,127.43144826052642,33.298411,-31.64633,0,chrono_body_contact,0,,,,,,,,0
mpc_tire_model_sweep,pacejka,standard,pacejka,tire_force_static,clay,right_left,7.0,8,100,/home/ksha/Documents/sbel/offroad-control/benchmarking/results/mpc_tire_model_sweep_20260827_162718/raw/0115_pacejka_clay_right_left_v7_b8_s100,ok,0,19.434112787246704,15.0,0.99,/home/ksha/Documents/sbel/offroad-control/benchmarking/results/mpc_tire_model_sweep_20260827_162718/raw/0115_pacejka_clay_right_left_v7_b8_s100/20260827_170424_366238_clay_right_left_acados_pacejka/diag_clay_right_left_acados_pacejka.csv,,,1248,0.5685107747390129,1.683486,0.34645407756232693,4.164642105263158,5.63338,0.5949488721804511,3.673854166666667,10.552399999999997,127.00169437373775,30.264333,-31.10768,0,chrono_body_contact,0,,,,,,,,0
mpc_tire_model_sweep,pacejka,standard,pacejka,tire_force_static,clay,right_left,7.0,8,101,/home/ksha/Documents/sbel/offroad-control/benchmarking/results/mpc_tire_model_sweep_20260827_162718/raw/0116_pacejka_clay_right_left_v7_b8_s101,ok,0,19.482098817825317,15.0,0.99,/home/ksha/Documents/sbel/offroad-control/benchmarking/results/mpc_tire_model_sweep_20260827_162718/raw/0116_pacejka_clay_right_left_v7_b8_s101/20260827_170443_826096_clay_right_left_acados_pacejka/diag_clay_right_left_acados_pacejka.csv,,,1248,0.5705637899722402,1.46615,0.3685273961218836,4.195038411819021,5.79095,0.5992912016884315,3.779230769230769,11.127699999999997,122.96598311118281,31.394855,-31.25459,0,chrono_body_contact,0,,,,,,,,0
mpc_tire_model_sweep,pacejka,standard,pacejka,tire_force_static,clay,right_left,7.0,8,102,/home/ksha/Documents/sbel/offroad-control/benchmarking/results/mpc_tire_model_sweep_20260827_162718/raw/0117_pacejka_clay_right_left_v7_b8_s102,ok,0,19.48600482940674,15.0,0.99,/home/ksha/Documents/sbel/offroad-control/benchmarking/results/mpc_tire_model_sweep_20260827_162718/raw/0117_pacejka_clay_right_left_v7_b8_s102/20260827_170503_351979_clay_right_left_acados_pacejka/diag_clay_right_left_acados_pacejka.csv,,,1248,0.6239386234422754,1.874921,0.3616183305632502,4.152457063711912,5.59008,0.5932081519588446,3.8092788461538465,11.471199999999998,127.92457490386127,29.887146,-31.127213,0,chrono_body_contact,0,,,,,,,,0
mpc_tire_model_sweep,pacejka,standard,pacejka,tire_force_static,clay,right_left,7.0,8,103,/home/ksha/Documents/sbel/offroad-control/benchmarking/results/mpc_tire_model_sweep_20260827_162718/raw/0118_pacejka_clay_right_left_v7_b8_s103,ok,0,19.48302912712097,15.0,0.99,/home/ksha/Documents/sbel/offroad-control/benchmarking/results/mpc_tire_model_sweep_20260827_162718/raw/0118_pacejka_clay_right_left_v7_b8_s103/20260827_170522_833814_clay_right_left_acados_pacejka/diag_clay_right_left_acados_pacejka.csv,,,1248,0.59291372261721,1.642977,0.37026577931671284,4.18916648199446,5.66242,0.5984523545706371,3.790905448717949,10.764199999999995,126.50870085545728,30.702927,-31.220878,0,chrono_body_contact,0,,,,,,,,0
mpc_tire_model_sweep,pacejka,standard,pacejka,tire_force_static,clay,right_left,7.0,8,104,/home/ksha/Documents/sbel/offroad-control/benchmarking/results/mpc_tire_model_sweep_20260827_162718/raw/0119_pacejka_clay_right_left_v7_b8_s104,ok,0,19.48993229866028,15.0,0.99,/home/ksha/Documents/sbel/offroad-control/benchmarking/results/mpc_tire_model_sweep_20260827_162718/raw/0119_pacejka_clay_right_left_v7_b8_s104/20260827_170542_339907_clay_right_left_acados_pacejka/diag_clay_right_left_acados_pacejka.csv,,,1248,0.6914521323142442,2.12861,0.3811766149584488,4.160368051708218,5.6409899999999995,0.594338293101174,3.6862500000000002,9.772999999999998,127.31214849098276,29.959333,-31.482875,0,chrono_body_contact,0,,,,,,,,0
mpc_tire_model_sweep,pacejka,standard,pacejka,tire_force_static,clay,right_left,9.0,0,100,/home/ksha/Documents/sbel/offroad-control/benchmarking/results/mpc_tire_model_sweep_20260827_162718/raw/0120_pacejka_clay_right_left_v9_b0_s100,ok,0,19.134525060653687,15.0,0.99,/home/ksha/Documents/sbel/offroad-control/benchmarking/results/mpc_tire_model_sweep_20260827_162718/raw/0120_pacejka_clay_right_left_v9_b0_s100/20260827_170601_847638_clay_right_left_acados_pacejka/diag_clay_right_left_acados_pacejka.csv,,,1248,0.8902130809963644,3.129125,0.5299442770083103,4.286306371191135,5.6849799999999995,0.47625626346568173,4.126209935897436,10.386499999999998,127.61162278503328,34.789795,-32.110352,0,chrono_body_contact,0,,,,,,,,0
mpc_tire_model_sweep,pacejka,standard,pacejka,tire_force_static,clay,right_left,9.0,0,101,/home/ksha/Documents/sbel/offroad-control/benchmarking/results/mpc_tire_model_sweep_20260827_162718/raw/0121_pacejka_clay_right_left_v9_b0_s101,ok,0,19.133010864257812,15.0,0.99,/home/ksha/Documents/sbel/offroad-control/benchmarking/results/mpc_tire_model_sweep_20260827_162718/raw/0121_pacejka_clay_right_left_v9_b0_s101/20260827_170621_014332_clay_right_left_acados_pacejka/diag_clay_right_left_acados_pacejka.csv,,,1248,1.0877986854033772,3.729095,0.634812728531856,4.628188180978762,5.5962,0.5142431312198625,4.100857371794873,11.03,124.71064301204643,38.811851,-34.632427,0,chrono_body_contact,0,,,,,,,,0
mpc_tire_model_sweep,pacejka,standard,pacejka,tire_force_static,clay,right_left,9.0,0,102,/home/ksha/Documents/sbel/offroad-control/benchmarking/results/mpc_tire_model_sweep_20260827_162718/raw/0122_pacejka_clay_right_left_v9_b0_s102,ok,0,19.13673233985901,15.0,0.99,/home/ksha/Documents/sbel/offroad-control/benchmarking/results/mpc_tire_model_sweep_20260827_162718/raw/0122_pacejka_clay_right_left_v9_b0_s102/20260827_170640_152355_clay_right_left_acados_pacejka/diag_clay_right_left_acados_pacejka.csv,,,1248,0.6828913481876245,2.113243,0.43408294644505996,4.2654238227146815,5.58012,0.47393598030163125,4.495032051282052,11.767699999999998,128.43584066724935,33.93069,-32.166703,0,chrono_body_contact,0,,,,,,,,0
mpc_tire_model_sweep,pacejka,standard,pacejka,tire_force_static,clay,right_left,9.0,0,103,/home/ksha/Documents/sbel/offroad-control/benchmarking/results/mpc_tire_model_sweep_20260827_162718/raw/0123_pacejka_clay_right_left_v9_b0_s103,ok,0,19.179062366485596,15.0,0.99,/home/ksha/Documents/sbel/offroad-control/benchmarking/results/mpc_tire_model_sweep_20260827_162718/raw/0123_pacejka_clay_right_left_v9_b0_s103/20260827_170659_310384_clay_right_left_acados_pacejka/diag_clay_right_left_acados_pacejka.csv,,,1248,0.6104387239898592,1.958005,0.395834622345337,4.233615512465374,5.57751,0.47040172360726373,3.8426201923076926,10.428899999999997,126.63156941112622,33.734114,-31.843407,0,chrono_body_contact,0,,,,,,,,0
mpc_tire_model_sweep,pacejka,standard,pacejka,tire_force_static,clay,right_left,9.0,0,104,/home/ksha/Documents/sbel/offroad-control/benchmarking/results/mpc_tire_model_sweep_20260827_162718/raw/0124_pacejka_clay_right_left_v9_b0_s104,ok,0,19.136146783828735,15.0,0.99,/home/ksha/Documents/sbel/offroad-control/benchmarking/results/mpc_tire_model_sweep_20260827_162718/raw/0124_pacejka_clay_right_left_v9_b0_s104/20260827_170718_517996_clay_right_left_acados_pacejka/diag_clay_right_left_acados_pacejka.csv,,,1248,1.3240055718347483,4.109461,0.770891268698061,4.744795752539242,5.59476,0.5271995280599158,4.072748397435898,10.823599999999997,129.42615945910484,40.570812,-35.109461,0,chrono_body_contact,0,,,,,,,,0
mpc_tire_model_sweep,pacejka,standard,pacejka,tire_force_static,clay,right_left,9.0,4,100,/home/ksha/Documents/sbel/offroad-control/benchmarking/results/mpc_tire_model_sweep_20260827_162718/raw/0125_pacejka_clay_right_left_v9_b4_s100,ok,0,19.388918161392212,15.0,0.99,/home/ksha/Documents/sbel/offroad-control/benchmarking/results/mpc_tire_model_sweep_20260827_162718/raw/0125_pacejka_clay_right_left_v9_b4_s100/20260827_170737_668256_clay_right_left_acados_pacejka/diag_clay_right_left_acados_pacejka.csv,,,1248,0.825222291731372,2.854839,0.502972268698061,4.275599076638966,5.52856,0.47506656407099623,3.9119791666666663,10.561799999999998,127.44977464350384,34.864611,-32.04492,0,chrono_body_contact,0,,,,,,,,0
mpc_tire_model_sweep,pacejka,standard,pacejka,tire_force_static,clay,right_left,9.0,4,101,/home/ksha/Documents/sbel/offroad-control/benchmarking/results/mpc_tire_model_sweep_20260827_162718/raw/0126_pacejka_clay_right_left_v9_b4_s101,ok,0,19.386042833328247,15.0,0.99,/home/ksha/Documents/sbel/offroad-control/benchmarking/results/mpc_tire_model_sweep_20260827_162718/raw/0126_pacejka_clay_right_left_v9_b4_s101/20260827_170757_085280_clay_right_left_acados_pacejka/diag_clay_right_left_acados_pacejka.csv,,,1248,1.019338987795174,3.566057,0.600594512465374,4.578567959372115,5.53039,0.5087297732635683,3.8895032051282046,10.3753,124.46074154186016,38.07894,-34.479095,0,chrono_body_contact,0,,,,,,,,0
mpc_tire_model_sweep,pacejka,standard,pacejka,tire_force_static,clay,right_left,9.0,4,102,/home/ksha/Documents/sbel/offroad-control/benchmarking/results/mpc_tire_model_sweep_20260827_162718/raw/0127_pacejka_clay_right_left_v9_b4_s102,ok,0,19.38038659095764,15.0,0.99,/home/ksha/Documents/sbel/offroad-control/benchmarking/results/mpc_tire_model_sweep_20260827_162718/raw/0127_pacejka_clay_right_left_v9_b4_s102/20260827_170816_491647_clay_right_left_acados_pacejka/diag_clay_right_left_acados_pacejka.csv,,,1248,1.0296566334501647,3.488667,0.6092206602031394,4.586921698984303,5.53412,0.5096579665538115,4.143870192307692,10.429499999999996,129.42507113135778,38.357042,-34.407482,0,chrono_body_contact,0,,,,,,,,0
mpc_tire_model_sweep,pacejka,standard,pacejka,tire_force_static,clay,right_left,9.0,4,103,/home/ksha/Documents/sbel/offroad-control/benchmarking/results/mpc_tire_model_sweep_20260827_162718/raw/0128_pacejka_clay_right_left_v9_b4_s103,ok,0,19.385425567626953,15.0,0.99,/home/ksha/Documents/sbel/offroad-control/benchmarking/results/mpc_tire_model_sweep_20260827_162718/raw/0128_pacejka_clay_right_left_v9_b4_s103/20260827_170835_884425_clay_right_left_acados_pacejka/diag_clay_right_left_acados_pacejka.csv,,,1248,0.6625882876920155,2.305172,0.41771318190212375,4.250489104339797,5.5041,0.47227656714886634,3.980592948717949,10.748899999999997,126.62506562271183,33.851178,-31.942111,0,chrono_body_contact,0,,,,,,,,0
mpc_tire_model_sweep,pacejka,standard,pacejka,tire_force_static,clay,right_left,9.0,4,104,/home/ksha/Documents/sbel/offroad-control/benchmarking/results/mpc_tire_model_sweep_20260827_162718/raw/0129_pacejka_clay_right_left_v9_b4_s104,ok,0,19.38485550880432,15.0,0.99,/home/ksha/Documents/sbel/offroad-control/benchmarking/results/mpc_tire_model_sweep_20260827_162718/raw/0129_pacejka_clay_right_left_v9_b4_s104/20260827_170855_297041_clay_right_left_acados_pacejka/diag_clay_right_left_acados_pacejka.csv,,,1248,1.1396345959662255,3.312298,0.6785336934441366,4.572140166204987,5.653969999999999,0.5080155740227763,4.098902243589744,10.5,128.79210588516335,38.652927,-34.312298,0,chrono_body_contact,0,,,,,,,,0
mpc_tire_model_sweep,pacejka,standard,pacejka,tire_force_static,clay,right_left,9.0,8,100,/home/ksha/Documents/sbel/offroad-control/benchmarking/results/mpc_tire_model_sweep_20260827_162718/raw/0130_pacejka_clay_right_left_v9_b8_s100,ok,0,19.485127687454224,15.0,0.99,/home/ksha/Documents/sbel/offroad-control/benchmarking/results/mpc_tire_model_sweep_20260827_162718/raw/0130_pacejka_clay_right_left_v9_b8_s100/20260827_170914_688791_clay_right_left_acados_pacejka/diag_clay_right_left_acados_pacejka.csv,,,1248,0.5458817326641179,1.55535,0.34163464173591873,4.15022594644506,5.713909999999999,0.46113621627167334,3.799254807692307,10.575899999999999,127.04932607506451,30.279534,-30.960531,0,chrono_body_contact,0,,,,,,,,0
mpc_tire_model_sweep,pacejka,standard,pacejka,tire_force_static,clay,right_left,9.0,8,101,/home/ksha/Documents/sbel/offroad-control/benchmarking/results/mpc_tire_model_sweep_20260827_162718/raw/0131_pacejka_clay_right_left_v9_b8_s101,ok,0,19.49352502822876,15.0,0.99,/home/ksha/Documents/sbel/offroad-control/benchmarking/results/mpc_tire_model_sweep_20260827_162718/raw/0131_pacejka_clay_right_left_v9_b8_s101/20260827_170934_206027_clay_right_left_acados_pacejka/diag_clay_right_left_acados_pacejka.csv,,,1248,0.5392605709744371,1.449123,0.34414034810710986,4.172372114496769,5.69977,0.46359690161075207,3.7797596153846156,10.871199999999998,122.80112495672928,31.222907,-31.228465,0,chrono_body_contact,0,,,,,,,,0
mpc_tire_model_sweep,pacejka,standard,pacejka,tire_force_static,clay,right_left,9.0,8,102,/home/ksha/Documents/sbel/offroad-control/benchmarking/results/mpc_tire_model_sweep_20260827_162718/raw/0132_pacejka_clay_right_left_v9_b8_s102,ok,0,19.487945556640625,15.0,0.99,/home/ksha/Documents/sbel/offroad-control/benchmarking/results/mpc_tire_model_sweep_20260827_162718/raw/0132_pacejka_clay_right_left_v9_b8_s102/20260827_170953_730172_clay_right_left_acados_pacejka/diag_clay_right_left_acados_pacejka.csv,,,1248,0.5872504282324318,1.652094,0.3624769529085873,4.179771837488458,5.747789999999998,0.4644190930542731,3.7525,10.9053,128.1048526074004,30.916471,-31.349456,0,chrono_body_contact,0,,,,,,,,0
mpc_tire_model_sweep,pacejka,standard,pacejka,tire_force_static,clay,right_left,9.0,8,103,/home/ksha/Documents/sbel/offroad-control/benchmarking/results/mpc_tire_model_sweep_20260827_162718/raw/0133_pacejka_clay_right_left_v9_b8_s103,ok,0,19.485197067260742,15.0,0.99,/home/ksha/Documents/sbel/offroad-control/benchmarking/results/mpc_tire_model_sweep_20260827_162718/raw/0133_pacejka_clay_right_left_v9_b8_s103/20260827_171013_230576_clay_right_left_acados_pacejka/diag_clay_right_left_acados_pacejka.csv,,,1248,0.5979202694121711,1.740152,0.3591613841181902,4.179007756232687,5.62149,0.46433419513696517,3.7408012820512826,10.942399999999997,126.38371525771808,30.666413,-31.364348,0,chrono_body_contact,0,,,,,,,,0
mpc_tire_model_sweep,pacejka,standard,pacejka,tire_force_static,clay,right_left,9.0,8,104,/home/ksha/Documents/sbel/offroad-control/benchmarking/results/mpc_tire_model_sweep_20260827_162718/raw/0134_pacejka_clay_right_left_v9_b8_s104,ok,0,19.47535514831543,15.0,0.99,/home/ksha/Documents/sbel/offroad-control/benchmarking/results/mpc_tire_model_sweep_20260827_162718/raw/0134_pacejka_clay_right_left_v9_b8_s104/20260827_171032_729646_clay_right_left_acados_pacejka/diag_clay_right_left_acados_pacejka.csv,,,1248,0.5368285827015419,1.370872,0.3468055383194829,4.17133324099723,5.78257,0.4634814712219144,3.8362339743589744,10.4953,127.56842613026845,31.399055,-31.298099,0,chrono_body_contact,0,,,,,,,,0
mpc_tire_model_sweep,pacejka,standard,pacejka,tire_force_static,dirt,sinusoidal,5.0,0,100,/home/ksha/Documents/sbel/offroad-control/benchmarking/results/mpc_tire_model_sweep_20260827_162718/raw/0135_pacejka_dirt_sinusoidal_v5_b0_s100,ok,0,19.181244373321533,15.0,0.99,/home/ksha/Documents/sbel/offroad-control/benchmarking/results/mpc_tire_model_sweep_20260827_162718/raw/0135_pacejka_dirt_sinusoidal_v5_b0_s100/20260827_171052_220905_dirt_sinusoidal_acados_pacejka/diag_dirt_sinusoidal_acados_pacejka.csv,,,1247,0.1389122457669534,0.434705,0.11193661680517082,3.655373037857802,5.2197499999999994,0.7310746075715604,2.298187650360866,4.2,123.76098369109388,48.62564,0.77406,0,chrono_body_contact,0,,,,,,,,0
mpc_tire_model_sweep,pacejka,standard,pacejka,tire_force_static,dirt,sinusoidal,5.0,0,101,/home/ksha/Documents/sbel/offroad-control/benchmarking/results/mpc_tire_model_sweep_20260827_162718/raw/0136_pacejka_dirt_sinusoidal_v5_b0_s101,ok,0,19.132022857666016,15.0,0.99,/home/ksha/Documents/sbel/offroad-control/benchmarking/results/mpc_tire_model_sweep_20260827_162718/raw/0136_pacejka_dirt_sinusoidal_v5_b0_s101/20260827_171111_426978_dirt_sinusoidal_acados_pacejka/diag_dirt_sinusoidal_acados_pacejka.csv,,,1248,0.14882139268821604,0.440997,0.11874247276084948,3.6151055401662053,5.227539999999999,0.723021108033241,2.6302323717948717,4.386499999999999,119.69985668128162,48.346182,1.054193,0,chrono_body_contact,0,,,,,,,,0
mpc_tire_model_sweep,pacejka,standard,pacejka,tire_force_static,dirt,sinusoidal,5.0,0,102,/home/ksha/Documents/sbel/offroad-control/benchmarking/results/mpc_tire_model_sweep_20260827_162718/raw/0137_pacejka_dirt_sinusoidal_v5_b0_s102,ok,0,19.131642818450928,15.0,0.99,/home/ksha/Documents/sbel/offroad-control/benchmarking/results/mpc_tire_model_sweep_20260827_162718/raw/0137_pacejka_dirt_sinusoidal_v5_b0_s102/20260827_171130_570731_dirt_sinusoidal_acados_pacejka/diag_dirt_sinusoidal_acados_pacejka.csv,,,1248,0.1480585365308638,0.453753,0.11850781255771008,3.7207907663896584,5.1855199999999995,0.7441581532779317,2.2484855769230765,3.4052999999999995,125.17061242428176,49.413857,0.507372,0,chrono_body_contact,0,,,,,,,,0
mpc_tire_model_sweep,pacejka,standard,pacejka,tire_force_static,dirt,sinusoidal,5.0,0,103,/home/ksha/Documents/sbel/offroad-control/benchmarking/results/mpc_tire_model_sweep_20260827_162718/raw/0138_pacejka_dirt_sinusoidal_v5_b0_s103,ok,0,19.13209557533264,15.0,0.99,/home/ksha/Documents/sbel/offroad-control/benchmarking/results/mpc_tire_model_sweep_20260827_162718/raw/0138_pacejka_dirt_sinusoidal_v5_b0_s103/20260827_171149_757315_dirt_sinusoidal_acados_pacejka/diag_dirt_sinusoidal_acados_pacejka.csv,,,1248,0.14288657307616626,0.426064,0.11592148199445983,3.6248598337950133,5.17014,0.7249719667590027,2.2042467948717945,3.4505999999999992,122.7253727306857,48.388315,0.979967,0,chrono_body_contact,0,,,,,,,,0
mpc_tire_model_sweep,pacejka,standard,pacejka,tire_force_static,dirt,sinusoidal,5.0,0,104,/home/ksha/Documents/sbel/offroad-control/benchmarking/results/mpc_tire_model_sweep_20260827_162718/raw/0139_pacejka_dirt_sinusoidal_v5_b0_s104,ok,0,19.177106857299805,15.0,0.99,/home/ksha/Documents/sbel/offroad-control/benchmarking/results/mpc_tire_model_sweep_20260827_162718/raw/0139_pacejka_dirt_sinusoidal_v5_b0_s104/20260827_171208_870908_dirt_sinusoidal_acados_pacejka/diag_dirt_sinusoidal_acados_pacejka.csv,,,1248,0.14876072494168424,0.434281,0.12026307571560481,3.8635743305632504,5.295339999999999,0.7727148661126501,2.3475240384615383,4.2505999999999995,124.43342350087897,51.175511,-0.446165,0,chrono_body_contact,0,,,,,,,,0
mpc_tire_model_sweep,pacejka,standard,pacejka,tire_force_static,dirt,sinusoidal,5.0,4,100,/home/ksha/Documents/sbel/offroad-control/benchmarking/results/mpc_tire_model_sweep_20260827_162718/raw/0140_pacejka_dirt_sinusoidal_v5_b4_s100,ok,0,19.429197311401367,15.0,0.99,/home/ksha/Documents/sbel/offroad-control/benchmarking/results/mpc_tire_model_sweep_20260827_162718/raw/0140_pacejka_dirt_sinusoidal_v5_b4_s100/20260827_171228_094307_dirt_sinusoidal_acados_pacejka/diag_dirt_sinusoidal_acados_pacejka.csv,,,1247,0.14459384230902428,0.436414,0.11543800461680516,3.686796675900277,5.167,0.7373593351800554,2.856655974338412,4.3254,124.03826770631376,49.097303,0.538196,0,chrono_body_contact,0,,,,,,,,0
mpc_tire_model_sweep,pacejka,standard,pacejka,tire_force_static,dirt,sinusoidal,5.0,4,101,/home/ksha/Documents/sbel/offroad-control/benchmarking/results/mpc_tire_model_sweep_20260827_162718/raw/0141_pacejka_dirt_sinusoidal_v5_b4_s101,ok,0,19.43029546737671,15.0,0.99,/home/ksha/Documents/sbel/offroad-control/benchmarking/results/mpc_tire_model_sweep_20260827_162718/raw/0141_pacejka_dirt_sinusoidal_v5_b4_s101/20260827_171247_513863_dirt_sinusoidal_acados_pacejka/diag_dirt_sinusoidal_acados_pacejka.csv,,,1247,0.1475388232226497,0.449685,0.11645175069252077,3.57446703601108,5.19232,0.7148934072022161,2.30813151563753,3.5053999999999994,119.34407711495905,47.859734,1.261859,0,chrono_body_contact,0,,,,,,,,0
mpc_tire_model_sweep,pacejka,standard,pacejka,tire_force_static,dirt,sinusoidal,5.0,4,102,/home/ksha/Documents/sbel/offroad-control/benchmarking/results/mpc_tire_model_sweep_20260827_162718/raw/0142_pacejka_dirt_sinusoidal_v5_b4_s102,ok,0,19.428880214691162,15.0,0.99,/home/ksha/Documents/sbel/offroad-control/benchmarking/results/mpc_tire_model_sweep_20260827_162718/raw/0142_pacejka_dirt_sinusoidal_v5_b4_s102/20260827_171306_968871_dirt_sinusoidal_acados_pacejka/diag_dirt_sinusoidal_acados_pacejka.csv,,,1248,0.14541688338548753,0.456179,0.11763870267774698,3.537550230840259,5.14204,0.7075100461680518,2.2027964743589745,3.3052999999999995,124.50320222315577,47.221558,1.479658,0,chrono_body_contact,0,,,,,,,,0
mpc_tire_model_sweep,pacejka,standard,pacejka,tire_force_static,dirt,sinusoidal,5.0,4,103,/home/ksha/Documents/sbel/offroad-control/benchmarking/results/mpc_tire_model_sweep_20260827_162718/raw/0143_pacejka_dirt_sinusoidal_v5_b4_s103,ok,0,19.38087797164917,15.0,0.99,/home/ksha/Documents/sbel/offroad-control/benchmarking/results/mpc_tire_model_sweep_20260827_162718/raw/0143_pacejka_dirt_sinusoidal_v5_b4_s103/20260827_171326_409662_dirt_sinusoidal_acados_pacejka/diag_dirt_sinusoidal_acados_pacejka.csv,,,1248,0.14877634520495783,0.467062,0.11925634903047092,3.6030409048938132,5.14522,0.7206081809787627,2.852235576923077,4.2753,122.8585893241854,48.048103,1.150077,0,chrono_body_contact,0,,,,,,,,0
mpc_tire_model_sweep,pacejka,standard,pacejka,tire_force_static,dirt,sinusoidal,5.0,4,104,/home/ksha/Documents/sbel/offroad-control/benchmarking/results/mpc_tire_model_sweep_20260827_162718/raw/0144_pacejka_dirt_sinusoidal_v5_b4_s104,ok,0,19.384042263031006,15.0,0.99,/home/ksha/Documents/sbel/offroad-control/benchmarking/results/mpc_tire_model_sweep_20260827_162718/raw/0144_pacejka_dirt_sinusoidal_v5_b4_s104/20260827_171345_800480_dirt_sinusoidal_acados_pacejka/diag_dirt_sinusoidal_acados_pacejka.csv,,,1248,0.13518816752755392,0.365323,0.10924901477377655,3.459547737765466,5.11696,0.6919095475530932,2.128253205128205,3.285899999999999,122.62926426911235,46.320394,1.700716,0,chrono_body_contact,0,,,,,,,,0
mpc_tire_model_sweep,pacejka,standard,pacejka,tire_force_static,dirt,sinusoidal,5.0,8,100,/home/ksha/Documents/sbel/offroad-control/benchmarking/results/mpc_tire_model_sweep_20260827_162718/raw/0145_pacejka_dirt_sinusoidal_v5_b8_s100,ok,0,19.5337495803833,15.0,0.99,/home/ksha/Documents/sbel/offroad-control/benchmarking/results/mpc_tire_model_sweep_20260827_162718/raw/0145_pacejka_dirt_sinusoidal_v5_b8_s100/20260827_171405_209011_dirt_sinusoidal_acados_pacejka/diag_dirt_sinusoidal_acados_pacejka.csv,,,1248,0.15494503756622804,0.445863,0.12260351892890119,3.6330948291782086,5.332339999999999,0.7266189658356417,2.25306891025641,3.44,123.89944618608811,48.191781,1.011594,0,chrono_body_contact,0,,,,,,,,0
mpc_tire_model_sweep,pacejka,standard,pacejka,tire_force_static,dirt,sinusoidal,5.0,8,101,/home/ksha/Documents/sbel/offroad-control/benchmarking/results/mpc_tire_model_sweep_20260827_162718/raw/0146_pacejka_dirt_sinusoidal_v5_b8_s101,ok,0,19.533441305160522,15.0,0.99,/home/ksha/Documents/sbel/offroad-control/benchmarking/results/mpc_tire_model_sweep_20260827_162718/raw/0146_pacejka_dirt_sinusoidal_v5_b8_s101/20260827_171424_774182_dirt_sinusoidal_acados_pacejka/diag_dirt_sinusoidal_acados_pacejka.csv,,,1248,0.1542093628963778,0.435074,0.12448667220683289,3.8680230840258547,5.3254399999999995,0.7736046168051709,2.211209935897436,3.3352999999999997,120.39443916023058,51.141524,-0.331935,0,chrono_body_contact,0,,,,,,,,0
mpc_tire_model_sweep,pacejka,standard,pacejka,tire_force_static,dirt,sinusoidal,5.0,8,102,/home/ksha/Documents/sbel/offroad-control/benchmarking/results/mpc_tire_model_sweep_20260827_162718/raw/0147_pacejka_dirt_sinusoidal_v5_b8_s102,ok,0,19.482053756713867,15.0,0.99,/home/ksha/Documents/sbel/offroad-control/benchmarking/results/mpc_tire_model_sweep_20260827_162718/raw/0147_pacejka_dirt_sinusoidal_v5_b8_s102/20260827_171444_309498_dirt_sinusoidal_acados_pacejka/diag_dirt_sinusoidal_acados_pacejka.csv,,,1248,0.15422993906435317,0.484935,0.12434579963065558,3.6425691597414587,5.29073,0.7285138319482918,2.4517307692307693,4.4011999999999984,124.89734618595054,48.406844,1.027848,0,chrono_body_contact,0,,,,,,,,0
mpc_tire_model_sweep,pacejka,standard,pacejka,tire_force_static,dirt,sinusoidal,5.0,8,103,/home/ksha/Documents/sbel/offroad-control/benchmarking/results/mpc_tire_model_sweep_20260827_162718/raw/0148_pacejka_dirt_sinusoidal_v5_b8_s103,ok,0,19.533172607421875,15.0,0.99,/home/ksha/Documents/sbel/offroad-control/benchmarking/results/mpc_tire_model_sweep_20260827_162718/raw/0148_pacejka_dirt_sinusoidal_v5_b8_s103/20260827_171503_805535_dirt_sinusoidal_acados_pacejka/diag_dirt_sinusoidal_acados_pacejka.csv,,,1248,0.15581141160483059,0.474408,0.12623312834718375,3.8223795013850412,5.2719,0.7644759002770083,2.7001682692307694,4.236499999999999,123.36351945689714,50.465382,-0.009347,0,chrono_body_contact,0,,,,,,,,0
mpc_tire_model_sweep,pacejka,standard,pacejka,tire_force_static,dirt,sinusoidal,5.0,8,104,/home/ksha/Documents/sbel/offroad-control/benchmarking/results/mpc_tire_model_sweep_20260827_162718/raw/0149_pacejka_dirt_sinusoidal_v5_b8_s104,ok,0,19.483901023864746,15.0,0.99,/home/ksha/Documents/sbel/offroad-control/benchmarking/results/mpc_tire_model_sweep_20260827_162718/raw/0149_pacejka_dirt_sinusoidal_v5_b8_s104/20260827_171523_369714_dirt_sinusoidal_acados_pacejka/diag_dirt_sinusoidal_acados_pacejka.csv,,,1248,0.1517981159704227,0.467592,0.12118092520775624,3.6639067405355488,5.322259999999998,0.7327813481071097,2.210352564102564,3.53,123.4621087273207,48.872238,0.760126,0,chrono_body_contact,0,,,,,,,,0
mpc_tire_model_sweep,pacejka,standard,pacejka,tire_force_static,dirt,sinusoidal,7.0,0,100,/home/ksha/Documents/sbel/offroad-control/benchmarking/results/mpc_tire_model_sweep_20260827_162718/raw/0150_pacejka_dirt_sinusoidal_v7_b0_s100,ok,0,19.13408851623535,15.0,0.99,/home/ksha/Documents/sbel/offroad-control/benchmarking/results/mpc_tire_model_sweep_20260827_162718/raw/0150_pacejka_dirt_sinusoidal_v7_b0_s100/20260827_171542_857980_dirt_sinusoidal_acados_pacejka/diag_dirt_sinusoidal_acados_pacejka.csv,,,1247,0.6891767991301095,2.122924,0.4246214524469068,4.475985780240073,6.81011,0.6394265400342961,2.879093825180433,4.842399999999998,129.16416933687415,58.503712,-1.620269,0,chrono_body_contact,0,,,,,,,,0
mpc_tire_model_sweep,pacejka,standard,pacejka,tire_force_static,dirt,sinusoidal,7.0,0,101,/home/ksha/Documents/sbel/offroad-control/benchmarking/results/mpc_tire_model_sweep_20260827_162718/raw/0151_pacejka_dirt_sinusoidal_v7_b0_s101,ok,0,19.13499355316162,15.0,0.99,/home/ksha/Documents/sbel/offroad-control/benchmarking/results/mpc_tire_model_sweep_20260827_162718/raw/0151_pacejka_dirt_sinusoidal_v7_b0_s101/20260827_171602_024565_dirt_sinusoidal_acados_pacejka/diag_dirt_sinusoidal_acados_pacejka.csv,,,1248,0.6824474727597962,2.079818,0.4156870046168052,4.376561034164358,6.710509999999999,0.6252230048806225,2.7127483974358975,4.08,124.68106638100036,57.355295,-1.117043,0,chrono_body_contact,0,,,,,,,,0
mpc_tire_model_sweep,pacejka,standard,pacejka,tire_force_static,dirt,sinusoidal,7.0,0,102,/home/ksha/Documents/sbel/offroad-control/benchmarking/results/mpc_tire_model_sweep_20260827_162718/raw/0152_pacejka_dirt_sinusoidal_v7_b0_s102,ok,0,19.13253402709961,15.0,0.99,/home/ksha/Documents/sbel/offroad-control/benchmarking/results/mpc_tire_model_sweep_20260827_162718/raw/0152_pacejka_dirt_sinusoidal_v7_b0_s102/20260827_171621_166250_dirt_sinusoidal_acados_pacejka/diag_dirt_sinusoidal_acados_pacejka.csv,,,1248,0.8087901652444148,2.525791,0.4623994302862419,4.342648291782087,6.604959999999998,0.620378327397441,2.6997275641025644,4.1953,129.59185816346488,56.97039,-0.416459,0,chrono_body_contact,0,,,,,,,,0
mpc_tire_model_sweep,pacejka,standard,pacejka,tire_force_static,dirt,sinusoidal,7.0,0,103,/home/ksha/Documents/sbel/offroad-control/benchmarking/results/mpc_tire_model_sweep_20260827_162718/raw/0153_pacejka_dirt_sinusoidal_v7_b0_s103,ok,0,19.176204204559326,15.0,0.99,/home/ksha/Documents/sbel/offroad-control/benchmarking/results/mpc_tire_model_sweep_20260827_162718/raw/0153_pacejka_dirt_sinusoidal_v7_b0_s103/20260827_171640_327731_dirt_sinusoidal_acados_pacejka/diag_dirt_sinusoidal_acados_pacejka.csv,,,1248,0.5965609880425286,1.923665,0.36778196029547555,4.318299261311172,6.59766,0.6168998944730246,2.8435576923076926,4.4506,127.4112281966681,56.603743,-1.11874,0,chrono_body_contact,0,,,,,,,,0
mpc_tire_model_sweep,pacejka,standard,pacejka,tire_force_static,dirt,sinusoidal,7.0,0,104,/home/ksha/Documents/sbel/offroad-control/benchmarking/results/mpc_tire_model_sweep_20260827_162718/raw/0154_pacejka_dirt_sinusoidal_v7_b0_s104,ok,0,19.17940068244934,15.0,0.99,/home/ksha/Documents/sbel/offroad-control/benchmarking/results/mpc_tire_model_sweep_20260827_162718/raw/0154_pacejka_dirt_sinusoidal_v7_b0_s104/20260827_171659_521252_dirt_sinusoidal_acados_pacejka/diag_dirt_sinusoidal_acados_pacejka.csv,,,1248,0.6992990763809239,2.153697,0.4181469750692521,4.385352723915051,6.71563,0.626478960559293,2.738525641025641,4.300599999999999,128.2756179092549,57.505443,-1.179318,0,chrono_body_contact,0,,,,,,,,0
mpc_tire_model_sweep,pacejka,standard,pacejka,tire_force_static,dirt,sinusoidal,7.0,4,100,/home/ksha/Documents/sbel/offroad-control/benchmarking/results/mpc_tire_model_sweep_20260827_162718/raw/0155_pacejka_dirt_sinusoidal_v7_b4_s100,ok,0,19.429327964782715,15.0,0.99,/home/ksha/Documents/sbel/offroad-control/benchmarking/results/mpc_tire_model_sweep_20260827_162718/raw/0155_pacejka_dirt_sinusoidal_v7_b4_s100/20260827_171718_707367_dirt_sinusoidal_acados_pacejka/diag_dirt_sinusoidal_acados_pacejka.csv,,,1248,0.793016076815933,2.473231,0.44887318005540167,4.326610803324099,6.64391,0.6180872576177284,2.7093589743589743,4.335299999999999,128.26434197384376,56.728995,-0.54837,0,chrono_body_contact,0,,,,,,,,0
mpc_tire_model_sweep,pacejka,standard,pacejka,tire_force_static,dirt,sinusoidal,7.0,4,101,/home/ksha/Documents/sbel/offroad-control/benchmarking/results/mpc_tire_model_sweep_20260827_162718/raw/0156_pacejka_dirt_sinusoidal_v7_b4_s101,ok,0,19.380805015563965,15.0,0.99,/home/ksha/Documents/sbel/offroad-control/benchmarking/results/mpc_tire_model_sweep_20260827_162718/raw/0156_pacejka_dirt_sinusoidal_v7_b4_s101/20260827_171738_159352_dirt_sinusoidal_acados_pacejka/diag_dirt_sinusoidal_acados_pacejka.csv,,,1248,0.8122761011862382,2.417054,0.4789145983379501,4.547464450600185,6.97175,0.6496377786571693,2.742275641025641,4.2105999999999995,125.43753859027777,59.628642,-1.416232,0,chrono_body_contact,0,,,,,,,,0
mpc_tire_model_sweep,pacejka,standard,pacejka,tire_force_static,dirt,sinusoidal,7.0,4,102,/home/ksha/Documents/sbel/offroad-control/benchmarking/results/mpc_tire_model_sweep_20260827_162718/raw/0157_pacejka_dirt_sinusoidal_v7_b4_s102,ok,0,19.38033676147461,15.0,0.99,/home/ksha/Documents/sbel/offroad-control/benchmarking/results/mpc_tire_model_sweep_20260827_162718/raw/0157_pacejka_dirt_sinusoidal_v7_b4_s102/20260827_171757_557319_dirt_sinusoidal_acados_pacejka/diag_dirt_sinusoidal_acados_pacejka.csv,,,1248,0.7305853980472936,2.25526,0.4354192243767313,4.4188987996306555,6.786839999999999,0.6312712570900937,2.7646314102564102,4.371199999999998,129.8971456778456,57.902474,-1.141149,0,chrono_body_contact,0,,,,,,,,0
mpc_tire_model_sweep,pacejka,standard,pacejka,tire_force_static,dirt,sinusoidal,7.0,4,103,/home/ksha/Documents/sbel/offroad-control/benchmarking/results/mpc_tire_model_sweep_20260827_162718/raw/0158_pacejka_dirt_sinusoidal_v7_b4_s103,ok,0,19.380439043045044,15.0,0.99,/home/ksha/Documents/sbel/offroad-control/benchmarking/results/mpc_tire_model_sweep_20260827_162718/raw/0158_pacejka_dirt_sinusoidal_v7_b4_s103/20260827_171816_953294_dirt_sinusoidal_acados_pacejka/diag_dirt_sinusoidal_acados_pacejka.csv,,,1248,0.6617878355140018,2.157877,0.39389774607571565,4.3147357340720225,6.6083,0.6163908191531461,2.727684294871795,4.310599999999999,127.42722642173885,56.586375,-0.874977,0,chrono_body_contact,0,,,,,,,,0
mpc_tire_model_sweep,pacejka,standard,pacejka,tire_force_static,dirt,sinusoidal,7.0,4,104,/home/ksha/Documents/sbel/offroad-control/benchmarking/results/mpc_tire_model_sweep_20260827_162718/raw/0159_pacejka_dirt_sinusoidal_v7_b4_s104,ok,0,19.428646087646484,15.0,0.99,/home/ksha/Documents/sbel/offroad-control/benchmarking/results/mpc_tire_model_sweep_20260827_162718/raw/0159_pacejka_dirt_sinusoidal_v7_b4_s104/20260827_171836_358121_dirt_sinusoidal_acados_pacejka/diag_dirt_sinusoidal_acados_pacejka.csv,,,1248,0.774777270253971,2.372165,0.44815959095106184,4.344171745152355,6.764609999999999,0.6205959635931936,2.745400641025641,4.471799999999998,128.19552565427188,57.120469,-0.695165,0,chrono_body_contact,0,,,,,,,,0
mpc_tire_model_sweep,pacejka,standard,pacejka,tire_force_static,dirt,sinusoidal,7.0,8,100,/home/ksha/Documents/sbel/offroad-control/benchmarking/results/mpc_tire_model_sweep_20260827_162718/raw/0160_pacejka_dirt_sinusoidal_v7_b8_s100,ok,0,19.52590799331665,15.0,0.99,/home/ksha/Documents/sbel/offroad-control/benchmarking/results/mpc_tire_model_sweep_20260827_162718/raw/0160_pacejka_dirt_sinusoidal_v7_b8_s100/20260827_171855_801114_dirt_sinusoidal_acados_pacejka/diag_dirt_sinusoidal_acados_pacejka.csv,,,1248,0.6332848557028699,1.93999,0.4049042114496768,4.647260203139427,6.795099999999999,0.6638943147342039,2.8607291666666668,4.6053,129.88738628314746,60.677295,-2.134898,0,chrono_body_contact,0,,,,,,,,0
mpc_tire_model_sweep,pacejka,standard,pacejka,tire_force_static,dirt,sinusoidal,7.0,8,101,/home/ksha/Documents/sbel/offroad-control/benchmarking/results/mpc_tire_model_sweep_20260827_162718/raw/0161_pacejka_dirt_sinusoidal_v7_b8_s101,ok,0,19.488269567489624,15.0,0.99,/home/ksha/Documents/sbel/offroad-control/benchmarking/results/mpc_tire_model_sweep_20260827_162718/raw/0161_pacejka_dirt_sinusoidal_v7_b8_s101/20260827_171915_341967_dirt_sinusoidal_acados_pacejka/diag_dirt_sinusoidal_acados_pacejka.csv,,,1248,0.5441248691105035,1.686966,0.3476353998153278,4.351098891966759,6.49893,0.6215855559952512,3.038389423076923,5.02,123.95688813257689,56.845745,-1.364566,0,chrono_body_contact,0,,,,,,,,0
mpc_tire_model_sweep,pacejka,standard,pacejka,tire_force_static,dirt,sinusoidal,7.0,8,102,/home/ksha/Documents/sbel/offroad-control/benchmarking/results/mpc_tire_model_sweep_20260827_162718/raw/0162_pacejka_dirt_sinusoidal_v7_b8_s102,ok,0,19.440222024917603,15.0,0.99,/home/ksha/Documents/sbel/offroad-control/benchmarking/results/mpc_tire_model_sweep_20260827_162718/raw/0162_pacejka_dirt_sinusoidal_v7_b8_s102/20260827_171934_850544_dirt_sinusoidal_acados_pacejka/diag_dirt_sinusoidal_acados_pacejka.csv,,,1248,0.6094620822177957,1.930266,0.38282098707294543,4.461889381348107,6.59117,0.6374127687640153,2.9702884615384617,5.310599999999999,129.8067503819478,58.126222,-1.564859,0,chrono_body_contact,0,,,,,,,,0
mpc_tire_model_sweep,pacejka,standard,pacejka,tire_force_static,dirt,sinusoidal,7.0,8,103,/home/ksha/Documents/sbel/offroad-control/benchmarking/results/mpc_tire_model_sweep_20260827_162718/raw/0163_pacejka_dirt_sinusoidal_v7_b8_s103,ok,0,19.484922647476196,15.0,0.99,/home/ksha/Documents/sbel/offroad-control/benchmarking/results/mpc_tire_model_sweep_20260827_162718/raw/0163_pacejka_dirt_sinusoidal_v7_b8_s103/20260827_171954_325438_dirt_sinusoidal_acados_pacejka/diag_dirt_sinusoidal_acados_pacejka.csv,,,1248,0.7007414272763515,2.186966,0.42094675530932596,4.381937488457988,6.62229,0.6259910697797125,2.684054487179487,4.015299999999999,127.62943759235246,57.457644,-0.9607,0,chrono_body_contact,0,,,,,,,,0
mpc_tire_model_sweep,pacejka,standard,pacejka,tire_force_static,dirt,sinusoidal,7.0,8,104,/home/ksha/Documents/sbel/offroad-control/benchmarking/results/mpc_tire_model_sweep_20260827_162718/raw/0164_pacejka_dirt_sinusoidal_v7_b8_s104,ok,0,19.440719604492188,15.0,0.99,/home/ksha/Documents/sbel/offroad-control/benchmarking/results/mpc_tire_model_sweep_20260827_162718/raw/0164_pacejka_dirt_sinusoidal_v7_b8_s104/20260827_172013_823148_dirt_sinusoidal_acados_pacejka/diag_dirt_sinusoidal_acados_pacejka.csv,,,1248,0.7260132537878254,2.252795,0.44091674145891047,4.519408494921515,6.70184,0.6456297849887879,2.7374759615384616,4.115899999999999,128.8432532220171,59.073851,-1.380646,0,chrono_body_contact,0,,,,,,,,0
mpc_tire_model_sweep,pacejka,standard,pacejka,tire_force_static,dirt,sinusoidal,9.0,0,100,/home/ksha/Documents/sbel/offroad-control/benchmarking/results/mpc_tire_model_sweep_20260827_162718/raw/0165_pacejka_dirt_sinusoidal_v9_b0_s100,ok,0,19.180923223495483,15.0,0.99,/home/ksha/Documents/sbel/offroad-control/benchmarking/results/mpc_tire_model_sweep_20260827_162718/raw/0165_pacejka_dirt_sinusoidal_v9_b0_s100/20260827_172033_285513_dirt_sinusoidal_acados_pacejka/diag_dirt_sinusoidal_acados_pacejka.csv,,,1248,1.1648884951536578,3.509899,0.6338990803324099,4.554336011080332,6.995469999999999,0.5060373345644814,2.80875,4.480599999999999,129.67771886903935,59.808568,-0.126279,0,chrono_body_contact,0,,,,,,,,0
mpc_tire_model_sweep,pacejka,standard,pacejka,tire_force_static,dirt,sinusoidal,9.0,0,101,/home/ksha/Documents/sbel/offroad-control/benchmarking/results/mpc_tire_model_sweep_20260827_162718/raw/0166_pacejka_dirt_sinusoidal_v9_b0_s101,ok,0,19.13156819343567,15.0,0.99,/home/ksha/Documents/sbel/offroad-control/benchmarking/results/mpc_tire_model_sweep_20260827_162718/raw/0166_pacejka_dirt_sinusoidal_v9_b0_s101/20260827_172052_481454_dirt_sinusoidal_acados_pacejka/diag_dirt_sinusoidal_acados_pacejka.csv,,,1248,1.1164228664173834,3.26632,0.625438864265928,4.623335826408126,6.9765500000000005,0.513703980712014,2.8063782051282047,4.375299999999999,125.92298181618676,60.669979,-0.674065,0,chrono_body_contact,0,,,,,,,,0
mpc_tire_model_sweep,pacejka,standard,pacejka,tire_force_static,dirt,sinusoidal,9.0,0,102,/home/ksha/Documents/sbel/offroad-control/benchmarking/results/mpc_tire_model_sweep_20260827_162718/raw/0167_pacejka_dirt_sinusoidal_v9_b0_s102,ok,0,19.141241550445557,15.0,0.99,/home/ksha/Documents/sbel/offroad-control/benchmarking/results/mpc_tire_model_sweep_20260827_162718/raw/0167_pacejka_dirt_sinusoidal_v9_b0_s102/20260827_172111_626713_dirt_sinusoidal_acados_pacejka/diag_dirt_sinusoidal_acados_pacejka.csv,,,1248,0.6866143879736025,2.194311,0.40644649030470914,4.295445337026778,6.719569999999999,0.4772717041140864,2.6925080128205128,4.005299999999999,129.60148415857526,56.256709,-0.569973,0,chrono_body_contact,0,,,,,,,,0
mpc_tire_model_sweep,pacejka,standard,pacejka,tire_force_static,dirt,sinusoidal,9.0,0,103,/home/ksha/Documents/sbel/offroad-control/benchmarking/results/mpc_tire_model_sweep_20260827_162718/raw/0168_pacejka_dirt_sinusoidal_v9_b0_s103,ok,0,19.17214274406433,15.0,0.99,/home/ksha/Documents/sbel/offroad-control/benchmarking/results/mpc_tire_model_sweep_20260827_162718/raw/0168_pacejka_dirt_sinusoidal_v9_b0_s103/20260827_172130_794396_dirt_sinusoidal_acados_pacejka/diag_dirt_sinusoidal_acados_pacejka.csv,,,1248,0.798296349089432,2.478408,0.4647068956602031,4.421426869806094,6.83739,0.49126965220067714,2.741442307692308,4.030599999999999,128.18535481090495,58.011589,-0.761992,0,chrono_body_contact,0,,,,,,,,0
mpc_tire_model_sweep,pacejka,standard,pacejka,tire_force_static,dirt,sinusoidal,9.0,0,104,/home/ksha/Documents/sbel/offroad-control/benchmarking/results/mpc_tire_model_sweep_20260827_162718/raw/0169_pacejka_dirt_sinusoidal_v9_b0_s104,ok,0,19.132961988449097,15.0,0.99,/home/ksha/Documents/sbel/offroad-control/benchmarking/results/mpc_tire_model_sweep_20260827_162718/raw/0169_pacejka_dirt_sinusoidal_v9_b0_s104/20260827_172149_998935_dirt_sinusoidal_acados_pacejka/diag_dirt_sinusoidal_acados_pacejka.csv,,,1248,0.8234305244499074,2.515536,0.48661568328716526,4.607233333333333,7.04294,0.5119148148148148,2.9428365384615387,4.595299999999999,129.55517852787372,60.289763,-1.505019,0,chrono_body_contact,0,,,,,,,,0
mpc_tire_model_sweep,pacejka,standard,pacejka,tire_force_static,dirt,sinusoidal,9.0,4,100,/home/ksha/Documents/sbel/offroad-control/benchmarking/results/mpc_tire_model_sweep_20260827_162718/raw/0170_pacejka_dirt_sinusoidal_v9_b4_s100,ok,0,19.43070673942566,15.0,0.99,/home/ksha/Documents/sbel/offroad-control/benchmarking/results/mpc_tire_model_sweep_20260827_162718/raw/0170_pacejka_dirt_sinusoidal_v9_b4_s100/20260827_172209_149488_dirt_sinusoidal_acados_pacejka/diag_dirt_sinusoidal_acados_pacejka.csv,,,1248,1.09575919185775,3.435786,0.5809443582640812,4.397421237303785,6.8775,0.48860235970042054,2.9982051282051283,5.930599999999999,129.03211159149038,57.794474,0.501007,0,chrono_body_contact,0,,,,,,,,0
mpc_tire_model_sweep,pacejka,standard,pacejka,tire_force_static,dirt,sinusoidal,9.0,4,101,/home/ksha/Documents/sbel/offroad-control/benchmarking/results/mpc_tire_model_sweep_20260827_162718/raw/0171_pacejka_dirt_sinusoidal_v9_b4_s101,ok,0,19.4272563457489,15.0,0.99,/home/ksha/Documents/sbel/offroad-control/benchmarking/results/mpc_tire_model_sweep_20260827_162718/raw/0171_pacejka_dirt_sinusoidal_v9_b4_s101/20260827_172228_601571_dirt_sinusoidal_acados_pacejka/diag_dirt_sinusoidal_acados_pacejka.csv,,,1247,0.8991660539395104,2.687069,0.5049736879039705,4.3683670360110805,6.859769999999999,0.4853741151123423,2.85494787489976,4.24,124.61075533178418,57.506888,-0.187881,0,chrono_body_contact,0,,,,,,,,0
mpc_tire_model_sweep,pacejka,standard,pacejka,tire_force_static,dirt,sinusoidal,9.0,4,102,/home/ksha/Documents/sbel/offroad-control/benchmarking/results/mpc_tire_model_sweep_20260827_162718/raw/0172_pacejka_dirt_sinusoidal_v9_b4_s102,ok,0,19.336275577545166,15.0,0.99,/home/ksha/Documents/sbel/offroad-control/benchmarking/results/mpc_tire_model_sweep_20260827_162718/raw/0172_pacejka_dirt_sinusoidal_v9_b4_s102/20260827_172248_034498_dirt_sinusoidal_acados_pacejka/diag_dirt_sinusoidal_acados_pacejka.csv,,,1248,0.7870741391294136,2.47975,0.44864035180055406,4.3288296398891974,6.7161,0.48098107109879973,2.770793269230769,4.165299999999999,129.52831368318442,56.766033,-0.426845,0,chrono_body_contact,0,,,,,,,,0
mpc_tire_model_sweep,pacejka,standard,pacejka,tire_force_static,dirt,sinusoidal,9.0,4,103,/home/ksha/Documents/sbel/offroad-control/benchmarking/results/mpc_tire_model_sweep_20260827_162718/raw/0173_pacejka_dirt_sinusoidal_v9_b4_s103,ok,0,19.38029170036316,15.0,0.99,/home/ksha/Documents/sbel/offroad-control/benchmarking/results/mpc_tire_model_sweep_20260827_162718/raw/0173_pacejka_dirt_sinusoidal_v9_b4_s103/20260827_172307_394284_dirt_sinusoidal_acados_pacejka/diag_dirt_sinusoidal_acados_pacejka.csv,,,1248,0.7585197386053119,2.45751,0.43380224376731297,4.30270701754386,6.701700000000001,0.4780785575048734,2.769190705128205,4.31,127.4673087057725,56.461869,-0.386502,0,chrono_body_contact,0,,,,,,,,0
mpc_tire_model_sweep,pacejka,standard,pacejka,tire_force_static,dirt,sinusoidal,9.0,4,104,/home/ksha/Documents/sbel/offroad-control/benchmarking/results/mpc_tire_model_sweep_20260827_162718/raw/0174_pacejka_dirt_sinusoidal_v9_b4_s104,ok,0,19.43050742149353,15.0,0.99,/home/ksha/Documents/sbel/offroad-control/benchmarking/results/mpc_tire_model_sweep_20260827_162718/raw/0174_pacejka_dirt_sinusoidal_v9_b4_s104/20260827_172326_812093_dirt_sinusoidal_acados_pacejka/diag_dirt_sinusoidal_acados_pacejka.csv,,,1248,0.838976201538667,2.597156,0.47884150230840256,4.403340904893813,6.83908,0.489260100543757,2.738221153846154,4.11,128.48778957641798,57.825119,-0.719793,0,chrono_body_contact,0,,,,,,,,0
mpc_tire_model_sweep,pacejka,standard,pacejka,tire_force_static,dirt,sinusoidal,9.0,8,100,/home/ksha/Documents/sbel/offroad-control/benchmarking/results/mpc_tire_model_sweep_20260827_162718/raw/0175_pacejka_dirt_sinusoidal_v9_b8_s100,ok,0,19.48017930984497,15.0,0.99,/home/ksha/Documents/sbel/offroad-control/benchmarking/results/mpc_tire_model_sweep_20260827_162718/raw/0175_pacejka_dirt_sinusoidal_v9_b8_s100/20260827_172346_245973_dirt_sinusoidal_acados_pacejka/diag_dirt_sinusoidal_acados_pacejka.csv,,,1248,0.8671514060516538,2.777024,0.4943947266851339,4.409930747922438,6.72931,0.4899923053247153,2.7454326923076926,4.100599999999999,128.81087838834907,57.827973,-0.478534,0,chrono_body_contact,0,,,,,,,,0
mpc_tire_model_sweep,pacejka,standard,pacejka,tire_force_static,dirt,sinusoidal,9.0,8,101,/home/ksha/Documents/sbel/offroad-control/benchmarking/results/mpc_tire_model_sweep_20260827_162718/raw/0176_pacejka_dirt_sinusoidal_v9_b8_s101,ok,0,19.48335337638855,15.0,0.99,/home/ksha/Documents/sbel/offroad-control/benchmarking/results/mpc_tire_model_sweep_20260827_162718/raw/0176_pacejka_dirt_sinusoidal_v9_b8_s101/20260827_172405_746736_dirt_sinusoidal_acados_pacejka/diag_dirt_sinusoidal_acados_pacejka.csv,,,1248,0.7363105133207538,2.237938,0.44986383010156966,4.652773130193906,6.9152499999999995,0.5169747922437673,3.268389423076923,5.522999999999997,125.77060404937507,60.869268,-1.679023,0,chrono_body_contact,0,,,,,,,,0
mpc_tire_model_sweep,pacejka,standard,pacejka,tire_force_static,dirt,sinusoidal,9.0,8,102,/home/ksha/Documents/sbel/offroad-control/benchmarking/results/mpc_tire_model_sweep_20260827_162718/raw/0177_pacejka_dirt_sinusoidal_v9_b8_s102,ok,0,19.481207609176636,15.0,0.99,/home/ksha/Documents/sbel/offroad-control/benchmarking/results/mpc_tire_model_sweep_20260827_162718/raw/0177_pacejka_dirt_sinusoidal_v9_b8_s102/20260827_172425_251014_dirt_sinusoidal_acados_pacejka/diag_dirt_sinusoidal_acados_pacejka.csv,,,1248,0.6092238995634142,1.909777,0.3766285216989843,4.349826869806094,6.62639,0.48331409664512154,2.752852564102564,4.055299999999999,129.48183966480164,56.94414,-1.125841,0,chrono_body_contact,0,,,,,,,,0
mpc_tire_model_sweep,pacejka,standard,pacejka,tire_force_static,dirt,sinusoidal,9.0,8,103,/home/ksha/Documents/sbel/offroad-control/benchmarking/results/mpc_tire_model_sweep_20260827_162718/raw/0178_pacejka_dirt_sinusoidal_v9_b8_s103,ok,0,19.441601753234863,15.0,0.99,/home/ksha/Documents/sbel/offroad-control/benchmarking/results/mpc_tire_model_sweep_20260827_162718/raw/0178_pacejka_dirt_sinusoidal_v9_b8_s103/20260827_172444_769256_dirt_sinusoidal_acados_pacejka/diag_dirt_sinusoidal_acados_pacejka.csv,,,1247,0.7192679905336429,2.279343,0.4279701846722068,4.328604339796861,6.643959999999999,0.4809560377552068,2.888235765838011,4.360799999999999,127.2818834170233,56.656982,-0.571893,0,chrono_body_contact,0,,,,,,,,0
mpc_tire_model_sweep,pacejka,standard,pacejka,tire_force_static,dirt,sinusoidal,9.0,8,104,/home/ksha/Documents/sbel/offroad-control/benchmarking/results/mpc_tire_model_sweep_20260827_162718/raw/0179_pacejka_dirt_sinusoidal_v9_b8_s104,ok,0,19.52657961845398,15.0,0.99,/home/ksha/Documents/sbel/offroad-control/benchmarking/results/mpc_tire_model_sweep_20260827_162718/raw/0179_pacejka_dirt_sinusoidal_v9_b8_s104/20260827_172504_227789_dirt_sinusoidal_acados_pacejka/diag_dirt_sinusoidal_acados_pacejka.csv,,,1248,0.9211164075909307,2.927396,0.5115088855032317,4.3658383194829185,6.74252,0.48509314660921315,2.784463141025641,4.5,128.2206475269487,57.35677,0.005032,0,chrono_body_contact,0,,,,,,,,0
mpc_tire_model_sweep,pacejka,standard,pacejka,tire_force_static,dirt,lane_change,5.0,0,100,/home/ksha/Documents/sbel/offroad-control/benchmarking/results/mpc_tire_model_sweep_20260827_162718/raw/0180_pacejka_dirt_lane_change_v5_b0_s100,ok,0,19.14160394668579,15.0,0.99,/home/ksha/Documents/sbel/offroad-control/benchmarking/results/mpc_tire_model_sweep_20260827_162718/raw/0180_pacejka_dirt_lane_change_v5_b0_s100/20260827_172523_781181_dirt_lane_change_acados_pacejka/diag_dirt_lane_change_acados_pacejka.csv,,,1247,0.06751015701111071,0.243849,0.053014813481071094,4.7908073868882735,5.1611,0.9581614773776547,1.7681475541299119,3.6954,129.15960690994916,66.571363,2.975981,0,chrono_body_contact,0,,,,,,,,0
mpc_tire_model_sweep,pacejka,standard,pacejka,tire_force_static,dirt,lane_change,5.0,0,101,/home/ksha/Documents/sbel/offroad-control/benchmarking/results/mpc_tire_model_sweep_20260827_162718/raw/0181_pacejka_dirt_lane_change_v5_b0_s101,ok,0,19.137186765670776,15.0,0.99,/home/ksha/Documents/sbel/offroad-control/benchmarking/results/mpc_tire_model_sweep_20260827_162718/raw/0181_pacejka_dirt_lane_change_v5_b0_s101/20260827_172542_934425_dirt_lane_change_acados_pacejka/diag_dirt_lane_change_acados_pacejka.csv,,,1248,0.0655439967232333,0.234096,0.05222301108033242,4.696567959372113,5.06151,0.9393135918744226,2.08338141025641,3.11,124.5127511103072,65.559022,3.042454,0,chrono_body_contact,0,,,,,,,,0
mpc_tire_model_sweep,pacejka,standard,pacejka,tire_force_static,dirt,lane_change,5.0,0,102,/home/ksha/Documents/sbel/offroad-control/benchmarking/results/mpc_tire_model_sweep_20260827_162718/raw/0182_pacejka_dirt_lane_change_v5_b0_s102,ok,0,19.1402690410614,15.0,0.99,/home/ksha/Documents/sbel/offroad-control/benchmarking/results/mpc_tire_model_sweep_20260827_162718/raw/0182_pacejka_dirt_lane_change_v5_b0_s102/20260827_172602_101222_dirt_lane_change_acados_pacejka/diag_dirt_lane_change_acados_pacejka.csv,,,1247,0.0693453680136681,0.242757,0.054211087719298244,4.8235509695290855,5.20303,0.9647101939058171,1.7604731355252605,3.65,130.3043061654256,67.053914,3.069803,0,chrono_body_contact,0,,,,,,,,0
mpc_tire_model_sweep,pacejka,standard,pacejka,tire_force_static,dirt,lane_change,5.0,0,103,/home/ksha/Documents/sbel/offroad-control/benchmarking/results/mpc_tire_model_sweep_20260827_162718/raw/0183_pacejka_dirt_lane_change_v5_b0_s103,ok,0,19.176186323165894,15.0,0.99,/home/ksha/Documents/sbel/offroad-control/benchmarking/results/mpc_tire_model_sweep_20260827_162718/raw/0183_pacejka_dirt_lane_change_v5_b0_s103/20260827_172621_254918_dirt_lane_change_acados_pacejka/diag_dirt_lane_change_acados_pacejka.csv,,,1248,0.0696159995248171,0.222865,0.05424860572483841,4.811038042474608,5.138279999999999,0.9622076084949216,1.6622195512820512,2.84,128.5043470494929,66.930775,3.048217,0,chrono_body_contact,0,,,,,,,,0
mpc_tire_model_sweep,pacejka,standard,pacejka,tire_force_static,dirt,lane_change,5.0,0,104,/home/ksha/Documents/sbel/offroad-control/benchmarking/results/mpc_tire_model_sweep_20260827_162718/raw/0184_pacejka_dirt_lane_change_v5_b0_s104,ok,0,19.1322124004364,15.0,0.99,/home/ksha/Documents/sbel/offroad-control/benchmarking/results/mpc_tire_model_sweep_20260827_162718/raw/0184_pacejka_dirt_lane_change_v5_b0_s104/20260827_172640_446913_dirt_lane_change_acados_pacejka/diag_dirt_lane_change_acados_pacejka.csv,,,1248,0.06868811674004865,0.251129,0.05321565096952908,4.792787903970452,5.10627,0.9585575807940904,1.665272435897436,2.870599999999999,128.80009643605914,66.731993,2.991379,0,chrono_body_contact,0,,,,,,,,0
mpc_tire_model_sweep,pacejka,standard,pacejka,tire_force_static,dirt,lane_change,5.0,4,100,/home/ksha/Documents/sbel/offroad-control/benchmarking/results/mpc_tire_model_sweep_20260827_162718/raw/0185_pacejka_dirt_lane_change_v5_b4_s100,ok,0,19.342987537384033,15.0,0.99,/home/ksha/Documents/sbel/offroad-control/benchmarking/results/mpc_tire_model_sweep_20260827_162718/raw/0185_pacejka_dirt_lane_change_v5_b4_s100/20260827_172659_604830_dirt_lane_change_acados_pacejka/diag_dirt_lane_change_acados_pacejka.csv,,,1248,0.06881709138789263,0.239254,0.054012506001846726,4.7623573407202215,5.151789999999999,0.9524714681440443,1.7112419871794873,3.060599999999999,129.1068988200508,66.374015,2.971552,0,chrono_body_contact,0,,,,,,,,0
mpc_tire_model_sweep,pacejka,standard,pacejka,tire_force_static,dirt,lane_change,5.0,4,101,/home/ksha/Documents/sbel/offroad-control/benchmarking/results/mpc_tire_model_sweep_20260827_162718/raw/0186_pacejka_dirt_lane_change_v5_b4_s101,ok,0,19.533037900924683,15.0,0.99,/home/ksha/Documents/sbel/offroad-control/benchmarking/results/mpc_tire_model_sweep_20260827_162718/raw/0186_pacejka_dirt_lane_change_v5_b4_s101/20260827_172718_975466_dirt_lane_change_acados_pacejka/diag_dirt_lane_change_acados_pacejka.csv,,,1247,0.06909239710572596,0.262057,0.05425988365650969,4.741071006463528,5.14448,0.9482142012927056,2.118171611868484,3.69,124.73171014171082,66.302789,3.039194,0,chrono_body_contact,0,,,,,,,,0
mpc_tire_model_sweep,pacejka,standard,pacejka,tire_force_static,dirt,lane_change,5.0,4,102,/home/ksha/Documents/sbel/offroad-control/benchmarking/results/mpc_tire_model_sweep_20260827_162718/raw/0187_pacejka_dirt_lane_change_v5_b4_s102,ok,0,19.587217569351196,15.0,0.99,/home/ksha/Documents/sbel/offroad-control/benchmarking/results/mpc_tire_model_sweep_20260827_162718/raw/0187_pacejka_dirt_lane_change_v5_b4_s102/20260827_172738_723466_dirt_lane_change_acados_pacejka/diag_dirt_lane_change_acados_pacejka.csv,,,1247,0.07178797512336603,0.255847,0.05533676731301939,4.764306371191136,5.1374699999999995,0.9528612742382272,1.7693023255813956,3.65,129.97330819597357,66.448637,3.058874,0,chrono_body_contact,0,,,,,,,,0
mpc_tire_model_sweep,pacejka,standard,pacejka,tire_force_static,dirt,lane_change,5.0,4,103,/home/ksha/Documents/sbel/offroad-control/benchmarking/results/mpc_tire_model_sweep_20260827_162718/raw/0188_pacejka_dirt_lane_change_v5_b4_s103,ok,0,19.389427661895752,15.0,0.99,/home/ksha/Documents/sbel/offroad-control/benchmarking/results/mpc_tire_model_sweep_20260827_162718/raw/0188_pacejka_dirt_lane_change_v5_b4_s103/20260827_172758_156553_dirt_lane_change_acados_pacejka/diag_dirt_lane_change_acados_pacejka.csv,,,1248,0.06846422509034632,0.211812,0.05398894275161588,4.727150138504155,5.09468,0.945430027700831,1.6772836538461537,2.9,128.03223434190016,66.026979,3.048725,0,chrono_body_contact,0,,,,,,,,0
mpc_tire_model_sweep,pacejka,standard,pacejka,tire_force_static,dirt,lane_change,5.0,4,104,/home/ksha/Documents/sbel/offroad-control/benchmarking/results/mpc_tire_model_sweep_20260827_162718/raw/0189_pacejka_dirt_lane_change_v5_b4_s104,ok,0,19.386601209640503,15.0,0.99,/home/ksha/Documents/sbel/offroad-control/benchmarking/results/mpc_tire_model_sweep_20260827_162718/raw/0189_pacejka_dirt_lane_change_v5_b4_s104/20260827_172817_553043_dirt_lane_change_acados_pacejka/diag_dirt_lane_change_acados_pacejka.csv,,,1248,0.06739535879518738,0.250421,0.05241006463527239,4.701808771929825,5.09033,0.9403617543859649,1.6577403846153846,2.810599999999999,128.3150135995861,65.70313,2.987949,0,chrono_body_contact,0,,,,,,,,0
mpc_tire_model_sweep,pacejka,standard,pacejka,tire_force_static,dirt,lane_change,5.0,8,100,/home/ksha/Documents/sbel/offroad-control/benchmarking/results/mpc_tire_model_sweep_20260827_162718/raw/0190_pacejka_dirt_lane_change_v5_b8_s100,ok,0,19.485159158706665,15.0,0.99,/home/ksha/Documents/sbel/offroad-control/benchmarking/results/mpc_tire_model_sweep_20260827_162718/raw/0190_pacejka_dirt_lane_change_v5_b8_s100/20260827_172836_939052_dirt_lane_change_acados_pacejka/diag_dirt_lane_change_acados_pacejka.csv,,,1248,0.06842627710100153,0.223101,0.05397924007386888,4.548099815327793,5.0197,0.9096199630655587,1.8074839743589741,2.8752999999999997,127.65227785551484,63.10722,2.989386,0,chrono_body_contact,0,,,,,,,,0
mpc_tire_model_sweep,pacejka,standard,pacejka,tire_force_static,dirt,lane_change,5.0,8,101,/home/ksha/Documents/sbel/offroad-control/benchmarking/results/mpc_tire_model_sweep_20260827_162718/raw/0191_pacejka_dirt_lane_change_v5_b8_s101,ok,0,19.479413747787476,15.0,0.99,/home/ksha/Documents/sbel/offroad-control/benchmarking/results/mpc_tire_model_sweep_20260827_162718/raw/0191_pacejka_dirt_lane_change_v5_b8_s101/20260827_172856_454923_dirt_lane_change_acados_pacejka/diag_dirt_lane_change_acados_pacejka.csv,,,1247,0.07058034054325107,0.219445,0.05635883010156972,4.58706029547553,5.091559999999999,0.917412059095106,1.7295910184442664,3.1754,123.68306207520794,63.807229,3.053042,0,chrono_body_contact,0,,,,,,,,0
mpc_tire_model_sweep,pacejka,standard,pacejka,tire_force_static,dirt,lane_change,5.0,8,102,/home/ksha/Documents/sbel/offroad-control/benchmarking/results/mpc_tire_model_sweep_20260827_162718/raw/0192_pacejka_dirt_lane_change_v5_b8_s102,ok,0,19.435862064361572,15.0,0.99,/home/ksha/Documents/sbel/offroad-control/benchmarking/results/mpc_tire_model_sweep_20260827_162718/raw/0192_pacejka_dirt_lane_change_v5_b8_s102/20260827_172915_944975_dirt_lane_change_acados_pacejka/diag_dirt_lane_change_acados_pacejka.csv,,,1247,0.07048273467525178,0.23027,0.056164373037857804,4.557142566943674,5.0431099999999995,0.9114285133887348,2.2255012028869285,3.310799999999999,128.60462699184637,63.263969,3.078543,0,chrono_body_contact,0,,,,,,,,0
mpc_tire_model_sweep,pacejka,standard,pacejka,tire_force_static,dirt,lane_change,5.0,8,103,/home/ksha/Documents/sbel/offroad-control/benchmarking/results/mpc_tire_model_sweep_20260827_162718/raw/0193_pacejka_dirt_lane_change_v5_b8_s103,ok,0,19.536240816116333,15.0,0.99,/home/ksha/Documents/sbel/offroad-control/benchmarking/results/mpc_tire_model_sweep_20260827_162718/raw/0193_pacejka_dirt_lane_change_v5_b8_s103/20260827_172935_404125_dirt_lane_change_acados_pacejka/diag_dirt_lane_change_acados_pacejka.csv,,,1248,0.069798215455576,0.204216,0.054920912280701756,4.6593134810710986,5.16409,0.9318626962142197,1.6631650641025642,2.8452999999999995,127.55508584501041,64.647295,3.047507,0,chrono_body_contact,0,,,,,,,,0
mpc_tire_model_sweep,pacejka,standard,pacejka,tire_force_static,dirt,lane_change,5.0,8,104,/home/ksha/Documents/sbel/offroad-control/benchmarking/results/mpc_tire_model_sweep_20260827_162718/raw/0194_pacejka_dirt_lane_change_v5_b8_s104,ok,0,19.48440909385681,15.0,0.99,/home/ksha/Documents/sbel/offroad-control/benchmarking/results/mpc_tire_model_sweep_20260827_162718/raw/0194_pacejka_dirt_lane_change_v5_b8_s104/20260827_172954_959467_dirt_lane_change_acados_pacejka/diag_dirt_lane_change_acados_pacejka.csv,,,1248,0.06744826706613281,0.261065,0.05327475623268698,4.599557525392428,5.07609,0.9199115050784856,1.6626923076923077,2.78,127.66961129157309,63.895573,3.002003,0,chrono_body_contact,0,,,,,,,,0
mpc_tire_model_sweep,pacejka,standard,pacejka,tire_force_static,dirt,lane_change,7.0,0,100,/home/ksha/Documents/sbel/offroad-control/benchmarking/results/mpc_tire_model_sweep_20260827_162718/raw/0195_pacejka_dirt_lane_change_v7_b0_s100,ok,0,19.13648533821106,15.0,0.99,/home/ksha/Documents/sbel/offroad-control/benchmarking/results/mpc_tire_model_sweep_20260827_162718/raw/0195_pacejka_dirt_lane_change_v7_b0_s100/20260827_173014_476072_dirt_lane_change_acados_pacejka/diag_dirt_lane_change_acados_pacejka.csv,,,1248,0.0940617605032729,0.338347,0.06918355309325948,5.964470267774701,7.478289999999999,0.8520671811106715,2.2294471153846156,3.811199999999999,137.66407353725043,81.895791,2.949584,0,chrono_body_contact,0,,,,,,,,0
mpc_tire_model_sweep,pacejka,standard,pacejka,tire_force_static,dirt,lane_change,7.0,0,101,/home/ksha/Documents/sbel/offroad-control/benchmarking/results/mpc_tire_model_sweep_20260827_162718/raw/0196_pacejka_dirt_lane_change_v7_b0_s101,ok,0,19.13305377960205,15.0,0.99,/home/ksha/Documents/sbel/offroad-control/benchmarking/results/mpc_tire_model_sweep_20260827_162718/raw/0196_pacejka_dirt_lane_change_v7_b0_s101/20260827_173033_643314_dirt_lane_change_acados_pacejka/diag_dirt_lane_change_acados_pacejka.csv,,,1248,0.09966432964471296,0.364035,0.07279668605724837,5.9689096029547555,7.51687,0.8527013718506794,2.2213782051282047,3.910599999999999,133.91621424410286,82.146374,3.038761,0,chrono_body_contact,0,,,,,,,,0
mpc_tire_model_sweep,pacejka,standard,pacejka,tire_force_static,dirt,lane_change,7.0,0,102,/home/ksha/Documents/sbel/offroad-control/benchmarking/results/mpc_tire_model_sweep_20260827_162718/raw/0197_pacejka_dirt_lane_change_v7_b0_s102,ok,0,19.1404390335083,15.0,0.99,/home/ksha/Documents/sbel/offroad-control/benchmarking/results/mpc_tire_model_sweep_20260827_162718/raw/0197_pacejka_dirt_lane_change_v7_b0_s102/20260827_173052_797756_dirt_lane_change_acados_pacejka/diag_dirt_lane_change_acados_pacejka.csv,,,1247,0.09713070808579738,0.34186,0.07264292520775624,5.983726131117268,7.571059999999999,0.8548180187310382,2.2477064955894144,4.22,139.45072545851826,82.175519,3.045162,0,chrono_body_contact,0,,,,,,,,0
mpc_tire_model_sweep,pacejka,standard,pacejka,tire_force_static,dirt,lane_change,7.0,0,103,/home/ksha/Documents/sbel/offroad-control/benchmarking/results/mpc_tire_model_sweep_20260827_162718/raw/0198_pacejka_dirt_lane_change_v7_b0_s103,ok,0,19.139883041381836,15.0,0.99,/home/ksha/Documents/sbel/offroad-control/benchmarking/results/mpc_tire_model_sweep_20260827_162718/raw/0198_pacejka_dirt_lane_change_v7_b0_s103/20260827_173111_934829_dirt_lane_change_acados_pacejka/diag_dirt_lane_change_acados_pacejka.csv,,,1248,0.09819131934349612,0.351807,0.073157216066482,5.9667386888273315,7.51612,0.8523912412610474,2.2001602564102565,3.7253,137.04536314563654,82.024553,3.023839,0,chrono_body_contact,0,,,,,,,,0
mpc_tire_model_sweep,pacejka,standard,pacejka,tire_force_static,dirt,lane_change,7.0,0,104,/home/ksha/Documents/sbel/offroad-control/benchmarking/results/mpc_tire_model_sweep_20260827_162718/raw/0199_pacejka_dirt_lane_change_v7_b0_s104,ok,0,19.176470279693604,15.0,0.99,/home/ksha/Documents/sbel/offroad-control/benchmarking/results/mpc_tire_model_sweep_20260827_162718/raw/0199_pacejka_dirt_lane_change_v7_b0_s104/20260827_173131_097259_dirt_lane_change_acados_pacejka/diag_dirt_lane_change_acados_pacejka.csv,,,1248,0.09777596595286912,0.399036,0.07191524469067405,5.975831394275161,7.60514,0.8536901991821659,2.4823958333333334,4.791199999999998,137.61291680381095,82.135177,2.984611,0,chrono_body_contact,0,,,,,,,,0
mpc_tire_model_sweep,pacejka,standard,pacejka,tire_force_static,dirt,lane_change,7.0,4,100,/home/ksha/Documents/sbel/offroad-control/benchmarking/results/mpc_tire_model_sweep_20260827_162718/raw/0200_pacejka_dirt_lane_change_v7_b4_s100,ok,0,19.38374137878418,15.0,0.99,/home/ksha/Documents/sbel/offroad-control/benchmarking/results/mpc_tire_model_sweep_20260827_162718/raw/0200_pacejka_dirt_lane_change_v7_b4_s100/20260827_173150_304606_dirt_lane_change_acados_pacejka/diag_dirt_lane_change_acados_pacejka.csv,,,1248,0.09794804836365237,0.330128,0.07231595290858725,5.9796345337026775,7.45575,0.8542335048146682,2.7256009615384618,5.0223999999999975,137.8456250994043,82.218191,2.975645,0,chrono_body_contact,0,,,,,,,,0
mpc_tire_model_sweep,pacejka,standard,pacejka,tire_force_static,dirt,lane_change,7.0,4,101,/home/ksha/Documents/sbel/offroad-control/benchmarking/results/mpc_tire_model_sweep_20260827_162718/raw/0201_pacejka_dirt_lane_change_v7_b4_s101,ok,0,19.434430360794067,15.0,0.99,/home/ksha/Documents/sbel/offroad-control/benchmarking/results/mpc_tire_model_sweep_20260827_162718/raw/0201_pacejka_dirt_lane_change_v7_b4_s101/20260827_173209_710412_dirt_lane_change_acados_pacejka/diag_dirt_lane_change_acados_pacejka.csv,,,1248,0.10200333250293603,0.354898,0.07509326131117267,5.967990304709141,7.49879,0.8525700435298773,2.473389423076923,5.235899999999999,133.89521573361282,82.268097,3.058994,0,chrono_body_contact,0,,,,,,,,0
mpc_tire_model_sweep,pacejka,standard,pacejka,tire_force_static,dirt,lane_change,7.0,4,102,/home/ksha/Documents/sbel/offroad-control/benchmarking/results/mpc_tire_model_sweep_20260827_162718/raw/0202_pacejka_dirt_lane_change_v7_b4_s102,ok,0,19.387669801712036,15.0,0.99,/home/ksha/Documents/sbel/offroad-control/benchmarking/results/mpc_tire_model_sweep_20260827_162718/raw/0202_pacejka_dirt_lane_change_v7_b4_s102/20260827_173229_160406_dirt_lane_change_acados_pacejka/diag_dirt_lane_change_acados_pacejka.csv,,,1248,0.1028899719353713,0.351475,0.07691658079409049,5.963781255771006,7.46629,0.8519687508244295,2.224078525641026,3.835899999999999,139.29729572107192,82.051132,3.072777,0,chrono_body_contact,0,,,,,,,,0
mpc_tire_model_sweep,pacejka,standard,pacejka,tire_force_static,dirt,lane_change,7.0,4,103,/home/ksha/Documents/sbel/offroad-control/benchmarking/results/mpc_tire_model_sweep_20260827_162718/raw/0203_pacejka_dirt_lane_change_v7_b4_s103,ok,0,19.38538956642151,15.0,0.99,/home/ksha/Documents/sbel/offroad-control/benchmarking/results/mpc_tire_model_sweep_20260827_162718/raw/0203_pacejka_dirt_lane_change_v7_b4_s103/20260827_173248_574004_dirt_lane_change_acados_pacejka/diag_dirt_lane_change_acados_pacejka.csv,,,1248,0.10286486886464283,0.362479,0.07635350415512465,5.972191228070176,7.52088,0.8531701754385965,2.227099358974359,3.9153,137.31399356616004,82.220854,3.0539,0,chrono_body_contact,0,,,,,,,,0
mpc_tire_model_sweep,pacejka,standard,pacejka,tire_force_static,dirt,lane_change,7.0,4,104,/home/ksha/Documents/sbel/offroad-control/benchmarking/results/mpc_tire_model_sweep_20260827_162718/raw/0204_pacejka_dirt_lane_change_v7_b4_s104,ok,0,19.33743119239807,15.0,0.99,/home/ksha/Documents/sbel/offroad-control/benchmarking/results/mpc_tire_model_sweep_20260827_162718/raw/0204_pacejka_dirt_lane_change_v7_b4_s104/20260827_173307_963964_dirt_lane_change_acados_pacejka/diag_dirt_lane_change_acados_pacejka.csv,,,1248,0.10319844380104988,0.40007,0.07617793167128346,5.95958513388735,7.41622,0.85136930484105,2.201113782051282,3.8005999999999993,137.385763704061,82.082523,3.011491,0,chrono_body_contact,0,,,,,,,,0
mpc_tire_model_sweep,pacejka,standard,pacejka,tire_force_static,dirt,lane_change,7.0,8,100,/home/ksha/Documents/sbel/offroad-control/benchmarking/results/mpc_tire_model_sweep_20260827_162718/raw/0205_pacejka_dirt_lane_change_v7_b8_s100,ok,0,19.435425281524658,15.0,0.99,/home/ksha/Documents/sbel/offroad-control/benchmarking/results/mpc_tire_model_sweep_20260827_162718/raw/0205_pacejka_dirt_lane_change_v7_b8_s100/20260827_173327_344578_dirt_lane_change_acados_pacejka/diag_dirt_lane_change_acados_pacejka.csv,,,1248,0.10132119876876239,0.362141,0.07415605540166205,5.988822714681441,7.3708599999999995,0.8555461020973487,2.2085657051282053,3.8252999999999995,137.5063687308932,81.884259,2.905197,0,chrono_body_contact,0,,,,,,,,0
mpc_tire_model_sweep,pacejka,standard,pacejka,tire_force_static,dirt,lane_change,7.0,8,101,/home/ksha/Documents/sbel/offroad-control/benchmarking/results/mpc_tire_model_sweep_20260827_162718/raw/0206_pacejka_dirt_lane_change_v7_b8_s101,ok,0,19.434300184249878,15.0,0.99,/home/ksha/Documents/sbel/offroad-control/benchmarking/results/mpc_tire_model_sweep_20260827_162718/raw/0206_pacejka_dirt_lane_change_v7_b8_s101/20260827_173346_789634_dirt_lane_change_acados_pacejka/diag_dirt_lane_change_acados_pacejka.csv,,,1248,0.10071007744070884,0.395533,0.07357558171745153,5.970330747922437,7.33956,0.8529043925603481,2.827411858974359,5.1953,133.337424307325,81.855017,2.99815,0,chrono_body_contact,0,,,,,,,,0
mpc_tire_model_sweep,pacejka,standard,pacejka,tire_force_static,dirt,lane_change,7.0,8,102,/home/ksha/Documents/sbel/offroad-control/benchmarking/results/mpc_tire_model_sweep_20260827_162718/raw/0207_pacejka_dirt_lane_change_v7_b8_s102,ok,0,19.483580827713013,15.0,0.99,/home/ksha/Documents/sbel/offroad-control/benchmarking/results/mpc_tire_model_sweep_20260827_162718/raw/0207_pacejka_dirt_lane_change_v7_b8_s102/20260827_173406_244251_dirt_lane_change_acados_pacejka/diag_dirt_lane_change_acados_pacejka.csv,,,1248,0.10180776274499541,0.341435,0.07600386334256695,6.009934441366575,7.440499999999999,0.8585620630523678,2.2502483974358976,4.146499999999999,139.10593308965318,82.202875,3.020603,0,chrono_body_contact,0,,,,,,,,0
mpc_tire_model_sweep,pacejka,standard,pacejka,tire_force_static,dirt,lane_change,7.0,8,103,/home/ksha/Documents/sbel/offroad-control/benchmarking/results/mpc_tire_model_sweep_20260827_162718/raw/0208_pacejka_dirt_lane_change_v7_b8_s103,ok,0,19.492785692214966,15.0,0.99,/home/ksha/Documents/sbel/offroad-control/benchmarking/results/mpc_tire_model_sweep_20260827_162718/raw/0208_pacejka_dirt_lane_change_v7_b8_s103/20260827_173425_745377_dirt_lane_change_acados_pacejka/diag_dirt_lane_change_acados_pacejka.csv,,,1248,0.10909134292131013,0.363505,0.08014421975992612,5.998329639889198,7.43808,0.8569042342698854,2.271883012820513,4.045899999999999,137.08937078269932,82.11378,2.973699,0,chrono_body_contact,0,,,,,,,,0
mpc_tire_model_sweep,pacejka,standard,pacejka,tire_force_static,dirt,lane_change,7.0,8,104,/home/ksha/Documents/sbel/offroad-control/benchmarking/results/mpc_tire_model_sweep_20260827_162718/raw/0209_pacejka_dirt_lane_change_v7_b8_s104,ok,0,19.534576892852783,15.0,0.99,/home/ksha/Documents/sbel/offroad-control/benchmarking/results/mpc_tire_model_sweep_20260827_162718/raw/0209_pacejka_dirt_lane_change_v7_b8_s104/20260827_173445_251715_dirt_lane_change_acados_pacejka/diag_dirt_lane_change_acados_pacejka.csv,,,1248,0.1067702512201591,0.400635,0.07660293813481071,5.987013204062789,7.38143,0.8552876005803984,2.24573717948718,3.987099999999998,137.1919226146021,81.982393,2.943139,0,chrono_body_contact,0,,,,,,,,0
mpc_tire_model_sweep,pacejka,standard,pacejka,tire_force_static,dirt,lane_change,9.0,0,100,/home/ksha/Documents/sbel/offroad-control/benchmarking/results/mpc_tire_model_sweep_20260827_162718/raw/0210_pacejka_dirt_lane_change_v9_b0_s100,ok,0,19.137483835220337,15.0,0.99,/home/ksha/Documents/sbel/offroad-control/benchmarking/results/mpc_tire_model_sweep_20260827_162718/raw/0210_pacejka_dirt_lane_change_v9_b0_s100/20260827_173504_809393_dirt_lane_change_acados_pacejka/diag_dirt_lane_change_acados_pacejka.csv,,,1248,0.11222934413791681,0.374837,0.08065429916897505,6.18618134810711,8.7536,0.6873534831230121,2.916810897435897,4.8153,140.72034283787428,84.834608,2.931547,0,chrono_body_contact,0,,,,,,,,0
mpc_tire_model_sweep,pacejka,standard,pacejka,tire_force_static,dirt,lane_change,9.0,0,101,/home/ksha/Documents/sbel/offroad-control/benchmarking/results/mpc_tire_model_sweep_20260827_162718/raw/0211_pacejka_dirt_lane_change_v9_b0_s101,ok,0,19.136264085769653,15.0,0.99,/home/ksha/Documents/sbel/offroad-control/benchmarking/results/mpc_tire_model_sweep_20260827_162718/raw/0211_pacejka_dirt_lane_change_v9_b0_s101/20260827_173523_968825_dirt_lane_change_acados_pacejka/diag_dirt_lane_change_acados_pacejka.csv,,,1248,0.11734766435664314,0.425926,0.08231031209602954,6.175246722068328,8.75999,0.6861385246742587,3.0441826923076927,4.875899999999999,136.73123499971956,84.839371,3.026378,0,chrono_body_contact,0,,,,,,,,0
mpc_tire_model_sweep,pacejka,standard,pacejka,tire_force_static,dirt,lane_change,9.0,0,102,/home/ksha/Documents/sbel/offroad-control/benchmarking/results/mpc_tire_model_sweep_20260827_162718/raw/0212_pacejka_dirt_lane_change_v9_b0_s102,ok,0,19.182084321975708,15.0,0.99,/home/ksha/Documents/sbel/offroad-control/benchmarking/results/mpc_tire_model_sweep_20260827_162718/raw/0212_pacejka_dirt_lane_change_v9_b0_s102/20260827_173543_133615_dirt_lane_change_acados_pacejka/diag_dirt_lane_change_acados_pacejka.csv,,,1248,0.11826409493047293,0.420829,0.08501746722068328,6.171229178208679,8.766169999999999,0.6856921309120755,2.4418189102564107,3.890599999999999,142.19603586555937,84.664005,3.054274,0,chrono_body_contact,0,,,,,,,,0
mpc_tire_model_sweep,pacejka,standard,pacejka,tire_force_static,dirt,lane_change,9.0,0,103,/home/ksha/Documents/sbel/offroad-control/benchmarking/results/mpc_tire_model_sweep_20260827_162718/raw/0213_pacejka_dirt_lane_change_v9_b0_s103,ok,0,19.13507103919983,15.0,0.99,/home/ksha/Documents/sbel/offroad-control/benchmarking/results/mpc_tire_model_sweep_20260827_162718/raw/0213_pacejka_dirt_lane_change_v9_b0_s103/20260827_173602_337591_dirt_lane_change_acados_pacejka/diag_dirt_lane_change_acados_pacejka.csv,,,1247,0.11747836264919954,0.427786,0.08372674422899354,6.187314496768237,8.83039,0.6874793885298041,2.5403608660785886,4.0607999999999995,140.19246761010857,84.921105,3.059108,0,chrono_body_contact,0,,,,,,,,0
mpc_tire_model_sweep,pacejka,standard,pacejka,tire_force_static,dirt,lane_change,9.0,0,104,/home/ksha/Documents/sbel/offroad-control/benchmarking/results/mpc_tire_model_sweep_20260827_162718/raw/0214_pacejka_dirt_lane_change_v9_b0_s104,ok,0,19.140263557434082,15.0,0.99,/home/ksha/Documents/sbel/offroad-control/benchmarking/results/mpc_tire_model_sweep_20260827_162718/raw/0214_pacejka_dirt_lane_change_v9_b0_s104/20260827_173621_484565_dirt_lane_change_acados_pacejka/diag_dirt_lane_change_acados_pacejka.csv,,,1248,0.11416632886278485,0.456416,0.0817746463527239,6.180345614035088,8.758709999999999,0.6867050682261209,2.3823397435897435,3.7,140.12298101158768,84.834154,2.969556,0,chrono_body_contact,0,,,,,,,,0
mpc_tire_model_sweep,pacejka,standard,pacejka,tire_force_static,dirt,lane_change,9.0,4,100,/home/ksha/Documents/sbel/offroad-control/benchmarking/results/mpc_tire_model_sweep_20260827_162718/raw/0215_pacejka_dirt_lane_change_v9_b4_s100,ok,0,19.333263874053955,15.0,0.99,/home/ksha/Documents/sbel/offroad-control/benchmarking/results/mpc_tire_model_sweep_20260827_162718/raw/0215_pacejka_dirt_lane_change_v9_b4_s100/20260827_173640_636092_dirt_lane_change_acados_pacejka/diag_dirt_lane_change_acados_pacejka.csv,,,1248,0.11218969199329054,0.367669,0.0810728624192059,6.174341458910433,8.706719999999999,0.686037939878937,2.401690705128205,3.6853,140.5848338401409,84.782705,2.949672,0,chrono_body_contact,0,,,,,,,,0
mpc_tire_model_sweep,pacejka,standard,pacejka,tire_force_static,dirt,lane_change,9.0,4,101,/home/ksha/Documents/sbel/offroad-control/benchmarking/results/mpc_tire_model_sweep_20260827_162718/raw/0216_pacejka_dirt_lane_change_v9_b4_s101,ok,0,19.333189725875854,15.0,0.99,/home/ksha/Documents/sbel/offroad-control/benchmarking/results/mpc_tire_model_sweep_20260827_162718/raw/0216_pacejka_dirt_lane_change_v9_b4_s101/20260827_173659_988717_dirt_lane_change_acados_pacejka/diag_dirt_lane_change_acados_pacejka.csv,,,1248,0.11754859368553461,0.414158,0.08325595106186517,6.16152511542013,8.729529999999999,0.6846139017133477,2.795801282051282,4.835299999999999,136.56959623206376,84.812837,3.043443,0,chrono_body_contact,0,,,,,,,,0
mpc_tire_model_sweep,pacejka,standard,pacejka,tire_force_static,dirt,lane_change,9.0,4,102,/home/ksha/Documents/sbel/offroad-control/benchmarking/results/mpc_tire_model_sweep_20260827_162718/raw/0217_pacejka_dirt_lane_change_v9_b4_s102,ok,0,19.338995933532715,15.0,0.99,/home/ksha/Documents/sbel/offroad-control/benchmarking/results/mpc_tire_model_sweep_20260827_162718/raw/0217_pacejka_dirt_lane_change_v9_b4_s102/20260827_173719_340622_dirt_lane_change_acados_pacejka/diag_dirt_lane_change_acados_pacejka.csv,,,1248,0.11873207883349693,0.410655,0.08603562511542012,6.195728347183749,8.79959,0.6884142607981943,2.433397435897436,3.8152999999999997,142.33000462081975,85.09079,3.071061,0,chrono_body_contact,0,,,,,,,,0
mpc_tire_model_sweep,pacejka,standard,pacejka,tire_force_static,dirt,lane_change,9.0,4,103,/home/ksha/Documents/sbel/offroad-control/benchmarking/results/mpc_tire_model_sweep_20260827_162718/raw/0218_pacejka_dirt_lane_change_v9_b4_s103,ok,0,19.381481647491455,15.0,0.99,/home/ksha/Documents/sbel/offroad-control/benchmarking/results/mpc_tire_model_sweep_20260827_162718/raw/0218_pacejka_dirt_lane_change_v9_b4_s103/20260827_173738_715128_dirt_lane_change_acados_pacejka/diag_dirt_lane_change_acados_pacejka.csv,,,1248,0.11979299405232861,0.428437,0.08630957433056327,6.165493998153278,8.743609999999999,0.6850548886836976,2.4418349358974356,3.9052999999999995,140.11629222900973,84.758893,3.064334,0,chrono_body_contact,0,,,,,,,,0
mpc_tire_model_sweep,pacejka,standard,pacejka,tire_force_static,dirt,lane_change,9.0,4,104,/home/ksha/Documents/sbel/offroad-control/benchmarking/results/mpc_tire_model_sweep_20260827_162718/raw/0219_pacejka_dirt_lane_change_v9_b4_s104,ok,0,19.388752698898315,15.0,0.99,/home/ksha/Documents/sbel/offroad-control/benchmarking/results/mpc_tire_model_sweep_20260827_162718/raw/0219_pacejka_dirt_lane_change_v9_b4_s104/20260827_173758_115425_dirt_lane_change_acados_pacejka/diag_dirt_lane_change_acados_pacejka.csv,,,1248,0.1213412645887432,0.471424,0.08612626315789473,6.1708434903047085,8.73732,0.6856492767005231,2.420320512820513,3.79,140.22774847715203,84.848697,3.00239,0,chrono_body_contact,0,,,,,,,,0
mpc_tire_model_sweep,pacejka,standard,pacejka,tire_force_static,dirt,lane_change,9.0,8,100,/home/ksha/Documents/sbel/offroad-control/benchmarking/results/mpc_tire_model_sweep_20260827_162718/raw/0220_pacejka_dirt_lane_change_v9_b8_s100,ok,0,19.4870343208313,15.0,0.99,/home/ksha/Documents/sbel/offroad-control/benchmarking/results/mpc_tire_model_sweep_20260827_162718/raw/0220_pacejka_dirt_lane_change_v9_b8_s100/20260827_173817_515612_dirt_lane_change_acados_pacejka/diag_dirt_lane_change_acados_pacejka.csv,,,1248,0.11977290131831118,0.402568,0.08354776269621421,6.1889438596491235,8.33607,0.6876604288499026,3.014695512820513,4.8652999999999995,139.95132257260866,84.52381,2.997645,0,chrono_body_contact,0,,,,,,,,0
mpc_tire_model_sweep,pacejka,standard,pacejka,tire_force_static,dirt,lane_change,9.0,8,101,/home/ksha/Documents/sbel/offroad-control/benchmarking/results/mpc_tire_model_sweep_20260827_162718/raw/0221_pacejka_dirt_lane_change_v9_b8_s101,ok,0,19.486714124679565,15.0,0.99,/home/ksha/Documents/sbel/offroad-control/benchmarking/results/mpc_tire_model_sweep_20260827_162718/raw/0221_pacejka_dirt_lane_change_v9_b8_s101/20260827_173837_044582_dirt_lane_change_acados_pacejka/diag_dirt_lane_change_acados_pacejka.csv,,,1248,0.12562706929555587,0.450927,0.08854511819021237,6.191501754385965,8.37895,0.6879446393762183,2.493261217948718,4.247699999999997,135.87313793896897,84.760433,3.045223,0,chrono_body_contact,0,,,,,,,,0
mpc_tire_model_sweep,pacejka,standard,pacejka,tire_force_static,dirt,lane_change,9.0,8,102,/home/ksha/Documents/sbel/offroad-control/benchmarking/results/mpc_tire_model_sweep_20260827_162718/raw/0222_pacejka_dirt_lane_change_v9_b8_s102,ok,0,19.48711919784546,15.0,0.99,/home/ksha/Documents/sbel/offroad-control/benchmarking/results/mpc_tire_model_sweep_20260827_162718/raw/0222_pacejka_dirt_lane_change_v9_b8_s102/20260827_173856_547578_dirt_lane_change_acados_pacejka/diag_dirt_lane_change_acados_pacejka.csv,,,1247,0.12283511610206563,0.439096,0.0876789215143121,6.186027331486612,8.32082,0.6873363701651791,2.52943865276664,4.277799999999997,141.40402085689885,84.548857,3.118598,0,chrono_body_contact,0,,,,,,,,0
mpc_tire_model_sweep,pacejka,standard,pacejka,tire_force_static,dirt,lane_change,9.0,8,103,/home/ksha/Documents/sbel/offroad-control/benchmarking/results/mpc_tire_model_sweep_20260827_162718/raw/0223_pacejka_dirt_lane_change_v9_b8_s103,ok,0,19.488661527633667,15.0,0.99,/home/ksha/Documents/sbel/offroad-control/benchmarking/results/mpc_tire_model_sweep_20260827_162718/raw/0223_pacejka_dirt_lane_change_v9_b8_s103/20260827_173916_051867_dirt_lane_change_acados_pacejka/diag_dirt_lane_change_acados_pacejka.csv,,,1247,0.1263112895336763,0.454458,0.09022175253924283,6.188458264081256,8.355489999999998,0.6876064737868063,2.8940898155573374,4.2723999999999975,139.268070762321,84.61525,3.078359,0,chrono_body_contact,0,,,,,,,,0
mpc_tire_model_sweep,pacejka,standard,pacejka,tire_force_static,dirt,lane_change,9.0,8,104,/home/ksha/Documents/sbel/offroad-control/benchmarking/results/mpc_tire_model_sweep_20260827_162718/raw/0224_pacejka_dirt_lane_change_v9_b8_s104,ok,0,19.4874107837677,15.0,0.99,/home/ksha/Documents/sbel/offroad-control/benchmarking/results/mpc_tire_model_sweep_20260827_162718/raw/0224_pacejka_dirt_lane_change_v9_b8_s104/20260827_173935_551741_dirt_lane_change_acados_pacejka/diag_dirt_lane_change_acados_pacejka.csv,,,1248,0.12568568621445164,0.493309,0.08698474145891044,6.184369806094184,8.32204,0.6871522006771316,2.469463141025641,4.05,139.47768851841604,84.580327,3.001084,0,chrono_body_contact,0,,,,,,,,0
mpc_tire_model_sweep,pacejka,standard,pacejka,tire_force_static,dirt,right_left,5.0,0,100,/home/ksha/Documents/sbel/offroad-control/benchmarking/results/mpc_tire_model_sweep_20260827_162718/raw/0225_pacejka_dirt_right_left_v5_b0_s100,ok,0,19.132633686065674,15.0,0.99,/home/ksha/Documents/sbel/offroad-control/benchmarking/results/mpc_tire_model_sweep_20260827_162718/raw/0225_pacejka_dirt_right_left_v5_b0_s100/20260827_173955_069939_dirt_right_left_acados_pacejka/diag_dirt_right_left_acados_pacejka.csv,,,1248,0.4820337944917575,1.624639,0.2769809104339797,4.622485503231764,5.11009,0.9244971006463528,2.8550801282051284,4.605899999999999,128.29287053225926,39.220346,-32.507361,0,chrono_body_contact,0,,,,,,,,0
mpc_tire_model_sweep,pacejka,standard,pacejka,tire_force_static,dirt,right_left,5.0,0,101,/home/ksha/Documents/sbel/offroad-control/benchmarking/results/mpc_tire_model_sweep_20260827_162718/raw/0226_pacejka_dirt_right_left_v5_b0_s101,ok,0,19.13490867614746,15.0,0.99,/home/ksha/Documents/sbel/offroad-control/benchmarking/results/mpc_tire_model_sweep_20260827_162718/raw/0226_pacejka_dirt_right_left_v5_b0_s101/20260827_174014_210246_dirt_right_left_acados_pacejka/diag_dirt_right_left_acados_pacejka.csv,,,1247,0.48473988232312504,1.591567,0.27680795198522623,4.6425555863342565,5.17407,0.9285111172668513,2.8381074578989574,3.85,124.75122386904536,39.752179,-32.395848,0,chrono_body_contact,0,,,,,,,,0
mpc_tire_model_sweep,pacejka,standard,pacejka,tire_force_static,dirt,right_left,5.0,0,102,/home/ksha/Documents/sbel/offroad-control/benchmarking/results/mpc_tire_model_sweep_20260827_162718/raw/0227_pacejka_dirt_right_left_v5_b0_s102,ok,0,19.13474750518799,15.0,0.99,/home/ksha/Documents/sbel/offroad-control/benchmarking/results/mpc_tire_model_sweep_20260827_162718/raw/0227_pacejka_dirt_right_left_v5_b0_s102/20260827_174033_374672_dirt_right_left_acados_pacejka/diag_dirt_right_left_acados_pacejka.csv,,,1248,0.492708627380246,1.643235,0.2807501837488458,4.647912465373962,5.2388900000000005,0.9295824930747925,2.878157051282052,3.9852999999999996,129.75787467605588,39.698073,-32.42424,0,chrono_body_contact,0,,,,,,,,0
mpc_tire_model_sweep,pacejka,standard,pacejka,tire_force_static,dirt,right_left,5.0,0,103,/home/ksha/Documents/sbel/offroad-control/benchmarking/results/mpc_tire_model_sweep_20260827_162718/raw/0228_pacejka_dirt_right_left_v5_b0_s103,ok,0,19.13266158103943,15.0,0.99,/home/ksha/Documents/sbel/offroad-control/benchmarking/results/mpc_tire_model_sweep_20260827_162718/raw/0228_pacejka_dirt_right_left_v5_b0_s103/20260827_174052_520770_dirt_right_left_acados_pacejka/diag_dirt_right_left_acados_pacejka.csv,,,1248,0.4682309213357538,1.568457,0.2723684783010157,4.611005078485688,5.13187,0.9222010156971375,2.746730769230769,3.7805999999999993,127.93200575280852,39.202959,-32.386155,0,chrono_body_contact,0,,,,,,,,0
mpc_tire_model_sweep,pacejka,standard,pacejka,tire_force_static,dirt,right_left,5.0,0,104,/home/ksha/Documents/sbel/offroad-control/benchmarking/results/mpc_tire_model_sweep_20260827_162718/raw/0229_pacejka_dirt_right_left_v5_b0_s104,ok,0,19.13221502304077,15.0,0.99,/home/ksha/Documents/sbel/offroad-control/benchmarking/results/mpc_tire_model_sweep_20260827_162718/raw/0229_pacejka_dirt_right_left_v5_b0_s104/20260827_174111_690246_dirt_right_left_acados_pacejka/diag_dirt_right_left_acados_pacejka.csv,,,1247,0.4190463993324126,1.467926,0.2483522797783934,4.558976269621422,5.05609,0.9117952539242845,2.952389735364876,3.87,128.27822303036913,38.579454,-32.326019,0,chrono_body_contact,0,,,,,,,,0
mpc_tire_model_sweep,pacejka,standard,pacejka,tire_force_static,dirt,right_left,5.0,4,100,/home/ksha/Documents/sbel/offroad-control/benchmarking/results/mpc_tire_model_sweep_20260827_162718/raw/0230_pacejka_dirt_right_left_v5_b4_s100,ok,0,19.340229749679565,15.0,0.99,/home/ksha/Documents/sbel/offroad-control/benchmarking/results/mpc_tire_model_sweep_20260827_162718/raw/0230_pacejka_dirt_right_left_v5_b4_s100/20260827_174130_834415_dirt_right_left_acados_pacejka/diag_dirt_right_left_acados_pacejka.csv,,,1248,0.5107501731113069,1.812381,0.2839965503231764,4.602306648199446,5.17151,0.9204613296398891,2.7560176282051283,3.79,128.213865686482,39.048744,-32.719183,0,chrono_body_contact,0,,,,,,,,0
mpc_tire_model_sweep,pacejka,standard,pacejka,tire_force_static,dirt,right_left,5.0,4,101,/home/ksha/Documents/sbel/offroad-control/benchmarking/results/mpc_tire_model_sweep_20260827_162718/raw/0231_pacejka_dirt_right_left_v5_b4_s101,ok,0,19.383413791656494,15.0,0.99,/home/ksha/Documents/sbel/offroad-control/benchmarking/results/mpc_tire_model_sweep_20260827_162718/raw/0231_pacejka_dirt_right_left_v5_b4_s101/20260827_174150_190596_dirt_right_left_acados_pacejka/diag_dirt_right_left_acados_pacejka.csv,,,1248,0.42882087993417356,1.603539,0.24815157063711912,4.510578301015697,5.0521,0.9021156602031393,2.7509615384615382,3.7652999999999994,124.08333065642793,38.12538,-32.472943,0,chrono_body_contact,0,,,,,,,,0
mpc_tire_model_sweep,pacejka,standard,pacejka,tire_force_static,dirt,right_left,5.0,4,102,/home/ksha/Documents/sbel/offroad-control/benchmarking/results/mpc_tire_model_sweep_20260827_162718/raw/0232_pacejka_dirt_right_left_v5_b4_s102,ok,0,19.38340973854065,15.0,0.99,/home/ksha/Documents/sbel/offroad-control/benchmarking/results/mpc_tire_model_sweep_20260827_162718/raw/0232_pacejka_dirt_right_left_v5_b4_s102/20260827_174209_599360_dirt_right_left_acados_pacejka/diag_dirt_right_left_acados_pacejka.csv,,,1248,0.46209440321993656,1.602676,0.2682021181902124,4.577521698984303,5.130289999999999,0.9155043397968606,2.988629807692308,4.770599999999999,129.3489124081719,38.806292,-32.429876,0,chrono_body_contact,0,,,,,,,,0
mpc_tire_model_sweep,pacejka,standard,pacejka,tire_force_static,dirt,right_left,5.0,4,103,/home/ksha/Documents/sbel/offroad-control/benchmarking/results/mpc_tire_model_sweep_20260827_162718/raw/0233_pacejka_dirt_right_left_v5_b4_s103,ok,0,19.382782459259033,15.0,0.99,/home/ksha/Documents/sbel/offroad-control/benchmarking/results/mpc_tire_model_sweep_20260827_162718/raw/0233_pacejka_dirt_right_left_v5_b4_s103/20260827_174228_998034_dirt_right_left_acados_pacejka/diag_dirt_right_left_acados_pacejka.csv,,,1246,0.44972592490492985,1.666309,0.2598249704524469,4.529549861495845,5.0529,0.9059099722991689,2.7707704654895666,3.7809999999999993,127.34519614721434,38.163014,-32.532217,0,chrono_body_contact,0,,,,,,,,0
mpc_tire_model_sweep,pacejka,standard,pacejka,tire_force_static,dirt,right_left,5.0,4,104,/home/ksha/Documents/sbel/offroad-control/benchmarking/results/mpc_tire_model_sweep_20260827_162718/raw/0234_pacejka_dirt_right_left_v5_b4_s104,ok,0,19.3851478099823,15.0,0.99,/home/ksha/Documents/sbel/offroad-control/benchmarking/results/mpc_tire_model_sweep_20260827_162718/raw/0234_pacejka_dirt_right_left_v5_b4_s104/20260827_174248_401191_dirt_right_left_acados_pacejka/diag_dirt_right_left_acados_pacejka.csv,,,1248,0.4782237275758319,1.67941,0.2728040692520776,4.587983379501385,5.13408,0.917596675900277,2.767548076923077,3.8,128.5262029704087,38.989557,-32.564356,0,chrono_body_contact,0,,,,,,,,0
mpc_tire_model_sweep,pacejka,standard,pacejka,tire_force_static,dirt,right_left,5.0,8,100,/home/ksha/Documents/sbel/offroad-control/benchmarking/results/mpc_tire_model_sweep_20260827_162718/raw/0235_pacejka_dirt_right_left_v5_b8_s100,ok,0,19.485021114349365,15.0,0.99,/home/ksha/Documents/sbel/offroad-control/benchmarking/results/mpc_tire_model_sweep_20260827_162718/raw/0235_pacejka_dirt_right_left_v5_b8_s100/20260827_174307_802288_dirt_right_left_acados_pacejka/diag_dirt_right_left_acados_pacejka.csv,,,1248,0.37084530323780335,1.551269,0.2081540110803324,4.4149486611265,4.97077,0.8829897322253,3.510064102564103,4.8,127.05105279428727,36.282062,-32.494141,0,chrono_body_contact,0,,,,,,,,0
mpc_tire_model_sweep,pacejka,standard,pacejka,tire_force_static,dirt,right_left,5.0,8,101,/home/ksha/Documents/sbel/offroad-control/benchmarking/results/mpc_tire_model_sweep_20260827_162718/raw/0236_pacejka_dirt_right_left_v5_b8_s101,ok,0,19.49196481704712,15.0,0.99,/home/ksha/Documents/sbel/offroad-control/benchmarking/results/mpc_tire_model_sweep_20260827_162718/raw/0236_pacejka_dirt_right_left_v5_b8_s101/20260827_174327_319125_dirt_right_left_acados_pacejka/diag_dirt_right_left_acados_pacejka.csv,,,1248,0.3801394429725166,1.681835,0.20770218836565096,4.399927423822715,5.00659,0.879985484764543,2.803982371794872,3.8352999999999997,123.34711792461985,36.174236,-32.583373,0,chrono_body_contact,0,,,,,,,,0
mpc_tire_model_sweep,pacejka,standard,pacejka,tire_force_static,dirt,right_left,5.0,8,102,/home/ksha/Documents/sbel/offroad-control/benchmarking/results/mpc_tire_model_sweep_20260827_162718/raw/0237_pacejka_dirt_right_left_v5_b8_s102,ok,0,19.485544204711914,15.0,0.99,/home/ksha/Documents/sbel/offroad-control/benchmarking/results/mpc_tire_model_sweep_20260827_162718/raw/0237_pacejka_dirt_right_left_v5_b8_s102/20260827_174346_830722_dirt_right_left_acados_pacejka/diag_dirt_right_left_acados_pacejka.csv,,,1248,0.33162486444067135,1.294688,0.1963089298245614,4.3784270544783,4.9476700000000005,0.8756854108956601,2.6414102564102566,3.67,128.07348445575025,35.856318,-32.196525,0,chrono_body_contact,0,,,,,,,,0
mpc_tire_model_sweep,pacejka,standard,pacejka,tire_force_static,dirt,right_left,5.0,8,103,/home/ksha/Documents/sbel/offroad-control/benchmarking/results/mpc_tire_model_sweep_20260827_162718/raw/0238_pacejka_dirt_right_left_v5_b8_s103,ok,0,19.437283515930176,15.0,0.99,/home/ksha/Documents/sbel/offroad-control/benchmarking/results/mpc_tire_model_sweep_20260827_162718/raw/0238_pacejka_dirt_right_left_v5_b8_s103/20260827_174406_325643_dirt_right_left_acados_pacejka/diag_dirt_right_left_acados_pacejka.csv,,,1248,0.35221926114292157,1.454491,0.19995444228993536,4.393546168051707,5.002979999999999,0.8787092336103415,3.2553766025641027,4.76,126.58493391371375,36.129466,-32.396691,0,chrono_body_contact,0,,,,,,,,0
mpc_tire_model_sweep,pacejka,standard,pacejka,tire_force_static,dirt,right_left,5.0,8,104,/home/ksha/Documents/sbel/offroad-control/benchmarking/results/mpc_tire_model_sweep_20260827_162718/raw/0239_pacejka_dirt_right_left_v5_b8_s104,ok,0,19.486785650253296,15.0,0.99,/home/ksha/Documents/sbel/offroad-control/benchmarking/results/mpc_tire_model_sweep_20260827_162718/raw/0239_pacejka_dirt_right_left_v5_b8_s104/20260827_174425_781231_dirt_right_left_acados_pacejka/diag_dirt_right_left_acados_pacejka.csv,,,1248,0.381892891343733,1.630777,0.2099559602954755,4.423613665743306,5.09525,0.8847227331486612,2.6311778846153846,3.5552999999999995,127.4397390072547,36.518119,-32.621624,0,chrono_body_contact,0,,,,,,,,0
mpc_tire_model_sweep,pacejka,standard,pacejka,tire_force_static,dirt,right_left,7.0,0,100,/home/ksha/Documents/sbel/offroad-control/benchmarking/results/mpc_tire_model_sweep_20260827_162718/raw/0240_pacejka_dirt_right_left_v7_b0_s100,ok,0,19.134232997894287,15.0,0.99,/home/ksha/Documents/sbel/offroad-control/benchmarking/results/mpc_tire_model_sweep_20260827_162718/raw/0240_pacejka_dirt_right_left_v7_b0_s100/20260827_174445_284639_dirt_right_left_acados_pacejka/diag_dirt_right_left_acados_pacejka.csv,,,1248,2.2155512923855563,6.15279,1.1117501929824563,5.047030009233611,5.79558,0.7210042870333729,3.8819951923076927,10.413599999999997,130.81382613323893,41.191263,-36.964176,0,chrono_body_contact,0,,,,,,,,0
mpc_tire_model_sweep,pacejka,standard,pacejka,tire_force_static,dirt,right_left,7.0,0,101,/home/ksha/Documents/sbel/offroad-control/benchmarking/results/mpc_tire_model_sweep_20260827_162718/raw/0241_pacejka_dirt_right_left_v7_b0_s101,ok,0,19.132076263427734,15.0,0.99,/home/ksha/Documents/sbel/offroad-control/benchmarking/results/mpc_tire_model_sweep_20260827_162718/raw/0241_pacejka_dirt_right_left_v7_b0_s101/20260827_174504_447534_dirt_right_left_acados_pacejka/diag_dirt_right_left_acados_pacejka.csv,,,1248,1.7940341790818555,4.848154,0.9262967580794091,5.057160664819945,5.774100000000001,0.7224515235457065,4.004102564102564,6.045299999999999,127.3893836055276,42.475923,-35.399087,0,chrono_body_contact,0,,,,,,,,0
mpc_tire_model_sweep,pacejka,standard,pacejka,tire_force_static,dirt,right_left,7.0,0,102,/home/ksha/Documents/sbel/offroad-control/benchmarking/results/mpc_tire_model_sweep_20260827_162718/raw/0242_pacejka_dirt_right_left_v7_b0_s102,ok,0,19.134470462799072,15.0,0.99,/home/ksha/Documents/sbel/offroad-control/benchmarking/results/mpc_tire_model_sweep_20260827_162718/raw/0242_pacejka_dirt_right_left_v7_b0_s102/20260827_174523_606982_dirt_right_left_acados_pacejka/diag_dirt_right_left_acados_pacejka.csv,,,1248,1.745562244783724,4.695907,0.9017248162511541,5.062137211449676,5.83937,0.7231624587785251,3.867155448717949,6.018299999999997,132.29027671755915,42.511943,-35.271395,0,chrono_body_contact,0,,,,,,,,0
mpc_tire_model_sweep,pacejka,standard,pacejka,tire_force_static,dirt,right_left,7.0,0,103,/home/ksha/Documents/sbel/offroad-control/benchmarking/results/mpc_tire_model_sweep_20260827_162718/raw/0243_pacejka_dirt_right_left_v7_b0_s103,ok,0,19.134541749954224,15.0,0.99,/home/ksha/Documents/sbel/offroad-control/benchmarking/results/mpc_tire_model_sweep_20260827_162718/raw/0243_pacejka_dirt_right_left_v7_b0_s103/20260827_174542_779344_dirt_right_left_acados_pacejka/diag_dirt_right_left_acados_pacejka.csv,,,1248,1.7383330958883387,4.776472,0.8900777063711911,5.056290027700831,5.7661500000000006,0.7223271468144044,3.8467307692307693,5.64,130.66620067314335,42.557872,-35.329456,0,chrono_body_contact,0,,,,,,,,0
mpc_tire_model_sweep,pacejka,standard,pacejka,tire_force_static,dirt,right_left,7.0,0,104,/home/ksha/Documents/sbel/offroad-control/benchmarking/results/mpc_tire_model_sweep_20260827_162718/raw/0244_pacejka_dirt_right_left_v7_b0_s104,ok,0,19.13818359375,15.0,0.99,/home/ksha/Documents/sbel/offroad-control/benchmarking/results/mpc_tire_model_sweep_20260827_162718/raw/0244_pacejka_dirt_right_left_v7_b0_s104/20260827_174601_908232_dirt_right_left_acados_pacejka/diag_dirt_right_left_acados_pacejka.csv,,,1248,1.9386210820448286,5.331486,0.9895737017543859,5.055260941828255,5.73791,0.7221801345468936,3.47988782051282,8.490199999999962,131.53478528165803,41.963675,-35.898276,0,chrono_body_contact,0,,,,,,,,0
mpc_tire_model_sweep,pacejka,standard,pacejka,tire_force_static,dirt,right_left,7.0,4,100,/home/ksha/Documents/sbel/offroad-control/benchmarking/results/mpc_tire_model_sweep_20260827_162718/raw/0245_pacejka_dirt_right_left_v7_b4_s100,ok,0,19.334253549575806,15.0,0.99,/home/ksha/Documents/sbel/offroad-control/benchmarking/results/mpc_tire_model_sweep_20260827_162718/raw/0245_pacejka_dirt_right_left_v7_b4_s100/20260827_174621_066032_dirt_right_left_acados_pacejka/diag_dirt_right_left_acados_pacejka.csv,,,1248,1.7432623225151707,4.743619,0.9034097451523546,5.09455595567867,5.82512,0.7277937079540957,3.2903445512820517,5.135299999999999,131.1578770478916,43.270478,-35.456881,0,chrono_body_contact,0,,,,,,,,0
mpc_tire_model_sweep,pacejka,standard,pacejka,tire_force_static,dirt,right_left,7.0,4,101,/home/ksha/Documents/sbel/offroad-control/benchmarking/results/mpc_tire_model_sweep_20260827_162718/raw/0246_pacejka_dirt_right_left_v7_b4_s101,ok,0,19.39255452156067,15.0,0.99,/home/ksha/Documents/sbel/offroad-control/benchmarking/results/mpc_tire_model_sweep_20260827_162718/raw/0246_pacejka_dirt_right_left_v7_b4_s101/20260827_174640_438332_dirt_right_left_acados_pacejka/diag_dirt_right_left_acados_pacejka.csv,,,1248,1.6264529856951926,4.344758,0.8638311191135735,5.110397137580795,5.93017,0.7300567339401135,3.160616987179487,4.33,127.76248085795221,43.867144,-35.017525,0,chrono_body_contact,0,,,,,,,,0
mpc_tire_model_sweep,pacejka,standard,pacejka,tire_force_static,dirt,right_left,7.0,4,102,/home/ksha/Documents/sbel/offroad-control/benchmarking/results/mpc_tire_model_sweep_20260827_162718/raw/0247_pacejka_dirt_right_left_v7_b4_s102,ok,0,19.383212327957153,15.0,0.99,/home/ksha/Documents/sbel/offroad-control/benchmarking/results/mpc_tire_model_sweep_20260827_162718/raw/0247_pacejka_dirt_right_left_v7_b4_s102/20260827_174659_843708_dirt_right_left_acados_pacejka/diag_dirt_right_left_acados_pacejka.csv,,,1248,1.8279653788431005,4.861062,0.953430761772853,5.124570083102492,5.8551400000000005,0.7320814404432132,3.2514342948717947,4.661199999999998,132.70029759988444,43.545723,-35.380313,0,chrono_body_contact,0,,,,,,,,0
mpc_tire_model_sweep,pacejka,standard,pacejka,tire_force_static,dirt,right_left,7.0,4,103,/home/ksha/Documents/sbel/offroad-control/benchmarking/results/mpc_tire_model_sweep_20260827_162718/raw/0248_pacejka_dirt_right_left_v7_b4_s103,ok,0,19.383053302764893,15.0,0.99,/home/ksha/Documents/sbel/offroad-control/benchmarking/results/mpc_tire_model_sweep_20260827_162718/raw/0248_pacejka_dirt_right_left_v7_b4_s103/20260827_174719_243277_dirt_right_left_acados_pacejka/diag_dirt_right_left_acados_pacejka.csv,,,1248,1.7286901137050772,4.609217,0.9078479187442289,5.097391505078486,5.89289,0.7281987864397836,3.0870753205128207,4.340599999999999,130.97439472221944,43.514695,-35.097015,0,chrono_body_contact,0,,,,,,,,0
mpc_tire_model_sweep,pacejka,standard,pacejka,tire_force_static,dirt,right_left,7.0,4,104,/home/ksha/Documents/sbel/offroad-control/benchmarking/results/mpc_tire_model_sweep_20260827_162718/raw/0249_pacejka_dirt_right_left_v7_b4_s104,ok,0,19.38286519050598,15.0,0.99,/home/ksha/Documents/sbel/offroad-control/benchmarking/results/mpc_tire_model_sweep_20260827_162718/raw/0249_pacejka_dirt_right_left_v7_b4_s104/20260827_174738_634882_dirt_right_left_acados_pacejka/diag_dirt_right_left_acados_pacejka.csv,,,1248,2.1923686982029285,6.122669,1.1148636537396124,5.077037119113573,5.846539999999999,0.7252910170162247,3.4526762820512817,8.65139999999999,131.6607294269242,41.868137,-36.837691,0,chrono_body_contact,0,,,,,,,,0
mpc_tire_model_sweep,pacejka,standard,pacejka,tire_force_static,dirt,right_left,7.0,8,100,/home/ksha/Documents/sbel/offroad-control/benchmarking/results/mpc_tire_model_sweep_20260827_162718/raw/0250_pacejka_dirt_right_left_v7_b8_s100,ok,0,19.484907388687134,15.0,0.99,/home/ksha/Documents/sbel/offroad-control/benchmarking/results/mpc_tire_model_sweep_20260827_162718/raw/0250_pacejka_dirt_right_left_v7_b8_s100/20260827_174758_040840_dirt_right_left_acados_pacejka/diag_dirt_right_left_acados_pacejka.csv,,,1248,1.6800663190877292,4.645922,0.8462457377654662,5.025231117266852,5.72671,0.7178901596095503,3.2437259615384617,4.57,130.65637476528264,41.742323,-35.501112,0,chrono_body_contact,0,,,,,,,,0
mpc_tire_model_sweep,pacejka,standard,pacejka,tire_force_static,dirt,right_left,7.0,8,101,/home/ksha/Documents/sbel/offroad-control/benchmarking/results/mpc_tire_model_sweep_20260827_162718/raw/0251_pacejka_dirt_right_left_v7_b8_s101,ok,0,19.4803409576416,15.0,0.99,/home/ksha/Documents/sbel/offroad-control/benchmarking/results/mpc_tire_model_sweep_20260827_162718/raw/0251_pacejka_dirt_right_left_v7_b8_s101/20260827_174817_556410_dirt_right_left_acados_pacejka/diag_dirt_right_left_acados_pacejka.csv,,,1248,1.9631040683042609,5.635037,0.9631629279778394,4.997564912280701,5.62831,0.7139378446115288,3.416570512820513,7.484999999999959,126.80293930276412,40.34515,-36.417816,0,chrono_body_contact,0,,,,,,,,0
mpc_tire_model_sweep,pacejka,standard,pacejka,tire_force_static,dirt,right_left,7.0,8,102,/home/ksha/Documents/sbel/offroad-control/benchmarking/results/mpc_tire_model_sweep_20260827_162718/raw/0252_pacejka_dirt_right_left_v7_b8_s102,ok,0,19.506683349609375,15.0,0.99,/home/ksha/Documents/sbel/offroad-control/benchmarking/results/mpc_tire_model_sweep_20260827_162718/raw/0252_pacejka_dirt_right_left_v7_b8_s102/20260827_174837_050003_dirt_right_left_acados_pacejka/diag_dirt_right_left_acados_pacejka.csv,,,1248,1.6430266173621773,4.839546,0.8024418559556787,5.008181994459834,5.70414,0.7154545706371191,3.319919871794872,4.875299999999999,131.80774408632863,41.871647,-35.614936,0,chrono_body_contact,0,,,,,,,,0
mpc_tire_model_sweep,pacejka,standard,pacejka,tire_force_static,dirt,right_left,7.0,8,103,/home/ksha/Documents/sbel/offroad-control/benchmarking/results/mpc_tire_model_sweep_20260827_162718/raw/0253_pacejka_dirt_right_left_v7_b8_s103,ok,0,19.51217818260193,15.0,0.99,/home/ksha/Documents/sbel/offroad-control/benchmarking/results/mpc_tire_model_sweep_20260827_162718/raw/0253_pacejka_dirt_right_left_v7_b8_s103/20260827_174856_594497_dirt_right_left_acados_pacejka/diag_dirt_right_left_acados_pacejka.csv,,,1248,1.8357835369339488,5.139839,0.9185775586334257,5.009393813481072,5.7251199999999995,0.7156276876401532,3.2767548076923076,8.028299999999996,130.2625503296182,41.138316,-35.918466,0,chrono_body_contact,0,,,,,,,,0
mpc_tire_model_sweep,pacejka,standard,pacejka,tire_force_static,dirt,right_left,7.0,8,104,/home/ksha/Documents/sbel/offroad-control/benchmarking/results/mpc_tire_model_sweep_20260827_162718/raw/0254_pacejka_dirt_right_left_v7_b8_s104,ok,0,19.457032203674316,15.0,0.99,/home/ksha/Documents/sbel/offroad-control/benchmarking/results/mpc_tire_model_sweep_20260827_162718/raw/0254_pacejka_dirt_right_left_v7_b8_s104/20260827_174916_103175_dirt_right_left_acados_pacejka/diag_dirt_right_left_acados_pacejka.csv,,,1248,1.6219552139339708,4.710725,0.8036643204062789,5.020720036934441,5.7232899999999995,0.7172457195620631,3.133910256410257,4.2,131.2322604696767,42.211355,-35.452481,0,chrono_body_contact,0,,,,,,,,0
mpc_tire_model_sweep,pacejka,standard,pacejka,tire_force_static,dirt,right_left,9.0,0,100,/home/ksha/Documents/sbel/offroad-control/benchmarking/results/mpc_tire_model_sweep_20260827_162718/raw/0255_pacejka_dirt_right_left_v9_b0_s100,ok,0,19.173532247543335,15.0,0.99,/home/ksha/Documents/sbel/offroad-control/benchmarking/results/mpc_tire_model_sweep_20260827_162718/raw/0255_pacejka_dirt_right_left_v9_b0_s100/20260827_174935_585237_dirt_right_left_acados_pacejka/diag_dirt_right_left_acados_pacejka.csv,,,1248,1.845627696615983,4.849799,0.9711649556786706,5.128719575253924,5.83738,0.5698577305837693,3.3912259615384617,6.074199999999969,131.3997624269714,43.401498,-35.076562,0,chrono_body_contact,0,,,,,,,,0
mpc_tire_model_sweep,pacejka,standard,pacejka,tire_force_static,dirt,right_left,9.0,0,101,/home/ksha/Documents/sbel/offroad-control/benchmarking/results/mpc_tire_model_sweep_20260827_162718/raw/0256_pacejka_dirt_right_left_v9_b0_s101,ok,0,19.16761326789856,15.0,0.99,/home/ksha/Documents/sbel/offroad-control/benchmarking/results/mpc_tire_model_sweep_20260827_162718/raw/0256_pacejka_dirt_right_left_v9_b0_s101/20260827_174954_776941_dirt_right_left_acados_pacejka/diag_dirt_right_left_acados_pacejka.csv,,,1248,1.7987794718794134,4.837831,0.9247412973222531,5.082132779316713,5.792400000000001,0.5646814199240793,3.3961057692307692,6.073799999999988,127.5185942051335,43.310066,-35.305409,0,chrono_body_contact,0,,,,,,,,0
mpc_tire_model_sweep,pacejka,standard,pacejka,tire_force_static,dirt,right_left,9.0,0,102,/home/ksha/Documents/sbel/offroad-control/benchmarking/results/mpc_tire_model_sweep_20260827_162718/raw/0257_pacejka_dirt_right_left_v9_b0_s102,ok,0,19.17501425743103,15.0,0.99,/home/ksha/Documents/sbel/offroad-control/benchmarking/results/mpc_tire_model_sweep_20260827_162718/raw/0257_pacejka_dirt_right_left_v9_b0_s102/20260827_175013_970074_dirt_right_left_acados_pacejka/diag_dirt_right_left_acados_pacejka.csv,,,1248,1.7908118368899697,4.660988,0.9436452197599261,5.147169529085872,5.86713,0.5719077254539857,3.451794871794872,8.931799999999999,132.86598202114493,43.954235,-34.867262,0,chrono_body_contact,0,,,,,,,,0
mpc_tire_model_sweep,pacejka,standard,pacejka,tire_force_static,dirt,right_left,9.0,0,103,/home/ksha/Documents/sbel/offroad-control/benchmarking/results/mpc_tire_model_sweep_20260827_162718/raw/0258_pacejka_dirt_right_left_v9_b0_s103,ok,0,19.179933309555054,15.0,0.99,/home/ksha/Documents/sbel/offroad-control/benchmarking/results/mpc_tire_model_sweep_20260827_162718/raw/0258_pacejka_dirt_right_left_v9_b0_s103/20260827_175033_152720_dirt_right_left_acados_pacejka/diag_dirt_right_left_acados_pacejka.csv,,,1247,1.7356467854278108,4.52898,0.9175349824561403,5.121061218836565,5.89298,0.5690068020929516,3.35009623095429,6.128799999999919,131.0160246763785,43.828133,-34.774566,0,chrono_body_contact,0,,,,,,,,0
mpc_tire_model_sweep,pacejka,standard,pacejka,tire_force_static,dirt,right_left,9.0,0,104,/home/ksha/Documents/sbel/offroad-control/benchmarking/results/mpc_tire_model_sweep_20260827_162718/raw/0259_pacejka_dirt_right_left_v9_b0_s104,ok,0,19.178214073181152,15.0,0.99,/home/ksha/Documents/sbel/offroad-control/benchmarking/results/mpc_tire_model_sweep_20260827_162718/raw/0259_pacejka_dirt_right_left_v9_b0_s104/20260827_175052_346988_dirt_right_left_acados_pacejka/diag_dirt_right_left_acados_pacejka.csv,,,1247,1.7456733830112996,4.61982,0.9143760803324099,5.096642659279778,5.7815199999999995,0.5662936288088642,3.358388131515637,6.617999999999975,131.80892810846922,43.349479,-35.032564,0,chrono_body_contact,0,,,,,,,,0
mpc_tire_model_sweep,pacejka,standard,pacejka,tire_force_static,dirt,right_left,9.0,4,100,/home/ksha/Documents/sbel/offroad-control/benchmarking/results/mpc_tire_model_sweep_20260827_162718/raw/0260_pacejka_dirt_right_left_v9_b4_s100,ok,0,19.330268621444702,15.0,0.99,/home/ksha/Documents/sbel/offroad-control/benchmarking/results/mpc_tire_model_sweep_20260827_162718/raw/0260_pacejka_dirt_right_left_v9_b4_s100/20260827_175111_544654_dirt_right_left_acados_pacejka/diag_dirt_right_left_acados_pacejka.csv,,,1247,1.8935995025814703,4.994724,0.991249707294552,5.113159372114497,5.806159999999999,0.568128819123833,3.4172574178027264,6.911399999999985,131.3350871465785,43.422602,-35.246221,0,chrono_body_contact,0,,,,,,,,0
mpc_tire_model_sweep,pacejka,standard,pacejka,tire_force_static,dirt,right_left,9.0,4,101,/home/ksha/Documents/sbel/offroad-control/benchmarking/results/mpc_tire_model_sweep_20260827_162718/raw/0261_pacejka_dirt_right_left_v9_b4_s101,ok,0,19.377121925354004,15.0,0.99,/home/ksha/Documents/sbel/offroad-control/benchmarking/results/mpc_tire_model_sweep_20260827_162718/raw/0261_pacejka_dirt_right_left_v9_b4_s101/20260827_175130_896854_dirt_right_left_acados_pacejka/diag_dirt_right_left_acados_pacejka.csv,,,1248,1.86230842047609,4.860014,0.986902543859649,5.137126223453371,5.88038,0.5707918026059301,3.3520032051282054,8.5753,127.88610027814968,43.881598,-35.0736,0,chrono_body_contact,0,,,,,,,,0
mpc_tire_model_sweep,pacejka,standard,pacejka,tire_force_static,dirt,right_left,9.0,4,102,/home/ksha/Documents/sbel/offroad-control/benchmarking/results/mpc_tire_model_sweep_20260827_162718/raw/0262_pacejka_dirt_right_left_v9_b4_s102,ok,0,19.376049995422363,15.0,0.99,/home/ksha/Documents/sbel/offroad-control/benchmarking/results/mpc_tire_model_sweep_20260827_162718/raw/0262_pacejka_dirt_right_left_v9_b4_s102/20260827_175150_288208_dirt_right_left_acados_pacejka/diag_dirt_right_left_acados_pacejka.csv,,,1247,1.875632566126119,4.843667,0.9973074672206833,5.172966943674977,5.961139999999999,0.5747741048527752,3.7407137129109866,10.551399999999985,133.07085694348817,44.363191,-34.861001,0,chrono_body_contact,0,,,,,,,,0
mpc_tire_model_sweep,pacejka,standard,pacejka,tire_force_static,dirt,right_left,9.0,4,103,/home/ksha/Documents/sbel/offroad-control/benchmarking/results/mpc_tire_model_sweep_20260827_162718/raw/0263_pacejka_dirt_right_left_v9_b4_s103,ok,0,19.382548093795776,15.0,0.99,/home/ksha/Documents/sbel/offroad-control/benchmarking/results/mpc_tire_model_sweep_20260827_162718/raw/0263_pacejka_dirt_right_left_v9_b4_s103/20260827_175209_695421_dirt_right_left_acados_pacejka/diag_dirt_right_left_acados_pacejka.csv,,,1248,1.8665010805932858,4.976052,0.9766037940904894,5.094178301015697,5.7446399999999995,0.5660198112239664,3.619823717948718,10.618299999999998,130.99271901830974,43.444714,-35.315431,0,chrono_body_contact,0,,,,,,,,0
mpc_tire_model_sweep,pacejka,standard,pacejka,tire_force_static,dirt,right_left,9.0,4,104,/home/ksha/Documents/sbel/offroad-control/benchmarking/results/mpc_tire_model_sweep_20260827_162718/raw/0264_pacejka_dirt_right_left_v9_b4_s104,ok,0,19.385315895080566,15.0,0.99,/home/ksha/Documents/sbel/offroad-control/benchmarking/results/mpc_tire_model_sweep_20260827_162718/raw/0264_pacejka_dirt_right_left_v9_b4_s104/20260827_175229_096730_dirt_right_left_acados_pacejka/diag_dirt_right_left_acados_pacejka.csv,,,1248,1.8733577531905645,4.797651,0.9977768421052633,5.1523183748845796,5.91143,0.57247981943162,3.504479166666666,9.679599999999992,132.23676880778825,44.027921,-34.950619,0,chrono_body_contact,0,,,,,,,,0
mpc_tire_model_sweep,pacejka,standard,pacejka,tire_force_static,dirt,right_left,9.0,8,100,/home/ksha/Documents/sbel/offroad-control/benchmarking/results/mpc_tire_model_sweep_20260827_162718/raw/0265_pacejka_dirt_right_left_v9_b8_s100,ok,0,19.485076189041138,15.0,0.99,/home/ksha/Documents/sbel/offroad-control/benchmarking/results/mpc_tire_model_sweep_20260827_162718/raw/0265_pacejka_dirt_right_left_v9_b8_s100/20260827_175248_488075_dirt_right_left_acados_pacejka/diag_dirt_right_left_acados_pacejka.csv,,,1248,1.731661300114167,4.54564,0.8909626537396123,5.097819482917821,5.7888399999999995,0.5664243869908689,3.555504807692308,7.038299999999997,131.16977353434777,42.998639,-35.12003,0,chrono_body_contact,0,,,,,,,,0
mpc_tire_model_sweep,pacejka,standard,pacejka,tire_force_static,dirt,right_left,9.0,8,101,/home/ksha/Documents/sbel/offroad-control/benchmarking/results/mpc_tire_model_sweep_20260827_162718/raw/0266_pacejka_dirt_right_left_v9_b8_s101,ok,0,19.48623514175415,15.0,0.99,/home/ksha/Documents/sbel/offroad-control/benchmarking/results/mpc_tire_model_sweep_20260827_162718/raw/0266_pacejka_dirt_right_left_v9_b8_s101/20260827_175307_990693_dirt_right_left_acados_pacejka/diag_dirt_right_left_acados_pacejka.csv,,,1247,1.650738323775767,4.408647,0.8499768291782088,5.00419242843952,5.72448,0.5560213809377245,3.475958299919808,8.507799999999998,126.79866313853117,41.921829,-34.856313,0,chrono_body_contact,0,,,,,,,,0
mpc_tire_model_sweep,pacejka,standard,pacejka,tire_force_static,dirt,right_left,9.0,8,102,/home/ksha/Documents/sbel/offroad-control/benchmarking/results/mpc_tire_model_sweep_20260827_162718/raw/0267_pacejka_dirt_right_left_v9_b8_s102,ok,0,19.488174438476562,15.0,0.99,/home/ksha/Documents/sbel/offroad-control/benchmarking/results/mpc_tire_model_sweep_20260827_162718/raw/0267_pacejka_dirt_right_left_v9_b8_s102/20260827_175327_505140_dirt_right_left_acados_pacejka/diag_dirt_right_left_acados_pacejka.csv,,,1248,1.6319531414247432,4.347631,0.8355177830101569,5.021750969529086,5.67716,0.5579723299476762,3.8822355769230774,6.952999999999998,131.97444799091258,42.035453,-34.868273,0,chrono_body_contact,0,,,,,,,,0
mpc_tire_model_sweep,pacejka,standard,pacejka,tire_force_static,dirt,right_left,9.0,8,103,/home/ksha/Documents/sbel/offroad-control/benchmarking/results/mpc_tire_model_sweep_20260827_162718/raw/0268_pacejka_dirt_right_left_v9_b8_s103,ok,0,19.487252950668335,15.0,0.99,/home/ksha/Documents/sbel/offroad-control/benchmarking/results/mpc_tire_model_sweep_20260827_162718/raw/0268_pacejka_dirt_right_left_v9_b8_s103/20260827_175347_008091_dirt_right_left_acados_pacejka/diag_dirt_right_left_acados_pacejka.csv,,,1248,1.7247306139835776,4.523479,0.893104433979686,5.089202954755309,5.74819,0.565466994972812,3.4104407051282055,5.461199999999999,130.80725086231612,42.902274,-34.882528,0,chrono_body_contact,0,,,,,,,,0
mpc_tire_model_sweep,pacejka,standard,pacejka,tire_force_static,dirt,right_left,9.0,8,104,/home/ksha/Documents/sbel/offroad-control/benchmarking/results/mpc_tire_model_sweep_20260827_162718/raw/0269_pacejka_dirt_right_left_v9_b8_s104,ok,0,19.48421359062195,15.0,0.99,/home/ksha/Documents/sbel/offroad-control/benchmarking/results/mpc_tire_model_sweep_20260827_162718/raw/0269_pacejka_dirt_right_left_v9_b8_s104/20260827_175406_521340_dirt_right_left_acados_pacejka/diag_dirt_right_left_acados_pacejka.csv,,,1248,1.6070972761234417,4.223793,0.8336807469990767,5.043153924284395,5.7887699999999995,0.5603504360315994,4.1828365384615385,7.592999999999997,131.4956621184669,42.552731,-34.716655,0,chrono_body_contact,0,,,,,,,,0
mpc_tire_model_sweep,pacejka,standard,pacejka,tire_force_static,sand,sinusoidal,5.0,0,100,/home/ksha/Documents/sbel/offroad-control/benchmarking/results/mpc_tire_model_sweep_20260827_162718/raw/0270_pacejka_sand_sinusoidal_v5_b0_s100,ok,0,19.14054799079895,15.0,0.99,/home/ksha/Documents/sbel/offroad-control/benchmarking/results/mpc_tire_model_sweep_20260827_162718/raw/0270_pacejka_sand_sinusoidal_v5_b0_s100/20260827_175426_028598_sand_sinusoidal_acados_pacejka/diag_sand_sinusoidal_acados_pacejka.csv,,,1248,0.11658016434446969,0.411629,0.09237353462603878,3.505763065558633,5.1662,0.7011526131117266,2.102900641025641,3.43,123.09658834686826,46.176418,1.634676,0,chrono_body_contact,0,,,,,,,,0
mpc_tire_model_sweep,pacejka,standard,pacejka,tire_force_static,sand,sinusoidal,5.0,0,101,/home/ksha/Documents/sbel/offroad-control/benchmarking/results/mpc_tire_model_sweep_20260827_162718/raw/0271_pacejka_sand_sinusoidal_v5_b0_s101,ok,0,19.13906741142273,15.0,0.99,/home/ksha/Documents/sbel/offroad-control/benchmarking/results/mpc_tire_model_sweep_20260827_162718/raw/0271_pacejka_sand_sinusoidal_v5_b0_s101/20260827_175445_181644_sand_sinusoidal_acados_pacejka/diag_sand_sinusoidal_acados_pacejka.csv,,,1248,0.11083207794603347,0.361495,0.08811826038781163,3.433947460757156,5.14099,0.6867894921514311,2.1038862179487174,3.495899999999999,118.97755617763622,45.495475,1.906141,0,chrono_body_contact,0,,,,,,,,0
mpc_tire_model_sweep,pacejka,standard,pacejka,tire_force_static,sand,sinusoidal,5.0,0,102,/home/ksha/Documents/sbel/offroad-control/benchmarking/results/mpc_tire_model_sweep_20260827_162718/raw/0272_pacejka_sand_sinusoidal_v5_b0_s102,ok,0,19.135977268218994,15.0,0.99,/home/ksha/Documents/sbel/offroad-control/benchmarking/results/mpc_tire_model_sweep_20260827_162718/raw/0272_pacejka_sand_sinusoidal_v5_b0_s102/20260827_175504_351479_sand_sinusoidal_acados_pacejka/diag_sand_sinusoidal_acados_pacejka.csv,,,1248,0.11906385971236108,0.386698,0.09554659833795014,3.5639437673130194,5.22148,0.7127887534626038,2.7405048076923078,4.271799999999998,124.52321238048333,46.959881,1.499496,0,chrono_body_contact,0,,,,,,,,0
mpc_tire_model_sweep,pacejka,standard,pacejka,tire_force_static,sand,sinusoidal,5.0,0,103,/home/ksha/Documents/sbel/offroad-control/benchmarking/results/mpc_tire_model_sweep_20260827_162718/raw/0273_pacejka_sand_sinusoidal_v5_b0_s103,ok,0,19.138649225234985,15.0,0.99,/home/ksha/Documents/sbel/offroad-control/benchmarking/results/mpc_tire_model_sweep_20260827_162718/raw/0273_pacejka_sand_sinusoidal_v5_b0_s103/20260827_175523_505797_sand_sinusoidal_acados_pacejka/diag_sand_sinusoidal_acados_pacejka.csv,,,1247,0.11559703251458181,0.381813,0.09212938504155126,3.479078855032318,5.17808,0.6958157710064636,2.1595028067361666,3.393999999999996,122.07455247397891,45.926601,1.792573,0,chrono_body_contact,0,,,,,,,,0
mpc_tire_model_sweep,pacejka,standard,pacejka,tire_force_static,sand,sinusoidal,5.0,0,104,/home/ksha/Documents/sbel/offroad-control/benchmarking/results/mpc_tire_model_sweep_20260827_162718/raw/0274_pacejka_sand_sinusoidal_v5_b0_s104,ok,0,19.133248329162598,15.0,0.99,/home/ksha/Documents/sbel/offroad-control/benchmarking/results/mpc_tire_model_sweep_20260827_162718/raw/0274_pacejka_sand_sinusoidal_v5_b0_s104/20260827_175542_661643_sand_sinusoidal_acados_pacejka/diag_sand_sinusoidal_acados_pacejka.csv,,,1248,0.11397721204957471,0.392122,0.08907080055401662,3.40986703601108,5.16269,0.681973407202216,2.0784695512820512,3.310599999999999,122.31835321548702,45.030518,1.925353,0,chrono_body_contact,0,,,,,,,,0
mpc_tire_model_sweep,pacejka,standard,pacejka,tire_force_static,sand,sinusoidal,5.0,4,100,/home/ksha/Documents/sbel/offroad-control/benchmarking/results/mpc_tire_model_sweep_20260827_162718/raw/0275_pacejka_sand_sinusoidal_v5_b4_s100,ok,0,19.332252502441406,15.0,0.99,/home/ksha/Documents/sbel/offroad-control/benchmarking/results/mpc_tire_model_sweep_20260827_162718/raw/0275_pacejka_sand_sinusoidal_v5_b4_s100/20260827_175601_814326_sand_sinusoidal_acados_pacejka/diag_sand_sinusoidal_acados_pacejka.csv,,,1248,0.11662909071885032,0.427165,0.09337054847645429,3.728924469067405,5.11456,0.745784893813481,2.1109054487179484,3.565899999999999,123.96587900891186,49.089109,0.484845,0,chrono_body_contact,0,,,,,,,,0
mpc_tire_model_sweep,pacejka,standard,pacejka,tire_force_static,sand,sinusoidal,5.0,4,101,/home/ksha/Documents/sbel/offroad-control/benchmarking/results/mpc_tire_model_sweep_20260827_162718/raw/0276_pacejka_sand_sinusoidal_v5_b4_s101,ok,0,19.338046312332153,15.0,0.99,/home/ksha/Documents/sbel/offroad-control/benchmarking/results/mpc_tire_model_sweep_20260827_162718/raw/0276_pacejka_sand_sinusoidal_v5_b4_s101/20260827_175621_161181_sand_sinusoidal_acados_pacejka/diag_sand_sinusoidal_acados_pacejka.csv,,,1248,0.1136082191205152,0.379698,0.09055684118190212,3.429421606648199,5.04436,0.6858843213296397,2.3417147435897436,3.77,118.76571974737777,45.456477,1.914862,0,chrono_body_contact,0,,,,,,,,0
mpc_tire_model_sweep,pacejka,standard,pacejka,tire_force_static,sand,sinusoidal,5.0,4,102,/home/ksha/Documents/sbel/offroad-control/benchmarking/results/mpc_tire_model_sweep_20260827_162718/raw/0277_pacejka_sand_sinusoidal_v5_b4_s102,ok,0,19.390921115875244,15.0,0.99,/home/ksha/Documents/sbel/offroad-control/benchmarking/results/mpc_tire_model_sweep_20260827_162718/raw/0277_pacejka_sand_sinusoidal_v5_b4_s102/20260827_175640_528288_sand_sinusoidal_acados_pacejka/diag_sand_sinusoidal_acados_pacejka.csv,,,1248,0.11993431103715317,0.352986,0.09654299076638967,3.738818190212373,5.14059,0.7477636380424746,2.1234615384615383,3.355899999999999,124.95063500072945,49.245795,0.506974,0,chrono_body_contact,0,,,,,,,,0
mpc_tire_model_sweep,pacejka,standard,pacejka,tire_force_static,sand,sinusoidal,5.0,4,103,/home/ksha/Documents/sbel/offroad-control/benchmarking/results/mpc_tire_model_sweep_20260827_162718/raw/0278_pacejka_sand_sinusoidal_v5_b4_s103,ok,0,19.340279817581177,15.0,0.99,/home/ksha/Documents/sbel/offroad-control/benchmarking/results/mpc_tire_model_sweep_20260827_162718/raw/0278_pacejka_sand_sinusoidal_v5_b4_s103/20260827_175659_936180_sand_sinusoidal_acados_pacejka/diag_sand_sinusoidal_acados_pacejka.csv,,,1248,0.11242922570823677,0.374169,0.09020693998153279,3.666399630655586,5.06639,0.7332799261311173,2.1985256410256406,3.4252999999999996,122.66733635287568,48.369024,0.929519,0,chrono_body_contact,0,,,,,,,,0
mpc_tire_model_sweep,pacejka,standard,pacejka,tire_force_static,sand,sinusoidal,5.0,4,104,/home/ksha/Documents/sbel/offroad-control/benchmarking/results/mpc_tire_model_sweep_20260827_162718/raw/0279_pacejka_sand_sinusoidal_v5_b4_s104,ok,0,19.38095188140869,15.0,0.99,/home/ksha/Documents/sbel/offroad-control/benchmarking/results/mpc_tire_model_sweep_20260827_162718/raw/0279_pacejka_sand_sinusoidal_v5_b4_s104/20260827_175719_289686_sand_sinusoidal_acados_pacejka/diag_sand_sinusoidal_acados_pacejka.csv,,,1248,0.10067539760601071,0.291945,0.08269663157894737,3.3988495844875346,5.09529,0.6797699168975069,2.2443910256410255,3.825899999999999,122.16150357017926,44.985998,1.941709,0,chrono_body_contact,0,,,,,,,,0
mpc_tire_model_sweep,pacejka,standard,pacejka,tire_force_static,sand,sinusoidal,5.0,8,100,/home/ksha/Documents/sbel/offroad-control/benchmarking/results/mpc_tire_model_sweep_20260827_162718/raw/0280_pacejka_sand_sinusoidal_v5_b8_s100,ok,0,19.48615598678589,15.0,0.99,/home/ksha/Documents/sbel/offroad-control/benchmarking/results/mpc_tire_model_sweep_20260827_162718/raw/0280_pacejka_sand_sinusoidal_v5_b8_s100/20260827_175738_692328_sand_sinusoidal_acados_pacejka/diag_sand_sinusoidal_acados_pacejka.csv,,,1247,0.12300674079790878,0.424263,0.0987055373961219,3.6709670360110804,5.200189999999999,0.734193407202216,2.43943865276664,4.130799999999999,123.65623361608321,48.440334,0.804079,0,chrono_body_contact,0,,,,,,,,0
mpc_tire_model_sweep,pacejka,standard,pacejka,tire_force_static,sand,sinusoidal,5.0,8,101,/home/ksha/Documents/sbel/offroad-control/benchmarking/results/mpc_tire_model_sweep_20260827_162718/raw/0281_pacejka_sand_sinusoidal_v5_b8_s101,ok,0,19.532338619232178,15.0,0.99,/home/ksha/Documents/sbel/offroad-control/benchmarking/results/mpc_tire_model_sweep_20260827_162718/raw/0281_pacejka_sand_sinusoidal_v5_b8_s101/20260827_175758_196583_sand_sinusoidal_acados_pacejka/diag_sand_sinusoidal_acados_pacejka.csv,,,1248,0.12602759409214948,0.481046,0.09800178947368422,3.3022788550323177,5.20761,0.6604557710064636,2.056129807692308,3.22,118.11876889889798,43.749418,2.103655,0,chrono_body_contact,0,,,,,,,,0
mpc_tire_model_sweep,pacejka,standard,pacejka,tire_force_static,sand,sinusoidal,5.0,8,102,/home/ksha/Documents/sbel/offroad-control/benchmarking/results/mpc_tire_model_sweep_20260827_162718/raw/0282_pacejka_sand_sinusoidal_v5_b8_s102,ok,0,19.47591280937195,15.0,0.99,/home/ksha/Documents/sbel/offroad-control/benchmarking/results/mpc_tire_model_sweep_20260827_162718/raw/0282_pacejka_sand_sinusoidal_v5_b8_s102/20260827_175817_752619_sand_sinusoidal_acados_pacejka/diag_sand_sinusoidal_acados_pacejka.csv,,,1247,0.12358722711624591,0.376454,0.10092597229916898,3.541082640812558,5.21936,0.7082165281625116,2.2146431435445066,3.49,124.0118712477558,46.711475,1.579626,0,chrono_body_contact,0,,,,,,,,0
mpc_tire_model_sweep,pacejka,standard,pacejka,tire_force_static,sand,sinusoidal,5.0,8,103,/home/ksha/Documents/sbel/offroad-control/benchmarking/results/mpc_tire_model_sweep_20260827_162718/raw/0283_pacejka_sand_sinusoidal_v5_b8_s103,ok,0,19.53129243850708,15.0,0.99,/home/ksha/Documents/sbel/offroad-control/benchmarking/results/mpc_tire_model_sweep_20260827_162718/raw/0283_pacejka_sand_sinusoidal_v5_b8_s103/20260827_175837_244969_sand_sinusoidal_acados_pacejka/diag_sand_sinusoidal_acados_pacejka.csv,,,1247,0.1258670544572202,0.386047,0.10087416712834718,3.5324915050784855,5.226409999999999,0.7064983010156971,2.3953247794707297,3.9153999999999995,122.2387567918483,46.736686,1.55927,0,chrono_body_contact,0,,,,,,,,0
mpc_tire_model_sweep,pacejka,standard,pacejka,tire_force_static,sand,sinusoidal,5.0,8,104,/home/ksha/Documents/sbel/offroad-control/benchmarking/results/mpc_tire_model_sweep_20260827_162718/raw/0284_pacejka_sand_sinusoidal_v5_b8_s104,ok,0,19.481449842453003,15.0,0.99,/home/ksha/Documents/sbel/offroad-control/benchmarking/results/mpc_tire_model_sweep_20260827_162718/raw/0284_pacejka_sand_sinusoidal_v5_b8_s104/20260827_175856_793770_sand_sinusoidal_acados_pacejka/diag_sand_sinusoidal_acados_pacejka.csv,,,1247,0.12130086516688003,0.443156,0.09210419113573408,3.257423545706371,5.16873,0.6514847091412742,2.137802726543705,3.3815999999999984,121.50963148470848,43.044786,2.078616,0,chrono_body_contact,0,,,,,,,,0
mpc_tire_model_sweep,pacejka,standard,pacejka,tire_force_static,sand,sinusoidal,7.0,0,100,/home/ksha/Documents/sbel/offroad-control/benchmarking/results/mpc_tire_model_sweep_20260827_162718/raw/0285_pacejka_sand_sinusoidal_v7_b0_s100,ok,0,19.17467212677002,15.0,0.99,/home/ksha/Documents/sbel/offroad-control/benchmarking/results/mpc_tire_model_sweep_20260827_162718/raw/0285_pacejka_sand_sinusoidal_v7_b0_s100/20260827_175916_295295_sand_sinusoidal_acados_pacejka/diag_sand_sinusoidal_acados_pacejka.csv,,,1248,0.19972542432635731,0.648371,0.15525942012927055,3.7487453370267776,5.51591,0.5355350481466825,2.384823717948718,3.6052999999999997,124.66424399606231,49.036296,0.74924,0,chrono_body_contact,0,,,,,,,,0
mpc_tire_model_sweep,pacejka,standard,pacejka,tire_force_static,sand,sinusoidal,7.0,0,101,/home/ksha/Documents/sbel/offroad-control/benchmarking/results/mpc_tire_model_sweep_20260827_162718/raw/0286_pacejka_sand_sinusoidal_v7_b0_s101,ok,0,19.181748151779175,15.0,0.99,/home/ksha/Documents/sbel/offroad-control/benchmarking/results/mpc_tire_model_sweep_20260827_162718/raw/0286_pacejka_sand_sinusoidal_v7_b0_s101/20260827_175935_481638_sand_sinusoidal_acados_pacejka/diag_sand_sinusoidal_acados_pacejka.csv,,,1247,0.20659863086752786,0.622641,0.1611670406278855,3.6829875346260383,5.51321,0.5261410763751483,2.4668564554931836,3.8377999999999974,120.31297384039053,48.371246,1.225163,0,chrono_body_contact,0,,,,,,,,0
mpc_tire_model_sweep,pacejka,standard,pacejka,tire_force_static,sand,sinusoidal,7.0,0,102,/home/ksha/Documents/sbel/offroad-control/benchmarking/results/mpc_tire_model_sweep_20260827_162718/raw/0287_pacejka_sand_sinusoidal_v7_b0_s102,ok,0,19.133004903793335,15.0,0.99,/home/ksha/Documents/sbel/offroad-control/benchmarking/results/mpc_tire_model_sweep_20260827_162718/raw/0287_pacejka_sand_sinusoidal_v7_b0_s102/20260827_175954_684268_sand_sinusoidal_acados_pacejka/diag_sand_sinusoidal_acados_pacejka.csv,,,1248,0.21022066923245022,0.568466,0.16496968236380427,3.7879997229916906,5.4926699999999995,0.5411428175702415,2.4128365384615384,3.6458999999999993,125.99025885634174,49.516152,0.602679,0,chrono_body_contact,0,,,,,,,,0
mpc_tire_model_sweep,pacejka,standard,pacejka,tire_force_static,sand,sinusoidal,7.0,0,103,/home/ksha/Documents/sbel/offroad-control/benchmarking/results/mpc_tire_model_sweep_20260827_162718/raw/0288_pacejka_sand_sinusoidal_v7_b0_s103,ok,0,19.17690134048462,15.0,0.99,/home/ksha/Documents/sbel/offroad-control/benchmarking/results/mpc_tire_model_sweep_20260827_162718/raw/0288_pacejka_sand_sinusoidal_v7_b0_s103/20260827_180013_833591_sand_sinusoidal_acados_pacejka/diag_sand_sinusoidal_acados_pacejka.csv,,,1248,0.2024146230290756,0.587832,0.15899724007386887,3.788197414589104,5.50089,0.5411710592270149,2.439326923076923,3.65,123.9367589468913,49.612328,0.55309,0,chrono_body_contact,0,,,,,,,,0
mpc_tire_model_sweep,pacejka,standard,pacejka,tire_force_static,sand,sinusoidal,7.0,0,104,/home/ksha/Documents/sbel/offroad-control/benchmarking/results/mpc_tire_model_sweep_20260827_162718/raw/0289_pacejka_sand_sinusoidal_v7_b0_s104,ok,0,19.128676176071167,15.0,0.99,/home/ksha/Documents/sbel/offroad-control/benchmarking/results/mpc_tire_model_sweep_20260827_162718/raw/0289_pacejka_sand_sinusoidal_v7_b0_s104/20260827_180033_040288_sand_sinusoidal_acados_pacejka/diag_sand_sinusoidal_acados_pacejka.csv,,,1248,0.20185216352928995,0.59937,0.15651979316712833,3.7174228070175444,5.52098,0.5310604010025063,2.3718429487179487,3.59,124.15204812701343,48.731192,0.95535,0,chrono_body_contact,0,,,,,,,,0
mpc_tire_model_sweep,pacejka,standard,pacejka,tire_force_static,sand,sinusoidal,7.0,4,100,/home/ksha/Documents/sbel/offroad-control/benchmarking/results/mpc_tire_model_sweep_20260827_162718/raw/0290_pacejka_sand_sinusoidal_v7_b4_s100,ok,0,19.38170337677002,15.0,0.99,/home/ksha/Documents/sbel/offroad-control/benchmarking/results/mpc_tire_model_sweep_20260827_162718/raw/0290_pacejka_sand_sinusoidal_v7_b4_s100/20260827_180052_186616_sand_sinusoidal_acados_pacejka/diag_sand_sinusoidal_acados_pacejka.csv,,,1248,0.21005929620659225,0.626432,0.16415813481071098,3.9953011080332406,5.4747699999999995,0.5707573011476058,2.403044871794872,3.51,125.78483104240789,51.930469,-0.867742,0,chrono_body_contact,0,,,,,,,,0
mpc_tire_model_sweep,pacejka,standard,pacejka,tire_force_static,sand,sinusoidal,7.0,4,101,/home/ksha/Documents/sbel/offroad-control/benchmarking/results/mpc_tire_model_sweep_20260827_162718/raw/0291_pacejka_sand_sinusoidal_v7_b4_s101,ok,0,19.380840301513672,15.0,0.99,/home/ksha/Documents/sbel/offroad-control/benchmarking/results/mpc_tire_model_sweep_20260827_162718/raw/0291_pacejka_sand_sinusoidal_v7_b4_s101/20260827_180111_569959_sand_sinusoidal_acados_pacejka/diag_sand_sinusoidal_acados_pacejka.csv,,,1248,0.20852172873784183,0.608875,0.1619604644506002,3.777312096029547,5.48172,0.5396160137185068,2.38838141025641,3.4652999999999996,120.78433190329372,49.597434,0.620501,0,chrono_body_contact,0,,,,,,,,0
mpc_tire_model_sweep,pacejka,standard,pacejka,tire_force_static,sand,sinusoidal,7.0,4,102,/home/ksha/Documents/sbel/offroad-control/benchmarking/results/mpc_tire_model_sweep_20260827_162718/raw/0292_pacejka_sand_sinusoidal_v7_b4_s102,ok,0,19.38080883026123,15.0,0.99,/home/ksha/Documents/sbel/offroad-control/benchmarking/results/mpc_tire_model_sweep_20260827_162718/raw/0292_pacejka_sand_sinusoidal_v7_b4_s102/20260827_180130_976805_sand_sinusoidal_acados_pacejka/diag_sand_sinusoidal_acados_pacejka.csv,,,1248,0.2170541712038874,0.630313,0.1690593481071099,3.7893255771006458,5.47605,0.5413322253000923,2.5313060897435897,4.625299999999999,126.13525865977593,49.588745,0.556288,0,chrono_body_contact,0,,,,,,,,0
mpc_tire_model_sweep,pacejka,standard,pacejka,tire_force_static,sand,sinusoidal,7.0,4,103,/home/ksha/Documents/sbel/offroad-control/benchmarking/results/mpc_tire_model_sweep_20260827_162718/raw/0293_pacejka_sand_sinusoidal_v7_b4_s103,ok,0,19.333688259124756,15.0,0.99,/home/ksha/Documents/sbel/offroad-control/benchmarking/results/mpc_tire_model_sweep_20260827_162718/raw/0293_pacejka_sand_sinusoidal_v7_b4_s103/20260827_180150_373221_sand_sinusoidal_acados_pacejka/diag_sand_sinusoidal_acados_pacejka.csv,,,1248,0.19987708646219296,0.63724,0.1545670452446907,3.6964691597414587,5.46757,0.5280670228202083,2.3608092948717947,3.4505999999999992,123.64404504136371,48.56556,1.088629,0,chrono_body_contact,0,,,,,,,,0
mpc_tire_model_sweep,pacejka,standard,pacejka,tire_force_static,sand,sinusoidal,7.0,4,104,/home/ksha/Documents/sbel/offroad-control/benchmarking/results/mpc_tire_model_sweep_20260827_162718/raw/0294_pacejka_sand_sinusoidal_v7_b4_s104,ok,0,19.338675498962402,15.0,0.99,/home/ksha/Documents/sbel/offroad-control/benchmarking/results/mpc_tire_model_sweep_20260827_162718/raw/0294_pacejka_sand_sinusoidal_v7_b4_s104/20260827_180209_724496_sand_sinusoidal_acados_pacejka/diag_sand_sinusoidal_acados_pacejka.csv,,,1248,0.21383044129924514,0.64832,0.16616707017543858,3.7814089566020317,5.48638,0.540201279514576,2.622115384615385,4.73,124.4201853275741,49.571227,0.525618,0,chrono_body_contact,0,,,,,,,,0
mpc_tire_model_sweep,pacejka,standard,pacejka,tire_force_static,sand,sinusoidal,7.0,8,100,/home/ksha/Documents/sbel/offroad-control/benchmarking/results/mpc_tire_model_sweep_20260827_162718/raw/0295_pacejka_sand_sinusoidal_v7_b8_s100,ok,0,19.432690620422363,15.0,0.99,/home/ksha/Documents/sbel/offroad-control/benchmarking/results/mpc_tire_model_sweep_20260827_162718/raw/0295_pacejka_sand_sinusoidal_v7_b8_s100/20260827_180229_080527_sand_sinusoidal_acados_pacejka/diag_sand_sinusoidal_acados_pacejka.csv,,,1248,0.19353174735419904,0.551718,0.15484419852262232,3.668064727608495,5.385689999999999,0.5240092468012135,2.362660256410256,3.3552999999999997,124.30258432684465,48.063335,1.154064,0,chrono_body_contact,0,,,,,,,,0
mpc_tire_model_sweep,pacejka,standard,pacejka,tire_force_static,sand,sinusoidal,7.0,8,101,/home/ksha/Documents/sbel/offroad-control/benchmarking/results/mpc_tire_model_sweep_20260827_162718/raw/0296_pacejka_sand_sinusoidal_v7_b8_s101,ok,0,19.4332172870636,15.0,0.99,/home/ksha/Documents/sbel/offroad-control/benchmarking/results/mpc_tire_model_sweep_20260827_162718/raw/0296_pacejka_sand_sinusoidal_v7_b8_s101/20260827_180248_555654_sand_sinusoidal_acados_pacejka/diag_sand_sinusoidal_acados_pacejka.csv,,,1248,0.19853714485931875,0.56255,0.15844747553093258,3.6336209602954757,5.36927,0.5190887086136394,2.354447115384615,3.5252999999999997,119.93044876118968,47.807307,1.395581,0,chrono_body_contact,0,,,,,,,,0
mpc_tire_model_sweep,pacejka,standard,pacejka,tire_force_static,sand,sinusoidal,7.0,8,102,/home/ksha/Documents/sbel/offroad-control/benchmarking/results/mpc_tire_model_sweep_20260827_162718/raw/0297_pacejka_sand_sinusoidal_v7_b8_s102,ok,0,19.44103765487671,15.0,0.99,/home/ksha/Documents/sbel/offroad-control/benchmarking/results/mpc_tire_model_sweep_20260827_162718/raw/0297_pacejka_sand_sinusoidal_v7_b8_s102/20260827_180307_992723_sand_sinusoidal_acados_pacejka/diag_sand_sinusoidal_acados_pacejka.csv,,,1248,0.19435676163444776,0.510787,0.15660824284395197,3.590604709141274,5.37338,0.5129435298773248,2.506113782051282,3.7652999999999994,125.07072081786374,47.109998,1.605394,0,chrono_body_contact,0,,,,,,,,0
mpc_tire_model_sweep,pacejka,standard,pacejka,tire_force_static,sand,sinusoidal,7.0,8,103,/home/ksha/Documents/sbel/offroad-control/benchmarking/results/mpc_tire_model_sweep_20260827_162718/raw/0298_pacejka_sand_sinusoidal_v7_b8_s103,ok,0,19.490836143493652,15.0,0.99,/home/ksha/Documents/sbel/offroad-control/benchmarking/results/mpc_tire_model_sweep_20260827_162718/raw/0298_pacejka_sand_sinusoidal_v7_b8_s103/20260827_180327_469762_sand_sinusoidal_acados_pacejka/diag_sand_sinusoidal_acados_pacejka.csv,,,1247,0.19761410256909623,0.560835,0.16032994736842104,3.660295567867036,5.3709,0.522899366838148,2.5231275060144345,3.7253999999999996,123.14869530022777,48.066602,1.259541,0,chrono_body_contact,0,,,,,,,,0
mpc_tire_model_sweep,pacejka,standard,pacejka,tire_force_static,sand,sinusoidal,7.0,8,104,/home/ksha/Documents/sbel/offroad-control/benchmarking/results/mpc_tire_model_sweep_20260827_162718/raw/0299_pacejka_sand_sinusoidal_v7_b8_s104,ok,0,19.481319665908813,15.0,0.99,/home/ksha/Documents/sbel/offroad-control/benchmarking/results/mpc_tire_model_sweep_20260827_162718/raw/0299_pacejka_sand_sinusoidal_v7_b8_s104/20260827_180346_961884_sand_sinusoidal_acados_pacejka/diag_sand_sinusoidal_acados_pacejka.csv,,,1248,0.20143790483062787,0.523428,0.1613083407202216,3.7195896583564174,5.38534,0.531369951193774,2.3774198717948716,3.4452999999999996,123.99671010851209,48.844595,0.856293,0,chrono_body_contact,0,,,,,,,,0
mpc_tire_model_sweep,pacejka,standard,pacejka,tire_force_static,sand,sinusoidal,9.0,0,100,/home/ksha/Documents/sbel/offroad-control/benchmarking/results/mpc_tire_model_sweep_20260827_162718/raw/0300_pacejka_sand_sinusoidal_v9_b0_s100,ok,0,19.180282592773438,15.0,0.99,/home/ksha/Documents/sbel/offroad-control/benchmarking/results/mpc_tire_model_sweep_20260827_162718/raw/0300_pacejka_sand_sinusoidal_v9_b0_s100/20260827_180406_468176_sand_sinusoidal_acados_pacejka/diag_sand_sinusoidal_acados_pacejka.csv,,,1248,0.2064540742135074,0.647484,0.160831081255771,3.7517771006463527,5.51356,0.4168641222940392,2.4560576923076924,3.641199999999999,124.68740319295037,49.069176,0.742383,0,chrono_body_contact,0,,,,,,,,0
mpc_tire_model_sweep,pacejka,standard,pacejka,tire_force_static,sand,sinusoidal,9.0,0,101,/home/ksha/Documents/sbel/offroad-control/benchmarking/results/mpc_tire_model_sweep_20260827_162718/raw/0301_pacejka_sand_sinusoidal_v9_b0_s101,ok,0,19.1325786113739,15.0,0.99,/home/ksha/Documents/sbel/offroad-control/benchmarking/results/mpc_tire_model_sweep_20260827_162718/raw/0301_pacejka_sand_sinusoidal_v9_b0_s101/20260827_180425_666364_sand_sinusoidal_acados_pacejka/diag_sand_sinusoidal_acados_pacejka.csv,,,1248,0.20916335341614498,0.59538,0.16290277100646353,3.7333783933518,5.52644,0.41481982148353336,3.071666666666667,4.56,120.66733200879295,48.947561,0.963521,0,chrono_body_contact,0,,,,,,,,0
mpc_tire_model_sweep,pacejka,standard,pacejka,tire_force_static,sand,sinusoidal,9.0,0,102,/home/ksha/Documents/sbel/offroad-control/benchmarking/results/mpc_tire_model_sweep_20260827_162718/raw/0302_pacejka_sand_sinusoidal_v9_b0_s102,ok,0,19.18044948577881,15.0,0.99,/home/ksha/Documents/sbel/offroad-control/benchmarking/results/mpc_tire_model_sweep_20260827_162718/raw/0302_pacejka_sand_sinusoidal_v9_b0_s102/20260827_180444_826600_sand_sinusoidal_acados_pacejka/diag_sand_sinusoidal_acados_pacejka.csv,,,1247,0.21326506057190153,0.616557,0.16892586149584488,4.0836573407202215,5.5020500000000006,0.45373970452446905,2.5029190056134722,3.76,126.95818310304408,53.012708,-1.215507,0,chrono_body_contact,0,,,,,,,,0
mpc_tire_model_sweep,pacejka,standard,pacejka,tire_force_static,sand,sinusoidal,9.0,0,103,/home/ksha/Documents/sbel/offroad-control/benchmarking/results/mpc_tire_model_sweep_20260827_162718/raw/0303_pacejka_sand_sinusoidal_v9_b0_s103,ok,0,19.137015342712402,15.0,0.99,/home/ksha/Documents/sbel/offroad-control/benchmarking/results/mpc_tire_model_sweep_20260827_162718/raw/0303_pacejka_sand_sinusoidal_v9_b0_s103/20260827_180504_024899_sand_sinusoidal_acados_pacejka/diag_sand_sinusoidal_acados_pacejka.csv,,,1248,0.21086784452480514,0.575201,0.1664485060018467,3.759290766389658,5.50486,0.4176989740432953,2.4724198717948718,3.6653,123.98126251827756,49.185828,0.776823,0,chrono_body_contact,0,,,,,,,,0
mpc_tire_model_sweep,pacejka,standard,pacejka,tire_force_static,sand,sinusoidal,9.0,0,104,/home/ksha/Documents/sbel/offroad-control/benchmarking/results/mpc_tire_model_sweep_20260827_162718/raw/0304_pacejka_sand_sinusoidal_v9_b0_s104,ok,0,19.131489753723145,15.0,0.99,/home/ksha/Documents/sbel/offroad-control/benchmarking/results/mpc_tire_model_sweep_20260827_162718/raw/0304_pacejka_sand_sinusoidal_v9_b0_s104/20260827_180523_190605_sand_sinusoidal_acados_pacejka/diag_sand_sinusoidal_acados_pacejka.csv,,,1248,0.2135229564485774,0.60628,0.16745882179132043,3.8176880886426594,5.5167,0.42418756540473995,2.4674278846153848,3.6252999999999997,124.49574272712488,49.953374,0.326723,0,chrono_body_contact,0,,,,,,,,0
mpc_tire_model_sweep,pacejka,standard,pacejka,tire_force_static,sand,sinusoidal,9.0,4,100,/home/ksha/Documents/sbel/offroad-control/benchmarking/results/mpc_tire_model_sweep_20260827_162718/raw/0305_pacejka_sand_sinusoidal_v9_b4_s100,ok,0,19.428210735321045,15.0,0.99,/home/ksha/Documents/sbel/offroad-control/benchmarking/results/mpc_tire_model_sweep_20260827_162718/raw/0305_pacejka_sand_sinusoidal_v9_b4_s100/20260827_180542_340476_sand_sinusoidal_acados_pacejka/diag_sand_sinusoidal_acados_pacejka.csv,,,1248,0.21552906286023019,0.594077,0.17233026592797784,4.184657063711912,5.49239,0.4649618959679902,2.564967948717949,4.121199999999998,126.44429194732393,54.282393,-1.786299,0,chrono_body_contact,0,,,,,,,,0
mpc_tire_model_sweep,pacejka,standard,pacejka,tire_force_static,sand,sinusoidal,9.0,4,101,/home/ksha/Documents/sbel/offroad-control/benchmarking/results/mpc_tire_model_sweep_20260827_162718/raw/0306_pacejka_sand_sinusoidal_v9_b4_s101,ok,0,19.425403356552124,15.0,0.99,/home/ksha/Documents/sbel/offroad-control/benchmarking/results/mpc_tire_model_sweep_20260827_162718/raw/0306_pacejka_sand_sinusoidal_v9_b4_s101/20260827_180601_799488_sand_sinusoidal_acados_pacejka/diag_sand_sinusoidal_acados_pacejka.csv,,,1248,0.21195911487220387,0.603435,0.16432216712834719,3.7646,5.47636,0.41828888888888893,2.4621554487179487,3.5752999999999995,120.90284838943894,49.46752,0.684421,0,chrono_body_contact,0,,,,,,,,0
mpc_tire_model_sweep,pacejka,standard,pacejka,tire_force_static,sand,sinusoidal,9.0,4,102,/home/ksha/Documents/sbel/offroad-control/benchmarking/results/mpc_tire_model_sweep_20260827_162718/raw/0307_pacejka_sand_sinusoidal_v9_b4_s102,ok,0,19.330636978149414,15.0,0.99,/home/ksha/Documents/sbel/offroad-control/benchmarking/results/mpc_tire_model_sweep_20260827_162718/raw/0307_pacejka_sand_sinusoidal_v9_b4_s102/20260827_180621_226524_sand_sinusoidal_acados_pacejka/diag_sand_sinusoidal_acados_pacejka.csv,,,1248,0.2142920896918233,0.594429,0.16855864912280702,3.9763015697137583,5.46554,0.44181128552375093,2.4564342948717948,3.5352999999999994,126.68102317437908,51.707568,-0.633858,0,chrono_body_contact,0,,,,,,,,0
mpc_tire_model_sweep,pacejka,standard,pacejka,tire_force_static,sand,sinusoidal,9.0,4,103,/home/ksha/Documents/sbel/offroad-control/benchmarking/results/mpc_tire_model_sweep_20260827_162718/raw/0308_pacejka_sand_sinusoidal_v9_b4_s103,ok,0,19.329223155975342,15.0,0.99,/home/ksha/Documents/sbel/offroad-control/benchmarking/results/mpc_tire_model_sweep_20260827_162718/raw/0308_pacejka_sand_sinusoidal_v9_b4_s103/20260827_180640_575710_sand_sinusoidal_acados_pacejka/diag_sand_sinusoidal_acados_pacejka.csv,,,1248,0.2096724306726986,0.655827,0.16460702308402586,3.8518535549399813,5.48458,0.4279837283266646,2.4608173076923077,3.6653,124.15026073432875,50.374536,0.112022,0,chrono_body_contact,0,,,,,,,,0
mpc_tire_model_sweep,pacejka,standard,pacejka,tire_force_static,sand,sinusoidal,9.0,4,104,/home/ksha/Documents/sbel/offroad-control/benchmarking/results/mpc_tire_model_sweep_20260827_162718/raw/0309_pacejka_sand_sinusoidal_v9_b4_s104,ok,0,19.391891717910767,15.0,0.99,/home/ksha/Documents/sbel/offroad-control/benchmarking/results/mpc_tire_model_sweep_20260827_162718/raw/0309_pacejka_sand_sinusoidal_v9_b4_s104/20260827_180659_939967_sand_sinusoidal_acados_pacejka/diag_sand_sinusoidal_acados_pacejka.csv,,,1247,0.21184093888369104,0.662098,0.16366028347183748,3.7943710987996306,5.4702399999999995,0.42159678875551454,2.5741700080192462,3.7053999999999996,124.28615774040858,49.771933,0.407505,0,chrono_body_contact,0,,,,,,,,0
mpc_tire_model_sweep,pacejka,standard,pacejka,tire_force_static,sand,sinusoidal,9.0,8,100,/home/ksha/Documents/sbel/offroad-control/benchmarking/results/mpc_tire_model_sweep_20260827_162718/raw/0310_pacejka_sand_sinusoidal_v9_b8_s100,ok,0,19.489949703216553,15.0,0.99,/home/ksha/Documents/sbel/offroad-control/benchmarking/results/mpc_tire_model_sweep_20260827_162718/raw/0310_pacejka_sand_sinusoidal_v9_b8_s100/20260827_180719_343779_sand_sinusoidal_acados_pacejka/diag_sand_sinusoidal_acados_pacejka.csv,,,1248,0.19103780359467581,0.519433,0.1534011126500462,3.681779593721145,5.38053,0.40908662152457165,2.4250641025641024,3.525899999999999,124.26743170678864,48.199981,1.092546,0,chrono_body_contact,0,,,,,,,,0
mpc_tire_model_sweep,pacejka,standard,pacejka,tire_force_static,sand,sinusoidal,9.0,8,101,/home/ksha/Documents/sbel/offroad-control/benchmarking/results/mpc_tire_model_sweep_20260827_162718/raw/0311_pacejka_sand_sinusoidal_v9_b8_s101,ok,0,19.48691749572754,15.0,0.99,/home/ksha/Documents/sbel/offroad-control/benchmarking/results/mpc_tire_model_sweep_20260827_162718/raw/0311_pacejka_sand_sinusoidal_v9_b8_s101/20260827_180738_854796_sand_sinusoidal_acados_pacejka/diag_sand_sinusoidal_acados_pacejka.csv,,,1248,0.2050331818932275,0.544243,0.16485404247460755,3.8239742382271458,5.392379999999999,0.4248860264696829,2.53636217948718,4.55,121.03417609694253,50.23323,0.251212,0,chrono_body_contact,0,,,,,,,,0
mpc_tire_model_sweep,pacejka,standard,pacejka,tire_force_static,sand,sinusoidal,9.0,8,102,/home/ksha/Documents/sbel/offroad-control/benchmarking/results/mpc_tire_model_sweep_20260827_162718/raw/0312_pacejka_sand_sinusoidal_v9_b8_s102,ok,0,19.541587114334106,15.0,0.99,/home/ksha/Documents/sbel/offroad-control/benchmarking/results/mpc_tire_model_sweep_20260827_162718/raw/0312_pacejka_sand_sinusoidal_v9_b8_s102/20260827_180758_365894_sand_sinusoidal_acados_pacejka/diag_sand_sinusoidal_acados_pacejka.csv,,,1248,0.20830833557754871,0.495415,0.17029520498614958,3.738796306555863,5.387700000000001,0.41542181183954036,2.4951362179487178,3.620599999999999,125.64843540591146,49.000294,0.822784,0,chrono_body_contact,0,,,,,,,,0
mpc_tire_model_sweep,pacejka,standard,pacejka,tire_force_static,sand,sinusoidal,9.0,8,103,/home/ksha/Documents/sbel/offroad-control/benchmarking/results/mpc_tire_model_sweep_20260827_162718/raw/0313_pacejka_sand_sinusoidal_v9_b8_s103,ok,0,19.486525058746338,15.0,0.99,/home/ksha/Documents/sbel/offroad-control/benchmarking/results/mpc_tire_model_sweep_20260827_162718/raw/0313_pacejka_sand_sinusoidal_v9_b8_s103/20260827_180817_919144_sand_sinusoidal_acados_pacejka/diag_sand_sinusoidal_acados_pacejka.csv,,,1248,0.1994058006801321,0.554527,0.16249717082179133,3.7227125577100644,5.35151,0.4136347286344516,2.456546474358974,3.4953,123.48453548457849,48.829909,0.925082,0,chrono_body_contact,0,,,,,,,,0
mpc_tire_model_sweep,pacejka,standard,pacejka,tire_force_static,sand,sinusoidal,9.0,8,104,/home/ksha/Documents/sbel/offroad-control/benchmarking/results/mpc_tire_model_sweep_20260827_162718/raw/0314_pacejka_sand_sinusoidal_v9_b8_s104,ok,0,19.433213472366333,15.0,0.99,/home/ksha/Documents/sbel/offroad-control/benchmarking/results/mpc_tire_model_sweep_20260827_162718/raw/0314_pacejka_sand_sinusoidal_v9_b8_s104/20260827_180837_433088_sand_sinusoidal_acados_pacejka/diag_sand_sinusoidal_acados_pacejka.csv,,,1248,0.2010018879070299,0.519732,0.16196194275161588,3.7029084949215143,5.386079999999999,0.41143427721350156,2.423205128205128,3.5305999999999993,123.9003994577416,48.594413,0.969098,0,chrono_body_contact,0,,,,,,,,0
mpc_tire_model_sweep,pacejka,standard,pacejka,tire_force_static,sand,lane_change,5.0,0,100,/home/ksha/Documents/sbel/offroad-control/benchmarking/results/mpc_tire_model_sweep_20260827_162718/raw/0315_pacejka_sand_lane_change_v5_b0_s100,ok,0,19.138933897018433,15.0,0.99,/home/ksha/Documents/sbel/offroad-control/benchmarking/results/mpc_tire_model_sweep_20260827_162718/raw/0315_pacejka_sand_lane_change_v5_b0_s100/20260827_180856_928035_sand_lane_change_acados_pacejka/diag_sand_lane_change_acados_pacejka.csv,,,1248,0.060067108189801495,0.189062,0.04757527700831025,4.444966389658357,4.946400000000001,0.8889932779316714,1.6457692307692309,2.8805999999999994,127.16006581888458,61.839987,2.975947,0,chrono_body_contact,0,,,,,,,,0
mpc_tire_model_sweep,pacejka,standard,pacejka,tire_force_static,sand,lane_change,5.0,0,101,/home/ksha/Documents/sbel/offroad-control/benchmarking/results/mpc_tire_model_sweep_20260827_162718/raw/0316_pacejka_sand_lane_change_v5_b0_s101,ok,0,19.137676000595093,15.0,0.99,/home/ksha/Documents/sbel/offroad-control/benchmarking/results/mpc_tire_model_sweep_20260827_162718/raw/0316_pacejka_sand_lane_change_v5_b0_s101/20260827_180916_039776_sand_lane_change_acados_pacejka/diag_sand_lane_change_acados_pacejka.csv,,,1248,0.06329676132507703,0.251963,0.049913977839335176,4.498696214219761,5.02129,0.8997392428439521,1.6293910256410256,2.87,123.29525590050608,62.730966,3.041795,0,chrono_body_contact,0,,,,,,,,0
mpc_tire_model_sweep,pacejka,standard,pacejka,tire_force_static,sand,lane_change,5.0,0,102,/home/ksha/Documents/sbel/offroad-control/benchmarking/results/mpc_tire_model_sweep_20260827_162718/raw/0317_pacejka_sand_lane_change_v5_b0_s102,ok,0,19.13608741760254,15.0,0.99,/home/ksha/Documents/sbel/offroad-control/benchmarking/results/mpc_tire_model_sweep_20260827_162718/raw/0317_pacejka_sand_lane_change_v5_b0_s102/20260827_180935_200409_sand_lane_change_acados_pacejka/diag_sand_lane_change_acados_pacejka.csv,,,1248,0.06375123671659035,0.212621,0.04999654755309326,4.560568051708218,5.10216,0.9121136103416436,1.6412019230769233,2.8452999999999995,128.68888504304635,63.382233,3.071973,0,chrono_body_contact,0,,,,,,,,0
mpc_tire_model_sweep,pacejka,standard,pacejka,tire_force_static,sand,lane_change,5.0,0,103,/home/ksha/Documents/sbel/offroad-control/benchmarking/results/mpc_tire_model_sweep_20260827_162718/raw/0318_pacejka_sand_lane_change_v5_b0_s103,ok,0,19.136152982711792,15.0,0.99,/home/ksha/Documents/sbel/offroad-control/benchmarking/results/mpc_tire_model_sweep_20260827_162718/raw/0318_pacejka_sand_lane_change_v5_b0_s103/20260827_180954_356160_sand_lane_change_acados_pacejka/diag_sand_lane_change_acados_pacejka.csv,,,1248,0.06284781657675448,0.214289,0.04959353647276085,4.515538504155124,4.97281,0.9031077008310249,1.7095512820512824,3.6952999999999996,126.76670355378627,62.852762,3.051115,0,chrono_body_contact,0,,,,,,,,0
mpc_tire_model_sweep,pacejka,standard,pacejka,tire_force_static,sand,lane_change,5.0,0,104,/home/ksha/Documents/sbel/offroad-control/benchmarking/results/mpc_tire_model_sweep_20260827_162718/raw/0319_pacejka_sand_lane_change_v5_b0_s104,ok,0,19.141255617141724,15.0,0.99,/home/ksha/Documents/sbel/offroad-control/benchmarking/results/mpc_tire_model_sweep_20260827_162718/raw/0319_pacejka_sand_lane_change_v5_b0_s104/20260827_181013_515448_sand_lane_change_acados_pacejka/diag_sand_lane_change_acados_pacejka.csv,,,1248,0.06247716845789474,0.251839,0.049149838411819025,4.52709270544783,5.09048,0.9054185410895659,1.6417788461538463,2.8252999999999995,127.33927244020866,63.024466,2.992748,0,chrono_body_contact,0,,,,,,,,0
mpc_tire_model_sweep,pacejka,standard,pacejka,tire_force_static,sand,lane_change,5.0,4,100,/home/ksha/Documents/sbel/offroad-control/benchmarking/results/mpc_tire_model_sweep_20260827_162718/raw/0320_pacejka_sand_lane_change_v5_b4_s100,ok,0,19.336803436279297,15.0,0.99,/home/ksha/Documents/sbel/offroad-control/benchmarking/results/mpc_tire_model_sweep_20260827_162718/raw/0320_pacejka_sand_lane_change_v5_b4_s100/20260827_181032_677293_sand_lane_change_acados_pacejka/diag_sand_lane_change_acados_pacejka.csv,,,1248,0.0609221793107668,0.205371,0.04817148938134811,4.457340627885503,4.9263900000000005,0.8914681255771006,2.0816826923076923,2.9953,127.1948537882005,62.130275,2.977083,0,chrono_body_contact,0,,,,,,,,0
mpc_tire_model_sweep,pacejka,standard,pacejka,tire_force_static,sand,lane_change,5.0,4,101,/home/ksha/Documents/sbel/offroad-control/benchmarking/results/mpc_tire_model_sweep_20260827_162718/raw/0321_pacejka_sand_lane_change_v5_b4_s101,ok,0,19.38284206390381,15.0,0.99,/home/ksha/Documents/sbel/offroad-control/benchmarking/results/mpc_tire_model_sweep_20260827_162718/raw/0321_pacejka_sand_lane_change_v5_b4_s101/20260827_181052_040998_sand_lane_change_acados_pacejka/diag_sand_lane_change_acados_pacejka.csv,,,1248,0.06369630075166773,0.257868,0.05027863804247461,4.498357156048015,5.025079999999999,0.899671431209603,2.118389423076923,2.9,123.33186556608709,62.857385,3.048063,0,chrono_body_contact,0,,,,,,,,0
mpc_tire_model_sweep,pacejka,standard,pacejka,tire_force_static,sand,lane_change,5.0,4,102,/home/ksha/Documents/sbel/offroad-control/benchmarking/results/mpc_tire_model_sweep_20260827_162718/raw/0322_pacejka_sand_lane_change_v5_b4_s102,ok,0,19.336780548095703,15.0,0.99,/home/ksha/Documents/sbel/offroad-control/benchmarking/results/mpc_tire_model_sweep_20260827_162718/raw/0322_pacejka_sand_lane_change_v5_b4_s102/20260827_181111_438858_sand_lane_change_acados_pacejka/diag_sand_lane_change_acados_pacejka.csv,,,1247,0.06399212166067281,0.234865,0.05007196029547554,4.501134441366574,4.94508,0.9002268882733148,1.7458941459502808,3.66,128.3386319914003,62.730591,3.072347,0,chrono_body_contact,0,,,,,,,,0
mpc_tire_model_sweep,pacejka,standard,pacejka,tire_force_static,sand,lane_change,5.0,4,103,/home/ksha/Documents/sbel/offroad-control/benchmarking/results/mpc_tire_model_sweep_20260827_162718/raw/0323_pacejka_sand_lane_change_v5_b4_s103,ok,0,19.409690141677856,15.0,0.99,/home/ksha/Documents/sbel/offroad-control/benchmarking/results/mpc_tire_model_sweep_20260827_162718/raw/0323_pacejka_sand_lane_change_v5_b4_s103/20260827_181130_818868_sand_lane_change_acados_pacejka/diag_sand_lane_change_acados_pacejka.csv,,,1248,0.06293299355645586,0.211129,0.04983925854108956,4.5236963065558635,4.99667,0.9047392613111727,1.6628205128205127,2.891199999999999,126.86304778206848,63.089723,3.051391,0,chrono_body_contact,0,,,,,,,,0
mpc_tire_model_sweep,pacejka,standard,pacejka,tire_force_static,sand,lane_change,5.0,4,104,/home/ksha/Documents/sbel/offroad-control/benchmarking/results/mpc_tire_model_sweep_20260827_162718/raw/0324_pacejka_sand_lane_change_v5_b4_s104,ok,0,19.41139531135559,15.0,0.99,/home/ksha/Documents/sbel/offroad-control/benchmarking/results/mpc_tire_model_sweep_20260827_162718/raw/0324_pacejka_sand_lane_change_v5_b4_s104/20260827_181150_233994_sand_lane_change_acados_pacejka/diag_sand_lane_change_acados_pacejka.csv,,,1248,0.06275308415668797,0.251464,0.04917837857802401,4.496016989843029,4.9653599999999996,0.8992033979686058,1.6509054487179486,2.870599999999999,127.14603188257544,62.728514,2.994722,0,chrono_body_contact,0,,,,,,,,0
mpc_tire_model_sweep,pacejka,standard,pacejka,tire_force_static,sand,lane_change,5.0,8,100,/home/ksha/Documents/sbel/offroad-control/benchmarking/results/mpc_tire_model_sweep_20260827_162718/raw/0325_pacejka_sand_lane_change_v5_b8_s100,ok,0,19.510509967803955,15.0,0.99,/home/ksha/Documents/sbel/offroad-control/benchmarking/results/mpc_tire_model_sweep_20260827_162718/raw/0325_pacejka_sand_lane_change_v5_b8_s100/20260827_181209_665069_sand_lane_change_acados_pacejka/diag_sand_lane_change_acados_pacejka.csv,,,1247,0.060752231768345086,0.242337,0.048611322253000924,4.390634626038781,4.92406,0.8781269252077563,1.7477786688051324,3.6754,126.7920379889068,61.054598,2.989854,0,chrono_body_contact,0,,,,,,,,0
mpc_tire_model_sweep,pacejka,standard,pacejka,tire_force_static,sand,lane_change,5.0,8,101,/home/ksha/Documents/sbel/offroad-control/benchmarking/results/mpc_tire_model_sweep_20260827_162718/raw/0326_pacejka_sand_lane_change_v5_b8_s101,ok,0,19.530791521072388,15.0,0.99,/home/ksha/Documents/sbel/offroad-control/benchmarking/results/mpc_tire_model_sweep_20260827_162718/raw/0326_pacejka_sand_lane_change_v5_b8_s101/20260827_181229_195823_sand_lane_change_acados_pacejka/diag_sand_lane_change_acados_pacejka.csv,,,1248,0.062129282897698666,0.186929,0.05006540627885503,4.390890581717452,4.98909,0.8781781163434903,1.858565705128205,2.951199999999999,122.69626325346643,61.261551,3.055845,0,chrono_body_contact,0,,,,,,,,0
mpc_tire_model_sweep,pacejka,standard,pacejka,tire_force_static,sand,lane_change,5.0,8,102,/home/ksha/Documents/sbel/offroad-control/benchmarking/results/mpc_tire_model_sweep_20260827_162718/raw/0327_pacejka_sand_lane_change_v5_b8_s102,ok,0,19.530983448028564,15.0,0.99,/home/ksha/Documents/sbel/offroad-control/benchmarking/results/mpc_tire_model_sweep_20260827_162718/raw/0327_pacejka_sand_lane_change_v5_b8_s102/20260827_181248_748984_sand_lane_change_acados_pacejka/diag_sand_lane_change_acados_pacejka.csv,,,1248,0.06250256138079995,0.191877,0.0499411920590951,4.441722530009234,5.07365,0.8883445060018469,2.0462740384615383,3.1352999999999995,127.98960782486665,61.772538,3.08384,0,chrono_body_contact,0,,,,,,,,0
mpc_tire_model_sweep,pacejka,standard,pacejka,tire_force_static,sand,lane_change,5.0,8,103,/home/ksha/Documents/sbel/offroad-control/benchmarking/results/mpc_tire_model_sweep_20260827_162718/raw/0328_pacejka_sand_lane_change_v5_b8_s103,ok,0,19.433685541152954,15.0,0.99,/home/ksha/Documents/sbel/offroad-control/benchmarking/results/mpc_tire_model_sweep_20260827_162718/raw/0328_pacejka_sand_lane_change_v5_b8_s103/20260827_181308_293844_sand_lane_change_acados_pacejka/diag_sand_lane_change_acados_pacejka.csv,,,1248,0.06300867269902378,0.213334,0.04968553277931671,4.367948753462604,4.92868,0.8735897506925208,2.1846554487179484,3.345899999999999,125.95010622978454,60.852777,3.0644,0,chrono_body_contact,0,,,,,,,,0
mpc_tire_model_sweep,pacejka,standard,pacejka,tire_force_static,sand,lane_change,5.0,8,104,/home/ksha/Documents/sbel/offroad-control/benchmarking/results/mpc_tire_model_sweep_20260827_162718/raw/0329_pacejka_sand_lane_change_v5_b8_s104,ok,0,19.482693672180176,15.0,0.99,/home/ksha/Documents/sbel/offroad-control/benchmarking/results/mpc_tire_model_sweep_20260827_162718/raw/0329_pacejka_sand_lane_change_v5_b8_s104/20260827_181327_735271_sand_lane_change_acados_pacejka/diag_sand_lane_change_acados_pacejka.csv,,,1247,0.06116585556975289,0.243631,0.04895408402585411,4.406455586334256,5.10471,0.8812911172668512,1.7224779470729754,3.6815999999999987,126.62149577871934,61.372148,3.012104,0,chrono_body_contact,0,,,,,,,,0
mpc_tire_model_sweep,pacejka,standard,pacejka,tire_force_static,sand,lane_change,7.0,0,100,/home/ksha/Documents/sbel/offroad-control/benchmarking/results/mpc_tire_model_sweep_20260827_162718/raw/0330_pacejka_sand_lane_change_v7_b0_s100,ok,0,19.179924488067627,15.0,0.99,/home/ksha/Documents/sbel/offroad-control/benchmarking/results/mpc_tire_model_sweep_20260827_162718/raw/0330_pacejka_sand_lane_change_v7_b0_s100/20260827_181347_259952_sand_lane_change_acados_pacejka/diag_sand_lane_change_acados_pacejka.csv,,,1248,0.079234025878385,0.289802,0.060273182825484765,5.761557987072945,6.67127,0.8230797124389921,2.1712580128205126,4.051199999999999,135.59528272676732,78.967573,2.973632,0,chrono_body_contact,0,,,,,,,,0
mpc_tire_model_sweep,pacejka,standard,pacejka,tire_force_static,sand,lane_change,7.0,0,101,/home/ksha/Documents/sbel/offroad-control/benchmarking/results/mpc_tire_model_sweep_20260827_162718/raw/0331_pacejka_sand_lane_change_v7_b0_s101,ok,0,19.132375240325928,15.0,0.99,/home/ksha/Documents/sbel/offroad-control/benchmarking/results/mpc_tire_model_sweep_20260827_162718/raw/0331_pacejka_sand_lane_change_v7_b0_s101/20260827_181406_456900_sand_lane_change_acados_pacejka/diag_sand_lane_change_acados_pacejka.csv,,,1248,0.08101361275655966,0.298717,0.06225958171745152,5.764244413665743,6.66559,0.8234634876665348,2.160072115384615,3.91,131.6591034318848,79.216338,3.043809,0,chrono_body_contact,0,,,,,,,,0
mpc_tire_model_sweep,pacejka,standard,pacejka,tire_force_static,sand,lane_change,7.0,0,102,/home/ksha/Documents/sbel/offroad-control/benchmarking/results/mpc_tire_model_sweep_20260827_162718/raw/0332_pacejka_sand_lane_change_v7_b0_s102,ok,0,19.182509422302246,15.0,0.99,/home/ksha/Documents/sbel/offroad-control/benchmarking/results/mpc_tire_model_sweep_20260827_162718/raw/0332_pacejka_sand_lane_change_v7_b0_s102/20260827_181425_602062_sand_lane_change_acados_pacejka/diag_sand_lane_change_acados_pacejka.csv,,,1248,0.08128100550948804,0.254187,0.06287617174515235,5.7909954755309325,6.66376,0.8272850679329904,2.156386217948718,4.055299999999999,137.08564230392338,79.397536,3.07143,0,chrono_body_contact,0,,,,,,,,0
mpc_tire_model_sweep,pacejka,standard,pacejka,tire_force_static,sand,lane_change,7.0,0,103,/home/ksha/Documents/sbel/offroad-control/benchmarking/results/mpc_tire_model_sweep_20260827_162718/raw/0333_pacejka_sand_lane_change_v7_b0_s103,ok,0,19.13279962539673,15.0,0.99,/home/ksha/Documents/sbel/offroad-control/benchmarking/results/mpc_tire_model_sweep_20260827_162718/raw/0333_pacejka_sand_lane_change_v7_b0_s103/20260827_181444_806361_sand_lane_change_acados_pacejka/diag_sand_lane_change_acados_pacejka.csv,,,1248,0.08299773417389177,0.313007,0.06401057248384119,5.782129824561404,6.66158,0.8260185463659149,2.1504967948717946,3.9605999999999995,135.1865911675325,79.336719,3.047803,0,chrono_body_contact,0,,,,,,,,0
mpc_tire_model_sweep,pacejka,standard,pacejka,tire_force_static,sand,lane_change,7.0,0,104,/home/ksha/Documents/sbel/offroad-control/benchmarking/results/mpc_tire_model_sweep_20260827_162718/raw/0334_pacejka_sand_lane_change_v7_b0_s104,ok,0,19.13901710510254,15.0,0.99,/home/ksha/Documents/sbel/offroad-control/benchmarking/results/mpc_tire_model_sweep_20260827_162718/raw/0334_pacejka_sand_lane_change_v7_b0_s104/20260827_181503_962134_sand_lane_change_acados_pacejka/diag_sand_lane_change_acados_pacejka.csv,,,1247,0.08078618104472074,0.307037,0.061390072945521686,5.780782086795937,6.65112,0.8258260123994196,2.2262550120288696,4.3454,135.42879809387793,79.34223,2.986428,0,chrono_body_contact,0,,,,,,,,0
mpc_tire_model_sweep,pacejka,standard,pacejka,tire_force_static,sand,lane_change,7.0,4,100,/home/ksha/Documents/sbel/offroad-control/benchmarking/results/mpc_tire_model_sweep_20260827_162718/raw/0335_pacejka_sand_lane_change_v7_b4_s100,ok,0,19.386441469192505,15.0,0.99,/home/ksha/Documents/sbel/offroad-control/benchmarking/results/mpc_tire_model_sweep_20260827_162718/raw/0335_pacejka_sand_lane_change_v7_b4_s100/20260827_181523_121213_sand_lane_change_acados_pacejka/diag_sand_lane_change_acados_pacejka.csv,,,1248,0.08115179239829036,0.288168,0.06193961957525392,5.782420775623268,6.64566,0.826060110803324,2.1451121794871795,3.92,135.76258255116002,79.39615,2.987813,0,chrono_body_contact,0,,,,,,,,0
mpc_tire_model_sweep,pacejka,standard,pacejka,tire_force_static,sand,lane_change,7.0,4,101,/home/ksha/Documents/sbel/offroad-control/benchmarking/results/mpc_tire_model_sweep_20260827_162718/raw/0336_pacejka_sand_lane_change_v7_b4_s101,ok,0,19.332330226898193,15.0,0.99,/home/ksha/Documents/sbel/offroad-control/benchmarking/results/mpc_tire_model_sweep_20260827_162718/raw/0336_pacejka_sand_lane_change_v7_b4_s101/20260827_181542_521308_sand_lane_change_acados_pacejka/diag_sand_lane_change_acados_pacejka.csv,,,1248,0.08129409014243208,0.313212,0.0624462594644506,5.778046906740535,6.64623,0.8254352723915049,2.128557692307692,3.95,131.7686362119144,79.537842,3.038823,0,chrono_body_contact,0,,,,,,,,0
mpc_tire_model_sweep,pacejka,standard,pacejka,tire_force_static,sand,lane_change,7.0,4,102,/home/ksha/Documents/sbel/offroad-control/benchmarking/results/mpc_tire_model_sweep_20260827_162718/raw/0337_pacejka_sand_lane_change_v7_b4_s102,ok,0,19.38551640510559,15.0,0.99,/home/ksha/Documents/sbel/offroad-control/benchmarking/results/mpc_tire_model_sweep_20260827_162718/raw/0337_pacejka_sand_lane_change_v7_b4_s102/20260827_181601_873591_sand_lane_change_acados_pacejka/diag_sand_lane_change_acados_pacejka.csv,,,1248,0.08259934826139267,0.242746,0.06396552077562327,5.786460295475531,6.63233,0.826637185067933,2.663469551282051,4.8553,137.07330844400656,79.484431,3.071492,0,chrono_body_contact,0,,,,,,,,0
mpc_tire_model_sweep,pacejka,standard,pacejka,tire_force_static,sand,lane_change,7.0,4,103,/home/ksha/Documents/sbel/offroad-control/benchmarking/results/mpc_tire_model_sweep_20260827_162718/raw/0338_pacejka_sand_lane_change_v7_b4_s103,ok,0,19.384599208831787,15.0,0.99,/home/ksha/Documents/sbel/offroad-control/benchmarking/results/mpc_tire_model_sweep_20260827_162718/raw/0338_pacejka_sand_lane_change_v7_b4_s103/20260827_181621_296778_sand_lane_change_acados_pacejka/diag_sand_lane_change_acados_pacejka.csv,,,1248,0.08451353063476669,0.305918,0.06550996029547554,5.808224930747922,6.6437800000000005,0.8297464186782746,2.1660817307692306,3.855899999999999,135.3747729116941,79.822233,3.056401,0,chrono_body_contact,0,,,,,,,,0
mpc_tire_model_sweep,pacejka,standard,pacejka,tire_force_static,sand,lane_change,7.0,4,104,/home/ksha/Documents/sbel/offroad-control/benchmarking/results/mpc_tire_model_sweep_20260827_162718/raw/0339_pacejka_sand_lane_change_v7_b4_s104,ok,0,19.337807178497314,15.0,0.99,/home/ksha/Documents/sbel/offroad-control/benchmarking/results/mpc_tire_model_sweep_20260827_162718/raw/0339_pacejka_sand_lane_change_v7_b4_s104/20260827_181640_699659_sand_lane_change_acados_pacejka/diag_sand_lane_change_acados_pacejka.csv,,,1248,0.08307512720506409,0.309507,0.06321763711911356,5.77399649122807,6.628539999999999,0.8248566416040101,2.145536858974359,4.1164999999999985,135.4377313681406,79.399806,2.991123,0,chrono_body_contact,0,,,,,,,,0
mpc_tire_model_sweep,pacejka,standard,pacejka,tire_force_static,sand,lane_change,7.0,8,100,/home/ksha/Documents/sbel/offroad-control/benchmarking/results/mpc_tire_model_sweep_20260827_162718/raw/0340_pacejka_sand_lane_change_v7_b8_s100,ok,0,19.492698669433594,15.0,0.99,/home/ksha/Documents/sbel/offroad-control/benchmarking/results/mpc_tire_model_sweep_20260827_162718/raw/0340_pacejka_sand_lane_change_v7_b8_s100/20260827_181700_076022_sand_lane_change_acados_pacejka/diag_sand_lane_change_acados_pacejka.csv,,,1248,0.08074914798475064,0.294517,0.061558216989843026,5.593799538319483,6.327909999999999,0.7991142197599261,2.1762339743589743,4.18,134.4250807324524,76.788172,2.975815,0,chrono_body_contact,0,,,,,,,,0
mpc_tire_model_sweep,pacejka,standard,pacejka,tire_force_static,sand,lane_change,7.0,8,101,/home/ksha/Documents/sbel/offroad-control/benchmarking/results/mpc_tire_model_sweep_20260827_162718/raw/0341_pacejka_sand_lane_change_v7_b8_s101,ok,0,19.487776279449463,15.0,0.99,/home/ksha/Documents/sbel/offroad-control/benchmarking/results/mpc_tire_model_sweep_20260827_162718/raw/0341_pacejka_sand_lane_change_v7_b8_s101/20260827_181719_561029_sand_lane_change_acados_pacejka/diag_sand_lane_change_acados_pacejka.csv,,,1248,0.08200382256173698,0.306097,0.06317875346260388,5.607174238227147,6.371859999999999,0.8010248911753067,2.694839743589744,4.9064999999999985,130.34599243739513,77.162442,3.046665,0,chrono_body_contact,0,,,,,,,,0
mpc_tire_model_sweep,pacejka,standard,pacejka,tire_force_static,sand,lane_change,7.0,8,102,/home/ksha/Documents/sbel/offroad-control/benchmarking/results/mpc_tire_model_sweep_20260827_162718/raw/0342_pacejka_sand_lane_change_v7_b8_s102,ok,0,19.48598313331604,15.0,0.99,/home/ksha/Documents/sbel/offroad-control/benchmarking/results/mpc_tire_model_sweep_20260827_162718/raw/0342_pacejka_sand_lane_change_v7_b8_s102/20260827_181739_088301_sand_lane_change_acados_pacejka/diag_sand_lane_change_acados_pacejka.csv,,,1248,0.08101942757964495,0.27702,0.06234147368421053,5.59488457987073,6.30431,0.7992692256958185,2.1622275641025643,4.060599999999999,135.57608317284243,76.860721,3.075688,0,chrono_body_contact,0,,,,,,,,0
mpc_tire_model_sweep,pacejka,standard,pacejka,tire_force_static,sand,lane_change,7.0,8,103,/home/ksha/Documents/sbel/offroad-control/benchmarking/results/mpc_tire_model_sweep_20260827_162718/raw/0343_pacejka_sand_lane_change_v7_b8_s103,ok,0,19.486666917800903,15.0,0.99,/home/ksha/Documents/sbel/offroad-control/benchmarking/results/mpc_tire_model_sweep_20260827_162718/raw/0343_pacejka_sand_lane_change_v7_b8_s103/20260827_181758_594794_sand_lane_change_acados_pacejka/diag_sand_lane_change_acados_pacejka.csv,,,1248,0.08096461342782464,0.313186,0.062335727608494915,5.592179132040628,6.2738700000000005,0.7988827331486611,2.226554487179487,4.15,133.70298361360062,76.870273,3.043668,0,chrono_body_contact,0,,,,,,,,0
mpc_tire_model_sweep,pacejka,standard,pacejka,tire_force_static,sand,lane_change,7.0,8,104,/home/ksha/Documents/sbel/offroad-control/benchmarking/results/mpc_tire_model_sweep_20260827_162718/raw/0344_pacejka_sand_lane_change_v7_b8_s104,ok,0,19.585163593292236,15.0,0.99,/home/ksha/Documents/sbel/offroad-control/benchmarking/results/mpc_tire_model_sweep_20260827_162718/raw/0344_pacejka_sand_lane_change_v7_b8_s104/20260827_181818_079982_sand_lane_change_acados_pacejka/diag_sand_lane_change_acados_pacejka.csv,,,1248,0.08024718329371601,0.309666,0.060386152354570635,5.578749399815328,6.33009,0.7969641999736182,2.3948397435897437,5.1453,133.98089865292593,76.715092,2.995491,0,chrono_body_contact,0,,,,,,,,0
mpc_tire_model_sweep,pacejka,standard,pacejka,tire_force_static,sand,lane_change,9.0,0,100,/home/ksha/Documents/sbel/offroad-control/benchmarking/results/mpc_tire_model_sweep_20260827_162718/raw/0345_pacejka_sand_lane_change_v9_b0_s100,ok,0,19.141775846481323,15.0,0.99,/home/ksha/Documents/sbel/offroad-control/benchmarking/results/mpc_tire_model_sweep_20260827_162718/raw/0345_pacejka_sand_lane_change_v9_b0_s100/20260827_181837_694716_sand_lane_change_acados_pacejka/diag_sand_lane_change_acados_pacejka.csv,,,1248,0.09252396735103725,0.353161,0.0675315891043398,5.847220960295475,6.68649,0.6496912178106083,2.3809615384615386,4.18,136.17599121175266,80.096355,2.977554,0,chrono_body_contact,0,,,,,,,,0
mpc_tire_model_sweep,pacejka,standard,pacejka,tire_force_static,sand,lane_change,9.0,0,101,/home/ksha/Documents/sbel/offroad-control/benchmarking/results/mpc_tire_model_sweep_20260827_162718/raw/0346_pacejka_sand_lane_change_v9_b0_s101,ok,0,19.132357120513916,15.0,0.99,/home/ksha/Documents/sbel/offroad-control/benchmarking/results/mpc_tire_model_sweep_20260827_162718/raw/0346_pacejka_sand_lane_change_v9_b0_s101/20260827_181856_859513_sand_lane_change_acados_pacejka/diag_sand_lane_change_acados_pacejka.csv,,,1247,0.09366457830946616,0.38945,0.06929842012927055,5.834014127423823,6.6944,0.6482237919359803,3.0835605453087407,4.99,132.04622703496653,80.125742,3.049229,0,chrono_body_contact,0,,,,,,,,0
mpc_tire_model_sweep,pacejka,standard,pacejka,tire_force_static,sand,lane_change,9.0,0,102,/home/ksha/Documents/sbel/offroad-control/benchmarking/results/mpc_tire_model_sweep_20260827_162718/raw/0347_pacejka_sand_lane_change_v9_b0_s102,ok,0,19.179834365844727,15.0,0.99,/home/ksha/Documents/sbel/offroad-control/benchmarking/results/mpc_tire_model_sweep_20260827_162718/raw/0347_pacejka_sand_lane_change_v9_b0_s102/20260827_181915_995810_sand_lane_change_acados_pacejka/diag_sand_lane_change_acados_pacejka.csv,,,1248,0.09324651607532862,0.299185,0.07035994644506001,5.823225023084026,6.65646,0.6470250025648918,2.3671634615384614,4.05,137.3297408078511,79.834947,3.068032,0,chrono_body_contact,0,,,,,,,,0
mpc_tire_model_sweep,pacejka,standard,pacejka,tire_force_static,sand,lane_change,9.0,0,103,/home/ksha/Documents/sbel/offroad-control/benchmarking/results/mpc_tire_model_sweep_20260827_162718/raw/0348_pacejka_sand_lane_change_v9_b0_s103,ok,0,19.182377338409424,15.0,0.99,/home/ksha/Documents/sbel/offroad-control/benchmarking/results/mpc_tire_model_sweep_20260827_162718/raw/0348_pacejka_sand_lane_change_v9_b0_s103/20260827_181935_219641_sand_lane_change_acados_pacejka/diag_sand_lane_change_acados_pacejka.csv,,,1248,0.0963149658063717,0.359501,0.07249640073868882,5.820398430286242,6.6578,0.6467109366984714,2.7326522435897433,5.346499999999999,135.44077289085047,79.843415,3.055898,0,chrono_body_contact,0,,,,,,,,0
mpc_tire_model_sweep,pacejka,standard,pacejka,tire_force_static,sand,lane_change,9.0,0,104,/home/ksha/Documents/sbel/offroad-control/benchmarking/results/mpc_tire_model_sweep_20260827_162718/raw/0349_pacejka_sand_lane_change_v9_b0_s104,ok,0,19.17813992500305,15.0,0.99,/home/ksha/Documents/sbel/offroad-control/benchmarking/results/mpc_tire_model_sweep_20260827_162718/raw/0349_pacejka_sand_lane_change_v9_b0_s104/20260827_181954_422601_sand_lane_change_acados_pacejka/diag_sand_lane_change_acados_pacejka.csv,,,1248,0.09605942792703126,0.375515,0.07054898891966759,5.832445798707295,6.65858,0.6480495331896994,2.349206730769231,3.89,135.83467735115102,80.021762,3.005003,0,chrono_body_contact,0,,,,,,,,0
mpc_tire_model_sweep,pacejka,standard,pacejka,tire_force_static,sand,lane_change,9.0,4,100,/home/ksha/Documents/sbel/offroad-control/benchmarking/results/mpc_tire_model_sweep_20260827_162718/raw/0350_pacejka_sand_lane_change_v9_b4_s100,ok,0,19.335620403289795,15.0,0.99,/home/ksha/Documents/sbel/offroad-control/benchmarking/results/mpc_tire_model_sweep_20260827_162718/raw/0350_pacejka_sand_lane_change_v9_b4_s100/20260827_182013_597884_sand_lane_change_acados_pacejka/diag_sand_lane_change_acados_pacejka.csv,,,1247,0.09459582788103615,0.349698,0.06968437488457987,5.819594090489381,6.64985,0.6466215656099312,2.3759021651964716,3.9953999999999996,136.0110519572124,79.89372,2.984237,0,chrono_body_contact,0,,,,,,,,0
mpc_tire_model_sweep,pacejka,standard,pacejka,tire_force_static,sand,lane_change,9.0,4,101,/home/ksha/Documents/sbel/offroad-control/benchmarking/results/mpc_tire_model_sweep_20260827_162718/raw/0351_pacejka_sand_lane_change_v9_b4_s101,ok,0,19.381736040115356,15.0,0.99,/home/ksha/Documents/sbel/offroad-control/benchmarking/results/mpc_tire_model_sweep_20260827_162718/raw/0351_pacejka_sand_lane_change_v9_b4_s101/20260827_182032_962171_sand_lane_change_acados_pacejka/diag_sand_lane_change_acados_pacejka.csv,,,1248,0.09654123316293187,0.389955,0.07152225207756233,5.820338873499538,6.65039,0.6467043192777264,2.469511217948718,4.5653,132.08133139263143,80.108418,3.051463,0,chrono_body_contact,0,,,,,,,,0
mpc_tire_model_sweep,pacejka,standard,pacejka,tire_force_static,sand,lane_change,9.0,4,102,/home/ksha/Documents/sbel/offroad-control/benchmarking/results/mpc_tire_model_sweep_20260827_162718/raw/0352_pacejka_sand_lane_change_v9_b4_s102,ok,0,19.339121103286743,15.0,0.99,/home/ksha/Documents/sbel/offroad-control/benchmarking/results/mpc_tire_model_sweep_20260827_162718/raw/0352_pacejka_sand_lane_change_v9_b4_s102/20260827_182052_378104_sand_lane_change_acados_pacejka/diag_sand_lane_change_acados_pacejka.csv,,,1248,0.09540506034681934,0.305099,0.07214735734072024,5.817739704524469,6.63713,0.6464155227249411,2.3793108974358974,4.115899999999999,137.30807949556265,79.919358,3.067381,0,chrono_body_contact,0,,,,,,,,0
mpc_tire_model_sweep,pacejka,standard,pacejka,tire_force_static,sand,lane_change,9.0,4,103,/home/ksha/Documents/sbel/offroad-control/benchmarking/results/mpc_tire_model_sweep_20260827_162718/raw/0353_pacejka_sand_lane_change_v9_b4_s103,ok,0,19.388505935668945,15.0,0.99,/home/ksha/Documents/sbel/offroad-control/benchmarking/results/mpc_tire_model_sweep_20260827_162718/raw/0353_pacejka_sand_lane_change_v9_b4_s103/20260827_182111_725586_sand_lane_change_acados_pacejka/diag_sand_lane_change_acados_pacejka.csv,,,1248,0.09744677208907843,0.355017,0.07337208956602032,5.82436269621422,6.64153,0.6471514106904689,2.3643830128205128,4.08,135.4852953144563,80.053316,3.058063,0,chrono_body_contact,0,,,,,,,,0
mpc_tire_model_sweep,pacejka,standard,pacejka,tire_force_static,sand,lane_change,9.0,4,104,/home/ksha/Documents/sbel/offroad-control/benchmarking/results/mpc_tire_model_sweep_20260827_162718/raw/0354_pacejka_sand_lane_change_v9_b4_s104,ok,0,19.428833723068237,15.0,0.99,/home/ksha/Documents/sbel/offroad-control/benchmarking/results/mpc_tire_model_sweep_20260827_162718/raw/0354_pacejka_sand_lane_change_v9_b4_s104/20260827_182131_133656_sand_lane_change_acados_pacejka/diag_sand_lane_change_acados_pacejka.csv,,,1248,0.09621307505913726,0.368846,0.07138397691597415,5.804455216989844,6.62547,0.6449394685544271,2.3667307692307693,4.0752999999999995,135.64770691173106,79.814521,3.012698,0,chrono_body_contact,0,,,,,,,,0
mpc_tire_model_sweep,pacejka,standard,pacejka,tire_force_static,sand,lane_change,9.0,8,100,/home/ksha/Documents/sbel/offroad-control/benchmarking/results/mpc_tire_model_sweep_20260827_162718/raw/0355_pacejka_sand_lane_change_v9_b8_s100,ok,0,19.485307931900024,15.0,0.99,/home/ksha/Documents/sbel/offroad-control/benchmarking/results/mpc_tire_model_sweep_20260827_162718/raw/0355_pacejka_sand_lane_change_v9_b8_s100/20260827_182150_591718_sand_lane_change_acados_pacejka/diag_sand_lane_change_acados_pacejka.csv,,,1248,0.09454393597321066,0.360558,0.06909654385964913,5.666666851338874,6.332279999999999,0.6296296501487638,2.377964743589744,4.14,134.9355912396398,77.770515,2.968802,0,chrono_body_contact,0,,,,,,,,0
mpc_tire_model_sweep,pacejka,standard,pacejka,tire_force_static,sand,lane_change,9.0,8,101,/home/ksha/Documents/sbel/offroad-control/benchmarking/results/mpc_tire_model_sweep_20260827_162718/raw/0356_pacejka_sand_lane_change_v9_b8_s101,ok,0,19.486098527908325,15.0,0.99,/home/ksha/Documents/sbel/offroad-control/benchmarking/results/mpc_tire_model_sweep_20260827_162718/raw/0356_pacejka_sand_lane_change_v9_b8_s101/20260827_182210_092493_sand_lane_change_acados_pacejka/diag_sand_lane_change_acados_pacejka.csv,,,1248,0.09468850726041629,0.392336,0.07037391320406278,5.640796860572484,6.36954,0.6267552067302761,2.6171474358974356,5.1152999999999995,130.59244478419646,77.640344,3.042556,0,chrono_body_contact,0,,,,,,,,0
mpc_tire_model_sweep,pacejka,standard,pacejka,tire_force_static,sand,lane_change,9.0,8,102,/home/ksha/Documents/sbel/offroad-control/benchmarking/results/mpc_tire_model_sweep_20260827_162718/raw/0357_pacejka_sand_lane_change_v9_b8_s102,ok,0,19.483545303344727,15.0,0.99,/home/ksha/Documents/sbel/offroad-control/benchmarking/results/mpc_tire_model_sweep_20260827_162718/raw/0357_pacejka_sand_lane_change_v9_b8_s102/20260827_182229_601700_sand_lane_change_acados_pacejka/diag_sand_lane_change_acados_pacejka.csv,,,1247,0.09360869069710277,0.30885,0.07055803139427516,5.661666481994461,6.376429999999999,0.6290740535549401,2.4655573376102646,4.49,135.79903118111588,77.746234,3.071121,0,chrono_body_contact,0,,,,,,,,0
mpc_tire_model_sweep,pacejka,standard,pacejka,tire_force_static,sand,lane_change,9.0,8,103,/home/ksha/Documents/sbel/offroad-control/benchmarking/results/mpc_tire_model_sweep_20260827_162718/raw/0358_pacejka_sand_lane_change_v9_b8_s103,ok,0,19.48403787612915,15.0,0.99,/home/ksha/Documents/sbel/offroad-control/benchmarking/results/mpc_tire_model_sweep_20260827_162718/raw/0358_pacejka_sand_lane_change_v9_b8_s103/20260827_182249_108866_sand_lane_change_acados_pacejka/diag_sand_lane_change_acados_pacejka.csv,,,1248,0.09629587291020482,0.354328,0.07134205355493997,5.641919113573407,6.26556,0.6268799015081563,2.365857371794872,4.145899999999999,134.05622360111448,77.538825,3.041821,0,chrono_body_contact,0,,,,,,,,0
mpc_tire_model_sweep,pacejka,standard,pacejka,tire_force_static,sand,lane_change,9.0,8,104,/home/ksha/Documents/sbel/offroad-control/benchmarking/results/mpc_tire_model_sweep_20260827_162718/raw/0359_pacejka_sand_lane_change_v9_b8_s104,ok,0,19.489405870437622,15.0,0.99,/home/ksha/Documents/sbel/offroad-control/benchmarking/results/mpc_tire_model_sweep_20260827_162718/raw/0359_pacejka_sand_lane_change_v9_b8_s104/20260827_182308_608893_sand_lane_change_acados_pacejka/diag_sand_lane_change_acados_pacejka.csv,,,1248,0.09354708296160837,0.381714,0.0680188162511542,5.647771652816251,6.34856,0.6275301836462501,2.374807692307692,4.140599999999999,134.49368312213883,77.641467,2.997566,0,chrono_body_contact,0,,,,,,,,0
mpc_tire_model_sweep,pacejka,standard,pacejka,tire_force_static,sand,right_left,5.0,0,100,/home/ksha/Documents/sbel/offroad-control/benchmarking/results/mpc_tire_model_sweep_20260827_162718/raw/0360_pacejka_sand_right_left_v5_b0_s100,ok,0,19.14014720916748,15.0,0.99,/home/ksha/Documents/sbel/offroad-control/benchmarking/results/mpc_tire_model_sweep_20260827_162718/raw/0360_pacejka_sand_right_left_v5_b0_s100/20260827_182328_124254_sand_right_left_acados_pacejka/diag_sand_right_left_acados_pacejka.csv,,,1248,0.24276695728408026,0.886556,0.16181974976915975,4.341631763619575,4.92691,0.868326352723915,2.6651682692307688,3.7552999999999996,126.72226092168913,35.813861,-31.820622,0,chrono_body_contact,0,,,,,,,,0
mpc_tire_model_sweep,pacejka,standard,pacejka,tire_force_static,sand,right_left,5.0,0,101,/home/ksha/Documents/sbel/offroad-control/benchmarking/results/mpc_tire_model_sweep_20260827_162718/raw/0361_pacejka_sand_right_left_v5_b0_s101,ok,0,19.135507106781006,15.0,0.99,/home/ksha/Documents/sbel/offroad-control/benchmarking/results/mpc_tire_model_sweep_20260827_162718/raw/0361_pacejka_sand_right_left_v5_b0_s101/20260827_182347_265736_sand_right_left_acados_pacejka/diag_sand_right_left_acados_pacejka.csv,,,1248,0.2369617025203494,0.872491,0.15864625854108957,4.317482825484764,4.929819999999999,0.8634965650969528,2.6393028846153848,3.931199999999999,122.94940691375938,35.693441,-31.745149,0,chrono_body_contact,0,,,,,,,,0
mpc_tire_model_sweep,pacejka,standard,pacejka,tire_force_static,sand,right_left,5.0,0,102,/home/ksha/Documents/sbel/offroad-control/benchmarking/results/mpc_tire_model_sweep_20260827_162718/raw/0362_pacejka_sand_right_left_v5_b0_s102,ok,0,19.131097316741943,15.0,0.99,/home/ksha/Documents/sbel/offroad-control/benchmarking/results/mpc_tire_model_sweep_20260827_162718/raw/0362_pacejka_sand_right_left_v5_b0_s102/20260827_182406_444933_sand_right_left_acados_pacejka/diag_sand_right_left_acados_pacejka.csv,,,1248,0.24231845741093427,0.847609,0.16155279963065558,4.343620129270545,5.0102899999999995,0.868724025854109,2.6359134615384616,3.79,127.96667424366834,35.943759,-31.74218,0,chrono_body_contact,0,,,,,,,,0
mpc_tire_model_sweep,pacejka,standard,pacejka,tire_force_static,sand,right_left,5.0,0,103,/home/ksha/Documents/sbel/offroad-control/benchmarking/results/mpc_tire_model_sweep_20260827_162718/raw/0363_pacejka_sand_right_left_v5_b0_s103,ok,0,19.136361837387085,15.0,0.99,/home/ksha/Documents/sbel/offroad-control/benchmarking/results/mpc_tire_model_sweep_20260827_162718/raw/0363_pacejka_sand_right_left_v5_b0_s103/20260827_182425_587832_sand_right_left_acados_pacejka/diag_sand_right_left_acados_pacejka.csv,,,1248,0.251598711111536,0.955209,0.16318080701754384,4.353204709141274,5.0529,0.8706409418282549,3.219503205128205,4.7105999999999995,126.47479074012057,36.136317,-31.845862,0,chrono_body_contact,0,,,,,,,,0
mpc_tire_model_sweep,pacejka,standard,pacejka,tire_force_static,sand,right_left,5.0,0,104,/home/ksha/Documents/sbel/offroad-control/benchmarking/results/mpc_tire_model_sweep_20260827_162718/raw/0364_pacejka_sand_right_left_v5_b0_s104,ok,0,19.134992837905884,15.0,0.99,/home/ksha/Documents/sbel/offroad-control/benchmarking/results/mpc_tire_model_sweep_20260827_162718/raw/0364_pacejka_sand_right_left_v5_b0_s104/20260827_182444_744201_sand_right_left_acados_pacejka/diag_sand_right_left_acados_pacejka.csv,,,1248,0.25549269142413217,0.924624,0.1674757765466297,4.34362216066482,5.00581,0.868724432132964,2.661979166666667,3.73,127.09471244160153,35.946695,-31.891961,0,chrono_body_contact,0,,,,,,,,0
mpc_tire_model_sweep,pacejka,standard,pacejka,tire_force_static,sand,right_left,5.0,4,100,/home/ksha/Documents/sbel/offroad-control/benchmarking/results/mpc_tire_model_sweep_20260827_162718/raw/0365_pacejka_sand_right_left_v5_b4_s100,ok,0,19.385836839675903,15.0,0.99,/home/ksha/Documents/sbel/offroad-control/benchmarking/results/mpc_tire_model_sweep_20260827_162718/raw/0365_pacejka_sand_right_left_v5_b4_s100/20260827_182503_915430_sand_right_left_acados_pacejka/diag_sand_right_left_acados_pacejka.csv,,,1248,0.24915327332056242,0.958713,0.1619998024007387,4.315433702677747,4.99094,0.8630867405355493,2.6587740384615386,3.7152999999999996,126.67282401194012,35.518767,-31.886256,0,chrono_body_contact,0,,,,,,,,0
mpc_tire_model_sweep,pacejka,standard,pacejka,tire_force_static,sand,right_left,5.0,4,101,/home/ksha/Documents/sbel/offroad-control/benchmarking/results/mpc_tire_model_sweep_20260827_162718/raw/0366_pacejka_sand_right_left_v5_b4_s101,ok,0,19.329569101333618,15.0,0.99,/home/ksha/Documents/sbel/offroad-control/benchmarking/results/mpc_tire_model_sweep_20260827_162718/raw/0366_pacejka_sand_right_left_v5_b4_s101/20260827_182523_312878_sand_right_left_acados_pacejka/diag_sand_right_left_acados_pacejka.csv,,,1248,0.2537198011108958,0.978327,0.1651002105263158,4.323532132963988,4.9653,0.8647064265927977,2.6128525641025644,3.55,123.01324419736908,35.844643,-31.85026,0,chrono_body_contact,0,,,,,,,,0
mpc_tire_model_sweep,pacejka,standard,pacejka,tire_force_static,sand,right_left,5.0,4,102,/home/ksha/Documents/sbel/offroad-control/benchmarking/results/mpc_tire_model_sweep_20260827_162718/raw/0367_pacejka_sand_right_left_v5_b4_s102,ok,0,19.335168838500977,15.0,0.99,/home/ksha/Documents/sbel/offroad-control/benchmarking/results/mpc_tire_model_sweep_20260827_162718/raw/0367_pacejka_sand_right_left_v5_b4_s102/20260827_182542_654207_sand_right_left_acados_pacejka/diag_sand_right_left_acados_pacejka.csv,,,1248,0.28620305069971014,1.084098,0.17811603878116344,4.3825132963988915,5.12266,0.8765026592797783,2.643453525641026,3.6952999999999996,128.20670243873462,36.547292,-31.978007,0,chrono_body_contact,0,,,,,,,,0
mpc_tire_model_sweep,pacejka,standard,pacejka,tire_force_static,sand,right_left,5.0,4,103,/home/ksha/Documents/sbel/offroad-control/benchmarking/results/mpc_tire_model_sweep_20260827_162718/raw/0368_pacejka_sand_right_left_v5_b4_s103,ok,0,19.33810019493103,15.0,0.99,/home/ksha/Documents/sbel/offroad-control/benchmarking/results/mpc_tire_model_sweep_20260827_162718/raw/0368_pacejka_sand_right_left_v5_b4_s103/20260827_182602_000797_sand_right_left_acados_pacejka/diag_sand_right_left_acados_pacejka.csv,,,1248,0.24564252155020125,0.924352,0.16171162603878117,4.301887072945521,5.00281,0.8603774145891043,3.315264423076923,4.68,126.17661660957646,35.490179,-31.808646,0,chrono_body_contact,0,,,,,,,,0
mpc_tire_model_sweep,pacejka,standard,pacejka,tire_force_static,sand,right_left,5.0,4,104,/home/ksha/Documents/sbel/offroad-control/benchmarking/results/mpc_tire_model_sweep_20260827_162718/raw/0369_pacejka_sand_right_left_v5_b4_s104,ok,0,19.38621759414673,15.0,0.99,/home/ksha/Documents/sbel/offroad-control/benchmarking/results/mpc_tire_model_sweep_20260827_162718/raw/0369_pacejka_sand_right_left_v5_b4_s104/20260827_182621_364705_sand_right_left_acados_pacejka/diag_sand_right_left_acados_pacejka.csv,,,1248,0.25050713004642594,0.907547,0.16409786426592798,4.314049399815327,4.99296,0.8628098799630655,3.0713541666666666,4.495299999999999,126.94445333233972,35.671468,-31.873051,0,chrono_body_contact,0,,,,,,,,0
mpc_tire_model_sweep,pacejka,standard,pacejka,tire_force_static,sand,right_left,5.0,8,100,/home/ksha/Documents/sbel/offroad-control/benchmarking/results/mpc_tire_model_sweep_20260827_162718/raw/0370_pacejka_sand_right_left_v5_b8_s100,ok,0,19.441826105117798,15.0,0.99,/home/ksha/Documents/sbel/offroad-control/benchmarking/results/mpc_tire_model_sweep_20260827_162718/raw/0370_pacejka_sand_right_left_v5_b8_s100/20260827_182640_786290_sand_right_left_acados_pacejka/diag_sand_right_left_acados_pacejka.csv,,,1247,0.2579901017177217,1.118086,0.1556148891966759,4.296575807940905,4.98835,0.859315161588181,2.6674578989574984,3.6954,126.47500387435099,35.094682,-32.028687,0,chrono_body_contact,0,,,,,,,,0
mpc_tire_model_sweep,pacejka,standard,pacejka,tire_force_static,sand,right_left,5.0,8,101,/home/ksha/Documents/sbel/offroad-control/benchmarking/results/mpc_tire_model_sweep_20260827_162718/raw/0371_pacejka_sand_right_left_v5_b8_s101,ok,0,19.43542981147766,15.0,0.99,/home/ksha/Documents/sbel/offroad-control/benchmarking/results/mpc_tire_model_sweep_20260827_162718/raw/0371_pacejka_sand_right_left_v5_b8_s101/20260827_182700_229449_sand_right_left_acados_pacejka/diag_sand_right_left_acados_pacejka.csv,,,1248,0.21721795243186628,0.889683,0.14085963988919667,4.205345614035088,4.89595,0.8410691228070176,3.064815705128205,4.64,122.33244003243301,34.063277,-31.562099,0,chrono_body_contact,0,,,,,,,,0
mpc_tire_model_sweep,pacejka,standard,pacejka,tire_force_static,sand,right_left,5.0,8,102,/home/ksha/Documents/sbel/offroad-control/benchmarking/results/mpc_tire_model_sweep_20260827_162718/raw/0372_pacejka_sand_right_left_v5_b8_s102,ok,0,19.48687243461609,15.0,0.99,/home/ksha/Documents/sbel/offroad-control/benchmarking/results/mpc_tire_model_sweep_20260827_162718/raw/0372_pacejka_sand_right_left_v5_b8_s102/20260827_182719_687648_sand_right_left_acados_pacejka/diag_sand_right_left_acados_pacejka.csv,,,1248,0.25629396839653507,1.045921,0.156460809787627,4.310201108033241,5.055249999999999,0.8620402216066483,3.0906009615384615,4.535299999999999,127.73219407741685,35.324722,-31.920069,0,chrono_body_contact,0,,,,,,,,0
mpc_tire_model_sweep,pacejka,standard,pacejka,tire_force_static,sand,right_left,5.0,8,103,/home/ksha/Documents/sbel/offroad-control/benchmarking/results/mpc_tire_model_sweep_20260827_162718/raw/0373_pacejka_sand_right_left_v5_b8_s103,ok,0,19.484310626983643,15.0,0.99,/home/ksha/Documents/sbel/offroad-control/benchmarking/results/mpc_tire_model_sweep_20260827_162718/raw/0373_pacejka_sand_right_left_v5_b8_s103/20260827_182739_203003_sand_right_left_acados_pacejka/diag_sand_right_left_acados_pacejka.csv,,,1248,0.22413009212099405,0.918352,0.14288758356417358,4.24700406278855,5.0189699999999995,0.8494008125577099,3.4143910256410255,4.8153,125.83373240806485,34.59782,-31.736072,0,chrono_body_contact,0,,,,,,,,0
mpc_tire_model_sweep,pacejka,standard,pacejka,tire_force_static,sand,right_left,5.0,8,104,/home/ksha/Documents/sbel/offroad-control/benchmarking/results/mpc_tire_model_sweep_20260827_162718/raw/0374_pacejka_sand_right_left_v5_b8_s104,ok,0,19.48587131500244,15.0,0.99,/home/ksha/Documents/sbel/offroad-control/benchmarking/results/mpc_tire_model_sweep_20260827_162718/raw/0374_pacejka_sand_right_left_v5_b8_s104/20260827_182758_702787_sand_right_left_acados_pacejka/diag_sand_right_left_acados_pacejka.csv,,,1248,0.20487017585570783,0.819729,0.13620908033240997,4.1862610341643585,4.88025,0.8372522068328717,3.1608733974358976,4.6453,126.17180941684349,33.716386,-31.486325,0,chrono_body_contact,0,,,,,,,,0
mpc_tire_model_sweep,pacejka,standard,pacejka,tire_force_static,sand,right_left,7.0,0,100,/home/ksha/Documents/sbel/offroad-control/benchmarking/results/mpc_tire_model_sweep_20260827_162718/raw/0375_pacejka_sand_right_left_v7_b0_s100,ok,0,19.13259482383728,15.0,0.99,/home/ksha/Documents/sbel/offroad-control/benchmarking/results/mpc_tire_model_sweep_20260827_162718/raw/0375_pacejka_sand_right_left_v7_b0_s100/20260827_182818_206976_sand_right_left_acados_pacejka/diag_sand_right_left_acados_pacejka.csv,,,1248,1.6864842034858278,5.777447,0.7837674376731302,4.772542751615882,5.3424499999999995,0.6817918216594118,3.512011217948718,10.057699999999997,129.21284619872586,36.321691,-36.728482,0,chrono_body_contact,0,,,,,,,,0
mpc_tire_model_sweep,pacejka,standard,pacejka,tire_force_static,sand,right_left,7.0,0,101,/home/ksha/Documents/sbel/offroad-control/benchmarking/results/mpc_tire_model_sweep_20260827_162718/raw/0376_pacejka_sand_right_left_v7_b0_s101,ok,0,19.134809255599976,15.0,0.99,/home/ksha/Documents/sbel/offroad-control/benchmarking/results/mpc_tire_model_sweep_20260827_162718/raw/0376_pacejka_sand_right_left_v7_b0_s101/20260827_182837_362515_sand_right_left_acados_pacejka/diag_sand_right_left_acados_pacejka.csv,,,1247,1.6111671227934032,5.490063,0.7577017654662972,4.775963342566944,5.33245,0.6822804775095633,3.8323736968724944,6.168599999999997,125.42540853864686,37.001714,-36.387179,0,chrono_body_contact,0,,,,,,,,0
mpc_tire_model_sweep,pacejka,standard,pacejka,tire_force_static,sand,right_left,7.0,0,102,/home/ksha/Documents/sbel/offroad-control/benchmarking/results/mpc_tire_model_sweep_20260827_162718/raw/0377_pacejka_sand_right_left_v7_b0_s102,ok,0,19.12907600402832,15.0,0.99,/home/ksha/Documents/sbel/offroad-control/benchmarking/results/mpc_tire_model_sweep_20260827_162718/raw/0377_pacejka_sand_right_left_v7_b0_s102/20260827_182856_525869_sand_right_left_acados_pacejka/diag_sand_right_left_acados_pacejka.csv,,,1248,1.5122385018058406,5.03398,0.7227114469067405,4.7776899353647275,5.35013,0.6825271336235325,3.306530448717949,5.0235999999999965,130.43818873758642,37.485037,-35.933019,0,chrono_body_contact,0,,,,,,,,0
mpc_tire_model_sweep,pacejka,standard,pacejka,tire_force_static,sand,right_left,7.0,0,103,/home/ksha/Documents/sbel/offroad-control/benchmarking/results/mpc_tire_model_sweep_20260827_162718/raw/0378_pacejka_sand_right_left_v7_b0_s103,ok,0,19.136566877365112,15.0,0.99,/home/ksha/Documents/sbel/offroad-control/benchmarking/results/mpc_tire_model_sweep_20260827_162718/raw/0378_pacejka_sand_right_left_v7_b0_s103/20260827_182915_667755_sand_right_left_acados_pacejka/diag_sand_right_left_acados_pacejka.csv,,,1247,1.4421584078802943,4.853421,0.6885723813481072,4.757306094182826,5.31907,0.6796151563118322,3.4521892542101043,5.054799999999996,128.55058660897717,37.25953,-35.779577,0,chrono_body_contact,0,,,,,,,,0
mpc_tire_model_sweep,pacejka,standard,pacejka,tire_force_static,sand,right_left,7.0,0,104,/home/ksha/Documents/sbel/offroad-control/benchmarking/results/mpc_tire_model_sweep_20260827_162718/raw/0379_pacejka_sand_right_left_v7_b0_s104,ok,0,19.134023427963257,15.0,0.99,/home/ksha/Documents/sbel/offroad-control/benchmarking/results/mpc_tire_model_sweep_20260827_162718/raw/0379_pacejka_sand_right_left_v7_b0_s104/20260827_182934_829966_sand_right_left_acados_pacejka/diag_sand_right_left_acados_pacejka.csv,,,1247,1.4643453865114193,4.975123,0.6948929344413666,4.757873868882733,5.32103,0.6796962669832476,3.4299679230152367,5.391599999999999,129.5414133265564,37.293243,-35.957838,0,chrono_body_contact,0,,,,,,,,0
mpc_tire_model_sweep,pacejka,standard,pacejka,tire_force_static,sand,right_left,7.0,4,100,/home/ksha/Documents/sbel/offroad-control/benchmarking/results/mpc_tire_model_sweep_20260827_162718/raw/0380_pacejka_sand_right_left_v7_b4_s100,ok,0,19.385855674743652,15.0,0.99,/home/ksha/Documents/sbel/offroad-control/benchmarking/results/mpc_tire_model_sweep_20260827_162718/raw/0380_pacejka_sand_right_left_v7_b4_s100/20260827_182953_984141_sand_right_left_acados_pacejka/diag_sand_right_left_acados_pacejka.csv,,,1248,1.5740317313698196,5.027884,0.7632947433056325,4.797514496768237,5.34716,0.6853592138240339,4.057532051282052,6.195899999999999,129.36622155198907,37.759788,-35.951394,0,chrono_body_contact,0,,,,,,,,0
mpc_tire_model_sweep,pacejka,standard,pacejka,tire_force_static,sand,right_left,7.0,4,101,/home/ksha/Documents/sbel/offroad-control/benchmarking/results/mpc_tire_model_sweep_20260827_162718/raw/0381_pacejka_sand_right_left_v7_b4_s101,ok,0,19.388336420059204,15.0,0.99,/home/ksha/Documents/sbel/offroad-control/benchmarking/results/mpc_tire_model_sweep_20260827_162718/raw/0381_pacejka_sand_right_left_v7_b4_s101/20260827_183013_394807_sand_right_left_acados_pacejka/diag_sand_right_left_acados_pacejka.csv,,,1248,1.7176259215293455,5.749286,0.8133454330563249,4.77687783933518,5.32339,0.6824111199050257,4.011346153846154,9.248599999999982,125.54812442533375,36.724827,-36.646952,0,chrono_body_contact,0,,,,,,,,0
mpc_tire_model_sweep,pacejka,standard,pacejka,tire_force_static,sand,right_left,7.0,4,102,/home/ksha/Documents/sbel/offroad-control/benchmarking/results/mpc_tire_model_sweep_20260827_162718/raw/0382_pacejka_sand_right_left_v7_b4_s102,ok,0,19.37895178794861,15.0,0.99,/home/ksha/Documents/sbel/offroad-control/benchmarking/results/mpc_tire_model_sweep_20260827_162718/raw/0382_pacejka_sand_right_left_v7_b4_s102/20260827_183032_805311_sand_right_left_acados_pacejka/diag_sand_right_left_acados_pacejka.csv,,,1247,1.5666969480006705,5.172924,0.7466372982456142,4.774854939981532,5.31773,0.682122134283076,3.4723416198877306,6.811799999999994,130.42943293738293,37.287373,-36.072832,0,chrono_body_contact,0,,,,,,,,0
mpc_tire_model_sweep,pacejka,standard,pacejka,tire_force_static,sand,right_left,7.0,4,103,/home/ksha/Documents/sbel/offroad-control/benchmarking/results/mpc_tire_model_sweep_20260827_162718/raw/0383_pacejka_sand_right_left_v7_b4_s103,ok,0,19.38706398010254,15.0,0.99,/home/ksha/Documents/sbel/offroad-control/benchmarking/results/mpc_tire_model_sweep_20260827_162718/raw/0383_pacejka_sand_right_left_v7_b4_s103/20260827_183052_205040_sand_right_left_acados_pacejka/diag_sand_right_left_acados_pacejka.csv,,,1248,1.602712333972472,5.190587,0.7740159289012003,4.802185872576178,5.33446,0.6860265532251683,3.381225961538462,5.051199999999999,128.9835046278265,37.81826,-36.090889,0,chrono_body_contact,0,,,,,,,,0
mpc_tire_model_sweep,pacejka,standard,pacejka,tire_force_static,sand,right_left,7.0,4,104,/home/ksha/Documents/sbel/offroad-control/benchmarking/results/mpc_tire_model_sweep_20260827_162718/raw/0384_pacejka_sand_right_left_v7_b4_s104,ok,0,19.336772918701172,15.0,0.99,/home/ksha/Documents/sbel/offroad-control/benchmarking/results/mpc_tire_model_sweep_20260827_162718/raw/0384_pacejka_sand_right_left_v7_b4_s104/20260827_183111_599126_sand_right_left_acados_pacejka/diag_sand_right_left_acados_pacejka.csv,,,1248,1.5084368790114238,4.690027,0.7372209159741459,4.780201015697138,5.326389999999999,0.6828858593853054,3.3166346153846153,5.2406,129.79175446774113,37.709361,-35.626465,0,chrono_body_contact,0,,,,,,,,0
mpc_tire_model_sweep,pacejka,standard,pacejka,tire_force_static,sand,right_left,7.0,8,100,/home/ksha/Documents/sbel/offroad-control/benchmarking/results/mpc_tire_model_sweep_20260827_162718/raw/0385_pacejka_sand_right_left_v7_b8_s100,ok,0,19.48409605026245,15.0,0.99,/home/ksha/Documents/sbel/offroad-control/benchmarking/results/mpc_tire_model_sweep_20260827_162718/raw/0385_pacejka_sand_right_left_v7_b8_s100/20260827_183130_959353_sand_right_left_acados_pacejka/diag_sand_right_left_acados_pacejka.csv,,,1248,1.3303384396229263,4.291786,0.6346564441366573,4.684049307479225,5.14314,0.6691499010684607,3.2654647435897433,4.686599999999994,128.78510536314695,36.465447,-35.228073,0,chrono_body_contact,0,,,,,,,,0
mpc_tire_model_sweep,pacejka,standard,pacejka,tire_force_static,sand,right_left,7.0,8,101,/home/ksha/Documents/sbel/offroad-control/benchmarking/results/mpc_tire_model_sweep_20260827_162718/raw/0386_pacejka_sand_right_left_v7_b8_s101,ok,0,19.48553204536438,15.0,0.99,/home/ksha/Documents/sbel/offroad-control/benchmarking/results/mpc_tire_model_sweep_20260827_162718/raw/0386_pacejka_sand_right_left_v7_b8_s101/20260827_183150_464210_sand_right_left_acados_pacejka/diag_sand_right_left_acados_pacejka.csv,,,1248,1.295875910748958,4.18827,0.6217020840258541,4.690141089566021,5.13765,0.6700201556522887,3.2840464743589743,4.585299999999999,124.94028809594741,36.912956,-35.071681,0,chrono_body_contact,0,,,,,,,,0
mpc_tire_model_sweep,pacejka,standard,pacejka,tire_force_static,sand,right_left,7.0,8,102,/home/ksha/Documents/sbel/offroad-control/benchmarking/results/mpc_tire_model_sweep_20260827_162718/raw/0387_pacejka_sand_right_left_v7_b8_s102,ok,0,19.487356424331665,15.0,0.99,/home/ksha/Documents/sbel/offroad-control/benchmarking/results/mpc_tire_model_sweep_20260827_162718/raw/0387_pacejka_sand_right_left_v7_b8_s102/20260827_183210_027529_sand_right_left_acados_pacejka/diag_sand_right_left_acados_pacejka.csv,,,1248,1.3712186786132057,4.451875,0.645816407202216,4.6995477377654655,5.14704,0.6713639625379236,3.3075480769230765,4.845899999999999,129.99730963891045,36.646511,-35.346259,0,chrono_body_contact,0,,,,,,,,0
mpc_tire_model_sweep,pacejka,standard,pacejka,tire_force_static,sand,right_left,7.0,8,103,/home/ksha/Documents/sbel/offroad-control/benchmarking/results/mpc_tire_model_sweep_20260827_162718/raw/0388_pacejka_sand_right_left_v7_b8_s103,ok,0,19.483284950256348,15.0,0.99,/home/ksha/Documents/sbel/offroad-control/benchmarking/results/mpc_tire_model_sweep_20260827_162718/raw/0388_pacejka_sand_right_left_v7_b8_s103/20260827_183229_482404_sand_right_left_acados_pacejka/diag_sand_right_left_acados_pacejka.csv,,,1248,1.3651108436018236,4.322451,0.6538422557710065,4.7021177285318565,5.14021,0.6717311040759795,3.1837900641025643,4.9853,128.3754500295203,36.696331,-35.211343,0,chrono_body_contact,0,,,,,,,,0
mpc_tire_model_sweep,pacejka,standard,pacejka,tire_force_static,sand,right_left,7.0,8,104,/home/ksha/Documents/sbel/offroad-control/benchmarking/results/mpc_tire_model_sweep_20260827_162718/raw/0389_pacejka_sand_right_left_v7_b8_s104,ok,0,19.431217670440674,15.0,0.99,/home/ksha/Documents/sbel/offroad-control/benchmarking/results/mpc_tire_model_sweep_20260827_162718/raw/0389_pacejka_sand_right_left_v7_b8_s104/20260827_183248_993543_sand_right_left_acados_pacejka/diag_sand_right_left_acados_pacejka.csv,,,1248,1.3563131413990455,4.389493,0.6417413037857802,4.698911265004618,5.160299999999999,0.6712730378578026,3.1871714743589745,4.611899999999994,129.29358095865558,36.701344,-35.344391,0,chrono_body_contact,0,,,,,,,,0
mpc_tire_model_sweep,pacejka,standard,pacejka,tire_force_static,sand,right_left,9.0,0,100,/home/ksha/Documents/sbel/offroad-control/benchmarking/results/mpc_tire_model_sweep_20260827_162718/raw/0390_pacejka_sand_right_left_v9_b0_s100,ok,0,19.137333869934082,15.0,0.99,/home/ksha/Documents/sbel/offroad-control/benchmarking/results/mpc_tire_model_sweep_20260827_162718/raw/0390_pacejka_sand_right_left_v9_b0_s100/20260827_183308_435439_sand_right_left_acados_pacejka/diag_sand_right_left_acados_pacejka.csv,,,1248,1.577465234193039,4.804696,0.7753163656509696,4.82522566943675,5.35259,0.5361361854929723,3.202027243589743,5.035899999999999,129.52120953079051,38.076595,-35.692657,0,chrono_body_contact,0,,,,,,,,0
mpc_tire_model_sweep,pacejka,standard,pacejka,tire_force_static,sand,right_left,9.0,0,101,/home/ksha/Documents/sbel/offroad-control/benchmarking/results/mpc_tire_model_sweep_20260827_162718/raw/0391_pacejka_sand_right_left_v9_b0_s101,ok,0,19.132630348205566,15.0,0.99,/home/ksha/Documents/sbel/offroad-control/benchmarking/results/mpc_tire_model_sweep_20260827_162718/raw/0391_pacejka_sand_right_left_v9_b0_s101/20260827_183327_586378_sand_right_left_acados_pacejka/diag_sand_right_left_acados_pacejka.csv,,,1248,1.5785273821987105,4.72464,0.7718360701754384,4.816674145891043,5.3547,0.5351860162101159,4.006875,6.952399999999998,125.7993741026437,38.053044,-35.579622,0,chrono_body_contact,0,,,,,,,,0
mpc_tire_model_sweep,pacejka,standard,pacejka,tire_force_static,sand,right_left,9.0,0,102,/home/ksha/Documents/sbel/offroad-control/benchmarking/results/mpc_tire_model_sweep_20260827_162718/raw/0392_pacejka_sand_right_left_v9_b0_s102,ok,0,19.13293695449829,15.0,0.99,/home/ksha/Documents/sbel/offroad-control/benchmarking/results/mpc_tire_model_sweep_20260827_162718/raw/0392_pacejka_sand_right_left_v9_b0_s102/20260827_183346_745325_sand_right_left_acados_pacejka/diag_sand_right_left_acados_pacejka.csv,,,1248,1.5746878786131597,5.0403,0.7592048624192059,4.818853000923362,5.3348700000000004,0.5354281112137068,3.3300160256410254,5.1453,130.69034558710632,38.055478,-35.93123,0,chrono_body_contact,0,,,,,,,,0
mpc_tire_model_sweep,pacejka,standard,pacejka,tire_force_static,sand,right_left,9.0,0,103,/home/ksha/Documents/sbel/offroad-control/benchmarking/results/mpc_tire_model_sweep_20260827_162718/raw/0393_pacejka_sand_right_left_v9_b0_s103,ok,0,19.133457899093628,15.0,0.99,/home/ksha/Documents/sbel/offroad-control/benchmarking/results/mpc_tire_model_sweep_20260827_162718/raw/0393_pacejka_sand_right_left_v9_b0_s103/20260827_183405_897742_sand_right_left_acados_pacejka/diag_sand_right_left_acados_pacejka.csv,,,1247,1.5241815509416952,4.365027,0.7654912308402585,4.835536103416436,5.40006,0.5372817892684929,3.4553167602245387,7.410199999999995,129.1183477944739,38.465337,-35.17436,0,chrono_body_contact,0,,,,,,,,0
mpc_tire_model_sweep,pacejka,standard,pacejka,tire_force_static,sand,right_left,9.0,0,104,/home/ksha/Documents/sbel/offroad-control/benchmarking/results/mpc_tire_model_sweep_20260827_162718/raw/0394_pacejka_sand_right_left_v9_b0_s104,ok,0,19.131587505340576,15.0,0.99,/home/ksha/Documents/sbel/offroad-control/benchmarking/results/mpc_tire_model_sweep_20260827_162718/raw/0394_pacejka_sand_right_left_v9_b0_s104/20260827_183425_061857_sand_right_left_acados_pacejka/diag_sand_right_left_acados_pacejka.csv,,,1248,1.507164236741551,4.53115,0.7407621209602956,4.790258818097876,5.34732,0.5322509797886529,3.4092467948717946,5.495299999999999,129.90186142576675,37.708696,-35.438457,0,chrono_body_contact,0,,,,,,,,0
mpc_tire_model_sweep,pacejka,standard,pacejka,tire_force_static,sand,right_left,9.0,4,100,/home/ksha/Documents/sbel/offroad-control/benchmarking/results/mpc_tire_model_sweep_20260827_162718/raw/0395_pacejka_sand_right_left_v9_b4_s100,ok,0,19.372872829437256,15.0,0.99,/home/ksha/Documents/sbel/offroad-control/benchmarking/results/mpc_tire_model_sweep_20260827_162718/raw/0395_pacejka_sand_right_left_v9_b4_s100/20260827_183444_218081_sand_right_left_acados_pacejka/diag_sand_right_left_acados_pacejka.csv,,,1248,1.5010286917508946,4.48951,0.746872020313943,4.8050100646352725,5.30986,0.533890007181697,3.241418269230769,4.9605999999999995,129.4337404717936,38.081684,-35.374839,0,chrono_body_contact,0,,,,,,,,0
mpc_tire_model_sweep,pacejka,standard,pacejka,tire_force_static,sand,right_left,9.0,4,101,/home/ksha/Documents/sbel/offroad-control/benchmarking/results/mpc_tire_model_sweep_20260827_162718/raw/0396_pacejka_sand_right_left_v9_b4_s101,ok,0,19.374693632125854,15.0,0.99,/home/ksha/Documents/sbel/offroad-control/benchmarking/results/mpc_tire_model_sweep_20260827_162718/raw/0396_pacejka_sand_right_left_v9_b4_s101/20260827_183503_599047_sand_right_left_acados_pacejka/diag_sand_right_left_acados_pacejka.csv,,,1248,1.4900104325639556,4.3083,0.7509638356417359,4.786881532779316,5.338069999999999,0.5318757258643685,3.2449038461538464,4.89,125.646285751308,37.921567,-35.168482,0,chrono_body_contact,0,,,,,,,,0
mpc_tire_model_sweep,pacejka,standard,pacejka,tire_force_static,sand,right_left,9.0,4,102,/home/ksha/Documents/sbel/offroad-control/benchmarking/results/mpc_tire_model_sweep_20260827_162718/raw/0397_pacejka_sand_right_left_v9_b4_s102,ok,0,19.37661647796631,15.0,0.99,/home/ksha/Documents/sbel/offroad-control/benchmarking/results/mpc_tire_model_sweep_20260827_162718/raw/0397_pacejka_sand_right_left_v9_b4_s102/20260827_183522_986254_sand_right_left_acados_pacejka/diag_sand_right_left_acados_pacejka.csv,,,1248,1.5190000702392177,4.426964,0.7612476029547554,4.817100092336104,5.32087,0.5352333435929004,4.2597996794871795,5.955899999999999,130.76069267547985,38.344551,-35.204826,0,chrono_body_contact,0,,,,,,,,0
mpc_tire_model_sweep,pacejka,standard,pacejka,tire_force_static,sand,right_left,9.0,4,103,/home/ksha/Documents/sbel/offroad-control/benchmarking/results/mpc_tire_model_sweep_20260827_162718/raw/0398_pacejka_sand_right_left_v9_b4_s103,ok,0,19.380654335021973,15.0,0.99,/home/ksha/Documents/sbel/offroad-control/benchmarking/results/mpc_tire_model_sweep_20260827_162718/raw/0398_pacejka_sand_right_left_v9_b4_s103/20260827_183542_393404_sand_right_left_acados_pacejka/diag_sand_right_left_acados_pacejka.csv,,,1248,1.6659949630180373,5.018208,0.8133682899353647,4.836334164358264,5.29528,0.5373704627064737,3.3840865384615384,5.554799999999996,129.26801005329006,38.203743,-35.837136,0,chrono_body_contact,0,,,,,,,,0
mpc_tire_model_sweep,pacejka,standard,pacejka,tire_force_static,sand,right_left,9.0,4,104,/home/ksha/Documents/sbel/offroad-control/benchmarking/results/mpc_tire_model_sweep_20260827_162718/raw/0399_pacejka_sand_right_left_v9_b4_s104,ok,0,19.378236293792725,15.0,0.99,/home/ksha/Documents/sbel/offroad-control/benchmarking/results/mpc_tire_model_sweep_20260827_162718/raw/0399_pacejka_sand_right_left_v9_b4_s104/20260827_183601_782004_sand_right_left_acados_pacejka/diag_sand_right_left_acados_pacejka.csv,,,1248,1.5716036034440843,4.704638,0.7745592760849491,4.803826685133887,5.34779,0.5337585205704319,3.56838141025641,7.389799999999955,129.9825529217925,38.004154,-35.593182,0,chrono_body_contact,0,,,,,,,,0
mpc_tire_model_sweep,pacejka,standard,pacejka,tire_force_static,sand,right_left,9.0,8,100,/home/ksha/Documents/sbel/offroad-control/benchmarking/results/mpc_tire_model_sweep_20260827_162718/raw/0400_pacejka_sand_right_left_v9_b8_s100,ok,0,19.475937128067017,15.0,0.99,/home/ksha/Documents/sbel/offroad-control/benchmarking/results/mpc_tire_model_sweep_20260827_162718/raw/0400_pacejka_sand_right_left_v9_b8_s100/20260827_183621_184739_sand_right_left_acados_pacejka/diag_sand_right_left_acados_pacejka.csv,,,1248,1.3861818569754902,4.246,0.673073512465374,4.735864265927978,5.165579999999999,0.5262071406586641,3.8383012820512827,6.515899999999999,129.10062294851056,37.298188,-35.157339,0,chrono_body_contact,0,,,,,,,,0
mpc_tire_model_sweep,pacejka,standard,pacejka,tire_force_static,sand,right_left,9.0,8,101,/home/ksha/Documents/sbel/offroad-control/benchmarking/results/mpc_tire_model_sweep_20260827_162718/raw/0401_pacejka_sand_right_left_v9_b8_s101,ok,0,19.485379934310913,15.0,0.99,/home/ksha/Documents/sbel/offroad-control/benchmarking/results/mpc_tire_model_sweep_20260827_162718/raw/0401_pacejka_sand_right_left_v9_b8_s101/20260827_183640_676747_sand_right_left_acados_pacejka/diag_sand_right_left_acados_pacejka.csv,,,1248,1.3772780160757376,4.139576,0.6735834681440442,4.7378932594644505,5.17849,0.5264325843849389,3.1648397435897437,4.86,125.22962503993176,37.602761,-35.008784,0,chrono_body_contact,0,,,,,,,,0
mpc_tire_model_sweep,pacejka,standard,pacejka,tire_force_static,sand,right_left,9.0,8,102,/home/ksha/Documents/sbel/offroad-control/benchmarking/results/mpc_tire_model_sweep_20260827_162718/raw/0402_pacejka_sand_right_left_v9_b8_s102,ok,0,19.475443601608276,15.0,0.99,/home/ksha/Documents/sbel/offroad-control/benchmarking/results/mpc_tire_model_sweep_20260827_162718/raw/0402_pacejka_sand_right_left_v9_b8_s102/20260827_183700_172833_sand_right_left_acados_pacejka/diag_sand_right_left_acados_pacejka.csv,,,1248,1.3386156892191667,4.029974,0.6552479316712835,4.741414035087719,5.16878,0.5268237816764132,3.24025641025641,4.595299999999999,130.27499753582117,37.568233,-34.92043,0,chrono_body_contact,0,,,,,,,,0
mpc_tire_model_sweep,pacejka,standard,pacejka,tire_force_static,sand,right_left,9.0,8,103,/home/ksha/Documents/sbel/offroad-control/benchmarking/results/mpc_tire_model_sweep_20260827_162718/raw/0403_pacejka_sand_right_left_v9_b8_s103,ok,0,19.48455047607422,15.0,0.99,/home/ksha/Documents/sbel/offroad-control/benchmarking/results/mpc_tire_model_sweep_20260827_162718/raw/0403_pacejka_sand_right_left_v9_b8_s103/20260827_183719_668671_sand_right_left_acados_pacejka/diag_sand_right_left_acados_pacejka.csv,,,1248,1.3548609091954307,4.074567,0.6659378541089567,4.744771098799631,5.1785499999999995,0.5271967887555146,3.2600320512820513,4.760599999999999,128.6715150893446,37.720957,-34.942257,0,chrono_body_contact,0,,,,,,,,0
mpc_tire_model_sweep,pacejka,standard,pacejka,tire_force_static,sand,right_left,9.0,8,104,/home/ksha/Documents/sbel/offroad-control/benchmarking/results/mpc_tire_model_sweep_20260827_162718/raw/0404_pacejka_sand_right_left_v9_b8_s104,ok,0,19.523552417755127,15.0,0.99,/home/ksha/Documents/sbel/offroad-control/benchmarking/results/mpc_tire_model_sweep_20260827_162718/raw/0404_pacejka_sand_right_left_v9_b8_s104/20260827_183739_174188_sand_right_left_acados_pacejka/diag_sand_right_left_acados_pacejka.csv,,,1248,1.4377778357664033,4.379038,0.693898944598338,4.745459926131117,5.17004,0.5272733251256797,3.3342708333333335,5.110599999999999,129.64332470670047,37.292699,-35.31031,0,chrono_body_contact,0,,,,,,,,0
mpc_tire_model_sweep,tmeasy,standard,tmeasy,tire_force_static,clay,sinusoidal,5.0,0,100,/home/ksha/Documents/sbel/offroad-control/benchmarking/results/mpc_tire_model_sweep_20260827_162718/raw/0405_tmeasy_clay_sinusoidal_v5_b0_s100,ok,0,19.13201880455017,15.0,0.99,/home/ksha/Documents/sbel/offroad-control/benchmarking/results/mpc_tire_model_sweep_20260827_162718/raw/0405_tmeasy_clay_sinusoidal_v5_b0_s100/20260827_183758_719023_clay_sinusoidal_acados_tmeasy/diag_clay_sinusoidal_acados_tmeasy.csv,,,1248,0.2672087529672607,1.145686,0.169833216066482,3.5287603878116345,5.15948,0.7057520775623269,2.536466346153846,4.465299999999999,123.3017898537097,46.89588,2.321286,0,chrono_body_contact,0,,,,,,,,0
mpc_tire_model_sweep,tmeasy,standard,tmeasy,tire_force_static,clay,sinusoidal,5.0,0,101,/home/ksha/Documents/sbel/offroad-control/benchmarking/results/mpc_tire_model_sweep_20260827_162718/raw/0406_tmeasy_clay_sinusoidal_v5_b0_s101,ok,0,19.175597429275513,15.0,0.99,/home/ksha/Documents/sbel/offroad-control/benchmarking/results/mpc_tire_model_sweep_20260827_162718/raw/0406_tmeasy_clay_sinusoidal_v5_b0_s101/20260827_183817_858972_clay_sinusoidal_acados_tmeasy/diag_clay_sinusoidal_acados_tmeasy.csv,,,1248,0.2727869940174354,1.234072,0.1736840784856879,3.5251222530009234,5.12489,0.7050244506001847,2.5824118589743588,4.751199999999999,119.19080114856112,47.031466,2.409672,0,chrono_body_contact,0,,,,,,,,0
mpc_tire_model_sweep,tmeasy,standard,tmeasy,tire_force_static,clay,sinusoidal,5.0,0,102,/home/ksha/Documents/sbel/offroad-control/benchmarking/results/mpc_tire_model_sweep_20260827_162718/raw/0407_tmeasy_clay_sinusoidal_v5_b0_s102,ok,0,19.176403045654297,15.0,0.99,/home/ksha/Documents/sbel/offroad-control/benchmarking/results/mpc_tire_model_sweep_20260827_162718/raw/0407_tmeasy_clay_sinusoidal_v5_b0_s102/20260827_183837_068419_clay_sinusoidal_acados_tmeasy/diag_clay_sinusoidal_acados_tmeasy.csv,,,1248,0.31779045563103525,1.567039,0.18881987072945522,3.53291431209603,5.19846,0.706582862419206,2.5577804487179483,4.27,124.35759283208361,46.97925,2.722736,0,chrono_body_contact,0,,,,,,,,0
mpc_tire_model_sweep,tmeasy,standard,tmeasy,tire_force_static,clay,sinusoidal,5.0,0,103,/home/ksha/Documents/sbel/offroad-control/benchmarking/results/mpc_tire_model_sweep_20260827_162718/raw/0408_tmeasy_clay_sinusoidal_v5_b0_s103,ok,0,19.177337169647217,15.0,0.99,/home/ksha/Documents/sbel/offroad-control/benchmarking/results/mpc_tire_model_sweep_20260827_162718/raw/0408_tmeasy_clay_sinusoidal_v5_b0_s103/20260827_183856_258882_clay_sinusoidal_acados_tmeasy/diag_clay_sinusoidal_acados_tmeasy.csv,,,1248,0.37846877889411557,1.806229,0.21306886980609416,3.640839427516159,5.19405,0.7281678855032319,2.5804326923076926,4.1953,122.84781197103021,48.507401,2.422942,0,chrono_body_contact,0,,,,,,,,0
mpc_tire_model_sweep,tmeasy,standard,tmeasy,tire_force_static,clay,sinusoidal,5.0,0,104,/home/ksha/Documents/sbel/offroad-control/benchmarking/results/mpc_tire_model_sweep_20260827_162718/raw/0409_tmeasy_clay_sinusoidal_v5_b0_s104,ok,0,19.18243908882141,15.0,0.99,/home/ksha/Documents/sbel/offroad-control/benchmarking/results/mpc_tire_model_sweep_20260827_162718/raw/0409_tmeasy_clay_sinusoidal_v5_b0_s104/20260827_183915_440847_clay_sinusoidal_acados_tmeasy/diag_clay_sinusoidal_acados_tmeasy.csv,,,1248,0.3564771201521915,1.652573,0.20131103416435828,3.6193632502308404,5.23464,0.7238726500461681,2.54167467948718,4.195899999999999,123.25050524088941,48.277804,2.369273,0,chrono_body_contact,0,,,,,,,,0
mpc_tire_model_sweep,tmeasy,standard,tmeasy,tire_force_static,clay,sinusoidal,5.0,4,100,/home/ksha/Documents/sbel/offroad-control/benchmarking/results/mpc_tire_model_sweep_20260827_162718/raw/0410_tmeasy_clay_sinusoidal_v5_b4_s100,ok,0,19.336272954940796,15.0,0.99,/home/ksha/Documents/sbel/offroad-control/benchmarking/results/mpc_tire_model_sweep_20260827_162718/raw/0410_tmeasy_clay_sinusoidal_v5_b4_s100/20260827_183934_641658_clay_sinusoidal_acados_tmeasy/diag_clay_sinusoidal_acados_tmeasy.csv,,,1248,0.3811367442144578,1.732647,0.22333013481071098,3.583637765466297,5.1720999999999995,0.7167275530932594,2.596826923076923,4.05,123.66058947487763,47.712221,2.62186,0,chrono_body_contact,0,,,,,,,,0
mpc_tire_model_sweep,tmeasy,standard,tmeasy,tire_force_static,clay,sinusoidal,5.0,4,101,/home/ksha/Documents/sbel/offroad-control/benchmarking/results/mpc_tire_model_sweep_20260827_162718/raw/0411_tmeasy_clay_sinusoidal_v5_b4_s101,ok,0,19.335686445236206,15.0,0.99,/home/ksha/Documents/sbel/offroad-control/benchmarking/results/mpc_tire_model_sweep_20260827_162718/raw/0411_tmeasy_clay_sinusoidal_v5_b4_s101/20260827_183953_995384_clay_sinusoidal_acados_tmeasy/diag_clay_sinusoidal_acados_tmeasy.csv,,,1248,0.31423521037178476,1.379924,0.19383745521698983,3.5543882733148657,5.1054,0.7108776546629731,3.345600961538461,8.6459,119.30346065248207,47.552631,2.379924,0,chrono_body_contact,0,,,,,,,,0
mpc_tire_model_sweep,tmeasy,standard,tmeasy,tire_force_static,clay,sinusoidal,5.0,4,102,/home/ksha/Documents/sbel/offroad-control/benchmarking/results/mpc_tire_model_sweep_20260827_162718/raw/0412_tmeasy_clay_sinusoidal_v5_b4_s102,ok,0,19.339705228805542,15.0,0.99,/home/ksha/Documents/sbel/offroad-control/benchmarking/results/mpc_tire_model_sweep_20260827_162718/raw/0412_tmeasy_clay_sinusoidal_v5_b4_s102/20260827_184013_344839_clay_sinusoidal_acados_tmeasy/diag_clay_sinusoidal_acados_tmeasy.csv,,,1248,0.34430593776923374,1.536623,0.20883376454293628,3.5657939981532785,5.1095500000000005,0.7131587996306556,2.6891185897435896,7.568999999999992,124.50334155320544,47.522085,2.503073,0,chrono_body_contact,0,,,,,,,,0
mpc_tire_model_sweep,tmeasy,standard,tmeasy,tire_force_static,clay,sinusoidal,5.0,4,103,/home/ksha/Documents/sbel/offroad-control/benchmarking/results/mpc_tire_model_sweep_20260827_162718/raw/0413_tmeasy_clay_sinusoidal_v5_b4_s103,ok,0,19.380350589752197,15.0,0.99,/home/ksha/Documents/sbel/offroad-control/benchmarking/results/mpc_tire_model_sweep_20260827_162718/raw/0413_tmeasy_clay_sinusoidal_v5_b4_s103/20260827_184032_705171_clay_sinusoidal_acados_tmeasy/diag_clay_sinusoidal_acados_tmeasy.csv,,,1248,0.36040850528212337,1.751362,0.21199635549399817,3.573537673130194,5.15781,0.7147075346260389,3.160544871794872,5.380599999999999,122.6565353048112,47.65457,2.659362,0,chrono_body_contact,0,,,,,,,,0
mpc_tire_model_sweep,tmeasy,standard,tmeasy,tire_force_static,clay,sinusoidal,5.0,4,104,/home/ksha/Documents/sbel/offroad-control/benchmarking/results/mpc_tire_model_sweep_20260827_162718/raw/0414_tmeasy_clay_sinusoidal_v5_b4_s104,ok,0,19.333123922348022,15.0,0.99,/home/ksha/Documents/sbel/offroad-control/benchmarking/results/mpc_tire_model_sweep_20260827_162718/raw/0414_tmeasy_clay_sinusoidal_v5_b4_s104/20260827_184052_101124_clay_sinusoidal_acados_tmeasy/diag_clay_sinusoidal_acados_tmeasy.csv,,,1248,0.3656322348773572,1.720649,0.21268818836565095,3.572780794090489,5.1612599999999995,0.7145561588180979,3.263349358974359,5.180599999999999,123.0417848853712,47.684018,2.628649,0,chrono_body_contact,0,,,,,,,,0
mpc_tire_model_sweep,tmeasy,standard,tmeasy,tire_force_static,clay,sinusoidal,5.0,8,100,/home/ksha/Documents/sbel/offroad-control/benchmarking/results/mpc_tire_model_sweep_20260827_162718/raw/0415_tmeasy_clay_sinusoidal_v5_b8_s100,ok,0,19.484854698181152,15.0,0.99,/home/ksha/Documents/sbel/offroad-control/benchmarking/results/mpc_tire_model_sweep_20260827_162718/raw/0415_tmeasy_clay_sinusoidal_v5_b8_s100/20260827_184111_479250_clay_sinusoidal_acados_tmeasy/diag_clay_sinusoidal_acados_tmeasy.csv,,,1248,0.24602796869005253,0.811187,0.16640408217913205,3.3658224376731303,5.21124,0.6731644875346261,2.5675320512820514,4.816499999999999,122.71566908403278,44.57713,2.420317,0,chrono_body_contact,0,,,,,,,,0
mpc_tire_model_sweep,tmeasy,standard,tmeasy,tire_force_static,clay,sinusoidal,5.0,8,101,/home/ksha/Documents/sbel/offroad-control/benchmarking/results/mpc_tire_model_sweep_20260827_162718/raw/0416_tmeasy_clay_sinusoidal_v5_b8_s101,ok,0,19.522568225860596,15.0,0.99,/home/ksha/Documents/sbel/offroad-control/benchmarking/results/mpc_tire_model_sweep_20260827_162718/raw/0416_tmeasy_clay_sinusoidal_v5_b8_s101/20260827_184130_975233_clay_sinusoidal_acados_tmeasy/diag_clay_sinusoidal_acados_tmeasy.csv,,,1248,0.2633457415431847,0.909357,0.17682884118190212,3.3863748845798707,5.26589,0.6772749769159742,3.21198717948718,5.045299999999999,118.49496200868737,45.039567,2.641457,0,chrono_body_contact,0,,,,,,,,0
mpc_tire_model_sweep,tmeasy,standard,tmeasy,tire_force_static,clay,sinusoidal,5.0,8,102,/home/ksha/Documents/sbel/offroad-control/benchmarking/results/mpc_tire_model_sweep_20260827_162718/raw/0417_tmeasy_clay_sinusoidal_v5_b8_s102,ok,0,19.483606815338135,15.0,0.99,/home/ksha/Documents/sbel/offroad-control/benchmarking/results/mpc_tire_model_sweep_20260827_162718/raw/0417_tmeasy_clay_sinusoidal_v5_b8_s102/20260827_184150_512950_clay_sinusoidal_acados_tmeasy/diag_clay_sinusoidal_acados_tmeasy.csv,,,1248,0.28157242389326637,0.920947,0.1914836075715605,3.3797143120960293,5.33428,0.6759428624192059,2.650008012820513,4.2253,123.89634198115814,44.711433,2.702947,0,chrono_body_contact,0,,,,,,,,0
mpc_tire_model_sweep,tmeasy,standard,tmeasy,tire_force_static,clay,sinusoidal,5.0,8,103,/home/ksha/Documents/sbel/offroad-control/benchmarking/results/mpc_tire_model_sweep_20260827_162718/raw/0418_tmeasy_clay_sinusoidal_v5_b8_s103,ok,0,19.491332054138184,15.0,0.99,/home/ksha/Documents/sbel/offroad-control/benchmarking/results/mpc_tire_model_sweep_20260827_162718/raw/0418_tmeasy_clay_sinusoidal_v5_b8_s103/20260827_184210_036603_clay_sinusoidal_acados_tmeasy/diag_clay_sinusoidal_acados_tmeasy.csv,,,1248,0.2626212525179326,0.995697,0.1742818864265928,3.417851061865189,5.15262,0.6835702123730378,2.5668429487179485,4.761299999999995,121.97205073066758,45.379669,2.613697,0,chrono_body_contact,0,,,,,,,,0
mpc_tire_model_sweep,tmeasy,standard,tmeasy,tire_force_static,clay,sinusoidal,5.0,8,104,/home/ksha/Documents/sbel/offroad-control/benchmarking/results/mpc_tire_model_sweep_20260827_162718/raw/0419_tmeasy_clay_sinusoidal_v5_b8_s104,ok,0,19.480082273483276,15.0,0.99,/home/ksha/Documents/sbel/offroad-control/benchmarking/results/mpc_tire_model_sweep_20260827_162718/raw/0419_tmeasy_clay_sinusoidal_v5_b8_s104/20260827_184229_522571_clay_sinusoidal_acados_tmeasy/diag_clay_sinusoidal_acados_tmeasy.csv,,,1248,0.2891689601077792,0.98027,0.19203669713758076,3.4124659279778395,5.25231,0.6824931855955679,2.636762820512821,4.578299999999997,122.36957654575896,45.269909,2.65757,0,chrono_body_contact,0,,,,,,,,0
mpc_tire_model_sweep,tmeasy,standard,tmeasy,tire_force_static,clay,sinusoidal,7.0,0,100,/home/ksha/Documents/sbel/offroad-control/benchmarking/results/mpc_tire_model_sweep_20260827_162718/raw/0420_tmeasy_clay_sinusoidal_v7_b0_s100,ok,0,19.180776357650757,15.0,0.99,/home/ksha/Documents/sbel/offroad-control/benchmarking/results/mpc_tire_model_sweep_20260827_162718/raw/0420_tmeasy_clay_sinusoidal_v7_b0_s100/20260827_184249_034937_clay_sinusoidal_acados_tmeasy/diag_clay_sinusoidal_acados_tmeasy.csv,,,1248,1.247219335255728,3.484318,0.8159183397968607,4.129896398891967,6.08457,0.5899851998417096,3.718477564102564,10.235999999999995,126.8129296546121,54.88374,1.71614,0,chrono_body_contact,0,,,,,,,,0
mpc_tire_model_sweep,tmeasy,standard,tmeasy,tire_force_static,clay,sinusoidal,7.0,0,101,/home/ksha/Documents/sbel/offroad-control/benchmarking/results/mpc_tire_model_sweep_20260827_162718/raw/0421_tmeasy_clay_sinusoidal_v7_b0_s101,ok,0,19.17771816253662,15.0,0.99,/home/ksha/Documents/sbel/offroad-control/benchmarking/results/mpc_tire_model_sweep_20260827_162718/raw/0421_tmeasy_clay_sinusoidal_v7_b0_s101/20260827_184308_221406_clay_sinusoidal_acados_tmeasy/diag_clay_sinusoidal_acados_tmeasy.csv,,,1248,1.2573878451001248,3.224975,0.8610601542012927,4.159101662049862,6.110169999999999,0.5941573802928374,3.668862179487179,10.321799999999998,123.03200357511966,55.753377,1.314075,0,chrono_body_contact,0,,,,,,,,0
mpc_tire_model_sweep,tmeasy,standard,tmeasy,tire_force_static,clay,sinusoidal,7.0,0,102,/home/ksha/Documents/sbel/offroad-control/benchmarking/results/mpc_tire_model_sweep_20260827_162718/raw/0422_tmeasy_clay_sinusoidal_v7_b0_s102,ok,0,19.130767583847046,15.0,0.99,/home/ksha/Documents/sbel/offroad-control/benchmarking/results/mpc_tire_model_sweep_20260827_162718/raw/0422_tmeasy_clay_sinusoidal_v7_b0_s102/20260827_184327_423598_clay_sinusoidal_acados_tmeasy/diag_clay_sinusoidal_acados_tmeasy.csv,,,1248,1.0927920102172721,4.130405,0.6357855023084026,4.037708310249308,6.02398,0.5768154728927584,3.6773798076923074,11.1206,127.47553615736368,53.345278,2.841742,0,chrono_body_contact,0,,,,,,,,0
mpc_tire_model_sweep,tmeasy,standard,tmeasy,tire_force_static,clay,sinusoidal,7.0,0,103,/home/ksha/Documents/sbel/offroad-control/benchmarking/results/mpc_tire_model_sweep_20260827_162718/raw/0423_tmeasy_clay_sinusoidal_v7_b0_s103,ok,0,19.13100814819336,15.0,0.99,/home/ksha/Documents/sbel/offroad-control/benchmarking/results/mpc_tire_model_sweep_20260827_162718/raw/0423_tmeasy_clay_sinusoidal_v7_b0_s103/20260827_184346_579907_clay_sinusoidal_acados_tmeasy/diag_clay_sinusoidal_acados_tmeasy.csv,,,1248,1.157158136864244,3.33152,0.7754161329639889,4.176045614035088,6.11946,0.5965779448621554,3.5089342948717945,9.740599999999999,126.4130062910065,55.86718,1.363375,0,chrono_body_contact,0,,,,,,,,0
mpc_tire_model_sweep,tmeasy,standard,tmeasy,tire_force_static,clay,sinusoidal,7.0,0,104,/home/ksha/Documents/sbel/offroad-control/benchmarking/results/mpc_tire_model_sweep_20260827_162718/raw/0424_tmeasy_clay_sinusoidal_v7_b0_s104,ok,0,19.13706088066101,15.0,0.99,/home/ksha/Documents/sbel/offroad-control/benchmarking/results/mpc_tire_model_sweep_20260827_162718/raw/0424_tmeasy_clay_sinusoidal_v7_b0_s104/20260827_184405_723904_clay_sinusoidal_acados_tmeasy/diag_clay_sinusoidal_acados_tmeasy.csv,,,1248,1.2547084392483747,3.298573,0.8688051551246536,4.156206186518929,6.05968,0.5937437409312756,3.7934855769230773,11.050699999999996,126.51345561569204,55.747589,1.318284,0,chrono_body_contact,0,,,,,,,,0
mpc_tire_model_sweep,tmeasy,standard,tmeasy,tire_force_static,clay,sinusoidal,7.0,4,100,/home/ksha/Documents/sbel/offroad-control/benchmarking/results/mpc_tire_model_sweep_20260827_162718/raw/0425_tmeasy_clay_sinusoidal_v7_b4_s100,ok,0,19.338917016983032,15.0,0.99,/home/ksha/Documents/sbel/offroad-control/benchmarking/results/mpc_tire_model_sweep_20260827_162718/raw/0425_tmeasy_clay_sinusoidal_v7_b4_s100/20260827_184424_881123_clay_sinusoidal_acados_tmeasy/diag_clay_sinusoidal_acados_tmeasy.csv,,,1248,1.2331040904882575,3.539845,0.7862030775623269,4.157336380424746,6.14801,0.5939051972035351,3.8738221153846153,11.343599999999997,126.97932150140386,55.281694,1.655005,0,chrono_body_contact,0,,,,,,,,0
mpc_tire_model_sweep,tmeasy,standard,tmeasy,tire_force_static,clay,sinusoidal,7.0,4,101,/home/ksha/Documents/sbel/offroad-control/benchmarking/results/mpc_tire_model_sweep_20260827_162718/raw/0426_tmeasy_clay_sinusoidal_v7_b4_s101,ok,0,19.33350896835327,15.0,0.99,/home/ksha/Documents/sbel/offroad-control/benchmarking/results/mpc_tire_model_sweep_20260827_162718/raw/0426_tmeasy_clay_sinusoidal_v7_b4_s101/20260827_184444_243367_clay_sinusoidal_acados_tmeasy/diag_clay_sinusoidal_acados_tmeasy.csv,,,1248,1.2755819142265545,2.979625,0.9032033951985227,4.118738873499539,6.12199,0.5883912676427913,3.9710657051282046,10.667099999999998,122.81459732880532,55.356818,1.168169,0,chrono_body_contact,0,,,,,,,,0
mpc_tire_model_sweep,tmeasy,standard,tmeasy,tire_force_static,clay,sinusoidal,7.0,4,102,/home/ksha/Documents/sbel/offroad-control/benchmarking/results/mpc_tire_model_sweep_20260827_162718/raw/0427_tmeasy_clay_sinusoidal_v7_b4_s102,ok,0,19.387667894363403,15.0,0.99,/home/ksha/Documents/sbel/offroad-control/benchmarking/results/mpc_tire_model_sweep_20260827_162718/raw/0427_tmeasy_clay_sinusoidal_v7_b4_s102/20260827_184503_620561_clay_sinusoidal_acados_tmeasy/diag_clay_sinusoidal_acados_tmeasy.csv,,,1248,1.1149582089379861,3.536506,0.730062593721145,4.106355032317636,6.033619999999999,0.586622147473948,3.837700320512821,11.158299999999997,127.99591424268934,54.887472,1.804406,0,chrono_body_contact,0,,,,,,,,0
mpc_tire_model_sweep,tmeasy,standard,tmeasy,tire_force_static,clay,sinusoidal,7.0,4,103,/home/ksha/Documents/sbel/offroad-control/benchmarking/results/mpc_tire_model_sweep_20260827_162718/raw/0428_tmeasy_clay_sinusoidal_v7_b4_s103,ok,0,19.33570909500122,15.0,0.99,/home/ksha/Documents/sbel/offroad-control/benchmarking/results/mpc_tire_model_sweep_20260827_162718/raw/0428_tmeasy_clay_sinusoidal_v7_b4_s103/20260827_184523_005046_clay_sinusoidal_acados_tmeasy/diag_clay_sinusoidal_acados_tmeasy.csv,,,1248,1.1954575158829805,3.312871,0.7630109870729455,4.087757525392428,5.9738500000000005,0.5839653607703469,3.7926041666666666,10.715300000000001,125.90140194992657,54.479125,1.67897,0,chrono_body_contact,0,,,,,,,,0
mpc_tire_model_sweep,tmeasy,standard,tmeasy,tire_force_static,clay,sinusoidal,7.0,4,104,/home/ksha/Documents/sbel/offroad-control/benchmarking/results/mpc_tire_model_sweep_20260827_162718/raw/0429_tmeasy_clay_sinusoidal_v7_b4_s104,ok,0,19.43012571334839,15.0,0.99,/home/ksha/Documents/sbel/offroad-control/benchmarking/results/mpc_tire_model_sweep_20260827_162718/raw/0429_tmeasy_clay_sinusoidal_v7_b4_s104/20260827_184542_365015_clay_sinusoidal_acados_tmeasy/diag_clay_sinusoidal_acados_tmeasy.csv,,,1248,1.096318599219838,3.271717,0.7122707756232688,4.039669898430287,5.92471,0.5770956997757553,3.900048076923077,10.993599999999997,125.93501340795555,53.915831,1.785417,0,chrono_body_contact,0,,,,,,,,0
mpc_tire_model_sweep,tmeasy,standard,tmeasy,tire_force_static,clay,sinusoidal,7.0,8,100,/home/ksha/Documents/sbel/offroad-control/benchmarking/results/mpc_tire_model_sweep_20260827_162718/raw/0430_tmeasy_clay_sinusoidal_v7_b8_s100,ok,0,19.482463359832764,15.0,0.99,/home/ksha/Documents/sbel/offroad-control/benchmarking/results/mpc_tire_model_sweep_20260827_162718/raw/0430_tmeasy_clay_sinusoidal_v7_b8_s100/20260827_184601_820859_clay_sinusoidal_acados_tmeasy/diag_clay_sinusoidal_acados_tmeasy.csv,,,1248,1.0320294412151514,2.864462,0.628978891043398,3.746117913204063,5.53568,0.5351597018862947,3.8889903846153846,11.306499999999998,124.83322790002859,49.540202,1.579551,0,chrono_body_contact,0,,,,,,,,0
mpc_tire_model_sweep,tmeasy,standard,tmeasy,tire_force_static,clay,sinusoidal,7.0,8,101,/home/ksha/Documents/sbel/offroad-control/benchmarking/results/mpc_tire_model_sweep_20260827_162718/raw/0431_tmeasy_clay_sinusoidal_v7_b8_s101,ok,0,19.436518669128418,15.0,0.99,/home/ksha/Documents/sbel/offroad-control/benchmarking/results/mpc_tire_model_sweep_20260827_162718/raw/0431_tmeasy_clay_sinusoidal_v7_b8_s101/20260827_184621_313481_clay_sinusoidal_acados_tmeasy/diag_clay_sinusoidal_acados_tmeasy.csv,,,1247,1.1942518406426021,3.178573,0.746811184672207,3.8425277008310252,5.993369999999999,0.5489325286901464,3.702798716920609,10.33499999999999,121.13736231108558,50.795103,2.606447,0,chrono_body_contact,0,,,,,,,,0
mpc_tire_model_sweep,tmeasy,standard,tmeasy,tire_force_static,clay,sinusoidal,7.0,8,102,/home/ksha/Documents/sbel/offroad-control/benchmarking/results/mpc_tire_model_sweep_20260827_162718/raw/0432_tmeasy_clay_sinusoidal_v7_b8_s102,ok,0,19.43557119369507,15.0,0.99,/home/ksha/Documents/sbel/offroad-control/benchmarking/results/mpc_tire_model_sweep_20260827_162718/raw/0432_tmeasy_clay_sinusoidal_v7_b8_s102/20260827_184640_771182_clay_sinusoidal_acados_tmeasy/diag_clay_sinusoidal_acados_tmeasy.csv,,,1248,1.1515196470398705,3.087921,0.7054190646352725,3.825713481071099,5.957319999999999,0.5465304972958712,3.5996714743589737,10.258399999999993,126.50811620185404,50.498408,2.555256,0,chrono_body_contact,0,,,,,,,,0
mpc_tire_model_sweep,tmeasy,standard,tmeasy,tire_force_static,clay,sinusoidal,7.0,8,103,/home/ksha/Documents/sbel/offroad-control/benchmarking/results/mpc_tire_model_sweep_20260827_162718/raw/0433_tmeasy_clay_sinusoidal_v7_b8_s103,ok,0,19.434632062911987,15.0,0.99,/home/ksha/Documents/sbel/offroad-control/benchmarking/results/mpc_tire_model_sweep_20260827_162718/raw/0433_tmeasy_clay_sinusoidal_v7_b8_s103/20260827_184700_225285_clay_sinusoidal_acados_tmeasy/diag_clay_sinusoidal_acados_tmeasy.csv,,,1248,1.202406033788208,3.056455,0.786514754385965,3.8408298245614034,5.862519999999999,0.5486899749373434,3.9241346153846153,11.592399999999998,124.75174097969463,51.088347,1.841431,0,chrono_body_contact,0,,,,,,,,0
mpc_tire_model_sweep,tmeasy,standard,tmeasy,tire_force_static,clay,sinusoidal,7.0,8,104,/home/ksha/Documents/sbel/offroad-control/benchmarking/results/mpc_tire_model_sweep_20260827_162718/raw/0434_tmeasy_clay_sinusoidal_v7_b8_s104,ok,0,19.427678108215332,15.0,0.99,/home/ksha/Documents/sbel/offroad-control/benchmarking/results/mpc_tire_model_sweep_20260827_162718/raw/0434_tmeasy_clay_sinusoidal_v7_b8_s104/20260827_184719_681028_clay_sinusoidal_acados_tmeasy/diag_clay_sinusoidal_acados_tmeasy.csv,,,1248,1.2657282878404184,3.297407,0.8254733573407201,3.8709405355494,6.0216899999999995,0.5529915050784857,3.745897435897436,10.64139999999999,125.1674833958221,51.380835,1.979514,0,chrono_body_contact,0,,,,,,,,0
mpc_tire_model_sweep,tmeasy,standard,tmeasy,tire_force_static,clay,sinusoidal,9.0,0,100,/home/ksha/Documents/sbel/offroad-control/benchmarking/results/mpc_tire_model_sweep_20260827_162718/raw/0435_tmeasy_clay_sinusoidal_v9_b0_s100,ok,0,19.133700370788574,15.0,0.99,/home/ksha/Documents/sbel/offroad-control/benchmarking/results/mpc_tire_model_sweep_20260827_162718/raw/0435_tmeasy_clay_sinusoidal_v9_b0_s100/20260827_184739_133537_clay_sinusoidal_acados_tmeasy/diag_clay_sinusoidal_acados_tmeasy.csv,,,1247,1.2073244265532768,2.683248,0.8404080766389659,4.1519625115420125,6.21334,0.4613291679491125,4.0780352846832395,11.09,127.0213931313031,55.653886,0.422488,0,chrono_body_contact,0,,,,,,,,0
mpc_tire_model_sweep,tmeasy,standard,tmeasy,tire_force_static,clay,sinusoidal,9.0,0,101,/home/ksha/Documents/sbel/offroad-control/benchmarking/results/mpc_tire_model_sweep_20260827_162718/raw/0436_tmeasy_clay_sinusoidal_v9_b0_s101,ok,0,19.132810592651367,15.0,0.99,/home/ksha/Documents/sbel/offroad-control/benchmarking/results/mpc_tire_model_sweep_20260827_162718/raw/0436_tmeasy_clay_sinusoidal_v9_b0_s101/20260827_184758_289603_clay_sinusoidal_acados_tmeasy/diag_clay_sinusoidal_acados_tmeasy.csv,,,1248,1.1175184484070506,3.10222,0.7293462382271468,4.2062759926131115,6.017659999999999,0.4673639991792346,3.8360336538461532,10.470099999999997,123.27263946911465,56.200738,1.011823,0,chrono_body_contact,0,,,,,,,,0
mpc_tire_model_sweep,tmeasy,standard,tmeasy,tire_force_static,clay,sinusoidal,9.0,0,102,/home/ksha/Documents/sbel/offroad-control/benchmarking/results/mpc_tire_model_sweep_20260827_162718/raw/0437_tmeasy_clay_sinusoidal_v9_b0_s102,ok,0,19.132293224334717,15.0,0.99,/home/ksha/Documents/sbel/offroad-control/benchmarking/results/mpc_tire_model_sweep_20260827_162718/raw/0437_tmeasy_clay_sinusoidal_v9_b0_s102/20260827_184817_432465_clay_sinusoidal_acados_tmeasy/diag_clay_sinusoidal_acados_tmeasy.csv,,,1248,1.1284691279690713,3.432441,0.7100352576177286,4.133017451523545,6.17857,0.45922416128039395,3.6490464743589746,10.3153,128.15989088067897,54.937979,1.700341,0,chrono_body_contact,0,,,,,,,,0
mpc_tire_model_sweep,tmeasy,standard,tmeasy,tire_force_static,clay,sinusoidal,9.0,0,103,/home/ksha/Documents/sbel/offroad-control/benchmarking/results/mpc_tire_model_sweep_20260827_162718/raw/0438_tmeasy_clay_sinusoidal_v9_b0_s103,ok,0,19.17426347732544,15.0,0.99,/home/ksha/Documents/sbel/offroad-control/benchmarking/results/mpc_tire_model_sweep_20260827_162718/raw/0438_tmeasy_clay_sinusoidal_v9_b0_s103/20260827_184836_596951_clay_sinusoidal_acados_tmeasy/diag_clay_sinusoidal_acados_tmeasy.csv,,,1248,1.2932131586866231,3.006488,0.8938577931671282,4.2362311172668505,6.39126,0.4706923463629834,3.7403926282051283,10.697099999999999,126.90320127986888,56.709555,0.950195,0,chrono_body_contact,0,,,,,,,,0
mpc_tire_model_sweep,tmeasy,standard,tmeasy,tire_force_static,clay,sinusoidal,9.0,0,104,/home/ksha/Documents/sbel/offroad-control/benchmarking/results/mpc_tire_model_sweep_20260827_162718/raw/0439_tmeasy_clay_sinusoidal_v9_b0_s104,ok,0,19.2142596244812,15.0,0.99,/home/ksha/Documents/sbel/offroad-control/benchmarking/results/mpc_tire_model_sweep_20260827_162718/raw/0439_tmeasy_clay_sinusoidal_v9_b0_s104/20260827_184855_835245_clay_sinusoidal_acados_tmeasy/diag_clay_sinusoidal_acados_tmeasy.csv,,,1247,1.207444649994681,2.944302,0.7771326832871653,4.01303674976916,5.915179999999999,0.44589297219657337,4.176335204490777,12.016999999999998,125.56727136592941,53.11441,1.412801,0,chrono_body_contact,0,,,,,,,,0
mpc_tire_model_sweep,tmeasy,standard,tmeasy,tire_force_static,clay,sinusoidal,9.0,4,100,/home/ksha/Documents/sbel/offroad-control/benchmarking/results/mpc_tire_model_sweep_20260827_162718/raw/0440_tmeasy_clay_sinusoidal_v9_b4_s100,ok,0,19.412184953689575,15.0,0.99,/home/ksha/Documents/sbel/offroad-control/benchmarking/results/mpc_tire_model_sweep_20260827_162718/raw/0440_tmeasy_clay_sinusoidal_v9_b4_s100/20260827_184915_031763_clay_sinusoidal_acados_tmeasy/diag_clay_sinusoidal_acados_tmeasy.csv,,,1248,1.1304636381099777,3.126315,0.7505434413665744,4.126561403508773,6.06467,0.45850682261208586,3.9293349358974354,11.331199999999999,126.91324498920022,55.172064,1.294927,0,chrono_body_contact,0,,,,,,,,0
mpc_tire_model_sweep,tmeasy,standard,tmeasy,tire_force_static,clay,sinusoidal,9.0,4,101,/home/ksha/Documents/sbel/offroad-control/benchmarking/results/mpc_tire_model_sweep_20260827_162718/raw/0441_tmeasy_clay_sinusoidal_v9_b4_s101,ok,0,19.42320418357849,15.0,0.99,/home/ksha/Documents/sbel/offroad-control/benchmarking/results/mpc_tire_model_sweep_20260827_162718/raw/0441_tmeasy_clay_sinusoidal_v9_b4_s101/20260827_184934_464745_clay_sinusoidal_acados_tmeasy/diag_clay_sinusoidal_acados_tmeasy.csv,,,1248,1.3113597938094852,2.817787,0.9357997765466298,4.23113647276085,6.434889999999999,0.4701262747512056,3.9570432692307693,11.001999999999988,123.67555682774747,56.873363,0.25776,0,chrono_body_contact,0,,,,,,,,0
mpc_tire_model_sweep,tmeasy,standard,tmeasy,tire_force_static,clay,sinusoidal,9.0,4,102,/home/ksha/Documents/sbel/offroad-control/benchmarking/results/mpc_tire_model_sweep_20260827_162718/raw/0442_tmeasy_clay_sinusoidal_v9_b4_s102,ok,0,19.385159969329834,15.0,0.99,/home/ksha/Documents/sbel/offroad-control/benchmarking/results/mpc_tire_model_sweep_20260827_162718/raw/0442_tmeasy_clay_sinusoidal_v9_b4_s102/20260827_184953_896831_clay_sinusoidal_acados_tmeasy/diag_clay_sinusoidal_acados_tmeasy.csv,,,1248,1.1571693673062728,3.471557,0.712545617728532,4.115789012003693,5.96406,0.4573098902226325,3.9651041666666673,11.560599999999999,127.95780387887302,54.706476,1.748062,0,chrono_body_contact,0,,,,,,,,0
mpc_tire_model_sweep,tmeasy,standard,tmeasy,tire_force_static,clay,sinusoidal,9.0,4,103,/home/ksha/Documents/sbel/offroad-control/benchmarking/results/mpc_tire_model_sweep_20260827_162718/raw/0443_tmeasy_clay_sinusoidal_v9_b4_s103,ok,0,19.42472004890442,15.0,0.99,/home/ksha/Documents/sbel/offroad-control/benchmarking/results/mpc_tire_model_sweep_20260827_162718/raw/0443_tmeasy_clay_sinusoidal_v9_b4_s103/20260827_185013_296740_clay_sinusoidal_acados_tmeasy/diag_clay_sinusoidal_acados_tmeasy.csv,,,1248,1.0838338410617214,3.466158,0.668869406278855,4.108031855955678,6.071979999999999,0.45644798399507536,3.879647435897436,10.544799999999995,126.06789433868028,54.852232,1.705751,0,chrono_body_contact,0,,,,,,,,0
mpc_tire_model_sweep,tmeasy,standard,tmeasy,tire_force_static,clay,sinusoidal,9.0,4,104,/home/ksha/Documents/sbel/offroad-control/benchmarking/results/mpc_tire_model_sweep_20260827_162718/raw/0444_tmeasy_clay_sinusoidal_v9_b4_s104,ok,0,19.334085702896118,15.0,0.99,/home/ksha/Documents/sbel/offroad-control/benchmarking/results/mpc_tire_model_sweep_20260827_162718/raw/0444_tmeasy_clay_sinusoidal_v9_b4_s104/20260827_185032_748075_clay_sinusoidal_acados_tmeasy/diag_clay_sinusoidal_acados_tmeasy.csv,,,1248,1.2130541044719916,2.717618,0.8507791911357341,4.2775201292705445,6.41225,0.47528001436339384,3.693461538461539,10.021799999999999,127.45412643336478,57.563012,0.014129,0,chrono_body_contact,0,,,,,,,,0
mpc_tire_model_sweep,tmeasy,standard,tmeasy,tire_force_static,clay,sinusoidal,9.0,8,100,/home/ksha/Documents/sbel/offroad-control/benchmarking/results/mpc_tire_model_sweep_20260827_162718/raw/0445_tmeasy_clay_sinusoidal_v9_b8_s100,ok,0,19.482750177383423,15.0,0.99,/home/ksha/Documents/sbel/offroad-control/benchmarking/results/mpc_tire_model_sweep_20260827_162718/raw/0445_tmeasy_clay_sinusoidal_v9_b8_s100/20260827_185052_100064_clay_sinusoidal_acados_tmeasy/diag_clay_sinusoidal_acados_tmeasy.csv,,,1248,0.993661367201955,2.655644,0.6094778910433979,3.790829547553093,5.92344,0.42120328306145477,3.9246073717948717,11.3053,125.19612688501189,49.915343,2.628254,0,chrono_body_contact,0,,,,,,,,0
mpc_tire_model_sweep,tmeasy,standard,tmeasy,tire_force_static,clay,sinusoidal,9.0,8,101,/home/ksha/Documents/sbel/offroad-control/benchmarking/results/mpc_tire_model_sweep_20260827_162718/raw/0446_tmeasy_clay_sinusoidal_v9_b8_s101,ok,0,19.526533365249634,15.0,0.99,/home/ksha/Documents/sbel/offroad-control/benchmarking/results/mpc_tire_model_sweep_20260827_162718/raw/0446_tmeasy_clay_sinusoidal_v9_b8_s101/20260827_185111_594011_clay_sinusoidal_acados_tmeasy/diag_clay_sinusoidal_acados_tmeasy.csv,,,1248,1.2431204748547886,3.251524,0.7446692973222531,3.8263882733148655,5.957119999999999,0.4251542525905406,3.7761538461538455,11.098299999999997,121.0268551118478,50.685788,1.677516,0,chrono_body_contact,0,,,,,,,,0
mpc_tire_model_sweep,tmeasy,standard,tmeasy,tire_force_static,clay,sinusoidal,9.0,8,102,/home/ksha/Documents/sbel/offroad-control/benchmarking/results/mpc_tire_model_sweep_20260827_162718/raw/0447_tmeasy_clay_sinusoidal_v9_b8_s102,ok,0,19.526140928268433,15.0,0.99,/home/ksha/Documents/sbel/offroad-control/benchmarking/results/mpc_tire_model_sweep_20260827_162718/raw/0447_tmeasy_clay_sinusoidal_v9_b8_s102/20260827_185131_140065_clay_sinusoidal_acados_tmeasy/diag_clay_sinusoidal_acados_tmeasy.csv,,,1248,1.1048331504207556,3.040796,0.7349831172668514,3.9239130193905822,6.081199999999998,0.4359903354878425,3.609399038461539,10.1359,127.0864113620438,52.279125,2.132796,0,chrono_body_contact,0,,,,,,,,0
mpc_tire_model_sweep,tmeasy,standard,tmeasy,tire_force_static,clay,sinusoidal,9.0,8,103,/home/ksha/Documents/sbel/offroad-control/benchmarking/results/mpc_tire_model_sweep_20260827_162718/raw/0448_tmeasy_clay_sinusoidal_v9_b8_s103,ok,0,19.475918531417847,15.0,0.99,/home/ksha/Documents/sbel/offroad-control/benchmarking/results/mpc_tire_model_sweep_20260827_162718/raw/0448_tmeasy_clay_sinusoidal_v9_b8_s103/20260827_185150_679819_clay_sinusoidal_acados_tmeasy/diag_clay_sinusoidal_acados_tmeasy.csv,,,1248,1.0865038401415996,2.916673,0.6707350849492151,3.834815235457064,5.88385,0.42609058171745157,3.8379086538461538,10.982399999999997,124.79850176232779,50.739246,2.140427,0,chrono_body_contact,0,,,,,,,,0
mpc_tire_model_sweep,tmeasy,standard,tmeasy,tire_force_static,clay,sinusoidal,9.0,8,104,/home/ksha/Documents/sbel/offroad-control/benchmarking/results/mpc_tire_model_sweep_20260827_162718/raw/0449_tmeasy_clay_sinusoidal_v9_b8_s104,ok,0,19.440775394439697,15.0,0.99,/home/ksha/Documents/sbel/offroad-control/benchmarking/results/mpc_tire_model_sweep_20260827_162718/raw/0449_tmeasy_clay_sinusoidal_v9_b8_s104/20260827_185210_169311_clay_sinusoidal_acados_tmeasy/diag_clay_sinusoidal_acados_tmeasy.csv,,,1248,1.294750494984338,3.271709,0.8581959113573407,3.889702400738689,5.9708499999999995,0.4321891556376321,3.8578205128205125,11.025899999999998,125.24204502414374,51.766928,1.675256,0,chrono_body_contact,0,,,,,,,,0
mpc_tire_model_sweep,tmeasy,standard,tmeasy,tire_force_static,clay,lane_change,5.0,0,100,/home/ksha/Documents/sbel/offroad-control/benchmarking/results/mpc_tire_model_sweep_20260827_162718/raw/0450_tmeasy_clay_lane_change_v5_b0_s100,ok,0,19.13521718978882,15.0,0.99,/home/ksha/Documents/sbel/offroad-control/benchmarking/results/mpc_tire_model_sweep_20260827_162718/raw/0450_tmeasy_clay_lane_change_v5_b0_s100/20260827_185229_631245_clay_lane_change_acados_tmeasy/diag_clay_lane_change_acados_tmeasy.csv,,,1248,0.08132499737846074,0.29856,0.062276571560480144,4.639812280701754,5.06088,0.9279624561403509,2.1723397435897436,3.3605999999999994,128.16018847887335,63.793121,2.973134,0,chrono_body_contact,0,,,,,,,,0
mpc_tire_model_sweep,tmeasy,standard,tmeasy,tire_force_static,clay,lane_change,5.0,0,101,/home/ksha/Documents/sbel/offroad-control/benchmarking/results/mpc_tire_model_sweep_20260827_162718/raw/0451_tmeasy_clay_lane_change_v5_b0_s101,ok,0,19.17411494255066,15.0,0.99,/home/ksha/Documents/sbel/offroad-control/benchmarking/results/mpc_tire_model_sweep_20260827_162718/raw/0451_tmeasy_clay_lane_change_v5_b0_s101/20260827_185248_799459_clay_lane_change_acados_tmeasy/diag_clay_lane_change_acados_tmeasy.csv,,,1248,0.08533103421469038,0.31676,0.06496195660203138,4.65251486611265,5.07099,0.9305029732225301,1.7477644230769231,3.61,124.061004960579,64.138782,3.042949,0,chrono_body_contact,0,,,,,,,,0
mpc_tire_model_sweep,tmeasy,standard,tmeasy,tire_force_static,clay,lane_change,5.0,0,102,/home/ksha/Documents/sbel/offroad-control/benchmarking/results/mpc_tire_model_sweep_20260827_162718/raw/0452_tmeasy_clay_lane_change_v5_b0_s102,ok,0,19.172917127609253,15.0,0.99,/home/ksha/Documents/sbel/offroad-control/benchmarking/results/mpc_tire_model_sweep_20260827_162718/raw/0452_tmeasy_clay_lane_change_v5_b0_s102/20260827_185307_997190_clay_lane_change_acados_tmeasy/diag_clay_lane_change_acados_tmeasy.csv,,,1248,0.08104079644116349,0.272893,0.0619539972299169,4.650618744228994,5.06615,0.9301237488457987,2.1306891025641024,3.6252999999999997,129.09368884818568,63.966483,3.068521,0,chrono_body_contact,0,,,,,,,,0
mpc_tire_model_sweep,tmeasy,standard,tmeasy,tire_force_static,clay,lane_change,5.0,0,103,/home/ksha/Documents/sbel/offroad-control/benchmarking/results/mpc_tire_model_sweep_20260827_162718/raw/0453_tmeasy_clay_lane_change_v5_b0_s103,ok,0,19.180673360824585,15.0,0.99,/home/ksha/Documents/sbel/offroad-control/benchmarking/results/mpc_tire_model_sweep_20260827_162718/raw/0453_tmeasy_clay_lane_change_v5_b0_s103/20260827_185327_179214_clay_lane_change_acados_tmeasy/diag_clay_lane_change_acados_tmeasy.csv,,,1248,0.07753059200705222,0.258665,0.05986972853185595,4.6563074792243775,5.1089899999999995,0.9312614958448755,1.654198717948718,2.9353,127.49103458015611,64.092045,3.049666,0,chrono_body_contact,0,,,,,,,,0
mpc_tire_model_sweep,tmeasy,standard,tmeasy,tire_force_static,clay,lane_change,5.0,0,104,/home/ksha/Documents/sbel/offroad-control/benchmarking/results/mpc_tire_model_sweep_20260827_162718/raw/0454_tmeasy_clay_lane_change_v5_b0_s104,ok,0,19.181076526641846,15.0,0.99,/home/ksha/Documents/sbel/offroad-control/benchmarking/results/mpc_tire_model_sweep_20260827_162718/raw/0454_tmeasy_clay_lane_change_v5_b0_s104/20260827_185346_381135_clay_lane_change_acados_tmeasy/diag_clay_lane_change_acados_tmeasy.csv,,,1248,0.07902865052601535,0.302673,0.05998545521698984,4.62615161588181,5.0843799999999995,0.9252303231763619,1.643389423076923,2.82,127.76994355165031,63.730494,2.99114,0,chrono_body_contact,0,,,,,,,,0
mpc_tire_model_sweep,tmeasy,standard,tmeasy,tire_force_static,clay,lane_change,5.0,4,100,/home/ksha/Documents/sbel/offroad-control/benchmarking/results/mpc_tire_model_sweep_20260827_162718/raw/0455_tmeasy_clay_lane_change_v5_b4_s100,ok,0,19.37879180908203,15.0,0.99,/home/ksha/Documents/sbel/offroad-control/benchmarking/results/mpc_tire_model_sweep_20260827_162718/raw/0455_tmeasy_clay_lane_change_v5_b4_s100/20260827_185405_585607_clay_lane_change_acados_tmeasy/diag_clay_lane_change_acados_tmeasy.csv,,,1247,0.10581974830119889,0.418265,0.07416761680517082,4.611837211449676,5.08336,0.9223674422899352,1.8281154771451482,3.68,127.94758685375405,63.459932,2.973247,0,chrono_body_contact,0,,,,,,,,0
mpc_tire_model_sweep,tmeasy,standard,tmeasy,tire_force_static,clay,lane_change,5.0,4,101,/home/ksha/Documents/sbel/offroad-control/benchmarking/results/mpc_tire_model_sweep_20260827_162718/raw/0456_tmeasy_clay_lane_change_v5_b4_s101,ok,0,19.43053412437439,15.0,0.99,/home/ksha/Documents/sbel/offroad-control/benchmarking/results/mpc_tire_model_sweep_20260827_162718/raw/0456_tmeasy_clay_lane_change_v5_b4_s101/20260827_185424_990852_clay_lane_change_acados_tmeasy/diag_clay_lane_change_acados_tmeasy.csv,,,1248,0.1046698073440804,0.408843,0.07468706463527239,4.600564358264081,5.093249999999999,0.9201128716528162,1.7191266025641023,2.9605999999999995,123.78631544839031,63.542906,3.044037,0,chrono_body_contact,0,,,,,,,,0
mpc_tire_model_sweep,tmeasy,standard,tmeasy,tire_force_static,clay,lane_change,5.0,4,102,/home/ksha/Documents/sbel/offroad-control/benchmarking/results/mpc_tire_model_sweep_20260827_162718/raw/0457_tmeasy_clay_lane_change_v5_b4_s102,ok,0,19.431697130203247,15.0,0.99,/home/ksha/Documents/sbel/offroad-control/benchmarking/results/mpc_tire_model_sweep_20260827_162718/raw/0457_tmeasy_clay_lane_change_v5_b4_s102/20260827_185444_440675_clay_lane_change_acados_tmeasy/diag_clay_lane_change_acados_tmeasy.csv,,,1248,0.10335969102390791,0.395108,0.07263334810710988,4.615768236380425,5.091139999999999,0.923153647276085,1.7283894230769232,3.0264999999999986,128.89414440858584,63.581185,3.06719,0,chrono_body_contact,0,,,,,,,,0
mpc_tire_model_sweep,tmeasy,standard,tmeasy,tire_force_static,clay,lane_change,5.0,4,103,/home/ksha/Documents/sbel/offroad-control/benchmarking/results/mpc_tire_model_sweep_20260827_162718/raw/0458_tmeasy_clay_lane_change_v5_b4_s103,ok,0,19.384559154510498,15.0,0.99,/home/ksha/Documents/sbel/offroad-control/benchmarking/results/mpc_tire_model_sweep_20260827_162718/raw/0458_tmeasy_clay_lane_change_v5_b4_s103/20260827_185503_890817_clay_lane_change_acados_tmeasy/diag_clay_lane_change_acados_tmeasy.csv,,,1248,0.10290049145644017,0.400691,0.07268382917820869,4.600079316712835,5.02573,0.9200158633425669,2.1474519230769236,3.1905999999999994,127.18395047013703,63.395122,3.050583,0,chrono_body_contact,0,,,,,,,,0
mpc_tire_model_sweep,tmeasy,standard,tmeasy,tire_force_static,clay,lane_change,5.0,4,104,/home/ksha/Documents/sbel/offroad-control/benchmarking/results/mpc_tire_model_sweep_20260827_162718/raw/0459_tmeasy_clay_lane_change_v5_b4_s104,ok,0,19.33297610282898,15.0,0.99,/home/ksha/Documents/sbel/offroad-control/benchmarking/results/mpc_tire_model_sweep_20260827_162718/raw/0459_tmeasy_clay_lane_change_v5_b4_s104/20260827_185523_301744_clay_lane_change_acados_tmeasy/diag_clay_lane_change_acados_tmeasy.csv,,,1248,0.10604603998545828,0.426922,0.07334238873499538,4.588634718374885,5.0444700000000005,0.917726943674977,1.7075160256410253,3.001199999999999,127.56563851193897,63.270777,2.99228,0,chrono_body_contact,0,,,,,,,,0
mpc_tire_model_sweep,tmeasy,standard,tmeasy,tire_force_static,clay,lane_change,5.0,8,100,/home/ksha/Documents/sbel/offroad-control/benchmarking/results/mpc_tire_model_sweep_20260827_162718/raw/0460_tmeasy_clay_lane_change_v5_b8_s100,ok,0,19.442338943481445,15.0,0.99,/home/ksha/Documents/sbel/offroad-control/benchmarking/results/mpc_tire_model_sweep_20260827_162718/raw/0460_tmeasy_clay_lane_change_v5_b8_s100/20260827_185542_657051_clay_lane_change_acados_tmeasy/diag_clay_lane_change_acados_tmeasy.csv,,,1248,0.07630979133172501,0.277016,0.059426594644506,4.565018744228994,5.06701,0.9130037488457988,1.6693108974358972,2.8605999999999994,127.73600730924443,62.355017,2.999162,0,chrono_body_contact,0,,,,,,,,0
mpc_tire_model_sweep,tmeasy,standard,tmeasy,tire_force_static,clay,lane_change,5.0,8,101,/home/ksha/Documents/sbel/offroad-control/benchmarking/results/mpc_tire_model_sweep_20260827_162718/raw/0461_tmeasy_clay_lane_change_v5_b8_s101,ok,0,19.440974473953247,15.0,0.99,/home/ksha/Documents/sbel/offroad-control/benchmarking/results/mpc_tire_model_sweep_20260827_162718/raw/0461_tmeasy_clay_lane_change_v5_b8_s101/20260827_185602_127535_clay_lane_change_acados_tmeasy/diag_clay_lane_change_acados_tmeasy.csv,,,1248,0.07998707783937696,0.263494,0.06259548014773776,4.6266364727608495,5.198259999999999,0.9253272945521699,1.6768830128205128,2.8152999999999997,123.87075914357601,63.362547,3.065281,0,chrono_body_contact,0,,,,,,,,0
mpc_tire_model_sweep,tmeasy,standard,tmeasy,tire_force_static,clay,lane_change,5.0,8,102,/home/ksha/Documents/sbel/offroad-control/benchmarking/results/mpc_tire_model_sweep_20260827_162718/raw/0462_tmeasy_clay_lane_change_v5_b8_s102,ok,0,19.484341144561768,15.0,0.99,/home/ksha/Documents/sbel/offroad-control/benchmarking/results/mpc_tire_model_sweep_20260827_162718/raw/0462_tmeasy_clay_lane_change_v5_b8_s102/20260827_185621_577662_clay_lane_change_acados_tmeasy/diag_clay_lane_change_acados_tmeasy.csv,,,1248,0.07828704243132771,0.271283,0.06166772114496769,4.55414783010157,5.11501,0.9108295660203141,1.6717067307692308,2.8152999999999997,128.53281985118247,62.281576,3.087089,0,chrono_body_contact,0,,,,,,,,0
mpc_tire_model_sweep,tmeasy,standard,tmeasy,tire_force_static,clay,lane_change,5.0,8,103,/home/ksha/Documents/sbel/offroad-control/benchmarking/results/mpc_tire_model_sweep_20260827_162718/raw/0463_tmeasy_clay_lane_change_v5_b8_s103,ok,0,19.482884168624878,15.0,0.99,/home/ksha/Documents/sbel/offroad-control/benchmarking/results/mpc_tire_model_sweep_20260827_162718/raw/0463_tmeasy_clay_lane_change_v5_b8_s103/20260827_185641_069784_clay_lane_change_acados_tmeasy/diag_clay_lane_change_acados_tmeasy.csv,,,1248,0.08009854913276265,0.287038,0.061962026777469995,4.640267128347184,5.14469,0.9280534256694368,1.6737900641025643,2.8452999999999995,127.44480193275108,63.408728,3.06238,0,chrono_body_contact,0,,,,,,,,0
mpc_tire_model_sweep,tmeasy,standard,tmeasy,tire_force_static,clay,lane_change,5.0,8,104,/home/ksha/Documents/sbel/offroad-control/benchmarking/results/mpc_tire_model_sweep_20260827_162718/raw/0464_tmeasy_clay_lane_change_v5_b8_s104,ok,0,19.480397939682007,15.0,0.99,/home/ksha/Documents/sbel/offroad-control/benchmarking/results/mpc_tire_model_sweep_20260827_162718/raw/0464_tmeasy_clay_lane_change_v5_b8_s104/20260827_185700_577865_clay_lane_change_acados_tmeasy/diag_clay_lane_change_acados_tmeasy.csv,,,1248,0.07851425671441102,0.33535,0.06102177100646353,4.602602585410896,5.17221,0.9205205170821792,1.6641266025641026,2.7952999999999997,127.7527967739057,62.948492,3.010888,0,chrono_body_contact,0,,,,,,,,0
mpc_tire_model_sweep,tmeasy,standard,tmeasy,tire_force_static,clay,lane_change,7.0,0,100,/home/ksha/Documents/sbel/offroad-control/benchmarking/results/mpc_tire_model_sweep_20260827_162718/raw/0465_tmeasy_clay_lane_change_v7_b0_s100,ok,0,19.132917404174805,15.0,0.99,/home/ksha/Documents/sbel/offroad-control/benchmarking/results/mpc_tire_model_sweep_20260827_162718/raw/0465_tmeasy_clay_lane_change_v7_b0_s100/20260827_185720_068383_clay_lane_change_acados_tmeasy/diag_clay_lane_change_acados_tmeasy.csv,,,1248,0.11311239708413129,0.398407,0.08070530378578024,6.053601200369345,7.52597,0.8648001714813349,2.3917067307692306,4.57,137.6995981026809,82.198871,2.970268,0,chrono_body_contact,0,,,,,,,,0
mpc_tire_model_sweep,tmeasy,standard,tmeasy,tire_force_static,clay,lane_change,7.0,0,101,/home/ksha/Documents/sbel/offroad-control/benchmarking/results/mpc_tire_model_sweep_20260827_162718/raw/0466_tmeasy_clay_lane_change_v7_b0_s101,ok,0,19.180364847183228,15.0,0.99,/home/ksha/Documents/sbel/offroad-control/benchmarking/results/mpc_tire_model_sweep_20260827_162718/raw/0466_tmeasy_clay_lane_change_v7_b0_s101/20260827_185739_229698_clay_lane_change_acados_tmeasy/diag_clay_lane_change_acados_tmeasy.csv,,,1248,0.1070777603954942,0.382341,0.07744055032317636,6.0677479224376745,7.52344,0.8668211317768106,2.2777323717948716,3.870599999999999,133.88269582007553,82.609241,3.040704,0,chrono_body_contact,0,,,,,,,,0
mpc_tire_model_sweep,tmeasy,standard,tmeasy,tire_force_static,clay,lane_change,7.0,0,102,/home/ksha/Documents/sbel/offroad-control/benchmarking/results/mpc_tire_model_sweep_20260827_162718/raw/0467_tmeasy_clay_lane_change_v7_b0_s102,ok,0,19.13330388069153,15.0,0.99,/home/ksha/Documents/sbel/offroad-control/benchmarking/results/mpc_tire_model_sweep_20260827_162718/raw/0467_tmeasy_clay_lane_change_v7_b0_s102/20260827_185758_437127_clay_lane_change_acados_tmeasy/diag_clay_lane_change_acados_tmeasy.csv,,,1248,0.11383386263558977,0.384828,0.08186533425669437,6.073369713758079,7.50357,0.8676242448225827,2.2752884615384614,3.861199999999999,139.29411899513138,82.509576,3.053368,0,chrono_body_contact,0,,,,,,,,0
mpc_tire_model_sweep,tmeasy,standard,tmeasy,tire_force_static,clay,lane_change,7.0,0,103,/home/ksha/Documents/sbel/offroad-control/benchmarking/results/mpc_tire_model_sweep_20260827_162718/raw/0468_tmeasy_clay_lane_change_v7_b0_s103,ok,0,19.1341814994812,15.0,0.99,/home/ksha/Documents/sbel/offroad-control/benchmarking/results/mpc_tire_model_sweep_20260827_162718/raw/0468_tmeasy_clay_lane_change_v7_b0_s103/20260827_185817_582284_clay_lane_change_acados_tmeasy/diag_clay_lane_change_acados_tmeasy.csv,,,1248,0.11458951098256127,0.437532,0.08086801292705449,6.091249861495845,7.61383,0.8701785516422635,2.3107772435897433,3.86,137.57600886158414,82.817302,3.051995,0,chrono_body_contact,0,,,,,,,,0
mpc_tire_model_sweep,tmeasy,standard,tmeasy,tire_force_static,clay,lane_change,7.0,0,104,/home/ksha/Documents/sbel/offroad-control/benchmarking/results/mpc_tire_model_sweep_20260827_162718/raw/0469_tmeasy_clay_lane_change_v7_b0_s104,ok,0,19.179438829421997,15.0,0.99,/home/ksha/Documents/sbel/offroad-control/benchmarking/results/mpc_tire_model_sweep_20260827_162718/raw/0469_tmeasy_clay_lane_change_v7_b0_s104/20260827_185836_737508_clay_lane_change_acados_tmeasy/diag_clay_lane_change_acados_tmeasy.csv,,,1248,0.10653509887124092,0.380045,0.07478758448753463,6.03433000923361,7.46592,0.86204714417623,2.2518349358974357,3.74,137.40958157919346,82.101011,2.965469,0,chrono_body_contact,0,,,,,,,,0
mpc_tire_model_sweep,tmeasy,standard,tmeasy,tire_force_static,clay,lane_change,7.0,4,100,/home/ksha/Documents/sbel/offroad-control/benchmarking/results/mpc_tire_model_sweep_20260827_162718/raw/0470_tmeasy_clay_lane_change_v7_b4_s100,ok,0,19.33403468132019,15.0,0.99,/home/ksha/Documents/sbel/offroad-control/benchmarking/results/mpc_tire_model_sweep_20260827_162718/raw/0470_tmeasy_clay_lane_change_v7_b4_s100/20260827_185855_939940_clay_lane_change_acados_tmeasy/diag_clay_lane_change_acados_tmeasy.csv,,,1247,0.12675325659268982,0.40142,0.08943071560480148,6.065308956602031,7.46561,0.8664727080860045,2.426399358460305,4.3161999999999985,137.7837612918907,82.437662,2.980922,0,chrono_body_contact,0,,,,,,,,0
mpc_tire_model_sweep,tmeasy,standard,tmeasy,tire_force_static,clay,lane_change,7.0,4,101,/home/ksha/Documents/sbel/offroad-control/benchmarking/results/mpc_tire_model_sweep_20260827_162718/raw/0471_tmeasy_clay_lane_change_v7_b4_s101,ok,0,19.33806872367859,15.0,0.99,/home/ksha/Documents/sbel/offroad-control/benchmarking/results/mpc_tire_model_sweep_20260827_162718/raw/0471_tmeasy_clay_lane_change_v7_b4_s101/20260827_185915_295208_clay_lane_change_acados_tmeasy/diag_clay_lane_change_acados_tmeasy.csv,,,1247,0.12348458988909702,0.397202,0.08780372391505079,6.05417488457987,7.448769999999999,0.8648821263685529,2.3649318364073775,3.7653999999999996,133.63841359288344,82.492303,3.058918,0,chrono_body_contact,0,,,,,,,,0
mpc_tire_model_sweep,tmeasy,standard,tmeasy,tire_force_static,clay,lane_change,7.0,4,102,/home/ksha/Documents/sbel/offroad-control/benchmarking/results/mpc_tire_model_sweep_20260827_162718/raw/0472_tmeasy_clay_lane_change_v7_b4_s102,ok,0,19.333909034729004,15.0,0.99,/home/ksha/Documents/sbel/offroad-control/benchmarking/results/mpc_tire_model_sweep_20260827_162718/raw/0472_tmeasy_clay_lane_change_v7_b4_s102/20260827_185934_652018_clay_lane_change_acados_tmeasy/diag_clay_lane_change_acados_tmeasy.csv,,,1248,0.11999270145609785,0.37542,0.08541092243767315,6.07692243767313,7.517929999999999,0.8681317768104472,2.260136217948718,3.7,139.3282606616271,82.64369,3.065191,0,chrono_body_contact,0,,,,,,,,0
mpc_tire_model_sweep,tmeasy,standard,tmeasy,tire_force_static,clay,lane_change,7.0,4,103,/home/ksha/Documents/sbel/offroad-control/benchmarking/results/mpc_tire_model_sweep_20260827_162718/raw/0473_tmeasy_clay_lane_change_v7_b4_s103,ok,0,19.33400559425354,15.0,0.99,/home/ksha/Documents/sbel/offroad-control/benchmarking/results/mpc_tire_model_sweep_20260827_162718/raw/0473_tmeasy_clay_lane_change_v7_b4_s103/20260827_185954_002608_clay_lane_change_acados_tmeasy/diag_clay_lane_change_acados_tmeasy.csv,,,1248,0.12165226451673582,0.399855,0.08533044875346261,6.017255493998154,7.39436,0.859607927714022,2.2985016025641025,3.8352999999999997,136.977011286091,81.92099,3.050337,0,chrono_body_contact,0,,,,,,,,0
mpc_tire_model_sweep,tmeasy,standard,tmeasy,tire_force_static,clay,lane_change,7.0,4,104,/home/ksha/Documents/sbel/offroad-control/benchmarking/results/mpc_tire_model_sweep_20260827_162718/raw/0474_tmeasy_clay_lane_change_v7_b4_s104,ok,0,19.386144161224365,15.0,0.99,/home/ksha/Documents/sbel/offroad-control/benchmarking/results/mpc_tire_model_sweep_20260827_162718/raw/0474_tmeasy_clay_lane_change_v7_b4_s104/20260827_190013_367272_clay_lane_change_acados_tmeasy/diag_clay_lane_change_acados_tmeasy.csv,,,1248,0.12400387008538223,0.416273,0.08551233148661126,6.034316251154202,7.460529999999999,0.8620451787363146,2.3144150641025645,3.770599999999999,137.4080183249714,82.158714,2.977873,0,chrono_body_contact,0,,,,,,,,0
mpc_tire_model_sweep,tmeasy,standard,tmeasy,tire_force_static,clay,lane_change,7.0,8,100,/home/ksha/Documents/sbel/offroad-control/benchmarking/results/mpc_tire_model_sweep_20260827_162718/raw/0475_tmeasy_clay_lane_change_v7_b8_s100,ok,0,19.441129446029663,15.0,0.99,/home/ksha/Documents/sbel/offroad-control/benchmarking/results/mpc_tire_model_sweep_20260827_162718/raw/0475_tmeasy_clay_lane_change_v7_b8_s100/20260827_190032_782852_clay_lane_change_acados_tmeasy/diag_clay_lane_change_acados_tmeasy.csv,,,1248,0.13008135771577745,0.513593,0.08861619021237303,5.905925023084026,7.38596,0.8437035747262894,2.3829246794871795,3.84,136.7813573114755,79.824853,2.982561,0,chrono_body_contact,0,,,,,,,,0
mpc_tire_model_sweep,tmeasy,standard,tmeasy,tire_force_static,clay,lane_change,7.0,8,101,/home/ksha/Documents/sbel/offroad-control/benchmarking/results/mpc_tire_model_sweep_20260827_162718/raw/0476_tmeasy_clay_lane_change_v7_b8_s101,ok,0,19.439298629760742,15.0,0.99,/home/ksha/Documents/sbel/offroad-control/benchmarking/results/mpc_tire_model_sweep_20260827_162718/raw/0476_tmeasy_clay_lane_change_v7_b8_s101/20260827_190052_226751_clay_lane_change_acados_tmeasy/diag_clay_lane_change_acados_tmeasy.csv,,,1248,0.13367597479083435,0.514171,0.09114140627885503,5.975064173591874,7.43183,0.8535805962274106,3.0441426282051283,4.97,133.34330709368513,80.949979,3.036364,0,chrono_body_contact,0,,,,,,,,0
mpc_tire_model_sweep,tmeasy,standard,tmeasy,tire_force_static,clay,lane_change,7.0,8,102,/home/ksha/Documents/sbel/offroad-control/benchmarking/results/mpc_tire_model_sweep_20260827_162718/raw/0477_tmeasy_clay_lane_change_v7_b8_s102,ok,0,19.43857192993164,15.0,0.99,/home/ksha/Documents/sbel/offroad-control/benchmarking/results/mpc_tire_model_sweep_20260827_162718/raw/0477_tmeasy_clay_lane_change_v7_b8_s102/20260827_190111_689006_clay_lane_change_acados_tmeasy/diag_clay_lane_change_acados_tmeasy.csv,,,1248,0.13076372715417003,0.520191,0.0878589270544783,5.928773314866112,7.410909999999999,0.8469676164094446,2.3949439102564103,3.9153,138.28515348211084,80.181689,3.058246,0,chrono_body_contact,0,,,,,,,,0
mpc_tire_model_sweep,tmeasy,standard,tmeasy,tire_force_static,clay,lane_change,7.0,8,103,/home/ksha/Documents/sbel/offroad-control/benchmarking/results/mpc_tire_model_sweep_20260827_162718/raw/0478_tmeasy_clay_lane_change_v7_b8_s103,ok,0,19.53153705596924,15.0,0.99,/home/ksha/Documents/sbel/offroad-control/benchmarking/results/mpc_tire_model_sweep_20260827_162718/raw/0478_tmeasy_clay_lane_change_v7_b8_s103/20260827_190131_150340_clay_lane_change_acados_tmeasy/diag_clay_lane_change_acados_tmeasy.csv,,,1248,0.12904363704450542,0.487998,0.08711654016620499,5.938857340720221,7.40208,0.8484081915314602,2.3932211538461536,4.1053,136.59227473250414,80.371666,3.044408,0,chrono_body_contact,0,,,,,,,,0
mpc_tire_model_sweep,tmeasy,standard,tmeasy,tire_force_static,clay,lane_change,7.0,8,104,/home/ksha/Documents/sbel/offroad-control/benchmarking/results/mpc_tire_model_sweep_20260827_162718/raw/0479_tmeasy_clay_lane_change_v7_b8_s104,ok,0,19.49223279953003,15.0,0.99,/home/ksha/Documents/sbel/offroad-control/benchmarking/results/mpc_tire_model_sweep_20260827_162718/raw/0479_tmeasy_clay_lane_change_v7_b8_s104/20260827_190150_703180_clay_lane_change_acados_tmeasy/diag_clay_lane_change_acados_tmeasy.csv,,,1248,0.12015969669927005,0.474519,0.0805684672206833,5.909902862419206,7.41406,0.844271837488458,2.3635576923076917,3.7405999999999993,136.7911373119292,79.996923,2.994815,0,chrono_body_contact,0,,,,,,,,0
mpc_tire_model_sweep,tmeasy,standard,tmeasy,tire_force_static,clay,lane_change,9.0,0,100,/home/ksha/Documents/sbel/offroad-control/benchmarking/results/mpc_tire_model_sweep_20260827_162718/raw/0480_tmeasy_clay_lane_change_v9_b0_s100,ok,0,19.132439851760864,15.0,0.99,/home/ksha/Documents/sbel/offroad-control/benchmarking/results/mpc_tire_model_sweep_20260827_162718/raw/0480_tmeasy_clay_lane_change_v9_b0_s100/20260827_190210_206228_clay_lane_change_acados_tmeasy/diag_clay_lane_change_acados_tmeasy.csv,,,1248,0.11832924059819579,0.441477,0.08388324930747923,6.515985780240074,8.70614,0.7239984200266749,2.987580128205128,4.820599999999999,141.49325368428475,88.226899,2.99189,0,chrono_body_contact,0,,,,,,,,0
mpc_tire_model_sweep,tmeasy,standard,tmeasy,tire_force_static,clay,lane_change,9.0,0,101,/home/ksha/Documents/sbel/offroad-control/benchmarking/results/mpc_tire_model_sweep_20260827_162718/raw/0481_tmeasy_clay_lane_change_v9_b0_s101,ok,0,19.132962465286255,15.0,0.99,/home/ksha/Documents/sbel/offroad-control/benchmarking/results/mpc_tire_model_sweep_20260827_162718/raw/0481_tmeasy_clay_lane_change_v9_b0_s101/20260827_190229_360601_clay_lane_change_acados_tmeasy/diag_clay_lane_change_acados_tmeasy.csv,,,1248,0.12137720740958115,0.467823,0.08687608679593721,6.5439430286241915,8.785369999999999,0.7271047809582435,2.5878125,3.910599999999999,137.97492559881903,88.807918,3.077595,0,chrono_body_contact,0,,,,,,,,0
mpc_tire_model_sweep,tmeasy,standard,tmeasy,tire_force_static,clay,lane_change,9.0,0,102,/home/ksha/Documents/sbel/offroad-control/benchmarking/results/mpc_tire_model_sweep_20260827_162718/raw/0482_tmeasy_clay_lane_change_v9_b0_s102,ok,0,19.13496994972229,15.0,0.99,/home/ksha/Documents/sbel/offroad-control/benchmarking/results/mpc_tire_model_sweep_20260827_162718/raw/0482_tmeasy_clay_lane_change_v9_b0_s102/20260827_190248_533343_clay_lane_change_acados_tmeasy/diag_clay_lane_change_acados_tmeasy.csv,,,1248,0.11357086055021483,0.38414,0.08179358448753463,6.522820960295475,8.70566,0.7247578844772751,2.5464342948717946,3.69,143.2434852503411,88.39476,3.064378,0,chrono_body_contact,0,,,,,,,,0
mpc_tire_model_sweep,tmeasy,standard,tmeasy,tire_force_static,clay,lane_change,9.0,0,103,/home/ksha/Documents/sbel/offroad-control/benchmarking/results/mpc_tire_model_sweep_20260827_162718/raw/0483_tmeasy_clay_lane_change_v9_b0_s103,ok,0,19.130025386810303,15.0,0.99,/home/ksha/Documents/sbel/offroad-control/benchmarking/results/mpc_tire_model_sweep_20260827_162718/raw/0483_tmeasy_clay_lane_change_v9_b0_s103/20260827_190307_665502_clay_lane_change_acados_tmeasy/diag_clay_lane_change_acados_tmeasy.csv,,,1248,0.11681117981841342,0.460722,0.08267986611265005,6.518456509695291,8.74812,0.724272945521699,2.597700320512821,3.88,141.2804264518657,88.369574,3.036696,0,chrono_body_contact,0,,,,,,,,0
mpc_tire_model_sweep,tmeasy,standard,tmeasy,tire_force_static,clay,lane_change,9.0,0,104,/home/ksha/Documents/sbel/offroad-control/benchmarking/results/mpc_tire_model_sweep_20260827_162718/raw/0484_tmeasy_clay_lane_change_v9_b0_s104,ok,0,19.13109016418457,15.0,0.99,/home/ksha/Documents/sbel/offroad-control/benchmarking/results/mpc_tire_model_sweep_20260827_162718/raw/0484_tmeasy_clay_lane_change_v9_b0_s104/20260827_190326_846981_clay_lane_change_acados_tmeasy/diag_clay_lane_change_acados_tmeasy.csv,,,1248,1.234963290386858,4.284969,0.7367388282548476,6.337637488457987,8.01509,0.7041819431619986,3.4813782051282054,9.358899999999997,139.81549596626965,85.182425,-1.284969,0,chrono_body_contact,0,,,,,,,,0
mpc_tire_model_sweep,tmeasy,standard,tmeasy,tire_force_static,clay,lane_change,9.0,4,100,/home/ksha/Documents/sbel/offroad-control/benchmarking/results/mpc_tire_model_sweep_20260827_162718/raw/0485_tmeasy_clay_lane_change_v9_b4_s100,ok,0,19.338218927383423,15.0,0.99,/home/ksha/Documents/sbel/offroad-control/benchmarking/results/mpc_tire_model_sweep_20260827_162718/raw/0485_tmeasy_clay_lane_change_v9_b4_s100/20260827_190345_974310_clay_lane_change_acados_tmeasy/diag_clay_lane_change_acados_tmeasy.csv,,,1248,9.738267289093814,19.635935,6.07692539242844,4.984339981532779,6.93164,0.5538155535036421,3.8385576923076927,11.170599999999999,132.38787658738238,60.306788,-16.535781,0,chrono_body_contact,0,,,,,,,,0
mpc_tire_model_sweep,tmeasy,standard,tmeasy,tire_force_static,clay,lane_change,9.0,4,101,/home/ksha/Documents/sbel/offroad-control/benchmarking/results/mpc_tire_model_sweep_20260827_162718/raw/0486_tmeasy_clay_lane_change_v9_b4_s101,ok,0,19.33934736251831,15.0,0.99,/home/ksha/Documents/sbel/offroad-control/benchmarking/results/mpc_tire_model_sweep_20260827_162718/raw/0486_tmeasy_clay_lane_change_v9_b4_s101/20260827_190405_333645_clay_lane_change_acados_tmeasy/diag_clay_lane_change_acados_tmeasy.csv,,,1248,8.010057475543597,15.511361,5.086707894736842,5.19756241920591,6.96939,0.5775069354673232,4.062427884615384,12.3153,129.11821049687455,67.03029,-12.052478,0,chrono_body_contact,0,,,,,,,,0
mpc_tire_model_sweep,tmeasy,standard,tmeasy,tire_force_static,clay,lane_change,9.0,4,102,/home/ksha/Documents/sbel/offroad-control/benchmarking/results/mpc_tire_model_sweep_20260827_162718/raw/0487_tmeasy_clay_lane_change_v9_b4_s102,ok,0,19.332074403762817,15.0,0.99,/home/ksha/Documents/sbel/offroad-control/benchmarking/results/mpc_tire_model_sweep_20260827_162718/raw/0487_tmeasy_clay_lane_change_v9_b4_s102/20260827_190424_699612_clay_lane_change_acados_tmeasy/diag_clay_lane_change_acados_tmeasy.csv,,,1248,2.1002707314437594,4.929172,1.4327128328716527,6.315591228070175,8.28957,0.7017323586744638,4.217467948717949,11.370099999999995,141.28157595338837,84.463359,1.746976,0,chrono_body_contact,0,,,,,,,,0
mpc_tire_model_sweep,tmeasy,standard,tmeasy,tire_force_static,clay,lane_change,9.0,4,103,/home/ksha/Documents/sbel/offroad-control/benchmarking/results/mpc_tire_model_sweep_20260827_162718/raw/0488_tmeasy_clay_lane_change_v9_b4_s103,ok,0,19.38031029701233,15.0,0.99,/home/ksha/Documents/sbel/offroad-control/benchmarking/results/mpc_tire_model_sweep_20260827_162718/raw/0488_tmeasy_clay_lane_change_v9_b4_s103/20260827_190444_034658_clay_lane_change_acados_tmeasy/diag_clay_lane_change_acados_tmeasy.csv,,,1248,0.16484288184982931,0.569577,0.11245653093259465,6.557582733148662,8.75783,0.7286203036831846,2.633926282051282,3.8052999999999995,141.62176405159235,88.973481,3.066313,0,chrono_body_contact,0,,,,,,,,0
mpc_tire_model_sweep,tmeasy,standard,tmeasy,tire_force_static,clay,lane_change,9.0,4,104,/home/ksha/Documents/sbel/offroad-control/benchmarking/results/mpc_tire_model_sweep_20260827_162718/raw/0489_tmeasy_clay_lane_change_v9_b4_s104,ok,0,19.3676917552948,15.0,0.99,/home/ksha/Documents/sbel/offroad-control/benchmarking/results/mpc_tire_model_sweep_20260827_162718/raw/0489_tmeasy_clay_lane_change_v9_b4_s104/20260827_190503_443683_clay_lane_change_acados_tmeasy/diag_clay_lane_change_acados_tmeasy.csv,,,1248,0.13876346960770616,0.483824,0.09619897783933518,6.531269067405356,8.6935,0.7256965630450396,2.7511939102564105,4.51,141.59293016059513,88.659418,3.029026,0,chrono_body_contact,0,,,,,,,,0
mpc_tire_model_sweep,tmeasy,standard,tmeasy,tire_force_static,clay,lane_change,9.0,8,100,/home/ksha/Documents/sbel/offroad-control/benchmarking/results/mpc_tire_model_sweep_20260827_162718/raw/0490_tmeasy_clay_lane_change_v9_b8_s100,ok,0,19.461217403411865,15.0,0.99,/home/ksha/Documents/sbel/offroad-control/benchmarking/results/mpc_tire_model_sweep_20260827_162718/raw/0490_tmeasy_clay_lane_change_v9_b8_s100/20260827_190522_832623_clay_lane_change_acados_tmeasy/diag_clay_lane_change_acados_tmeasy.csv,,,1247,0.13338771656824303,0.520416,0.08946850877192983,6.226460295475531,8.15098,0.6918289217195034,2.7419406575781875,4.2715999999999985,139.3567549745462,84.011722,2.931953,0,chrono_body_contact,0,,,,,,,,0
mpc_tire_model_sweep,tmeasy,standard,tmeasy,tire_force_static,clay,lane_change,9.0,8,101,/home/ksha/Documents/sbel/offroad-control/benchmarking/results/mpc_tire_model_sweep_20260827_162718/raw/0491_tmeasy_clay_lane_change_v9_b8_s101,ok,0,19.471615076065063,15.0,0.99,/home/ksha/Documents/sbel/offroad-control/benchmarking/results/mpc_tire_model_sweep_20260827_162718/raw/0491_tmeasy_clay_lane_change_v9_b8_s101/20260827_190542_313218_clay_lane_change_acados_tmeasy/diag_clay_lane_change_acados_tmeasy.csv,,,1248,0.14963507645887747,0.53202,0.09803210249307479,6.231542474607572,8.159999999999998,0.6923936082897302,3.206330128205128,4.970599999999999,135.41464981946604,84.277126,3.024545,0,chrono_body_contact,0,,,,,,,,0
mpc_tire_model_sweep,tmeasy,standard,tmeasy,tire_force_static,clay,lane_change,9.0,8,102,/home/ksha/Documents/sbel/offroad-control/benchmarking/results/mpc_tire_model_sweep_20260827_162718/raw/0492_tmeasy_clay_lane_change_v9_b8_s102,ok,0,19.527986526489258,15.0,0.99,/home/ksha/Documents/sbel/offroad-control/benchmarking/results/mpc_tire_model_sweep_20260827_162718/raw/0492_tmeasy_clay_lane_change_v9_b8_s102/20260827_190601_803282_clay_lane_change_acados_tmeasy/diag_clay_lane_change_acados_tmeasy.csv,,,1247,0.8493903643094198,3.01778,0.5225204053554939,6.130320960295475,7.77001,0.6811467733661639,3.4927586206896546,6.606199999999981,139.78533712745735,82.139091,0.047546,0,chrono_body_contact,0,,,,,,,,0
mpc_tire_model_sweep,tmeasy,standard,tmeasy,tire_force_static,clay,lane_change,9.0,8,103,/home/ksha/Documents/sbel/offroad-control/benchmarking/results/mpc_tire_model_sweep_20260827_162718/raw/0493_tmeasy_clay_lane_change_v9_b8_s103,ok,0,19.526577711105347,15.0,0.99,/home/ksha/Documents/sbel/offroad-control/benchmarking/results/mpc_tire_model_sweep_20260827_162718/raw/0493_tmeasy_clay_lane_change_v9_b8_s103/20260827_190621_374394_clay_lane_change_acados_tmeasy/diag_clay_lane_change_acados_tmeasy.csv,,,1248,2.167841354309544,4.776007,1.3583101735918746,6.041925300092336,7.41912,0.6713250333435928,3.6139583333333327,11.222099999999985,137.47795339921464,80.216248,3.638468,0,chrono_body_contact,0,,,,,,,,0
mpc_tire_model_sweep,tmeasy,standard,tmeasy,tire_force_static,clay,lane_change,9.0,8,104,/home/ksha/Documents/sbel/offroad-control/benchmarking/results/mpc_tire_model_sweep_20260827_162718/raw/0494_tmeasy_clay_lane_change_v9_b8_s104,ok,0,19.482955932617188,15.0,0.99,/home/ksha/Documents/sbel/offroad-control/benchmarking/results/mpc_tire_model_sweep_20260827_162718/raw/0494_tmeasy_clay_lane_change_v9_b8_s104/20260827_190640_899837_clay_lane_change_acados_tmeasy/diag_clay_lane_change_acados_tmeasy.csv,,,1248,0.20135654258667593,0.737892,0.11897973591874422,6.244132871652817,8.16965,0.6937925412947574,2.9919871794871797,6.206599999999994,139.58395809535762,84.334414,2.983228,0,chrono_body_contact,0,,,,,,,,0
mpc_tire_model_sweep,tmeasy,standard,tmeasy,tire_force_static,clay,right_left,5.0,0,100,/home/ksha/Documents/sbel/offroad-control/benchmarking/results/mpc_tire_model_sweep_20260827_162718/raw/0495_tmeasy_clay_right_left_v5_b0_s100,ok,0,19.12937331199646,15.0,0.99,/home/ksha/Documents/sbel/offroad-control/benchmarking/results/mpc_tire_model_sweep_20260827_162718/raw/0495_tmeasy_clay_right_left_v5_b0_s100/20260827_190700_396323_clay_right_left_acados_tmeasy/diag_clay_right_left_acados_tmeasy.csv,,,1248,0.4625598281358783,1.517209,0.298220757156048,4.192251985226223,4.71418,0.8384503970452446,4.127836538461539,10.98,125.99102493017293,28.566671,-29.933124,0,chrono_body_contact,0,,,,,,,,0
mpc_tire_model_sweep,tmeasy,standard,tmeasy,tire_force_static,clay,right_left,5.0,0,101,/home/ksha/Documents/sbel/offroad-control/benchmarking/results/mpc_tire_model_sweep_20260827_162718/raw/0496_tmeasy_clay_right_left_v5_b0_s101,ok,0,19.170910596847534,15.0,0.99,/home/ksha/Documents/sbel/offroad-control/benchmarking/results/mpc_tire_model_sweep_20260827_162718/raw/0496_tmeasy_clay_right_left_v5_b0_s101/20260827_190719_550208_clay_right_left_acados_tmeasy/diag_clay_right_left_acados_tmeasy.csv,,,1248,0.4599978995111423,1.194757,0.30824519852262233,4.209694090489382,4.78018,0.8419388180978764,4.207115384615384,11.86,121.9213263114201,30.258724,-30.082556,0,chrono_body_contact,0,,,,,,,,0
mpc_tire_model_sweep,tmeasy,standard,tmeasy,tire_force_static,clay,right_left,5.0,0,102,/home/ksha/Documents/sbel/offroad-control/benchmarking/results/mpc_tire_model_sweep_20260827_162718/raw/0497_tmeasy_clay_right_left_v5_b0_s102,ok,0,19.17385983467102,15.0,0.99,/home/ksha/Documents/sbel/offroad-control/benchmarking/results/mpc_tire_model_sweep_20260827_162718/raw/0497_tmeasy_clay_right_left_v5_b0_s102/20260827_190738_752220_clay_right_left_acados_tmeasy/diag_clay_right_left_acados_tmeasy.csv,,,1248,0.6561934603265682,1.897005,0.4231421255771006,4.186979686057248,5.4282499999999985,0.8373959372114497,4.289166666666667,12.132999999999997,127.04450652763227,32.504581,-30.166681,0,chrono_body_contact,0,,,,,,,,0
mpc_tire_model_sweep,tmeasy,standard,tmeasy,tire_force_static,clay,right_left,5.0,0,103,/home/ksha/Documents/sbel/offroad-control/benchmarking/results/mpc_tire_model_sweep_20260827_162718/raw/0498_tmeasy_clay_right_left_v5_b0_s103,ok,0,19.130847454071045,15.0,0.99,/home/ksha/Documents/sbel/offroad-control/benchmarking/results/mpc_tire_model_sweep_20260827_162718/raw/0498_tmeasy_clay_right_left_v5_b0_s103/20260827_190757_939045_clay_right_left_acados_tmeasy/diag_clay_right_left_acados_tmeasy.csv,,,1248,0.5357706972795021,1.969843,0.3222008337950138,4.195986980609418,5.01625,0.8391973961218836,3.7766826923076926,10.466499999999998,125.40781324438326,28.972148,-30.915363,0,chrono_body_contact,0,,,,,,,,0
mpc_tire_model_sweep,tmeasy,standard,tmeasy,tire_force_static,clay,right_left,5.0,0,104,/home/ksha/Documents/sbel/offroad-control/benchmarking/results/mpc_tire_model_sweep_20260827_162718/raw/0499_tmeasy_clay_right_left_v5_b0_s104,ok,0,19.178778409957886,15.0,0.99,/home/ksha/Documents/sbel/offroad-control/benchmarking/results/mpc_tire_model_sweep_20260827_162718/raw/0499_tmeasy_clay_right_left_v5_b0_s104/20260827_190817_081639_clay_right_left_acados_tmeasy/diag_clay_right_left_acados_tmeasy.csv,,,1248,0.46372592722486866,1.30723,0.3062641486611265,4.1822800554016615,4.798869999999999,0.8364560110803323,4.131794871794872,11.537199999999993,126.16353707822267,28.639531,-29.59773,0,chrono_body_contact,0,,,,,,,,0
mpc_tire_model_sweep,tmeasy,standard,tmeasy,tire_force_static,clay,right_left,5.0,4,100,/home/ksha/Documents/sbel/offroad-control/benchmarking/results/mpc_tire_model_sweep_20260827_162718/raw/0500_tmeasy_clay_right_left_v5_b4_s100,ok,0,19.430230140686035,15.0,0.99,/home/ksha/Documents/sbel/offroad-control/benchmarking/results/mpc_tire_model_sweep_20260827_162718/raw/0500_tmeasy_clay_right_left_v5_b4_s100/20260827_190836_263313_clay_right_left_acados_tmeasy/diag_clay_right_left_acados_tmeasy.csv,,,1247,1.1900885363377773,4.137815,0.659317724838412,4.296742474607572,5.44576,0.8593484949215144,4.217353648757017,11.883999999999997,126.50083082139896,36.097431,-31.276039,0,chrono_body_contact,0,,,,,,,,0
mpc_tire_model_sweep,tmeasy,standard,tmeasy,tire_force_static,clay,right_left,5.0,4,101,/home/ksha/Documents/sbel/offroad-control/benchmarking/results/mpc_tire_model_sweep_20260827_162718/raw/0501_tmeasy_clay_right_left_v5_b4_s101,ok,0,19.383676290512085,15.0,0.99,/home/ksha/Documents/sbel/offroad-control/benchmarking/results/mpc_tire_model_sweep_20260827_162718/raw/0501_tmeasy_clay_right_left_v5_b4_s101/20260827_190855_743782_clay_right_left_acados_tmeasy/diag_clay_right_left_acados_tmeasy.csv,,,1248,0.4507679406049954,1.58526,0.30005454108956603,4.1700333333333335,4.78959,0.8340066666666667,4.042516025641026,11.574299999999992,121.62482469208715,28.555134,-29.791832,0,chrono_body_contact,0,,,,,,,,0
mpc_tire_model_sweep,tmeasy,standard,tmeasy,tire_force_static,clay,right_left,5.0,4,102,/home/ksha/Documents/sbel/offroad-control/benchmarking/results/mpc_tire_model_sweep_20260827_162718/raw/0502_tmeasy_clay_right_left_v5_b4_s102,ok,0,19.4272677898407,15.0,0.99,/home/ksha/Documents/sbel/offroad-control/benchmarking/results/mpc_tire_model_sweep_20260827_162718/raw/0502_tmeasy_clay_right_left_v5_b4_s102/20260827_190915_128759_clay_right_left_acados_tmeasy/diag_clay_right_left_acados_tmeasy.csv,,,1248,0.7636727454193944,2.447998,0.4672258356417359,4.228886703601108,4.97729,0.8457773407202216,4.23488782051282,11.766499999999999,127.03346072439771,34.249493,-30.713859,0,chrono_body_contact,0,,,,,,,,0
mpc_tire_model_sweep,tmeasy,standard,tmeasy,tire_force_static,clay,right_left,5.0,4,103,/home/ksha/Documents/sbel/offroad-control/benchmarking/results/mpc_tire_model_sweep_20260827_162718/raw/0503_tmeasy_clay_right_left_v5_b4_s103,ok,0,19.38095450401306,15.0,0.99,/home/ksha/Documents/sbel/offroad-control/benchmarking/results/mpc_tire_model_sweep_20260827_162718/raw/0503_tmeasy_clay_right_left_v5_b4_s103/20260827_190934_563283_clay_right_left_acados_tmeasy/diag_clay_right_left_acados_tmeasy.csv,,,1248,0.6971220452059473,2.172278,0.43439683379501387,4.161905632502309,4.88882,0.8323811265004618,4.219310897435897,11.599499999999995,125.24951034239854,32.545425,-29.661594,0,chrono_body_contact,0,,,,,,,,0
mpc_tire_model_sweep,tmeasy,standard,tmeasy,tire_force_static,clay,right_left,5.0,4,104,/home/ksha/Documents/sbel/offroad-control/benchmarking/results/mpc_tire_model_sweep_20260827_162718/raw/0504_tmeasy_clay_right_left_v5_b4_s104,ok,0,19.42764902114868,15.0,0.99,/home/ksha/Documents/sbel/offroad-control/benchmarking/results/mpc_tire_model_sweep_20260827_162718/raw/0504_tmeasy_clay_right_left_v5_b4_s104/20260827_190953_957428_clay_right_left_acados_tmeasy/diag_clay_right_left_acados_tmeasy.csv,,,1247,0.779369232443968,2.507111,0.48293625761772857,4.21293758079409,4.95139,0.8425875161588181,4.12934242181235,11.499399999999996,126.40324807352417,32.605817,-30.027163,0,chrono_body_contact,0,,,,,,,,0
mpc_tire_model_sweep,tmeasy,standard,tmeasy,tire_force_static,clay,right_left,5.0,8,100,/home/ksha/Documents/sbel/offroad-control/benchmarking/results/mpc_tire_model_sweep_20260827_162718/raw/0505_tmeasy_clay_right_left_v5_b8_s100,ok,0,19.476175546646118,15.0,0.99,/home/ksha/Documents/sbel/offroad-control/benchmarking/results/mpc_tire_model_sweep_20260827_162718/raw/0505_tmeasy_clay_right_left_v5_b8_s100/20260827_191013_406343_clay_right_left_acados_tmeasy/diag_clay_right_left_acados_tmeasy.csv,,,1248,0.43957929274776586,1.244668,0.2764719095106187,4.17846325023084,4.9581800000000005,0.8356926500461681,4.094631410256411,11.377099999999999,125.83216415069998,30.342843,-29.652174,0,chrono_body_contact,0,,,,,,,,0
mpc_tire_model_sweep,tmeasy,standard,tmeasy,tire_force_static,clay,right_left,5.0,8,101,/home/ksha/Documents/sbel/offroad-control/benchmarking/results/mpc_tire_model_sweep_20260827_162718/raw/0506_tmeasy_clay_right_left_v5_b8_s101,ok,0,19.481085062026978,15.0,0.99,/home/ksha/Documents/sbel/offroad-control/benchmarking/results/mpc_tire_model_sweep_20260827_162718/raw/0506_tmeasy_clay_right_left_v5_b8_s101/20260827_191032_903917_clay_right_left_acados_tmeasy/diag_clay_right_left_acados_tmeasy.csv,,,1248,0.727652009837498,2.365076,0.4326136657433056,4.22700083102493,5.11596,0.845400166204986,4.002748397435898,11.33549999999999,122.14611206646197,34.143297,-30.52316,0,chrono_body_contact,0,,,,,,,,0
mpc_tire_model_sweep,tmeasy,standard,tmeasy,tire_force_static,clay,right_left,5.0,8,102,/home/ksha/Documents/sbel/offroad-control/benchmarking/results/mpc_tire_model_sweep_20260827_162718/raw/0507_tmeasy_clay_right_left_v5_b8_s102,ok,0,19.474483728408813,15.0,0.99,/home/ksha/Documents/sbel/offroad-control/benchmarking/results/mpc_tire_model_sweep_20260827_162718/raw/0507_tmeasy_clay_right_left_v5_b8_s102/20260827_191052_387144_clay_right_left_acados_tmeasy/diag_clay_right_left_acados_tmeasy.csv,,,1248,0.3852154936711748,1.027892,0.2507854349030471,4.1495354570637115,5.07,0.8299070914127423,3.988245192307692,11.3253,126.9242513612291,30.579769,-29.82419,0,chrono_body_contact,0,,,,,,,,0
mpc_tire_model_sweep,tmeasy,standard,tmeasy,tire_force_static,clay,right_left,5.0,8,103,/home/ksha/Documents/sbel/offroad-control/benchmarking/results/mpc_tire_model_sweep_20260827_162718/raw/0508_tmeasy_clay_right_left_v5_b8_s103,ok,0,19.48158073425293,15.0,0.99,/home/ksha/Documents/sbel/offroad-control/benchmarking/results/mpc_tire_model_sweep_20260827_162718/raw/0508_tmeasy_clay_right_left_v5_b8_s103/20260827_191111_886300_clay_right_left_acados_tmeasy/diag_clay_right_left_acados_tmeasy.csv,,,1247,0.40373653103521945,1.183548,0.24807257802400737,4.142971191135734,5.01664,0.8285942382271468,3.999679230152366,11.457199999999993,124.96892829528608,28.881081,-29.633521,0,chrono_body_contact,0,,,,,,,,0
mpc_tire_model_sweep,tmeasy,standard,tmeasy,tire_force_static,clay,right_left,5.0,8,104,/home/ksha/Documents/sbel/offroad-control/benchmarking/results/mpc_tire_model_sweep_20260827_162718/raw/0509_tmeasy_clay_right_left_v5_b8_s104,ok,0,19.481914520263672,15.0,0.99,/home/ksha/Documents/sbel/offroad-control/benchmarking/results/mpc_tire_model_sweep_20260827_162718/raw/0509_tmeasy_clay_right_left_v5_b8_s104/20260827_191131_390413_clay_right_left_acados_tmeasy/diag_clay_right_left_acados_tmeasy.csv,,,1248,0.3996686096347866,1.167158,0.24905994829178207,4.126036380424746,5.0807,0.8252072760849491,4.009527243589743,10.762399999999998,126.01274647391037,28.954776,-29.525702,0,chrono_body_contact,0,,,,,,,,0
mpc_tire_model_sweep,tmeasy,standard,tmeasy,tire_force_static,clay,right_left,7.0,0,100,/home/ksha/Documents/sbel/offroad-control/benchmarking/results/mpc_tire_model_sweep_20260827_162718/raw/0510_tmeasy_clay_right_left_v7_b0_s100,ok,0,19.13072419166565,15.0,0.99,/home/ksha/Documents/sbel/offroad-control/benchmarking/results/mpc_tire_model_sweep_20260827_162718/raw/0510_tmeasy_clay_right_left_v7_b0_s100/20260827_191150_886037_clay_right_left_acados_tmeasy/diag_clay_right_left_acados_tmeasy.csv,,,1247,0.7990349061672757,2.716257,0.4806846592797783,4.294722622345336,5.271459999999999,0.6135318031921909,4.163841218925421,11.295399999999999,127.10380066143605,33.726948,-31.405513,0,chrono_body_contact,0,,,,,,,,0
mpc_tire_model_sweep,tmeasy,standard,tmeasy,tire_force_static,clay,right_left,7.0,0,101,/home/ksha/Documents/sbel/offroad-control/benchmarking/results/mpc_tire_model_sweep_20260827_162718/raw/0511_tmeasy_clay_right_left_v7_b0_s101,ok,0,19.17850947380066,15.0,0.99,/home/ksha/Documents/sbel/offroad-control/benchmarking/results/mpc_tire_model_sweep_20260827_162718/raw/0511_tmeasy_clay_right_left_v7_b0_s101/20260827_191210_028104_clay_right_left_acados_tmeasy/diag_clay_right_left_acados_tmeasy.csv,,,1248,1.047877316496696,3.660172,0.5976108282548477,4.322186057248384,5.294300000000001,0.6174551510354834,4.559206730769231,12.246699999999988,123.25618083433287,35.364219,-31.471087,0,chrono_body_contact,0,,,,,,,,0
mpc_tire_model_sweep,tmeasy,standard,tmeasy,tire_force_static,clay,right_left,7.0,0,102,/home/ksha/Documents/sbel/offroad-control/benchmarking/results/mpc_tire_model_sweep_20260827_162718/raw/0512_tmeasy_clay_right_left_v7_b0_s102,ok,0,19.13650870323181,15.0,0.99,/home/ksha/Documents/sbel/offroad-control/benchmarking/results/mpc_tire_model_sweep_20260827_162718/raw/0512_tmeasy_clay_right_left_v7_b0_s102/20260827_191229_230243_clay_right_left_acados_tmeasy/diag_clay_right_left_acados_tmeasy.csv,,,1247,1.4408268213340025,5.211841,0.7816454736842106,4.425567774699908,5.26044,0.6322239678142726,4.3509382518043305,11.71,128.75783223695174,36.833749,-32.08103,0,chrono_body_contact,0,,,,,,,,0
mpc_tire_model_sweep,tmeasy,standard,tmeasy,tire_force_static,clay,right_left,7.0,0,103,/home/ksha/Documents/sbel/offroad-control/benchmarking/results/mpc_tire_model_sweep_20260827_162718/raw/0513_tmeasy_clay_right_left_v7_b0_s103,ok,0,19.13952922821045,15.0,0.99,/home/ksha/Documents/sbel/offroad-control/benchmarking/results/mpc_tire_model_sweep_20260827_162718/raw/0513_tmeasy_clay_right_left_v7_b0_s103/20260827_191248_386622_clay_right_left_acados_tmeasy/diag_clay_right_left_acados_tmeasy.csv,,,1247,1.5272327794701823,5.601798,0.8185695872576177,4.5465541089566015,5.32036,0.6495077298509431,4.708805132317561,12.1808,127.39654802197634,38.974378,-32.831811,0,chrono_body_contact,0,,,,,,,,0
mpc_tire_model_sweep,tmeasy,standard,tmeasy,tire_force_static,clay,right_left,7.0,0,104,/home/ksha/Documents/sbel/offroad-control/benchmarking/results/mpc_tire_model_sweep_20260827_162718/raw/0514_tmeasy_clay_right_left_v7_b0_s104,ok,0,19.130264282226562,15.0,0.99,/home/ksha/Documents/sbel/offroad-control/benchmarking/results/mpc_tire_model_sweep_20260827_162718/raw/0514_tmeasy_clay_right_left_v7_b0_s104/20260827_191307_557847_clay_right_left_acados_tmeasy/diag_clay_right_left_acados_tmeasy.csv,,,1248,1.7940918896084304,7.919851,0.8928695143120959,4.498889566020313,5.45447,0.6426985094314733,4.492171474358974,11.87,128.37307040235586,38.76239,-33.129747,0,chrono_body_contact,0,,,,,,,,0
mpc_tire_model_sweep,tmeasy,standard,tmeasy,tire_force_static,clay,right_left,7.0,4,100,/home/ksha/Documents/sbel/offroad-control/benchmarking/results/mpc_tire_model_sweep_20260827_162718/raw/0515_tmeasy_clay_right_left_v7_b4_s100,ok,0,19.383788585662842,15.0,0.99,/home/ksha/Documents/sbel/offroad-control/benchmarking/results/mpc_tire_model_sweep_20260827_162718/raw/0515_tmeasy_clay_right_left_v7_b4_s100/20260827_191326_704792_clay_right_left_acados_tmeasy/diag_clay_right_left_acados_tmeasy.csv,,,1248,1.4896316937760818,5.394145,0.8119678734995383,4.345339519852263,5.305269999999999,0.6207627885503232,4.549559294871795,11.610099999999996,127.11683453440254,35.557137,-30.958379,0,chrono_body_contact,0,,,,,,,,0
mpc_tire_model_sweep,tmeasy,standard,tmeasy,tire_force_static,clay,right_left,7.0,4,101,/home/ksha/Documents/sbel/offroad-control/benchmarking/results/mpc_tire_model_sweep_20260827_162718/raw/0516_tmeasy_clay_right_left_v7_b4_s101,ok,0,19.383607625961304,15.0,0.99,/home/ksha/Documents/sbel/offroad-control/benchmarking/results/mpc_tire_model_sweep_20260827_162718/raw/0516_tmeasy_clay_right_left_v7_b4_s101/20260827_191346_124237_clay_right_left_acados_tmeasy/diag_clay_right_left_acados_tmeasy.csv,,,1248,1.5789037138901354,6.351927,0.8075731957525394,4.359209048938135,5.3050500000000005,0.6227441498483051,4.412596153846154,11.751799999999998,123.50166904960737,36.801587,-31.501475,0,chrono_body_contact,0,,,,,,,,0
mpc_tire_model_sweep,tmeasy,standard,tmeasy,tire_force_static,clay,right_left,7.0,4,102,/home/ksha/Documents/sbel/offroad-control/benchmarking/results/mpc_tire_model_sweep_20260827_162718/raw/0517_tmeasy_clay_right_left_v7_b4_s102,ok,0,19.38851761817932,15.0,0.99,/home/ksha/Documents/sbel/offroad-control/benchmarking/results/mpc_tire_model_sweep_20260827_162718/raw/0517_tmeasy_clay_right_left_v7_b4_s102/20260827_191405_516523_clay_right_left_acados_tmeasy/diag_clay_right_left_acados_tmeasy.csv,,,1248,1.3850256906000977,4.882891,0.756499781163435,4.435819944598338,5.29531,0.6336885635140482,4.619551282051282,12.345899999999999,128.64354293343084,37.6038,-32.204741,0,chrono_body_contact,0,,,,,,,,0
mpc_tire_model_sweep,tmeasy,standard,tmeasy,tire_force_static,clay,right_left,7.0,4,103,/home/ksha/Documents/sbel/offroad-control/benchmarking/results/mpc_tire_model_sweep_20260827_162718/raw/0518_tmeasy_clay_right_left_v7_b4_s103,ok,0,19.334017276763916,15.0,0.99,/home/ksha/Documents/sbel/offroad-control/benchmarking/results/mpc_tire_model_sweep_20260827_162718/raw/0518_tmeasy_clay_right_left_v7_b4_s103/20260827_191424_953580_clay_right_left_acados_tmeasy/diag_clay_right_left_acados_tmeasy.csv,,,1248,1.7823132183374029,8.085843,0.8891076380424745,4.363502123730379,5.483089999999999,0.623357446247197,4.0145032051282055,11.078899999999997,127.17114731660281,36.120172,-30.945185,0,chrono_body_contact,0,,,,,,,,0
mpc_tire_model_sweep,tmeasy,standard,tmeasy,tire_force_static,clay,right_left,7.0,4,104,/home/ksha/Documents/sbel/offroad-control/benchmarking/results/mpc_tire_model_sweep_20260827_162718/raw/0519_tmeasy_clay_right_left_v7_b4_s104,ok,0,19.331830501556396,15.0,0.99,/home/ksha/Documents/sbel/offroad-control/benchmarking/results/mpc_tire_model_sweep_20260827_162718/raw/0519_tmeasy_clay_right_left_v7_b4_s104/20260827_191444_267887_clay_right_left_acados_tmeasy/diag_clay_right_left_acados_tmeasy.csv,,,1248,1.680206809809873,4.313631,1.0660248282548477,4.012274699907664,4.979759999999999,0.5731820999868091,4.569166666666667,11.118299999999998,125.17937011421057,32.956386,-29.452111,0,chrono_body_contact,0,,,,,,,,0
mpc_tire_model_sweep,tmeasy,standard,tmeasy,tire_force_static,clay,right_left,7.0,8,100,/home/ksha/Documents/sbel/offroad-control/benchmarking/results/mpc_tire_model_sweep_20260827_162718/raw/0520_tmeasy_clay_right_left_v7_b8_s100,ok,0,19.437806367874146,15.0,0.99,/home/ksha/Documents/sbel/offroad-control/benchmarking/results/mpc_tire_model_sweep_20260827_162718/raw/0520_tmeasy_clay_right_left_v7_b8_s100/20260827_191503_621318_clay_right_left_acados_tmeasy/diag_clay_right_left_acados_tmeasy.csv,,,1248,0.6479672926740799,2.281985,0.38508649030470915,4.265579686057248,5.42427,0.6093685265796068,3.909294871794872,10.477099999999998,127.15036814476804,32.958966,-31.199031,0,chrono_body_contact,0,,,,,,,,0
mpc_tire_model_sweep,tmeasy,standard,tmeasy,tire_force_static,clay,right_left,7.0,8,101,/home/ksha/Documents/sbel/offroad-control/benchmarking/results/mpc_tire_model_sweep_20260827_162718/raw/0521_tmeasy_clay_right_left_v7_b8_s101,ok,0,19.43465280532837,15.0,0.99,/home/ksha/Documents/sbel/offroad-control/benchmarking/results/mpc_tire_model_sweep_20260827_162718/raw/0521_tmeasy_clay_right_left_v7_b8_s101/20260827_191523_081478_clay_right_left_acados_tmeasy/diag_clay_right_left_acados_tmeasy.csv,,,1248,0.9765570552205386,3.318871,0.5557810433979686,4.322252446906741,5.3507,0.6174646352723915,4.2204567307692304,11.688299999999998,122.98052117791438,34.34573,-31.202679,0,chrono_body_contact,0,,,,,,,,0
mpc_tire_model_sweep,tmeasy,standard,tmeasy,tire_force_static,clay,right_left,7.0,8,102,/home/ksha/Documents/sbel/offroad-control/benchmarking/results/mpc_tire_model_sweep_20260827_162718/raw/0522_tmeasy_clay_right_left_v7_b8_s102,ok,0,19.48672080039978,15.0,0.99,/home/ksha/Documents/sbel/offroad-control/benchmarking/results/mpc_tire_model_sweep_20260827_162718/raw/0522_tmeasy_clay_right_left_v7_b8_s102/20260827_191542_546267_clay_right_left_acados_tmeasy/diag_clay_right_left_acados_tmeasy.csv,,,1248,0.912921853522608,3.077037,0.5251410987996308,4.284691874422899,5.3830599999999995,0.6120988392032712,4.29051282051282,11.646499999999998,128.11927309103385,33.136641,-30.479689,0,chrono_body_contact,0,,,,,,,,0
mpc_tire_model_sweep,tmeasy,standard,tmeasy,tire_force_static,clay,right_left,7.0,8,103,/home/ksha/Documents/sbel/offroad-control/benchmarking/results/mpc_tire_model_sweep_20260827_162718/raw/0523_tmeasy_clay_right_left_v7_b8_s103,ok,0,19.48226261138916,15.0,0.99,/home/ksha/Documents/sbel/offroad-control/benchmarking/results/mpc_tire_model_sweep_20260827_162718/raw/0523_tmeasy_clay_right_left_v7_b8_s103/20260827_191602_054892_clay_right_left_acados_tmeasy/diag_clay_right_left_acados_tmeasy.csv,,,1248,1.044896254098119,3.509449,0.5798113093259466,4.358419021237304,5.414899999999999,0.6226312887481863,4.28604967948718,11.492999999999997,126.57117135701151,35.639328,-31.945354,0,chrono_body_contact,0,,,,,,,,0
mpc_tire_model_sweep,tmeasy,standard,tmeasy,tire_force_static,clay,right_left,7.0,8,104,/home/ksha/Documents/sbel/offroad-control/benchmarking/results/mpc_tire_model_sweep_20260827_162718/raw/0524_tmeasy_clay_right_left_v7_b8_s104,ok,0,19.487242221832275,15.0,0.99,/home/ksha/Documents/sbel/offroad-control/benchmarking/results/mpc_tire_model_sweep_20260827_162718/raw/0524_tmeasy_clay_right_left_v7_b8_s104/20260827_191621_562102_clay_right_left_acados_tmeasy/diag_clay_right_left_acados_tmeasy.csv,,,1248,0.5772330692678825,1.878329,0.34085708310249313,4.2967488457987075,5.36642,0.6138212636855297,4.3761939102564105,12.127699999999997,127.318242981526,34.760985,-32.136165,0,chrono_body_contact,0,,,,,,,,0
mpc_tire_model_sweep,tmeasy,standard,tmeasy,tire_force_static,clay,right_left,9.0,0,100,/home/ksha/Documents/sbel/offroad-control/benchmarking/results/mpc_tire_model_sweep_20260827_162718/raw/0525_tmeasy_clay_right_left_v9_b0_s100,ok,0,19.186756372451782,15.0,0.99,/home/ksha/Documents/sbel/offroad-control/benchmarking/results/mpc_tire_model_sweep_20260827_162718/raw/0525_tmeasy_clay_right_left_v9_b0_s100/20260827_191641_054904_clay_right_left_acados_tmeasy/diag_clay_right_left_acados_tmeasy.csv,,,1247,2.159631033931421,9.152458,1.078770268698061,4.607434810710988,5.52906,0.5119372011901098,4.421764234161988,11.23,128.23095778451165,40.704071,-33.156539,0,chrono_body_contact,0,,,,,,,,0
mpc_tire_model_sweep,tmeasy,standard,tmeasy,tire_force_static,clay,right_left,9.0,0,101,/home/ksha/Documents/sbel/offroad-control/benchmarking/results/mpc_tire_model_sweep_20260827_162718/raw/0526_tmeasy_clay_right_left_v9_b0_s101,ok,0,19.13828754425049,15.0,0.99,/home/ksha/Documents/sbel/offroad-control/benchmarking/results/mpc_tire_model_sweep_20260827_162718/raw/0526_tmeasy_clay_right_left_v9_b0_s101/20260827_191700_257316_clay_right_left_acados_tmeasy/diag_clay_right_left_acados_tmeasy.csv,,,1247,1.7644338661010777,7.943002,0.8854990969529085,4.576369344413665,5.57157,0.5084854827126295,4.546663993584604,12.090199999999996,124.37144011140478,40.076505,-33.585891,0,chrono_body_contact,0,,,,,,,,0
mpc_tire_model_sweep,tmeasy,standard,tmeasy,tire_force_static,clay,right_left,9.0,0,102,/home/ksha/Documents/sbel/offroad-control/benchmarking/results/mpc_tire_model_sweep_20260827_162718/raw/0527_tmeasy_clay_right_left_v9_b0_s102,ok,0,19.131667375564575,15.0,0.99,/home/ksha/Documents/sbel/offroad-control/benchmarking/results/mpc_tire_model_sweep_20260827_162718/raw/0527_tmeasy_clay_right_left_v9_b0_s102/20260827_191719_423500_clay_right_left_acados_tmeasy/diag_clay_right_left_acados_tmeasy.csv,,,1248,1.1497195517537593,4.321736,0.6061480692520775,4.339238042474608,5.5304400000000005,0.4821375602749564,4.426802884615384,11.658299999999997,128.61668696131733,35.763132,-31.956766,0,chrono_body_contact,0,,,,,,,,0
mpc_tire_model_sweep,tmeasy,standard,tmeasy,tire_force_static,clay,right_left,9.0,0,103,/home/ksha/Documents/sbel/offroad-control/benchmarking/results/mpc_tire_model_sweep_20260827_162718/raw/0528_tmeasy_clay_right_left_v9_b0_s103,ok,0,19.183275938034058,15.0,0.99,/home/ksha/Documents/sbel/offroad-control/benchmarking/results/mpc_tire_model_sweep_20260827_162718/raw/0528_tmeasy_clay_right_left_v9_b0_s103/20260827_191738_572695_clay_right_left_acados_tmeasy/diag_clay_right_left_acados_tmeasy.csv,,,1247,1.0292317705455971,3.673408,0.5739527903970453,4.331430009233611,5.59343,0.4812700010259568,4.462678428227746,11.539799999999987,126.7395894925601,35.429081,-31.783924,0,chrono_body_contact,0,,,,,,,,0
mpc_tire_model_sweep,tmeasy,standard,tmeasy,tire_force_static,clay,right_left,9.0,0,104,/home/ksha/Documents/sbel/offroad-control/benchmarking/results/mpc_tire_model_sweep_20260827_162718/raw/0529_tmeasy_clay_right_left_v9_b0_s104,ok,0,19.139010429382324,15.0,0.99,/home/ksha/Documents/sbel/offroad-control/benchmarking/results/mpc_tire_model_sweep_20260827_162718/raw/0529_tmeasy_clay_right_left_v9_b0_s104/20260827_191757_771823_clay_right_left_acados_tmeasy/diag_clay_right_left_acados_tmeasy.csv,,,1248,1.4156687389491953,5.07821,0.7682800646352724,4.462350138504155,5.51812,0.4958166820560172,4.4010737179487185,11.245899999999999,128.2041162773099,38.049561,-32.61203,0,chrono_body_contact,0,,,,,,,,0
mpc_tire_model_sweep,tmeasy,standard,tmeasy,tire_force_static,clay,right_left,9.0,4,100,/home/ksha/Documents/sbel/offroad-control/benchmarking/results/mpc_tire_model_sweep_20260827_162718/raw/0530_tmeasy_clay_right_left_v9_b4_s100,ok,0,19.333872079849243,15.0,0.99,/home/ksha/Documents/sbel/offroad-control/benchmarking/results/mpc_tire_model_sweep_20260827_162718/raw/0530_tmeasy_clay_right_left_v9_b4_s100/20260827_191816_937870_clay_right_left_acados_tmeasy/diag_clay_right_left_acados_tmeasy.csv,,,1248,1.2955148404961203,4.621949,0.7193902419205909,4.4390749769159745,5.52958,0.4932305529906638,4.474182692307693,11.8453,127.62541184000065,37.14716,-32.526488,0,chrono_body_contact,0,,,,,,,,0
mpc_tire_model_sweep,tmeasy,standard,tmeasy,tire_force_static,clay,right_left,9.0,4,101,/home/ksha/Documents/sbel/offroad-control/benchmarking/results/mpc_tire_model_sweep_20260827_162718/raw/0531_tmeasy_clay_right_left_v9_b4_s101,ok,0,19.333935737609863,15.0,0.99,/home/ksha/Documents/sbel/offroad-control/benchmarking/results/mpc_tire_model_sweep_20260827_162718/raw/0531_tmeasy_clay_right_left_v9_b4_s101/20260827_191836_300851_clay_right_left_acados_tmeasy/diag_clay_right_left_acados_tmeasy.csv,,,1248,1.8273753959685484,8.230676,0.8906811837488456,4.45350701754386,5.54045,0.49483411306042885,4.57125,11.756499999999999,123.88751964440885,38.278332,-32.44531,0,chrono_body_contact,0,,,,,,,,0
mpc_tire_model_sweep,tmeasy,standard,tmeasy,tire_force_static,clay,right_left,9.0,4,102,/home/ksha/Documents/sbel/offroad-control/benchmarking/results/mpc_tire_model_sweep_20260827_162718/raw/0532_tmeasy_clay_right_left_v9_b4_s102,ok,0,19.381821393966675,15.0,0.99,/home/ksha/Documents/sbel/offroad-control/benchmarking/results/mpc_tire_model_sweep_20260827_162718/raw/0532_tmeasy_clay_right_left_v9_b4_s102/20260827_191855_645223_clay_right_left_acados_tmeasy/diag_clay_right_left_acados_tmeasy.csv,,,1248,1.5051524402690581,5.43334,0.815355514312096,4.601194182825485,5.477919999999999,0.5112437980917206,4.579190705128205,11.6853,129.4991570256648,40.945107,-33.424474,0,chrono_body_contact,0,,,,,,,,0
mpc_tire_model_sweep,tmeasy,standard,tmeasy,tire_force_static,clay,right_left,9.0,4,103,/home/ksha/Documents/sbel/offroad-control/benchmarking/results/mpc_tire_model_sweep_20260827_162718/raw/0533_tmeasy_clay_right_left_v9_b4_s103,ok,0,19.375649452209473,15.0,0.99,/home/ksha/Documents/sbel/offroad-control/benchmarking/results/mpc_tire_model_sweep_20260827_162718/raw/0533_tmeasy_clay_right_left_v9_b4_s103/20260827_191915_052046_clay_right_left_acados_tmeasy/diag_clay_right_left_acados_tmeasy.csv,,,1247,1.3355576794861361,4.656556,0.7531277848568791,4.5105951061865195,5.54775,0.5011772340207243,4.766984763432237,12.347799999999998,127.2279091505628,38.543634,-33.011315,0,chrono_body_contact,0,,,,,,,,0
mpc_tire_model_sweep,tmeasy,standard,tmeasy,tire_force_static,clay,right_left,9.0,4,104,/home/ksha/Documents/sbel/offroad-control/benchmarking/results/mpc_tire_model_sweep_20260827_162718/raw/0534_tmeasy_clay_right_left_v9_b4_s104,ok,0,19.382656574249268,15.0,0.99,/home/ksha/Documents/sbel/offroad-control/benchmarking/results/mpc_tire_model_sweep_20260827_162718/raw/0534_tmeasy_clay_right_left_v9_b4_s104/20260827_191934_447809_clay_right_left_acados_tmeasy/diag_clay_right_left_acados_tmeasy.csv,,,1248,1.8106201957593315,7.549112,0.9593073037857803,4.637930470914128,5.739649999999999,0.5153256078793476,4.543261217948718,11.841799999999997,129.00990145272422,41.34498,-33.726411,0,chrono_body_contact,0,,,,,,,,0
mpc_tire_model_sweep,tmeasy,standard,tmeasy,tire_force_static,clay,right_left,9.0,8,100,/home/ksha/Documents/sbel/offroad-control/benchmarking/results/mpc_tire_model_sweep_20260827_162718/raw/0535_tmeasy_clay_right_left_v9_b8_s100,ok,0,19.43529963493347,15.0,0.99,/home/ksha/Documents/sbel/offroad-control/benchmarking/results/mpc_tire_model_sweep_20260827_162718/raw/0535_tmeasy_clay_right_left_v9_b8_s100/20260827_191953_850915_clay_right_left_acados_tmeasy/diag_clay_right_left_acados_tmeasy.csv,,,1248,0.5799443358889164,1.8784,0.3520372520775623,4.26173730378578,5.30739,0.4735263670873089,4.161169871794871,11.631199999999998,127.0286801449682,32.032989,-30.817627,0,chrono_body_contact,0,,,,,,,,0
mpc_tire_model_sweep,tmeasy,standard,tmeasy,tire_force_static,clay,right_left,9.0,8,101,/home/ksha/Documents/sbel/offroad-control/benchmarking/results/mpc_tire_model_sweep_20260827_162718/raw/0536_tmeasy_clay_right_left_v9_b8_s101,ok,0,19.435893535614014,15.0,0.99,/home/ksha/Documents/sbel/offroad-control/benchmarking/results/mpc_tire_model_sweep_20260827_162718/raw/0536_tmeasy_clay_right_left_v9_b8_s101/20260827_192013_303365_clay_right_left_acados_tmeasy/diag_clay_right_left_acados_tmeasy.csv,,,1248,0.9779846637266635,3.651925,0.5105856832871652,4.308982086795937,5.5962,0.4787757874217708,4.410801282051282,12.082999999999997,122.96561537646134,34.908054,-31.354,0,chrono_body_contact,0,,,,,,,,0
mpc_tire_model_sweep,tmeasy,standard,tmeasy,tire_force_static,clay,right_left,9.0,8,102,/home/ksha/Documents/sbel/offroad-control/benchmarking/results/mpc_tire_model_sweep_20260827_162718/raw/0537_tmeasy_clay_right_left_v9_b8_s102,ok,0,19.435938119888306,15.0,0.99,/home/ksha/Documents/sbel/offroad-control/benchmarking/results/mpc_tire_model_sweep_20260827_162718/raw/0537_tmeasy_clay_right_left_v9_b8_s102/20260827_192032_760431_clay_right_left_acados_tmeasy/diag_clay_right_left_acados_tmeasy.csv,,,1248,1.781033532987873,7.917842,0.8508576703601108,4.517159833795014,5.52424,0.501906648199446,4.418990384615384,12.070599999999999,128.9766498897759,40.363435,-32.354407,0,chrono_body_contact,0,,,,,,,,0
mpc_tire_model_sweep,tmeasy,standard,tmeasy,tire_force_static,clay,right_left,9.0,8,103,/home/ksha/Documents/sbel/offroad-control/benchmarking/results/mpc_tire_model_sweep_20260827_162718/raw/0538_tmeasy_clay_right_left_v9_b8_s103,ok,0,19.5333149433136,15.0,0.99,/home/ksha/Documents/sbel/offroad-control/benchmarking/results/mpc_tire_model_sweep_20260827_162718/raw/0538_tmeasy_clay_right_left_v9_b8_s103/20260827_192052_224771_clay_right_left_acados_tmeasy/diag_clay_right_left_acados_tmeasy.csv,,,1248,1.2860596751375482,4.798605,0.6588596417359188,4.41348485687904,5.60187,0.49038720631989335,4.1928125000000005,11.3906,127.05132821811404,37.912268,-32.18333,0,chrono_body_contact,0,,,,,,,,0
mpc_tire_model_sweep,tmeasy,standard,tmeasy,tire_force_static,clay,right_left,9.0,8,104,/home/ksha/Documents/sbel/offroad-control/benchmarking/results/mpc_tire_model_sweep_20260827_162718/raw/0539_tmeasy_clay_right_left_v9_b8_s104,ok,0,19.487375259399414,15.0,0.99,/home/ksha/Documents/sbel/offroad-control/benchmarking/results/mpc_tire_model_sweep_20260827_162718/raw/0539_tmeasy_clay_right_left_v9_b8_s104/20260827_192111_776734_clay_right_left_acados_tmeasy/diag_clay_right_left_acados_tmeasy.csv,,,1248,1.157152385139704,4.187678,0.6148347479224376,4.383076269621422,5.39522,0.4870084744023802,4.304791666666667,12.323599999999997,127.64947401664065,36.454197,-31.91185,0,chrono_body_contact,0,,,,,,,,0
mpc_tire_model_sweep,tmeasy,standard,tmeasy,tire_force_static,dirt,sinusoidal,5.0,0,100,/home/ksha/Documents/sbel/offroad-control/benchmarking/results/mpc_tire_model_sweep_20260827_162718/raw/0540_tmeasy_dirt_sinusoidal_v5_b0_s100,ok,0,19.134319305419922,15.0,0.99,/home/ksha/Documents/sbel/offroad-control/benchmarking/results/mpc_tire_model_sweep_20260827_162718/raw/0540_tmeasy_dirt_sinusoidal_v5_b0_s100/20260827_192131_279177_dirt_sinusoidal_acados_tmeasy/diag_dirt_sinusoidal_acados_tmeasy.csv,,,1248,0.12819091419073836,0.374217,0.104043325023084,3.62817377654663,5.1619399999999995,0.725634755309326,2.139719551282051,3.4570999999999983,123.81007217720354,48.246275,0.850827,0,chrono_body_contact,0,,,,,,,,0
mpc_tire_model_sweep,tmeasy,standard,tmeasy,tire_force_static,dirt,sinusoidal,5.0,0,101,/home/ksha/Documents/sbel/offroad-control/benchmarking/results/mpc_tire_model_sweep_20260827_162718/raw/0541_tmeasy_dirt_sinusoidal_v5_b0_s101,ok,0,19.184775590896606,15.0,0.99,/home/ksha/Documents/sbel/offroad-control/benchmarking/results/mpc_tire_model_sweep_20260827_162718/raw/0541_tmeasy_dirt_sinusoidal_v5_b0_s101/20260827_192150_439090_dirt_sinusoidal_acados_tmeasy/diag_dirt_sinusoidal_acados_tmeasy.csv,,,1248,0.1251995486895885,0.347518,0.10127928624192058,3.7125484764542938,5.18218,0.7425096952908588,2.136161858974359,3.4158999999999993,119.98140011328668,49.50459,0.397617,0,chrono_body_contact,0,,,,,,,,0
mpc_tire_model_sweep,tmeasy,standard,tmeasy,tire_force_static,dirt,sinusoidal,5.0,0,102,/home/ksha/Documents/sbel/offroad-control/benchmarking/results/mpc_tire_model_sweep_20260827_162718/raw/0542_tmeasy_dirt_sinusoidal_v5_b0_s102,ok,0,19.140077352523804,15.0,0.99,/home/ksha/Documents/sbel/offroad-control/benchmarking/results/mpc_tire_model_sweep_20260827_162718/raw/0542_tmeasy_dirt_sinusoidal_v5_b0_s102/20260827_192209_642156_dirt_sinusoidal_acados_tmeasy/diag_dirt_sinusoidal_acados_tmeasy.csv,,,1248,0.13930471507734818,0.438839,0.11267480332409971,3.7722818097876267,5.25875,0.7544563619575253,2.1819070512820518,3.5152999999999994,125.46623110508281,50.126112,0.106931,0,chrono_body_contact,0,,,,,,,,0
mpc_tire_model_sweep,tmeasy,standard,tmeasy,tire_force_static,dirt,sinusoidal,5.0,0,103,/home/ksha/Documents/sbel/offroad-control/benchmarking/results/mpc_tire_model_sweep_20260827_162718/raw/0543_tmeasy_dirt_sinusoidal_v5_b0_s103,ok,0,19.13507080078125,15.0,0.99,/home/ksha/Documents/sbel/offroad-control/benchmarking/results/mpc_tire_model_sweep_20260827_162718/raw/0543_tmeasy_dirt_sinusoidal_v5_b0_s103/20260827_192228_795306_dirt_sinusoidal_acados_tmeasy/diag_dirt_sinusoidal_acados_tmeasy.csv,,,1248,0.1357228712588489,0.392798,0.11022218282548475,3.951023268698061,5.29277,0.7902046537396121,2.155048076923077,3.43,124.07694002579116,52.248977,-0.882598,0,chrono_body_contact,0,,,,,,,,0
mpc_tire_model_sweep,tmeasy,standard,tmeasy,tire_force_static,dirt,sinusoidal,5.0,0,104,/home/ksha/Documents/sbel/offroad-control/benchmarking/results/mpc_tire_model_sweep_20260827_162718/raw/0544_tmeasy_dirt_sinusoidal_v5_b0_s104,ok,0,19.139008045196533,15.0,0.99,/home/ksha/Documents/sbel/offroad-control/benchmarking/results/mpc_tire_model_sweep_20260827_162718/raw/0544_tmeasy_dirt_sinusoidal_v5_b0_s104/20260827_192247_954525_dirt_sinusoidal_acados_tmeasy/diag_dirt_sinusoidal_acados_tmeasy.csv,,,1247,0.13714852612463518,0.366119,0.11106990489381348,3.6844518005540166,5.23611,0.7368903601108033,2.2810425020048117,3.573199999999997,123.60808258128165,49.097755,0.515395,0,chrono_body_contact,0,,,,,,,,0
mpc_tire_model_sweep,tmeasy,standard,tmeasy,tire_force_static,dirt,sinusoidal,5.0,4,100,/home/ksha/Documents/sbel/offroad-control/benchmarking/results/mpc_tire_model_sweep_20260827_162718/raw/0545_tmeasy_dirt_sinusoidal_v5_b4_s100,ok,0,19.33543562889099,15.0,0.99,/home/ksha/Documents/sbel/offroad-control/benchmarking/results/mpc_tire_model_sweep_20260827_162718/raw/0545_tmeasy_dirt_sinusoidal_v5_b4_s100/20260827_192307_123767_dirt_sinusoidal_acados_tmeasy/diag_dirt_sinusoidal_acados_tmeasy.csv,,,1248,0.13318121047962125,0.406726,0.10758272114496768,3.6191098799630654,5.1859,0.7238219759926131,2.174695512820513,3.581799999999998,123.82061807407328,48.261757,0.871636,0,chrono_body_contact,0,,,,,,,,0
mpc_tire_model_sweep,tmeasy,standard,tmeasy,tire_force_static,dirt,sinusoidal,5.0,4,101,/home/ksha/Documents/sbel/offroad-control/benchmarking/results/mpc_tire_model_sweep_20260827_162718/raw/0546_tmeasy_dirt_sinusoidal_v5_b4_s101,ok,0,19.386399030685425,15.0,0.99,/home/ksha/Documents/sbel/offroad-control/benchmarking/results/mpc_tire_model_sweep_20260827_162718/raw/0546_tmeasy_dirt_sinusoidal_v5_b4_s101/20260827_192326_479618_dirt_sinusoidal_acados_tmeasy/diag_dirt_sinusoidal_acados_tmeasy.csv,,,1248,0.1339747248443321,0.372901,0.10738922714681441,3.6017229916897504,5.1181,0.7203445983379501,2.1559695512820514,3.3764999999999987,119.61848540053111,48.188227,1.01868,0,chrono_body_contact,0,,,,,,,,0
mpc_tire_model_sweep,tmeasy,standard,tmeasy,tire_force_static,dirt,sinusoidal,5.0,4,102,/home/ksha/Documents/sbel/offroad-control/benchmarking/results/mpc_tire_model_sweep_20260827_162718/raw/0547_tmeasy_dirt_sinusoidal_v5_b4_s102,ok,0,19.38119125366211,15.0,0.99,/home/ksha/Documents/sbel/offroad-control/benchmarking/results/mpc_tire_model_sweep_20260827_162718/raw/0547_tmeasy_dirt_sinusoidal_v5_b4_s102/20260827_192345_874401_dirt_sinusoidal_acados_tmeasy/diag_dirt_sinusoidal_acados_tmeasy.csv,,,1247,0.14861616630882837,0.438453,0.11806249953831949,3.669524838411819,5.2525900000000005,0.7339049676823638,2.3053568564554934,3.7807999999999993,125.05655925031087,48.910832,0.761758,0,chrono_body_contact,0,,,,,,,,0
mpc_tire_model_sweep,tmeasy,standard,tmeasy,tire_force_static,dirt,sinusoidal,5.0,4,103,/home/ksha/Documents/sbel/offroad-control/benchmarking/results/mpc_tire_model_sweep_20260827_162718/raw/0548_tmeasy_dirt_sinusoidal_v5_b4_s103,ok,0,19.38189172744751,15.0,0.99,/home/ksha/Documents/sbel/offroad-control/benchmarking/results/mpc_tire_model_sweep_20260827_162718/raw/0548_tmeasy_dirt_sinusoidal_v5_b4_s103/20260827_192405_284258_dirt_sinusoidal_acados_tmeasy/diag_dirt_sinusoidal_acados_tmeasy.csv,,,1248,0.13205656428374393,0.384797,0.10711490858725763,3.5953717451523546,5.1095,0.719074349030471,2.7762419871794872,4.3858999999999995,122.72874907302261,48.045567,1.049967,0,chrono_body_contact,0,,,,,,,,0
mpc_tire_model_sweep,tmeasy,standard,tmeasy,tire_force_static,dirt,sinusoidal,5.0,4,104,/home/ksha/Documents/sbel/offroad-control/benchmarking/results/mpc_tire_model_sweep_20260827_162718/raw/0549_tmeasy_dirt_sinusoidal_v5_b4_s104,ok,0,19.337509632110596,15.0,0.99,/home/ksha/Documents/sbel/offroad-control/benchmarking/results/mpc_tire_model_sweep_20260827_162718/raw/0549_tmeasy_dirt_sinusoidal_v5_b4_s104/20260827_192424_698036_dirt_sinusoidal_acados_tmeasy/diag_dirt_sinusoidal_acados_tmeasy.csv,,,1248,0.15567101969000802,0.511984,0.12112811542012929,3.6676939058171745,5.2200299999999995,0.7335387811634348,2.217011217948718,3.560599999999999,123.55666982560072,48.953655,0.772708,0,chrono_body_contact,0,,,,,,,,0
mpc_tire_model_sweep,tmeasy,standard,tmeasy,tire_force_static,dirt,sinusoidal,5.0,8,100,/home/ksha/Documents/sbel/offroad-control/benchmarking/results/mpc_tire_model_sweep_20260827_162718/raw/0550_tmeasy_dirt_sinusoidal_v5_b8_s100,ok,0,19.44313359260559,15.0,0.99,/home/ksha/Documents/sbel/offroad-control/benchmarking/results/mpc_tire_model_sweep_20260827_162718/raw/0550_tmeasy_dirt_sinusoidal_v5_b8_s100/20260827_192444_039766_dirt_sinusoidal_acados_tmeasy/diag_dirt_sinusoidal_acados_tmeasy.csv,,,1248,0.14614033333496557,0.429992,0.11450936565096954,3.625506186518929,5.27462,0.7251012373037857,2.241001602564103,3.7,123.77552498875801,48.089608,1.044455,0,chrono_body_contact,0,,,,,,,,0
mpc_tire_model_sweep,tmeasy,standard,tmeasy,tire_force_static,dirt,sinusoidal,5.0,8,101,/home/ksha/Documents/sbel/offroad-control/benchmarking/results/mpc_tire_model_sweep_20260827_162718/raw/0551_tmeasy_dirt_sinusoidal_v5_b8_s101,ok,0,19.438496112823486,15.0,0.99,/home/ksha/Documents/sbel/offroad-control/benchmarking/results/mpc_tire_model_sweep_20260827_162718/raw/0551_tmeasy_dirt_sinusoidal_v5_b8_s101/20260827_192503_498991_dirt_sinusoidal_acados_tmeasy/diag_dirt_sinusoidal_acados_tmeasy.csv,,,1247,0.14932800674499738,0.488164,0.11589025854108957,3.583087165281625,5.34664,0.7166174330563251,2.264234161988773,3.63,119.34786169896965,47.705908,1.301085,0,chrono_body_contact,0,,,,,,,,0
mpc_tire_model_sweep,tmeasy,standard,tmeasy,tire_force_static,dirt,sinusoidal,5.0,8,102,/home/ksha/Documents/sbel/offroad-control/benchmarking/results/mpc_tire_model_sweep_20260827_162718/raw/0552_tmeasy_dirt_sinusoidal_v5_b8_s102,ok,0,19.481703996658325,15.0,0.99,/home/ksha/Documents/sbel/offroad-control/benchmarking/results/mpc_tire_model_sweep_20260827_162718/raw/0552_tmeasy_dirt_sinusoidal_v5_b8_s102/20260827_192522_964914_dirt_sinusoidal_acados_tmeasy/diag_dirt_sinusoidal_acados_tmeasy.csv,,,1248,0.1458250125365069,0.393454,0.11651986334256695,3.5921924284395197,5.341670000000001,0.7184384856879039,2.7776041666666664,4.390599999999999,124.74704670569761,47.623617,1.307184,0,chrono_body_contact,0,,,,,,,,0
mpc_tire_model_sweep,tmeasy,standard,tmeasy,tire_force_static,dirt,sinusoidal,5.0,8,103,/home/ksha/Documents/sbel/offroad-control/benchmarking/results/mpc_tire_model_sweep_20260827_162718/raw/0553_tmeasy_dirt_sinusoidal_v5_b8_s103,ok,0,19.482695817947388,15.0,0.99,/home/ksha/Documents/sbel/offroad-control/benchmarking/results/mpc_tire_model_sweep_20260827_162718/raw/0553_tmeasy_dirt_sinusoidal_v5_b8_s103/20260827_192542_474142_dirt_sinusoidal_acados_tmeasy/diag_dirt_sinusoidal_acados_tmeasy.csv,,,1248,0.15326933130669151,0.470797,0.1213515327793167,3.8729390581717453,5.35674,0.7745878116343491,2.4288141025641026,4.495899999999999,123.64759721938285,51.041607,-0.321354,0,chrono_body_contact,0,,,,,,,,0
mpc_tire_model_sweep,tmeasy,standard,tmeasy,tire_force_static,dirt,sinusoidal,5.0,8,104,/home/ksha/Documents/sbel/offroad-control/benchmarking/results/mpc_tire_model_sweep_20260827_162718/raw/0554_tmeasy_dirt_sinusoidal_v5_b8_s104,ok,0,19.483556747436523,15.0,0.99,/home/ksha/Documents/sbel/offroad-control/benchmarking/results/mpc_tire_model_sweep_20260827_162718/raw/0554_tmeasy_dirt_sinusoidal_v5_b8_s104/20260827_192601_976738_dirt_sinusoidal_acados_tmeasy/diag_dirt_sinusoidal_acados_tmeasy.csv,,,1248,0.1387186298829137,0.395668,0.11140515604801476,3.6812323176361956,5.283199999999999,0.7362464635272391,2.1916666666666664,3.5552999999999995,123.47368059895997,48.885514,0.65749,0,chrono_body_contact,0,,,,,,,,0
mpc_tire_model_sweep,tmeasy,standard,tmeasy,tire_force_static,dirt,sinusoidal,7.0,0,100,/home/ksha/Documents/sbel/offroad-control/benchmarking/results/mpc_tire_model_sweep_20260827_162718/raw/0555_tmeasy_dirt_sinusoidal_v7_b0_s100,ok,0,19.13303542137146,15.0,0.99,/home/ksha/Documents/sbel/offroad-control/benchmarking/results/mpc_tire_model_sweep_20260827_162718/raw/0555_tmeasy_dirt_sinusoidal_v7_b0_s100/20260827_192621_481116_dirt_sinusoidal_acados_tmeasy/diag_dirt_sinusoidal_acados_tmeasy.csv,,,1248,1.0033973305614436,3.072701,0.5814788947368422,4.397169990766389,6.437499999999999,0.6281671415380555,3.3790304487179483,10.892399999999997,128.5976810216789,58.103264,-0.01163,0,chrono_body_contact,0,,,,,,,,0
mpc_tire_model_sweep,tmeasy,standard,tmeasy,tire_force_static,dirt,sinusoidal,7.0,0,101,/home/ksha/Documents/sbel/offroad-control/benchmarking/results/mpc_tire_model_sweep_20260827_162718/raw/0556_tmeasy_dirt_sinusoidal_v7_b0_s101,ok,0,19.181767225265503,15.0,0.99,/home/ksha/Documents/sbel/offroad-control/benchmarking/results/mpc_tire_model_sweep_20260827_162718/raw/0556_tmeasy_dirt_sinusoidal_v7_b0_s101/20260827_192640_632374_dirt_sinusoidal_acados_tmeasy/diag_dirt_sinusoidal_acados_tmeasy.csv,,,1248,1.083541297118206,3.224036,0.6415625096952908,4.367137396121884,6.35666,0.6238767708745548,3.371730769230769,11.0553,124.29840025441801,57.962578,0.663936,0,chrono_body_contact,0,,,,,,,,0
mpc_tire_model_sweep,tmeasy,standard,tmeasy,tire_force_static,dirt,sinusoidal,7.0,0,102,/home/ksha/Documents/sbel/offroad-control/benchmarking/results/mpc_tire_model_sweep_20260827_162718/raw/0557_tmeasy_dirt_sinusoidal_v7_b0_s102,ok,0,19.135809183120728,15.0,0.99,/home/ksha/Documents/sbel/offroad-control/benchmarking/results/mpc_tire_model_sweep_20260827_162718/raw/0557_tmeasy_dirt_sinusoidal_v7_b0_s102/20260827_192659_825570_dirt_sinusoidal_acados_tmeasy/diag_dirt_sinusoidal_acados_tmeasy.csv,,,1248,1.015831049379032,3.084171,0.5922302077562327,4.271645798707294,6.208139999999999,0.610235114101042,3.365697115384615,11.646499999999998,128.84666211162968,56.319345,0.101702,0,chrono_body_contact,0,,,,,,,,0
mpc_tire_model_sweep,tmeasy,standard,tmeasy,tire_force_static,dirt,sinusoidal,7.0,0,103,/home/ksha/Documents/sbel/offroad-control/benchmarking/results/mpc_tire_model_sweep_20260827_162718/raw/0558_tmeasy_dirt_sinusoidal_v7_b0_s103,ok,0,19.134009838104248,15.0,0.99,/home/ksha/Documents/sbel/offroad-control/benchmarking/results/mpc_tire_model_sweep_20260827_162718/raw/0558_tmeasy_dirt_sinusoidal_v7_b0_s103/20260827_192719_003583_dirt_sinusoidal_acados_tmeasy/diag_dirt_sinusoidal_acados_tmeasy.csv,,,1248,1.1679689190375073,3.715403,0.6091486685133887,4.318383564173592,6.42252,0.6169119377390846,3.3980769230769226,11.2906,127.31524966833805,56.962159,1.090293,0,chrono_body_contact,0,,,,,,,,0
mpc_tire_model_sweep,tmeasy,standard,tmeasy,tire_force_static,dirt,sinusoidal,7.0,0,104,/home/ksha/Documents/sbel/offroad-control/benchmarking/results/mpc_tire_model_sweep_20260827_162718/raw/0559_tmeasy_dirt_sinusoidal_v7_b0_s104,ok,0,19.137277364730835,15.0,0.99,/home/ksha/Documents/sbel/offroad-control/benchmarking/results/mpc_tire_model_sweep_20260827_162718/raw/0559_tmeasy_dirt_sinusoidal_v7_b0_s104/20260827_192738_157664_dirt_sinusoidal_acados_tmeasy/diag_dirt_sinusoidal_acados_tmeasy.csv,,,1247,0.6815102547597782,1.887101,0.4401488651892891,4.3346439519852265,6.19221,0.6192348502836038,3.4872253408179628,11.226199999999999,127.72175047680292,56.808363,-2.116747,0,chrono_body_contact,0,,,,,,,,0
mpc_tire_model_sweep,tmeasy,standard,tmeasy,tire_force_static,dirt,sinusoidal,7.0,4,100,/home/ksha/Documents/sbel/offroad-control/benchmarking/results/mpc_tire_model_sweep_20260827_162718/raw/0560_tmeasy_dirt_sinusoidal_v7_b4_s100,ok,0,19.334662437438965,15.0,0.99,/home/ksha/Documents/sbel/offroad-control/benchmarking/results/mpc_tire_model_sweep_20260827_162718/raw/0560_tmeasy_dirt_sinusoidal_v7_b4_s100/20260827_192757_300887_dirt_sinusoidal_acados_tmeasy/diag_dirt_sinusoidal_acados_tmeasy.csv,,,1248,0.8793375087522689,2.784133,0.5053633887349954,4.225615235457064,6.19686,0.6036593193510091,3.4069631410256407,11.8059,127.78772196183907,55.751929,0.295788,0,chrono_body_contact,0,,,,,,,,0
mpc_tire_model_sweep,tmeasy,standard,tmeasy,tire_force_static,dirt,sinusoidal,7.0,4,101,/home/ksha/Documents/sbel/offroad-control/benchmarking/results/mpc_tire_model_sweep_20260827_162718/raw/0561_tmeasy_dirt_sinusoidal_v7_b4_s101,ok,0,19.332812786102295,15.0,0.99,/home/ksha/Documents/sbel/offroad-control/benchmarking/results/mpc_tire_model_sweep_20260827_162718/raw/0561_tmeasy_dirt_sinusoidal_v7_b4_s101/20260827_192816_663155_dirt_sinusoidal_acados_tmeasy/diag_dirt_sinusoidal_acados_tmeasy.csv,,,1248,1.0952212739619702,3.469237,0.5860071431209602,4.293101754385965,6.303789999999999,0.6133002506265665,3.3987339743589744,10.973699999999992,124.06643484379453,56.886129,0.953912,0,chrono_body_contact,0,,,,,,,,0
mpc_tire_model_sweep,tmeasy,standard,tmeasy,tire_force_static,dirt,sinusoidal,7.0,4,102,/home/ksha/Documents/sbel/offroad-control/benchmarking/results/mpc_tire_model_sweep_20260827_162718/raw/0562_tmeasy_dirt_sinusoidal_v7_b4_s102,ok,0,19.335668563842773,15.0,0.99,/home/ksha/Documents/sbel/offroad-control/benchmarking/results/mpc_tire_model_sweep_20260827_162718/raw/0562_tmeasy_dirt_sinusoidal_v7_b4_s102/20260827_192836_004640_dirt_sinusoidal_acados_tmeasy/diag_dirt_sinusoidal_acados_tmeasy.csv,,,1248,1.6757188390994286,3.614578,1.1028055032317636,3.970678024007387,5.8744000000000005,0.567239717715341,3.918942307692308,11.614199999999995,127.28497468558415,50.853592,2.721117,0,chrono_body_contact,0,,,,,,,,0
mpc_tire_model_sweep,tmeasy,standard,tmeasy,tire_force_static,dirt,sinusoidal,7.0,4,103,/home/ksha/Documents/sbel/offroad-control/benchmarking/results/mpc_tire_model_sweep_20260827_162718/raw/0563_tmeasy_dirt_sinusoidal_v7_b4_s103,ok,0,19.524322032928467,15.0,0.99,/home/ksha/Documents/sbel/offroad-control/benchmarking/results/mpc_tire_model_sweep_20260827_162718/raw/0563_tmeasy_dirt_sinusoidal_v7_b4_s103/20260827_192855_371898_dirt_sinusoidal_acados_tmeasy/diag_dirt_sinusoidal_acados_tmeasy.csv,,,1248,0.9212916261831625,2.952511,0.5292493933518004,4.263996675900278,6.377179999999999,0.6091423822714682,3.4237099358974357,11.341799999999997,127.11520591834034,56.538121,0.636813,0,chrono_body_contact,0,,,,,,,,0
mpc_tire_model_sweep,tmeasy,standard,tmeasy,tire_force_static,dirt,sinusoidal,7.0,4,104,/home/ksha/Documents/sbel/offroad-control/benchmarking/results/mpc_tire_model_sweep_20260827_162718/raw/0564_tmeasy_dirt_sinusoidal_v7_b4_s104,ok,0,19.46113419532776,15.0,0.99,/home/ksha/Documents/sbel/offroad-control/benchmarking/results/mpc_tire_model_sweep_20260827_162718/raw/0564_tmeasy_dirt_sinusoidal_v7_b4_s104/20260827_192914_932085_dirt_sinusoidal_acados_tmeasy/diag_dirt_sinusoidal_acados_tmeasy.csv,,,1247,0.643639352249594,1.743434,0.41854756971375806,4.292719759926132,6.471019999999999,0.6132456799894473,3.5479069767441858,12.321599999999998,127.73906872027584,56.863498,-1.05382,0,chrono_body_contact,0,,,,,,,,0
mpc_tire_model_sweep,tmeasy,standard,tmeasy,tire_force_static,dirt,sinusoidal,7.0,8,100,/home/ksha/Documents/sbel/offroad-control/benchmarking/results/mpc_tire_model_sweep_20260827_162718/raw/0565_tmeasy_dirt_sinusoidal_v7_b8_s100,ok,0,19.524914741516113,15.0,0.99,/home/ksha/Documents/sbel/offroad-control/benchmarking/results/mpc_tire_model_sweep_20260827_162718/raw/0565_tmeasy_dirt_sinusoidal_v7_b8_s100/20260827_192934_406267_dirt_sinusoidal_acados_tmeasy/diag_dirt_sinusoidal_acados_tmeasy.csv,,,1248,0.8888773139305189,3.05022,0.5127310193905816,4.129171468144045,6.03573,0.5898816383062921,3.9854407051282053,12.3006,126.97647417264605,54.54003,1.257634,0,chrono_body_contact,0,,,,,,,,0
mpc_tire_model_sweep,tmeasy,standard,tmeasy,tire_force_static,dirt,sinusoidal,7.0,8,101,/home/ksha/Documents/sbel/offroad-control/benchmarking/results/mpc_tire_model_sweep_20260827_162718/raw/0566_tmeasy_dirt_sinusoidal_v7_b8_s101,ok,0,19.482643604278564,15.0,0.99,/home/ksha/Documents/sbel/offroad-control/benchmarking/results/mpc_tire_model_sweep_20260827_162718/raw/0566_tmeasy_dirt_sinusoidal_v7_b8_s101/20260827_192953_957850_dirt_sinusoidal_acados_tmeasy/diag_dirt_sinusoidal_acados_tmeasy.csv,,,1247,0.9543725728870619,2.915827,0.5633642576177285,4.319355863342567,6.31758,0.6170508376203667,3.5557497995188454,11.397799999999997,123.72762638783267,57.117316,0.381493,0,chrono_body_contact,0,,,,,,,,0
mpc_tire_model_sweep,tmeasy,standard,tmeasy,tire_force_static,dirt,sinusoidal,7.0,8,102,/home/ksha/Documents/sbel/offroad-control/benchmarking/results/mpc_tire_model_sweep_20260827_162718/raw/0567_tmeasy_dirt_sinusoidal_v7_b8_s102,ok,0,19.48583698272705,15.0,0.99,/home/ksha/Documents/sbel/offroad-control/benchmarking/results/mpc_tire_model_sweep_20260827_162718/raw/0567_tmeasy_dirt_sinusoidal_v7_b8_s102/20260827_193013_435156_dirt_sinusoidal_acados_tmeasy/diag_dirt_sinusoidal_acados_tmeasy.csv,,,1248,1.150419472207716,4.179462,0.611699647276085,4.208608310249308,6.27339,0.601229758607044,3.40707532051282,11.2259,128.52816154563482,55.621364,2.307619,0,chrono_body_contact,0,,,,,,,,0
mpc_tire_model_sweep,tmeasy,standard,tmeasy,tire_force_static,dirt,sinusoidal,7.0,8,103,/home/ksha/Documents/sbel/offroad-control/benchmarking/results/mpc_tire_model_sweep_20260827_162718/raw/0568_tmeasy_dirt_sinusoidal_v7_b8_s103,ok,0,19.48299288749695,15.0,0.99,/home/ksha/Documents/sbel/offroad-control/benchmarking/results/mpc_tire_model_sweep_20260827_162718/raw/0568_tmeasy_dirt_sinusoidal_v7_b8_s103/20260827_193032_944994_dirt_sinusoidal_acados_tmeasy/diag_dirt_sinusoidal_acados_tmeasy.csv,,,1248,1.105064876887155,3.562614,0.5977939039704524,4.3092258541089565,6.334849999999999,0.6156036934441367,3.548100961538462,12.3006,127.05569446896395,56.719937,0.755002,0,chrono_body_contact,0,,,,,,,,0
mpc_tire_model_sweep,tmeasy,standard,tmeasy,tire_force_static,dirt,sinusoidal,7.0,8,104,/home/ksha/Documents/sbel/offroad-control/benchmarking/results/mpc_tire_model_sweep_20260827_162718/raw/0569_tmeasy_dirt_sinusoidal_v7_b8_s104,ok,0,19.435743808746338,15.0,0.99,/home/ksha/Documents/sbel/offroad-control/benchmarking/results/mpc_tire_model_sweep_20260827_162718/raw/0569_tmeasy_dirt_sinusoidal_v7_b8_s104/20260827_193052_445032_dirt_sinusoidal_acados_tmeasy/diag_dirt_sinusoidal_acados_tmeasy.csv,,,1248,1.120126292407197,3.778966,0.5955139085872576,4.2554969529085875,6.28468,0.6079281361297982,3.36979967948718,10.810599999999999,127.31129178062324,56.321728,1.633905,0,chrono_body_contact,0,,,,,,,,0
mpc_tire_model_sweep,tmeasy,standard,tmeasy,tire_force_static,dirt,sinusoidal,9.0,0,100,/home/ksha/Documents/sbel/offroad-control/benchmarking/results/mpc_tire_model_sweep_20260827_162718/raw/0570_tmeasy_dirt_sinusoidal_v9_b0_s100,ok,0,19.130736112594604,15.0,0.99,/home/ksha/Documents/sbel/offroad-control/benchmarking/results/mpc_tire_model_sweep_20260827_162718/raw/0570_tmeasy_dirt_sinusoidal_v9_b0_s100/20260827_193111_904330_dirt_sinusoidal_acados_tmeasy/diag_dirt_sinusoidal_acados_tmeasy.csv,,,1248,1.2343791668096153,3.594318,0.7614092899353647,4.350591135734072,6.4043399999999995,0.4833990150815635,3.8279407051282046,11.8959,128.36721228020747,57.363389,0.890651,0,chrono_body_contact,0,,,,,,,,0
mpc_tire_model_sweep,tmeasy,standard,tmeasy,tire_force_static,dirt,sinusoidal,9.0,0,101,/home/ksha/Documents/sbel/offroad-control/benchmarking/results/mpc_tire_model_sweep_20260827_162718/raw/0571_tmeasy_dirt_sinusoidal_v9_b0_s101,ok,0,19.133628129959106,15.0,0.99,/home/ksha/Documents/sbel/offroad-control/benchmarking/results/mpc_tire_model_sweep_20260827_162718/raw/0571_tmeasy_dirt_sinusoidal_v9_b0_s101/20260827_193131_062823_dirt_sinusoidal_acados_tmeasy/diag_dirt_sinusoidal_acados_tmeasy.csv,,,1248,0.8194620290553405,2.382296,0.5218041200369343,4.43819593721145,6.32817,0.49313288191238336,4.082556089743591,12.557099999999998,124.70529920536902,57.942407,-2.247267,0,chrono_body_contact,0,,,,,,,,0
mpc_tire_model_sweep,tmeasy,standard,tmeasy,tire_force_static,dirt,sinusoidal,9.0,0,102,/home/ksha/Documents/sbel/offroad-control/benchmarking/results/mpc_tire_model_sweep_20260827_162718/raw/0572_tmeasy_dirt_sinusoidal_v9_b0_s102,ok,0,19.180555820465088,15.0,0.99,/home/ksha/Documents/sbel/offroad-control/benchmarking/results/mpc_tire_model_sweep_20260827_162718/raw/0572_tmeasy_dirt_sinusoidal_v9_b0_s102/20260827_193150_202479_dirt_sinusoidal_acados_tmeasy/diag_dirt_sinusoidal_acados_tmeasy.csv,,,1248,0.9141754156561478,2.347605,0.5973342419205909,4.421336103416436,6.30689,0.4912595670462706,3.692788461538462,11.452399999999997,129.70622928763632,58.47498,-0.72323,0,chrono_body_contact,0,,,,,,,,0
mpc_tire_model_sweep,tmeasy,standard,tmeasy,tire_force_static,dirt,sinusoidal,9.0,0,103,/home/ksha/Documents/sbel/offroad-control/benchmarking/results/mpc_tire_model_sweep_20260827_162718/raw/0573_tmeasy_dirt_sinusoidal_v9_b0_s103,ok,0,19.18387246131897,15.0,0.99,/home/ksha/Documents/sbel/offroad-control/benchmarking/results/mpc_tire_model_sweep_20260827_162718/raw/0573_tmeasy_dirt_sinusoidal_v9_b0_s103/20260827_193209_393511_dirt_sinusoidal_acados_tmeasy/diag_dirt_sinusoidal_acados_tmeasy.csv,,,1248,1.1434386563635588,3.264554,0.7035026722068328,4.675271468144045,6.71212,0.5194746075715605,3.6535016025641025,12.148299999999997,129.16936769277447,61.912111,-0.422481,0,chrono_body_contact,0,,,,,,,,0
mpc_tire_model_sweep,tmeasy,standard,tmeasy,tire_force_static,dirt,sinusoidal,9.0,0,104,/home/ksha/Documents/sbel/offroad-control/benchmarking/results/mpc_tire_model_sweep_20260827_162718/raw/0574_tmeasy_dirt_sinusoidal_v9_b0_s104,ok,0,19.183624744415283,15.0,0.99,/home/ksha/Documents/sbel/offroad-control/benchmarking/results/mpc_tire_model_sweep_20260827_162718/raw/0574_tmeasy_dirt_sinusoidal_v9_b0_s104/20260827_193228_614618_dirt_sinusoidal_acados_tmeasy/diag_dirt_sinusoidal_acados_tmeasy.csv,,,1248,0.9099152546626159,2.833014,0.5518023499538318,4.304611172668514,6.4187,0.4782901302965015,3.9284294871794874,11.497699999999996,127.70959762992909,57.031845,0.333543,0,chrono_body_contact,0,,,,,,,,0
mpc_tire_model_sweep,tmeasy,standard,tmeasy,tire_force_static,dirt,sinusoidal,9.0,4,100,/home/ksha/Documents/sbel/offroad-control/benchmarking/results/mpc_tire_model_sweep_20260827_162718/raw/0575_tmeasy_dirt_sinusoidal_v9_b4_s100,ok,0,19.339001655578613,15.0,0.99,/home/ksha/Documents/sbel/offroad-control/benchmarking/results/mpc_tire_model_sweep_20260827_162718/raw/0575_tmeasy_dirt_sinusoidal_v9_b4_s100/20260827_193247_801001_dirt_sinusoidal_acados_tmeasy/diag_dirt_sinusoidal_acados_tmeasy.csv,,,1248,0.5247708187179263,1.39971,0.3676200747922438,4.264200184672207,6.56013,0.4738000205191341,3.5171634615384617,10.58,128.0085528295789,56.18019,-1.457238,0,chrono_body_contact,0,,,,,,,,0
mpc_tire_model_sweep,tmeasy,standard,tmeasy,tire_force_static,dirt,sinusoidal,9.0,4,101,/home/ksha/Documents/sbel/offroad-control/benchmarking/results/mpc_tire_model_sweep_20260827_162718/raw/0576_tmeasy_dirt_sinusoidal_v9_b4_s101,ok,0,19.38194727897644,15.0,0.99,/home/ksha/Documents/sbel/offroad-control/benchmarking/results/mpc_tire_model_sweep_20260827_162718/raw/0576_tmeasy_dirt_sinusoidal_v9_b4_s101/20260827_193307_161609_dirt_sinusoidal_acados_tmeasy/diag_dirt_sinusoidal_acados_tmeasy.csv,,,1248,1.1542530780461966,3.396788,0.6765657045244691,4.3413894736842105,6.3773599999999995,0.4823766081871345,3.59113782051282,11.262399999999998,124.32570050889085,57.721168,0.853453,0,chrono_body_contact,0,,,,,,,,0
mpc_tire_model_sweep,tmeasy,standard,tmeasy,tire_force_static,dirt,sinusoidal,9.0,4,102,/home/ksha/Documents/sbel/offroad-control/benchmarking/results/mpc_tire_model_sweep_20260827_162718/raw/0577_tmeasy_dirt_sinusoidal_v9_b4_s102,ok,0,19.33785629272461,15.0,0.99,/home/ksha/Documents/sbel/offroad-control/benchmarking/results/mpc_tire_model_sweep_20260827_162718/raw/0577_tmeasy_dirt_sinusoidal_v9_b4_s102/20260827_193326_567676_dirt_sinusoidal_acados_tmeasy/diag_dirt_sinusoidal_acados_tmeasy.csv,,,1248,1.2846327966403936,3.912372,0.7258353693444136,4.402015512465374,6.443,0.48911283471837486,3.61389423076923,12.265899999999998,129.75911135509025,58.152583,0.678816,0,chrono_body_contact,0,,,,,,,,0
mpc_tire_model_sweep,tmeasy,standard,tmeasy,tire_force_static,dirt,sinusoidal,9.0,4,103,/home/ksha/Documents/sbel/offroad-control/benchmarking/results/mpc_tire_model_sweep_20260827_162718/raw/0578_tmeasy_dirt_sinusoidal_v9_b4_s103,ok,0,19.380837202072144,15.0,0.99,/home/ksha/Documents/sbel/offroad-control/benchmarking/results/mpc_tire_model_sweep_20260827_162718/raw/0578_tmeasy_dirt_sinusoidal_v9_b4_s103/20260827_193345_924624_dirt_sinusoidal_acados_tmeasy/diag_dirt_sinusoidal_acados_tmeasy.csv,,,1248,1.0951294235977074,3.553392,0.6485669759926131,4.250700831024931,6.47299,0.4723000923361034,3.611370192307692,11.1653,127.17723996910712,56.41838,1.430227,0,chrono_body_contact,0,,,,,,,,0
mpc_tire_model_sweep,tmeasy,standard,tmeasy,tire_force_static,dirt,sinusoidal,9.0,4,104,/home/ksha/Documents/sbel/offroad-control/benchmarking/results/mpc_tire_model_sweep_20260827_162718/raw/0579_tmeasy_dirt_sinusoidal_v9_b4_s104,ok,0,19.338314056396484,15.0,0.99,/home/ksha/Documents/sbel/offroad-control/benchmarking/results/mpc_tire_model_sweep_20260827_162718/raw/0579_tmeasy_dirt_sinusoidal_v9_b4_s104/20260827_193405_325683_dirt_sinusoidal_acados_tmeasy/diag_dirt_sinusoidal_acados_tmeasy.csv,,,1248,1.1145846904379857,2.914403,0.7513402640812558,4.2078151431209605,6.38851,0.46753501590232893,3.980480769230769,12.250599999999999,127.09835806824063,56.007917,0.808056,0,chrono_body_contact,0,,,,,,,,0
mpc_tire_model_sweep,tmeasy,standard,tmeasy,tire_force_static,dirt,sinusoidal,9.0,8,100,/home/ksha/Documents/sbel/offroad-control/benchmarking/results/mpc_tire_model_sweep_20260827_162718/raw/0580_tmeasy_dirt_sinusoidal_v9_b8_s100,ok,0,19.47682785987854,15.0,0.99,/home/ksha/Documents/sbel/offroad-control/benchmarking/results/mpc_tire_model_sweep_20260827_162718/raw/0580_tmeasy_dirt_sinusoidal_v9_b8_s100/20260827_193424_690227_dirt_sinusoidal_acados_tmeasy/diag_dirt_sinusoidal_acados_tmeasy.csv,,,1248,1.126959307149956,3.141376,0.7257148171745152,4.559651154201293,6.35908,0.506627906022366,3.7299038461538463,11.291899999999995,129.35662843869937,59.655631,-1.448755,0,chrono_body_contact,0,,,,,,,,0
mpc_tire_model_sweep,tmeasy,standard,tmeasy,tire_force_static,dirt,sinusoidal,9.0,8,101,/home/ksha/Documents/sbel/offroad-control/benchmarking/results/mpc_tire_model_sweep_20260827_162718/raw/0581_tmeasy_dirt_sinusoidal_v9_b8_s101,ok,0,19.440215587615967,15.0,0.99,/home/ksha/Documents/sbel/offroad-control/benchmarking/results/mpc_tire_model_sweep_20260827_162718/raw/0581_tmeasy_dirt_sinusoidal_v9_b8_s101/20260827_193444_173606_dirt_sinusoidal_acados_tmeasy/diag_dirt_sinusoidal_acados_tmeasy.csv,,,1248,1.190658843948725,3.971158,0.695028216989843,4.235442936288089,6.38866,0.4706047706986765,3.510176282051282,10.485999999999995,123.62532934676622,56.06448,1.983901,0,chrono_body_contact,0,,,,,,,,0
mpc_tire_model_sweep,tmeasy,standard,tmeasy,tire_force_static,dirt,sinusoidal,9.0,8,102,/home/ksha/Documents/sbel/offroad-control/benchmarking/results/mpc_tire_model_sweep_20260827_162718/raw/0582_tmeasy_dirt_sinusoidal_v9_b8_s102,ok,0,19.478988647460938,15.0,0.99,/home/ksha/Documents/sbel/offroad-control/benchmarking/results/mpc_tire_model_sweep_20260827_162718/raw/0582_tmeasy_dirt_sinusoidal_v9_b8_s102/20260827_193503_631205_dirt_sinusoidal_acados_tmeasy/diag_dirt_sinusoidal_acados_tmeasy.csv,,,1248,1.3655258801922405,4.513515,0.7871764256694368,4.276738688827332,6.33091,0.4751931876474813,3.6510176282051283,10.9065,128.93327353274967,56.516618,2.513441,0,chrono_body_contact,0,,,,,,,,0
mpc_tire_model_sweep,tmeasy,standard,tmeasy,tire_force_static,dirt,sinusoidal,9.0,8,103,/home/ksha/Documents/sbel/offroad-control/benchmarking/results/mpc_tire_model_sweep_20260827_162718/raw/0583_tmeasy_dirt_sinusoidal_v9_b8_s103,ok,0,19.47983145713806,15.0,0.99,/home/ksha/Documents/sbel/offroad-control/benchmarking/results/mpc_tire_model_sweep_20260827_162718/raw/0583_tmeasy_dirt_sinusoidal_v9_b8_s103/20260827_193523_135482_dirt_sinusoidal_acados_tmeasy/diag_dirt_sinusoidal_acados_tmeasy.csv,,,1248,1.0414155710959012,2.952758,0.6714893601108033,4.4635628808864265,6.4024399999999995,0.49595143120960294,3.639719551282051,10.927199999999994,127.8088324555635,58.657418,-0.240619,0,chrono_body_contact,0,,,,,,,,0
mpc_tire_model_sweep,tmeasy,standard,tmeasy,tire_force_static,dirt,sinusoidal,9.0,8,104,/home/ksha/Documents/sbel/offroad-control/benchmarking/results/mpc_tire_model_sweep_20260827_162718/raw/0584_tmeasy_dirt_sinusoidal_v9_b8_s104,ok,0,19.439318418502808,15.0,0.99,/home/ksha/Documents/sbel/offroad-control/benchmarking/results/mpc_tire_model_sweep_20260827_162718/raw/0584_tmeasy_dirt_sinusoidal_v9_b8_s104/20260827_193542_643474_dirt_sinusoidal_acados_tmeasy/diag_dirt_sinusoidal_acados_tmeasy.csv,,,1248,1.2625787441942589,4.007381,0.837890918744229,4.112672945521699,6.161359999999998,0.4569636606135221,4.3050160256410255,12.4112,126.41056846945813,54.193093,2.453081,0,chrono_body_contact,0,,,,,,,,0
mpc_tire_model_sweep,tmeasy,standard,tmeasy,tire_force_static,dirt,lane_change,5.0,0,100,/home/ksha/Documents/sbel/offroad-control/benchmarking/results/mpc_tire_model_sweep_20260827_162718/raw/0585_tmeasy_dirt_lane_change_v5_b0_s100,ok,0,19.141025066375732,15.0,0.99,/home/ksha/Documents/sbel/offroad-control/benchmarking/results/mpc_tire_model_sweep_20260827_162718/raw/0585_tmeasy_dirt_lane_change_v5_b0_s100/20260827_193602_101915_dirt_lane_change_acados_tmeasy/diag_dirt_lane_change_acados_tmeasy.csv,,,1248,0.06655745296639559,0.227914,0.05209662788550323,4.788206832871653,5.102879999999999,0.9576413665743306,1.6241586538461537,2.9264999999999985,129.14210166685368,66.562079,2.97072,0,chrono_body_contact,0,,,,,,,,0
mpc_tire_model_sweep,tmeasy,standard,tmeasy,tire_force_static,dirt,lane_change,5.0,0,101,/home/ksha/Documents/sbel/offroad-control/benchmarking/results/mpc_tire_model_sweep_20260827_162718/raw/0586_tmeasy_dirt_lane_change_v5_b0_s101,ok,0,19.130499124526978,15.0,0.99,/home/ksha/Documents/sbel/offroad-control/benchmarking/results/mpc_tire_model_sweep_20260827_162718/raw/0586_tmeasy_dirt_lane_change_v5_b0_s101/20260827_193621_278479_dirt_lane_change_acados_tmeasy/diag_dirt_lane_change_acados_tmeasy.csv,,,1248,0.06480542405960867,0.256378,0.05107239519852263,4.739101754385965,5.09541,0.947820350877193,1.5978846153846153,2.83,124.76996087260845,66.121102,3.045759,0,chrono_body_contact,0,,,,,,,,0
mpc_tire_model_sweep,tmeasy,standard,tmeasy,tire_force_static,dirt,lane_change,5.0,0,102,/home/ksha/Documents/sbel/offroad-control/benchmarking/results/mpc_tire_model_sweep_20260827_162718/raw/0587_tmeasy_dirt_lane_change_v5_b0_s102,ok,0,19.140323400497437,15.0,0.99,/home/ksha/Documents/sbel/offroad-control/benchmarking/results/mpc_tire_model_sweep_20260827_162718/raw/0587_tmeasy_dirt_lane_change_v5_b0_s102/20260827_193640_427373_dirt_lane_change_acados_tmeasy/diag_dirt_lane_change_acados_tmeasy.csv,,,1248,0.06727607765634612,0.236533,0.05244220960295476,4.734154570637119,5.17051,0.9468309141274238,1.8439903846153847,2.8052999999999995,129.75656639579714,65.886833,3.069344,0,chrono_body_contact,0,,,,,,,,0
mpc_tire_model_sweep,tmeasy,standard,tmeasy,tire_force_static,dirt,lane_change,5.0,0,103,/home/ksha/Documents/sbel/offroad-control/benchmarking/results/mpc_tire_model_sweep_20260827_162718/raw/0588_tmeasy_dirt_lane_change_v5_b0_s103,ok,0,19.177476167678833,15.0,0.99,/home/ksha/Documents/sbel/offroad-control/benchmarking/results/mpc_tire_model_sweep_20260827_162718/raw/0588_tmeasy_dirt_lane_change_v5_b0_s103/20260827_193659_582446_dirt_lane_change_acados_tmeasy/diag_dirt_lane_change_acados_tmeasy.csv,,,1248,0.06522477515231032,0.212381,0.05111957894736842,4.808013942751616,5.14851,0.9616027885503232,1.6104086538461537,2.8452999999999995,128.48803210384625,66.917957,3.049214,0,chrono_body_contact,0,,,,,,,,0
mpc_tire_model_sweep,tmeasy,standard,tmeasy,tire_force_static,dirt,lane_change,5.0,0,104,/home/ksha/Documents/sbel/offroad-control/benchmarking/results/mpc_tire_model_sweep_20260827_162718/raw/0589_tmeasy_dirt_lane_change_v5_b0_s104,ok,0,19.138999223709106,15.0,0.99,/home/ksha/Documents/sbel/offroad-control/benchmarking/results/mpc_tire_model_sweep_20260827_162718/raw/0589_tmeasy_dirt_lane_change_v5_b0_s104/20260827_193718_778164_dirt_lane_change_acados_tmeasy/diag_dirt_lane_change_acados_tmeasy.csv,,,1248,0.06502328952418994,0.24481,0.05072534072022161,4.770068513388735,5.13529,0.9540137026777471,1.6794791666666664,3.59,128.67472920895722,66.434035,2.989777,0,chrono_body_contact,0,,,,,,,,0
mpc_tire_model_sweep,tmeasy,standard,tmeasy,tire_force_static,dirt,lane_change,5.0,4,100,/home/ksha/Documents/sbel/offroad-control/benchmarking/results/mpc_tire_model_sweep_20260827_162718/raw/0590_tmeasy_dirt_lane_change_v5_b4_s100,ok,0,19.37942337989807,15.0,0.99,/home/ksha/Documents/sbel/offroad-control/benchmarking/results/mpc_tire_model_sweep_20260827_162718/raw/0590_tmeasy_dirt_lane_change_v5_b4_s100/20260827_193737_936380_dirt_lane_change_acados_tmeasy/diag_dirt_lane_change_acados_tmeasy.csv,,,1248,0.06476719556046343,0.227533,0.051068628808864265,4.755676546629732,5.124149999999998,0.9511353093259464,1.9313701923076922,3.020599999999999,129.00375804163397,66.289201,2.969179,0,chrono_body_contact,0,,,,,,,,0
mpc_tire_model_sweep,tmeasy,standard,tmeasy,tire_force_static,dirt,lane_change,5.0,4,101,/home/ksha/Documents/sbel/offroad-control/benchmarking/results/mpc_tire_model_sweep_20260827_162718/raw/0591_tmeasy_dirt_lane_change_v5_b4_s101,ok,0,19.33167028427124,15.0,0.99,/home/ksha/Documents/sbel/offroad-control/benchmarking/results/mpc_tire_model_sweep_20260827_162718/raw/0591_tmeasy_dirt_lane_change_v5_b4_s101/20260827_193757_335204_dirt_lane_change_acados_tmeasy/diag_dirt_lane_change_acados_tmeasy.csv,,,1248,0.06729854466649386,0.273914,0.05257261957525393,4.715665743305633,5.105949999999999,0.9431331486611265,1.5957852564102564,2.8152999999999997,124.66522528949605,65.976077,3.038381,0,chrono_body_contact,0,,,,,,,,0
mpc_tire_model_sweep,tmeasy,standard,tmeasy,tire_force_static,dirt,lane_change,5.0,4,102,/home/ksha/Documents/sbel/offroad-control/benchmarking/results/mpc_tire_model_sweep_20260827_162718/raw/0592_tmeasy_dirt_lane_change_v5_b4_s102,ok,0,19.333423614501953,15.0,0.99,/home/ksha/Documents/sbel/offroad-control/benchmarking/results/mpc_tire_model_sweep_20260827_162718/raw/0592_tmeasy_dirt_lane_change_v5_b4_s102/20260827_193816_674591_dirt_lane_change_acados_tmeasy/diag_dirt_lane_change_acados_tmeasy.csv,,,1248,0.0670376248594056,0.234484,0.05229968605724839,4.762940904893813,5.1612599999999995,0.9525881809787625,1.6086137820512822,2.7352999999999996,129.97266344449002,66.425891,3.062948,0,chrono_body_contact,0,,,,,,,,0
mpc_tire_model_sweep,tmeasy,standard,tmeasy,tire_force_static,dirt,lane_change,5.0,4,103,/home/ksha/Documents/sbel/offroad-control/benchmarking/results/mpc_tire_model_sweep_20260827_162718/raw/0593_tmeasy_dirt_lane_change_v5_b4_s103,ok,0,19.38831877708435,15.0,0.99,/home/ksha/Documents/sbel/offroad-control/benchmarking/results/mpc_tire_model_sweep_20260827_162718/raw/0593_tmeasy_dirt_lane_change_v5_b4_s103/20260827_193836_040592_dirt_lane_change_acados_tmeasy/diag_dirt_lane_change_acados_tmeasy.csv,,,1248,0.06702203724298725,0.224824,0.05248392520775624,4.797802031394275,5.17883,0.959560406278855,1.6189342948717946,2.7952999999999997,128.47197176442603,66.937967,3.045289,0,chrono_body_contact,0,,,,,,,,0
mpc_tire_model_sweep,tmeasy,standard,tmeasy,tire_force_static,dirt,lane_change,5.0,4,104,/home/ksha/Documents/sbel/offroad-control/benchmarking/results/mpc_tire_model_sweep_20260827_162718/raw/0594_tmeasy_dirt_lane_change_v5_b4_s104,ok,0,19.34205937385559,15.0,0.99,/home/ksha/Documents/sbel/offroad-control/benchmarking/results/mpc_tire_model_sweep_20260827_162718/raw/0594_tmeasy_dirt_lane_change_v5_b4_s104/20260827_193855_450553_dirt_lane_change_acados_tmeasy/diag_dirt_lane_change_acados_tmeasy.csv,,,1248,0.06589729420271481,0.25262,0.05151221237303786,4.723064081255771,5.085979999999999,0.9446128162511542,1.6157451923076924,2.8252999999999995,128.43174223449657,65.984351,2.98547,0,chrono_body_contact,0,,,,,,,,0
mpc_tire_model_sweep,tmeasy,standard,tmeasy,tire_force_static,dirt,lane_change,5.0,8,100,/home/ksha/Documents/sbel/offroad-control/benchmarking/results/mpc_tire_model_sweep_20260827_162718/raw/0595_tmeasy_dirt_lane_change_v5_b8_s100,ok,0,19.48135733604431,15.0,0.99,/home/ksha/Documents/sbel/offroad-control/benchmarking/results/mpc_tire_model_sweep_20260827_162718/raw/0595_tmeasy_dirt_lane_change_v5_b8_s100/20260827_193914_813008_dirt_lane_change_acados_tmeasy/diag_dirt_lane_change_acados_tmeasy.csv,,,1248,0.06571791663177594,0.244688,0.051902932594644506,4.5327068328716535,5.05265,0.9065413665743307,1.624278846153846,2.8852999999999995,127.58131273470329,62.913927,2.988667,0,chrono_body_contact,0,,,,,,,,0
mpc_tire_model_sweep,tmeasy,standard,tmeasy,tire_force_static,dirt,lane_change,5.0,8,101,/home/ksha/Documents/sbel/offroad-control/benchmarking/results/mpc_tire_model_sweep_20260827_162718/raw/0596_tmeasy_dirt_lane_change_v5_b8_s101,ok,0,19.478098154067993,15.0,0.99,/home/ksha/Documents/sbel/offroad-control/benchmarking/results/mpc_tire_model_sweep_20260827_162718/raw/0596_tmeasy_dirt_lane_change_v5_b8_s101/20260827_193934_311434_dirt_lane_change_acados_tmeasy/diag_dirt_lane_change_acados_tmeasy.csv,,,1248,0.06648435666492278,0.20164,0.053382602031394284,4.582581163434903,5.06544,0.9165162326869807,1.5988541666666667,2.7505999999999995,123.76020736270826,63.771931,3.056448,0,chrono_body_contact,0,,,,,,,,0
mpc_tire_model_sweep,tmeasy,standard,tmeasy,tire_force_static,dirt,lane_change,5.0,8,102,/home/ksha/Documents/sbel/offroad-control/benchmarking/results/mpc_tire_model_sweep_20260827_162718/raw/0597_tmeasy_dirt_lane_change_v5_b8_s102,ok,0,19.433014392852783,15.0,0.99,/home/ksha/Documents/sbel/offroad-control/benchmarking/results/mpc_tire_model_sweep_20260827_162718/raw/0597_tmeasy_dirt_lane_change_v5_b8_s102/20260827_193953_806898_dirt_lane_change_acados_tmeasy/diag_dirt_lane_change_acados_tmeasy.csv,,,1248,0.06631325062278778,0.205011,0.053142980609418286,4.538726777469991,5.12103,0.9077453554939983,1.6823397435897438,3.6152999999999995,128.532249113654,63.040792,3.078572,0,chrono_body_contact,0,,,,,,,,0
mpc_tire_model_sweep,tmeasy,standard,tmeasy,tire_force_static,dirt,lane_change,5.0,8,103,/home/ksha/Documents/sbel/offroad-control/benchmarking/results/mpc_tire_model_sweep_20260827_162718/raw/0598_tmeasy_dirt_lane_change_v5_b8_s103,ok,0,19.44299554824829,15.0,0.99,/home/ksha/Documents/sbel/offroad-control/benchmarking/results/mpc_tire_model_sweep_20260827_162718/raw/0598_tmeasy_dirt_lane_change_v5_b8_s103/20260827_194013_270116_dirt_lane_change_acados_tmeasy/diag_dirt_lane_change_acados_tmeasy.csv,,,1248,0.06585853766072296,0.206079,0.05199775623268698,4.602672391505078,5.066870000000001,0.9205344783010156,1.5896554487179486,2.8652999999999995,127.20052948345545,63.915972,3.057036,0,chrono_body_contact,0,,,,,,,,0
mpc_tire_model_sweep,tmeasy,standard,tmeasy,tire_force_static,dirt,lane_change,5.0,8,104,/home/ksha/Documents/sbel/offroad-control/benchmarking/results/mpc_tire_model_sweep_20260827_162718/raw/0599_tmeasy_dirt_lane_change_v5_b8_s104,ok,0,19.483028173446655,15.0,0.99,/home/ksha/Documents/sbel/offroad-control/benchmarking/results/mpc_tire_model_sweep_20260827_162718/raw/0599_tmeasy_dirt_lane_change_v5_b8_s104/20260827_194032_730891_dirt_lane_change_acados_tmeasy/diag_dirt_lane_change_acados_tmeasy.csv,,,1248,0.06448537518947121,0.248774,0.05125297968605726,4.577545152354571,5.09879,0.9155090304709143,2.121418269230769,3.34,127.53665467639041,63.61094,3.005802,0,chrono_body_contact,0,,,,,,,,0
mpc_tire_model_sweep,tmeasy,standard,tmeasy,tire_force_static,dirt,lane_change,7.0,0,100,/home/ksha/Documents/sbel/offroad-control/benchmarking/results/mpc_tire_model_sweep_20260827_162718/raw/0600_tmeasy_dirt_lane_change_v7_b0_s100,ok,0,19.136610507965088,15.0,0.99,/home/ksha/Documents/sbel/offroad-control/benchmarking/results/mpc_tire_model_sweep_20260827_162718/raw/0600_tmeasy_dirt_lane_change_v7_b0_s100/20260827_194052_229974_dirt_lane_change_acados_tmeasy/diag_dirt_lane_change_acados_tmeasy.csv,,,1248,0.084277009849423,0.289446,0.06358101015697139,5.980473868882734,7.50631,0.8543534098403905,2.1473477564102565,3.992999999999997,137.86725947174094,82.106062,2.955123,0,chrono_body_contact,0,,,,,,,,0
mpc_tire_model_sweep,tmeasy,standard,tmeasy,tire_force_static,dirt,lane_change,7.0,0,101,/home/ksha/Documents/sbel/offroad-control/benchmarking/results/mpc_tire_model_sweep_20260827_162718/raw/0601_tmeasy_dirt_lane_change_v7_b0_s101,ok,0,19.178675889968872,15.0,0.99,/home/ksha/Documents/sbel/offroad-control/benchmarking/results/mpc_tire_model_sweep_20260827_162718/raw/0601_tmeasy_dirt_lane_change_v7_b0_s101/20260827_194111_388638_dirt_lane_change_acados_tmeasy/diag_dirt_lane_change_acados_tmeasy.csv,,,1248,0.08590262795533384,0.313663,0.06461940904893813,5.962217543859649,7.51443,0.8517453634085212,2.127628205128205,3.905899999999999,133.83263478437578,82.059069,3.04424,0,chrono_body_contact,0,,,,,,,,0
mpc_tire_model_sweep,tmeasy,standard,tmeasy,tire_force_static,dirt,lane_change,7.0,0,102,/home/ksha/Documents/sbel/offroad-control/benchmarking/results/mpc_tire_model_sweep_20260827_162718/raw/0602_tmeasy_dirt_lane_change_v7_b0_s102,ok,0,19.13256597518921,15.0,0.99,/home/ksha/Documents/sbel/offroad-control/benchmarking/results/mpc_tire_model_sweep_20260827_162718/raw/0602_tmeasy_dirt_lane_change_v7_b0_s102/20260827_194130_593526_dirt_lane_change_acados_tmeasy/diag_dirt_lane_change_acados_tmeasy.csv,,,1247,0.08672531787108759,0.298418,0.06641997783933518,5.990485318559557,7.55336,0.8557836169370796,2.259927826784282,4.32,139.46843634080733,82.295843,3.048419,0,chrono_body_contact,0,,,,,,,,0
mpc_tire_model_sweep,tmeasy,standard,tmeasy,tire_force_static,dirt,lane_change,7.0,0,103,/home/ksha/Documents/sbel/offroad-control/benchmarking/results/mpc_tire_model_sweep_20260827_162718/raw/0603_tmeasy_dirt_lane_change_v7_b0_s103,ok,0,19.136209964752197,15.0,0.99,/home/ksha/Documents/sbel/offroad-control/benchmarking/results/mpc_tire_model_sweep_20260827_162718/raw/0603_tmeasy_dirt_lane_change_v7_b0_s103/20260827_194149_746806_dirt_lane_change_acados_tmeasy/diag_dirt_lane_change_acados_tmeasy.csv,,,1247,0.08633110811162012,0.306221,0.06568942936288089,5.972543397968605,7.547499999999999,0.8532204854240864,2.239951884522855,4.2954,136.9953445371111,82.093221,3.029463,0,chrono_body_contact,0,,,,,,,,0
mpc_tire_model_sweep,tmeasy,standard,tmeasy,tire_force_static,dirt,lane_change,7.0,0,104,/home/ksha/Documents/sbel/offroad-control/benchmarking/results/mpc_tire_model_sweep_20260827_162718/raw/0604_tmeasy_dirt_lane_change_v7_b0_s104,ok,0,19.179985284805298,15.0,0.99,/home/ksha/Documents/sbel/offroad-control/benchmarking/results/mpc_tire_model_sweep_20260827_162718/raw/0604_tmeasy_dirt_lane_change_v7_b0_s104/20260827_194208_899633_dirt_lane_change_acados_tmeasy/diag_dirt_lane_change_acados_tmeasy.csv,,,1248,0.08664030158023532,0.34847,0.06549576269621422,5.9672484764542935,7.51801,0.852464068064899,2.6489022435897436,4.875299999999999,137.3722164105095,82.050133,2.99664,0,chrono_body_contact,0,,,,,,,,0
mpc_tire_model_sweep,tmeasy,standard,tmeasy,tire_force_static,dirt,lane_change,7.0,4,100,/home/ksha/Documents/sbel/offroad-control/benchmarking/results/mpc_tire_model_sweep_20260827_162718/raw/0605_tmeasy_dirt_lane_change_v7_b4_s100,ok,0,19.33048677444458,15.0,0.99,/home/ksha/Documents/sbel/offroad-control/benchmarking/results/mpc_tire_model_sweep_20260827_162718/raw/0605_tmeasy_dirt_lane_change_v7_b4_s100/20260827_194228_096371_dirt_lane_change_acados_tmeasy/diag_dirt_lane_change_acados_tmeasy.csv,,,1248,0.08672530509829544,0.282316,0.06542457340720222,5.975770452446906,7.42994,0.853681493206701,2.7475240384615383,4.7505999999999995,137.8407538774758,82.187707,2.971933,0,chrono_body_contact,0,,,,,,,,0
mpc_tire_model_sweep,tmeasy,standard,tmeasy,tire_force_static,dirt,lane_change,7.0,4,101,/home/ksha/Documents/sbel/offroad-control/benchmarking/results/mpc_tire_model_sweep_20260827_162718/raw/0606_tmeasy_dirt_lane_change_v7_b4_s101,ok,0,19.336973667144775,15.0,0.99,/home/ksha/Documents/sbel/offroad-control/benchmarking/results/mpc_tire_model_sweep_20260827_162718/raw/0606_tmeasy_dirt_lane_change_v7_b4_s101/20260827_194247_446409_dirt_lane_change_acados_tmeasy/diag_dirt_lane_change_acados_tmeasy.csv,,,1248,0.08993110066719574,0.307618,0.06774419944598337,5.960045244690673,7.47686,0.8514350349558104,2.102636217948718,3.57,133.82381749325313,82.183087,3.054798,0,chrono_body_contact,0,,,,,,,,0
mpc_tire_model_sweep,tmeasy,standard,tmeasy,tire_force_static,dirt,lane_change,7.0,4,102,/home/ksha/Documents/sbel/offroad-control/benchmarking/results/mpc_tire_model_sweep_20260827_162718/raw/0607_tmeasy_dirt_lane_change_v7_b4_s102,ok,0,19.33571434020996,15.0,0.99,/home/ksha/Documents/sbel/offroad-control/benchmarking/results/mpc_tire_model_sweep_20260827_162718/raw/0607_tmeasy_dirt_lane_change_v7_b4_s102/20260827_194306_801483_dirt_lane_change_acados_tmeasy/diag_dirt_lane_change_acados_tmeasy.csv,,,1248,0.0902457126318849,0.296308,0.06909340443213297,5.962480055401663,7.4297699999999995,0.8517828650573804,2.1185576923076925,3.61,139.1995951764357,82.054466,3.070705,0,chrono_body_contact,0,,,,,,,,0
mpc_tire_model_sweep,tmeasy,standard,tmeasy,tire_force_static,dirt,lane_change,7.0,4,103,/home/ksha/Documents/sbel/offroad-control/benchmarking/results/mpc_tire_model_sweep_20260827_162718/raw/0608_tmeasy_dirt_lane_change_v7_b4_s103,ok,0,19.337758779525757,15.0,0.99,/home/ksha/Documents/sbel/offroad-control/benchmarking/results/mpc_tire_model_sweep_20260827_162718/raw/0608_tmeasy_dirt_lane_change_v7_b4_s103/20260827_194326_166045_dirt_lane_change_acados_tmeasy/diag_dirt_lane_change_acados_tmeasy.csv,,,1248,0.09101741615990683,0.311183,0.0694060249307479,5.966576638965836,7.494079999999999,0.8523680912808337,2.160080128205128,3.7652999999999994,137.1901793455329,82.168256,3.047645,0,chrono_body_contact,0,,,,,,,,0
mpc_tire_model_sweep,tmeasy,standard,tmeasy,tire_force_static,dirt,lane_change,7.0,4,104,/home/ksha/Documents/sbel/offroad-control/benchmarking/results/mpc_tire_model_sweep_20260827_162718/raw/0609_tmeasy_dirt_lane_change_v7_b4_s104,ok,0,19.340086936950684,15.0,0.99,/home/ksha/Documents/sbel/offroad-control/benchmarking/results/mpc_tire_model_sweep_20260827_162718/raw/0609_tmeasy_dirt_lane_change_v7_b4_s104/20260827_194345_522775_dirt_lane_change_acados_tmeasy/diag_dirt_lane_change_acados_tmeasy.csv,,,1248,0.09079129841821502,0.350969,0.0683316731301939,5.95931052631579,7.53694,0.8513300751879701,2.1009615384615383,3.585899999999999,137.48207191195007,82.100037,2.990682,0,chrono_body_contact,0,,,,,,,,0
mpc_tire_model_sweep,tmeasy,standard,tmeasy,tire_force_static,dirt,lane_change,7.0,8,100,/home/ksha/Documents/sbel/offroad-control/benchmarking/results/mpc_tire_model_sweep_20260827_162718/raw/0610_tmeasy_dirt_lane_change_v7_b8_s100,ok,0,19.430166721343994,15.0,0.99,/home/ksha/Documents/sbel/offroad-control/benchmarking/results/mpc_tire_model_sweep_20260827_162718/raw/0610_tmeasy_dirt_lane_change_v7_b8_s100/20260827_194404_877946_dirt_lane_change_acados_tmeasy/diag_dirt_lane_change_acados_tmeasy.csv,,,1248,0.09091782423661815,0.31512,0.0678533407202216,6.01014755309326,7.4731499999999995,0.8585925075847515,2.1487820512820517,3.805899999999999,137.66914103292382,82.185371,2.892801,0,chrono_body_contact,0,,,,,,,,0
mpc_tire_model_sweep,tmeasy,standard,tmeasy,tire_force_static,dirt,lane_change,7.0,8,101,/home/ksha/Documents/sbel/offroad-control/benchmarking/results/mpc_tire_model_sweep_20260827_162718/raw/0611_tmeasy_dirt_lane_change_v7_b8_s101,ok,0,19.437923669815063,15.0,0.99,/home/ksha/Documents/sbel/offroad-control/benchmarking/results/mpc_tire_model_sweep_20260827_162718/raw/0611_tmeasy_dirt_lane_change_v7_b8_s101/20260827_194424_326432_dirt_lane_change_acados_tmeasy/diag_dirt_lane_change_acados_tmeasy.csv,,,1248,0.08985070961668262,0.341126,0.0671633028624192,5.998160110803323,7.4351899999999995,0.8568800158290462,2.5639102564102565,4.670599999999999,133.57259771876497,82.220909,3.002244,0,chrono_body_contact,0,,,,,,,,0
mpc_tire_model_sweep,tmeasy,standard,tmeasy,tire_force_static,dirt,lane_change,7.0,8,102,/home/ksha/Documents/sbel/offroad-control/benchmarking/results/mpc_tire_model_sweep_20260827_162718/raw/0612_tmeasy_dirt_lane_change_v7_b8_s102,ok,0,19.47907328605652,15.0,0.99,/home/ksha/Documents/sbel/offroad-control/benchmarking/results/mpc_tire_model_sweep_20260827_162718/raw/0612_tmeasy_dirt_lane_change_v7_b8_s102/20260827_194443_780363_dirt_lane_change_acados_tmeasy/diag_dirt_lane_change_acados_tmeasy.csv,,,1248,0.09037699820461718,0.335296,0.06912140627885503,6.011903878116344,7.41299,0.8588434111594777,2.6776041666666663,5.03,139.19423697270224,82.261291,3.001151,0,chrono_body_contact,0,,,,,,,,0
mpc_tire_model_sweep,tmeasy,standard,tmeasy,tire_force_static,dirt,lane_change,7.0,8,103,/home/ksha/Documents/sbel/offroad-control/benchmarking/results/mpc_tire_model_sweep_20260827_162718/raw/0613_tmeasy_dirt_lane_change_v7_b8_s103,ok,0,19.479782104492188,15.0,0.99,/home/ksha/Documents/sbel/offroad-control/benchmarking/results/mpc_tire_model_sweep_20260827_162718/raw/0613_tmeasy_dirt_lane_change_v7_b8_s103/20260827_194503_298352_dirt_lane_change_acados_tmeasy/diag_dirt_lane_change_acados_tmeasy.csv,,,1248,0.09352792526307689,0.304542,0.07082342105263158,6.00390110803324,7.494759999999999,0.8577001582904629,2.1848798076923073,4.06,137.02146645678852,82.200184,2.969592,0,chrono_body_contact,0,,,,,,,,0
mpc_tire_model_sweep,tmeasy,standard,tmeasy,tire_force_static,dirt,lane_change,7.0,8,104,/home/ksha/Documents/sbel/offroad-control/benchmarking/results/mpc_tire_model_sweep_20260827_162718/raw/0614_tmeasy_dirt_lane_change_v7_b8_s104,ok,0,19.48474907875061,15.0,0.99,/home/ksha/Documents/sbel/offroad-control/benchmarking/results/mpc_tire_model_sweep_20260827_162718/raw/0614_tmeasy_dirt_lane_change_v7_b8_s104/20260827_194522_813592_dirt_lane_change_acados_tmeasy/diag_dirt_lane_change_acados_tmeasy.csv,,,1248,0.0921543358700303,0.348168,0.06819232779316714,5.989632502308402,7.3775699999999995,0.8556617860440575,2.1821153846153845,4.0405999999999995,137.250184991235,82.028314,2.945523,0,chrono_body_contact,0,,,,,,,,0
mpc_tire_model_sweep,tmeasy,standard,tmeasy,tire_force_static,dirt,lane_change,9.0,0,100,/home/ksha/Documents/sbel/offroad-control/benchmarking/results/mpc_tire_model_sweep_20260827_162718/raw/0615_tmeasy_dirt_lane_change_v9_b0_s100,ok,0,19.13310718536377,15.0,0.99,/home/ksha/Documents/sbel/offroad-control/benchmarking/results/mpc_tire_model_sweep_20260827_162718/raw/0615_tmeasy_dirt_lane_change_v9_b0_s100/20260827_194542_305145_dirt_lane_change_acados_tmeasy/diag_dirt_lane_change_acados_tmeasy.csv,,,1248,0.09880363690622215,0.325554,0.07276024930747922,6.171030193905817,8.745800000000001,0.6856700215450907,2.3543749999999997,3.8,140.64874357856186,84.601959,2.937783,0,chrono_body_contact,0,,,,,,,,0
mpc_tire_model_sweep,tmeasy,standard,tmeasy,tire_force_static,dirt,lane_change,9.0,0,101,/home/ksha/Documents/sbel/offroad-control/benchmarking/results/mpc_tire_model_sweep_20260827_162718/raw/0616_tmeasy_dirt_lane_change_v9_b0_s101,ok,0,19.126057624816895,15.0,0.99,/home/ksha/Documents/sbel/offroad-control/benchmarking/results/mpc_tire_model_sweep_20260827_162718/raw/0616_tmeasy_dirt_lane_change_v9_b0_s101/20260827_194601_450760_dirt_lane_change_acados_tmeasy/diag_dirt_lane_change_acados_tmeasy.csv,,,1248,0.10158398343727372,0.360586,0.07431079039704525,6.194132594644506,8.78779,0.6882369549605006,2.349110576923077,3.88,136.7797098832557,85.104419,3.000057,0,chrono_body_contact,0,,,,,,,,0
mpc_tire_model_sweep,tmeasy,standard,tmeasy,tire_force_static,dirt,lane_change,9.0,0,102,/home/ksha/Documents/sbel/offroad-control/benchmarking/results/mpc_tire_model_sweep_20260827_162718/raw/0617_tmeasy_dirt_lane_change_v9_b0_s102,ok,0,19.18285632133484,15.0,0.99,/home/ksha/Documents/sbel/offroad-control/benchmarking/results/mpc_tire_model_sweep_20260827_162718/raw/0617_tmeasy_dirt_lane_change_v9_b0_s102/20260827_194620_596551_dirt_lane_change_acados_tmeasy/diag_dirt_lane_change_acados_tmeasy.csv,,,1248,0.10190261648289065,0.356583,0.07541285872576177,6.168805447830101,8.761090000000001,0.6854228275366778,2.380168269230769,3.86,142.20927050435205,84.619298,3.045352,0,chrono_body_contact,0,,,,,,,,0
mpc_tire_model_sweep,tmeasy,standard,tmeasy,tire_force_static,dirt,lane_change,9.0,0,103,/home/ksha/Documents/sbel/offroad-control/benchmarking/results/mpc_tire_model_sweep_20260827_162718/raw/0618_tmeasy_dirt_lane_change_v9_b0_s103,ok,0,19.140603065490723,15.0,0.99,/home/ksha/Documents/sbel/offroad-control/benchmarking/results/mpc_tire_model_sweep_20260827_162718/raw/0618_tmeasy_dirt_lane_change_v9_b0_s103/20260827_194639_804313_dirt_lane_change_acados_tmeasy/diag_dirt_lane_change_acados_tmeasy.csv,,,1248,0.10062527881117812,0.366867,0.07386625023084026,6.18730489381348,8.80662,0.6874783215348311,2.3766185897435896,3.8752999999999997,140.17952241588068,84.916445,3.043165,0,chrono_body_contact,0,,,,,,,,0
mpc_tire_model_sweep,tmeasy,standard,tmeasy,tire_force_static,dirt,lane_change,9.0,0,104,/home/ksha/Documents/sbel/offroad-control/benchmarking/results/mpc_tire_model_sweep_20260827_162718/raw/0619_tmeasy_dirt_lane_change_v9_b0_s104,ok,0,19.134121417999268,15.0,0.99,/home/ksha/Documents/sbel/offroad-control/benchmarking/results/mpc_tire_model_sweep_20260827_162718/raw/0619_tmeasy_dirt_lane_change_v9_b0_s104/20260827_194658_956908_dirt_lane_change_acados_tmeasy/diag_dirt_lane_change_acados_tmeasy.csv,,,1248,0.10258480446043906,0.404629,0.07517786518928903,6.175863619575254,8.79924,0.6862070688416949,2.8358493589743583,4.85,140.31499772352987,84.786356,3.000351,0,chrono_body_contact,0,,,,,,,,0
mpc_tire_model_sweep,tmeasy,standard,tmeasy,tire_force_static,dirt,lane_change,9.0,4,100,/home/ksha/Documents/sbel/offroad-control/benchmarking/results/mpc_tire_model_sweep_20260827_162718/raw/0620_tmeasy_dirt_lane_change_v9_b4_s100,ok,0,19.381577491760254,15.0,0.99,/home/ksha/Documents/sbel/offroad-control/benchmarking/results/mpc_tire_model_sweep_20260827_162718/raw/0620_tmeasy_dirt_lane_change_v9_b4_s100/20260827_194718_113720_dirt_lane_change_acados_tmeasy/diag_dirt_lane_change_acados_tmeasy.csv,,,1248,0.10148124543319878,0.330113,0.07495015789473684,6.180439427516159,8.75675,0.6867154919462399,2.372716346153846,3.841199999999999,140.94193970653305,84.868076,2.940141,0,chrono_body_contact,0,,,,,,,,0
mpc_tire_model_sweep,tmeasy,standard,tmeasy,tire_force_static,dirt,lane_change,9.0,4,101,/home/ksha/Documents/sbel/offroad-control/benchmarking/results/mpc_tire_model_sweep_20260827_162718/raw/0621_tmeasy_dirt_lane_change_v9_b4_s101,ok,0,19.334192514419556,15.0,0.99,/home/ksha/Documents/sbel/offroad-control/benchmarking/results/mpc_tire_model_sweep_20260827_162718/raw/0621_tmeasy_dirt_lane_change_v9_b4_s101/20260827_194737_515298_dirt_lane_change_acados_tmeasy/diag_dirt_lane_change_acados_tmeasy.csv,,,1248,0.10364753253777427,0.351685,0.0755712132963989,6.173666112650046,8.76474,0.6859629014055606,2.3760096153846155,3.8352999999999997,136.70970790283354,84.99109,3.044928,0,chrono_body_contact,0,,,,,,,,0
mpc_tire_model_sweep,tmeasy,standard,tmeasy,tire_force_static,dirt,lane_change,9.0,4,102,/home/ksha/Documents/sbel/offroad-control/benchmarking/results/mpc_tire_model_sweep_20260827_162718/raw/0622_tmeasy_dirt_lane_change_v9_b4_s102,ok,0,19.337974548339844,15.0,0.99,/home/ksha/Documents/sbel/offroad-control/benchmarking/results/mpc_tire_model_sweep_20260827_162718/raw/0622_tmeasy_dirt_lane_change_v9_b4_s102/20260827_194756_872325_dirt_lane_change_acados_tmeasy/diag_dirt_lane_change_acados_tmeasy.csv,,,1248,0.10546378380006813,0.352188,0.07846100092336103,6.169284487534626,8.76906,0.685476054170514,2.3906971153846155,3.7611999999999988,142.26993125145856,84.766694,3.042638,0,chrono_body_contact,0,,,,,,,,0
mpc_tire_model_sweep,tmeasy,standard,tmeasy,tire_force_static,dirt,lane_change,9.0,4,103,/home/ksha/Documents/sbel/offroad-control/benchmarking/results/mpc_tire_model_sweep_20260827_162718/raw/0623_tmeasy_dirt_lane_change_v9_b4_s103,ok,0,19.334997415542603,15.0,0.99,/home/ksha/Documents/sbel/offroad-control/benchmarking/results/mpc_tire_model_sweep_20260827_162718/raw/0623_tmeasy_dirt_lane_change_v9_b4_s103/20260827_194816_229980_dirt_lane_change_acados_tmeasy/diag_dirt_lane_change_acados_tmeasy.csv,,,1248,0.10545720131534406,0.365515,0.07810228070175437,6.1836926131117265,8.81712,0.687076957012414,2.3657932692307693,3.7752999999999997,140.44972384600163,85.013637,3.068973,0,chrono_body_contact,0,,,,,,,,0
mpc_tire_model_sweep,tmeasy,standard,tmeasy,tire_force_static,dirt,lane_change,9.0,4,104,/home/ksha/Documents/sbel/offroad-control/benchmarking/results/mpc_tire_model_sweep_20260827_162718/raw/0624_tmeasy_dirt_lane_change_v9_b4_s104,ok,0,19.393664836883545,15.0,0.99,/home/ksha/Documents/sbel/offroad-control/benchmarking/results/mpc_tire_model_sweep_20260827_162718/raw/0624_tmeasy_dirt_lane_change_v9_b4_s104/20260827_194835_582974_dirt_lane_change_acados_tmeasy/diag_dirt_lane_change_acados_tmeasy.csv,,,1247,0.10579771437133034,0.404275,0.0778924432132964,6.166394367497691,8.7347,0.6851549297219657,2.4733279871692058,4.130799999999999,140.1633924762974,84.803111,3.010154,0,chrono_body_contact,0,,,,,,,,0
mpc_tire_model_sweep,tmeasy,standard,tmeasy,tire_force_static,dirt,lane_change,9.0,8,100,/home/ksha/Documents/sbel/offroad-control/benchmarking/results/mpc_tire_model_sweep_20260827_162718/raw/0625_tmeasy_dirt_lane_change_v9_b8_s100,ok,0,19.486778736114502,15.0,0.99,/home/ksha/Documents/sbel/offroad-control/benchmarking/results/mpc_tire_model_sweep_20260827_162718/raw/0625_tmeasy_dirt_lane_change_v9_b8_s100/20260827_194854_998589_dirt_lane_change_acados_tmeasy/diag_dirt_lane_change_acados_tmeasy.csv,,,1248,0.10308669729575326,0.346346,0.07426657433056325,6.188777100646352,8.351759999999999,0.6876419000718168,2.408245192307692,3.9153,139.94722099071635,84.5558,2.997128,0,chrono_body_contact,0,,,,,,,,0
mpc_tire_model_sweep,tmeasy,standard,tmeasy,tire_force_static,dirt,lane_change,9.0,8,101,/home/ksha/Documents/sbel/offroad-control/benchmarking/results/mpc_tire_model_sweep_20260827_162718/raw/0626_tmeasy_dirt_lane_change_v9_b8_s101,ok,0,19.486346006393433,15.0,0.99,/home/ksha/Documents/sbel/offroad-control/benchmarking/results/mpc_tire_model_sweep_20260827_162718/raw/0626_tmeasy_dirt_lane_change_v9_b8_s101/20260827_194914_513389_dirt_lane_change_acados_tmeasy/diag_dirt_lane_change_acados_tmeasy.csv,,,1248,0.10487910749189908,0.370984,0.07614594459833796,6.19054349030471,8.37053,0.6878381655894121,2.3901282051282053,3.8005999999999993,135.8202836805446,84.768723,3.049656,0,chrono_body_contact,0,,,,,,,,0
mpc_tire_model_sweep,tmeasy,standard,tmeasy,tire_force_static,dirt,lane_change,9.0,8,102,/home/ksha/Documents/sbel/offroad-control/benchmarking/results/mpc_tire_model_sweep_20260827_162718/raw/0627_tmeasy_dirt_lane_change_v9_b8_s102,ok,0,19.4844708442688,15.0,0.99,/home/ksha/Documents/sbel/offroad-control/benchmarking/results/mpc_tire_model_sweep_20260827_162718/raw/0627_tmeasy_dirt_lane_change_v9_b8_s102/20260827_194934_011123_dirt_lane_change_acados_tmeasy/diag_dirt_lane_change_acados_tmeasy.csv,,,1248,0.10460692347220371,0.379226,0.07660483102493075,6.191342289935364,8.34477,0.6879269211039294,2.4121233974358973,3.92,141.5261776963605,84.63163,3.085541,0,chrono_body_contact,0,,,,,,,,0
mpc_tire_model_sweep,tmeasy,standard,tmeasy,tire_force_static,dirt,lane_change,9.0,8,103,/home/ksha/Documents/sbel/offroad-control/benchmarking/results/mpc_tire_model_sweep_20260827_162718/raw/0628_tmeasy_dirt_lane_change_v9_b8_s103,ok,0,19.443817615509033,15.0,0.99,/home/ksha/Documents/sbel/offroad-control/benchmarking/results/mpc_tire_model_sweep_20260827_162718/raw/0628_tmeasy_dirt_lane_change_v9_b8_s103/20260827_194953_518211_dirt_lane_change_acados_tmeasy/diag_dirt_lane_change_acados_tmeasy.csv,,,1248,0.11032632542561101,0.392417,0.08088628531855956,6.183294552169899,8.34271,0.6870327280188777,2.400496794871795,3.89,139.2985513006654,84.56485,3.069659,0,chrono_body_contact,0,,,,,,,,0
mpc_tire_model_sweep,tmeasy,standard,tmeasy,tire_force_static,dirt,lane_change,9.0,8,104,/home/ksha/Documents/sbel/offroad-control/benchmarking/results/mpc_tire_model_sweep_20260827_162718/raw/0629_tmeasy_dirt_lane_change_v9_b8_s104,ok,0,19.434861660003662,15.0,0.99,/home/ksha/Documents/sbel/offroad-control/benchmarking/results/mpc_tire_model_sweep_20260827_162718/raw/0629_tmeasy_dirt_lane_change_v9_b8_s104/20260827_195013_003439_dirt_lane_change_acados_tmeasy/diag_dirt_lane_change_acados_tmeasy.csv,,,1248,0.10994777410235218,0.431187,0.0798725623268698,6.184893905817175,8.35461,0.6872104339796861,2.415080128205128,3.8852999999999995,139.5134417677564,84.598269,2.959555,0,chrono_body_contact,0,,,,,,,,0
mpc_tire_model_sweep,tmeasy,standard,tmeasy,tire_force_static,dirt,right_left,5.0,0,100,/home/ksha/Documents/sbel/offroad-control/benchmarking/results/mpc_tire_model_sweep_20260827_162718/raw/0630_tmeasy_dirt_right_left_v5_b0_s100,ok,0,19.13280963897705,15.0,0.99,/home/ksha/Documents/sbel/offroad-control/benchmarking/results/mpc_tire_model_sweep_20260827_162718/raw/0630_tmeasy_dirt_right_left_v5_b0_s100/20260827_195032_447631_dirt_right_left_acados_tmeasy/diag_dirt_right_left_acados_tmeasy.csv,,,1248,0.8189587057939884,3.171889,0.4032889667590028,4.57554783010157,5.12859,0.915109566020314,3.3860576923076917,9.004199999999996,128.00422493436926,37.25898,-34.121019,0,chrono_body_contact,0,,,,,,,,0
mpc_tire_model_sweep,tmeasy,standard,tmeasy,tire_force_static,dirt,right_left,5.0,0,101,/home/ksha/Documents/sbel/offroad-control/benchmarking/results/mpc_tire_model_sweep_20260827_162718/raw/0631_tmeasy_dirt_right_left_v5_b0_s101,ok,0,19.13146686553955,15.0,0.99,/home/ksha/Documents/sbel/offroad-control/benchmarking/results/mpc_tire_model_sweep_20260827_162718/raw/0631_tmeasy_dirt_right_left_v5_b0_s101/20260827_195051_587105_dirt_right_left_acados_tmeasy/diag_dirt_right_left_acados_tmeasy.csv,,,1248,0.6740776003847938,2.548599,0.3535750517082179,4.515226592797784,5.02394,0.9030453185595568,3.3990625000000003,10.256499999999999,124.07739379109452,36.647271,-33.444804,0,chrono_body_contact,0,,,,,,,,0
mpc_tire_model_sweep,tmeasy,standard,tmeasy,tire_force_static,dirt,right_left,5.0,0,102,/home/ksha/Documents/sbel/offroad-control/benchmarking/results/mpc_tire_model_sweep_20260827_162718/raw/0632_tmeasy_dirt_right_left_v5_b0_s102,ok,0,19.13640832901001,15.0,0.99,/home/ksha/Documents/sbel/offroad-control/benchmarking/results/mpc_tire_model_sweep_20260827_162718/raw/0632_tmeasy_dirt_right_left_v5_b0_s102/20260827_195110_752509_dirt_right_left_acados_tmeasy/diag_dirt_right_left_acados_tmeasy.csv,,,1248,0.8909815354680026,3.344556,0.43881140166204985,4.632584025854109,5.223129999999999,0.9265168051708217,3.4705208333333335,9.577699999999997,129.5766852486455,37.697811,-34.250289,0,chrono_body_contact,0,,,,,,,,0
mpc_tire_model_sweep,tmeasy,standard,tmeasy,tire_force_static,dirt,right_left,5.0,0,103,/home/ksha/Documents/sbel/offroad-control/benchmarking/results/mpc_tire_model_sweep_20260827_162718/raw/0633_tmeasy_dirt_right_left_v5_b0_s103,ok,0,19.139338731765747,15.0,0.99,/home/ksha/Documents/sbel/offroad-control/benchmarking/results/mpc_tire_model_sweep_20260827_162718/raw/0633_tmeasy_dirt_right_left_v5_b0_s103/20260827_195129_904480_dirt_right_left_acados_tmeasy/diag_dirt_right_left_acados_tmeasy.csv,,,1248,0.7602339932594233,2.756359,0.39101098799630657,4.586959926131116,5.1182799999999995,0.9173919852262232,3.4221153846153847,9.658999999999992,127.7077794939879,37.602983,-33.711832,0,chrono_body_contact,0,,,,,,,,0
mpc_tire_model_sweep,tmeasy,standard,tmeasy,tire_force_static,dirt,right_left,5.0,0,104,/home/ksha/Documents/sbel/offroad-control/benchmarking/results/mpc_tire_model_sweep_20260827_162718/raw/0634_tmeasy_dirt_right_left_v5_b0_s104,ok,0,19.134021282196045,15.0,0.99,/home/ksha/Documents/sbel/offroad-control/benchmarking/results/mpc_tire_model_sweep_20260827_162718/raw/0634_tmeasy_dirt_right_left_v5_b0_s104/20260827_195149_070930_dirt_right_left_acados_tmeasy/diag_dirt_right_left_acados_tmeasy.csv,,,1248,0.8521739523635062,3.109831,0.42140936195752543,4.675550507848569,5.3326,0.9351101015697137,3.351875,9.178899999999997,128.96479150144796,39.071999,-34.089456,0,chrono_body_contact,0,,,,,,,,0
mpc_tire_model_sweep,tmeasy,standard,tmeasy,tire_force_static,dirt,right_left,5.0,4,100,/home/ksha/Documents/sbel/offroad-control/benchmarking/results/mpc_tire_model_sweep_20260827_162718/raw/0635_tmeasy_dirt_right_left_v5_b4_s100,ok,0,19.338576316833496,15.0,0.99,/home/ksha/Documents/sbel/offroad-control/benchmarking/results/mpc_tire_model_sweep_20260827_162718/raw/0635_tmeasy_dirt_right_left_v5_b4_s100/20260827_195208_212225_dirt_right_left_acados_tmeasy/diag_dirt_right_left_acados_tmeasy.csv,,,1248,0.8116181013024056,3.168725,0.40320026500461675,4.552084949215144,5.13341,0.9104169898430288,3.489158653846154,10.021199999999999,127.92472108050501,36.644355,-34.119356,0,chrono_body_contact,0,,,,,,,,0
mpc_tire_model_sweep,tmeasy,standard,tmeasy,tire_force_static,dirt,right_left,5.0,4,101,/home/ksha/Documents/sbel/offroad-control/benchmarking/results/mpc_tire_model_sweep_20260827_162718/raw/0636_tmeasy_dirt_right_left_v5_b4_s101,ok,0,19.33846378326416,15.0,0.99,/home/ksha/Documents/sbel/offroad-control/benchmarking/results/mpc_tire_model_sweep_20260827_162718/raw/0636_tmeasy_dirt_right_left_v5_b4_s101/20260827_195227_596753_dirt_right_left_acados_tmeasy/diag_dirt_right_left_acados_tmeasy.csv,,,1248,0.8749089556221864,3.38312,0.42609559464450597,4.599074976915974,5.21156,0.9198149953831948,3.4837339743589744,10.8806,124.60214526516042,37.598924,-34.279719,0,chrono_body_contact,0,,,,,,,,0
mpc_tire_model_sweep,tmeasy,standard,tmeasy,tire_force_static,dirt,right_left,5.0,4,102,/home/ksha/Documents/sbel/offroad-control/benchmarking/results/mpc_tire_model_sweep_20260827_162718/raw/0637_tmeasy_dirt_right_left_v5_b4_s102,ok,0,19.336510181427002,15.0,0.99,/home/ksha/Documents/sbel/offroad-control/benchmarking/results/mpc_tire_model_sweep_20260827_162718/raw/0637_tmeasy_dirt_right_left_v5_b4_s102/20260827_195246_938565_dirt_right_left_acados_tmeasy/diag_dirt_right_left_acados_tmeasy.csv,,,1248,0.4476974229207809,1.742762,0.259278916897507,4.460437119113574,4.95493,0.8920874238227148,3.328814102564103,9.887699999999997,128.64600294608712,36.738771,-32.643439,0,chrono_body_contact,0,,,,,,,,0
mpc_tire_model_sweep,tmeasy,standard,tmeasy,tire_force_static,dirt,right_left,5.0,4,103,/home/ksha/Documents/sbel/offroad-control/benchmarking/results/mpc_tire_model_sweep_20260827_162718/raw/0638_tmeasy_dirt_right_left_v5_b4_s103,ok,0,19.335683345794678,15.0,0.99,/home/ksha/Documents/sbel/offroad-control/benchmarking/results/mpc_tire_model_sweep_20260827_162718/raw/0638_tmeasy_dirt_right_left_v5_b4_s103/20260827_195306_283143_dirt_right_left_acados_tmeasy/diag_dirt_right_left_acados_tmeasy.csv,,,1248,0.8179874206761016,3.144326,0.40791351431209605,4.580664081255771,5.1761099999999995,0.9161328162511542,3.4638141025641027,9.9559,127.6701844256873,37.025627,-34.113593,0,chrono_body_contact,0,,,,,,,,0
mpc_tire_model_sweep,tmeasy,standard,tmeasy,tire_force_static,dirt,right_left,5.0,4,104,/home/ksha/Documents/sbel/offroad-control/benchmarking/results/mpc_tire_model_sweep_20260827_162718/raw/0639_tmeasy_dirt_right_left_v5_b4_s104,ok,0,19.335127115249634,15.0,0.99,/home/ksha/Documents/sbel/offroad-control/benchmarking/results/mpc_tire_model_sweep_20260827_162718/raw/0639_tmeasy_dirt_right_left_v5_b4_s104/20260827_195325_647652_dirt_right_left_acados_tmeasy/diag_dirt_right_left_acados_tmeasy.csv,,,1248,0.8453714687039854,3.273995,0.4096079519852262,4.596085595567867,5.229,0.9192171191135735,3.576394230769231,10.854799999999996,128.54141724021866,37.717279,-34.270447,0,chrono_body_contact,0,,,,,,,,0
mpc_tire_model_sweep,tmeasy,standard,tmeasy,tire_force_static,dirt,right_left,5.0,8,100,/home/ksha/Documents/sbel/offroad-control/benchmarking/results/mpc_tire_model_sweep_20260827_162718/raw/0640_tmeasy_dirt_right_left_v5_b8_s100,ok,0,19.436989545822144,15.0,0.99,/home/ksha/Documents/sbel/offroad-control/benchmarking/results/mpc_tire_model_sweep_20260827_162718/raw/0640_tmeasy_dirt_right_left_v5_b8_s100/20260827_195345_004543_dirt_right_left_acados_tmeasy/diag_dirt_right_left_acados_tmeasy.csv,,,1248,0.45290051181328644,1.94613,0.23507259833795016,4.425257433056324,5.01042,0.8850514866112649,3.0080208333333336,9.081899999999994,127.08964464403942,36.04447,-32.89538,0,chrono_body_contact,0,,,,,,,,0
mpc_tire_model_sweep,tmeasy,standard,tmeasy,tire_force_static,dirt,right_left,5.0,8,101,/home/ksha/Documents/sbel/offroad-control/benchmarking/results/mpc_tire_model_sweep_20260827_162718/raw/0641_tmeasy_dirt_right_left_v5_b8_s101,ok,0,19.43080973625183,15.0,0.99,/home/ksha/Documents/sbel/offroad-control/benchmarking/results/mpc_tire_model_sweep_20260827_162718/raw/0641_tmeasy_dirt_right_left_v5_b8_s101/20260827_195404_454663_dirt_right_left_acados_tmeasy/diag_dirt_right_left_acados_tmeasy.csv,,,1248,0.438916907219908,1.899737,0.23397902400738685,4.4356594644506,5.03058,0.88713189289012,2.936987179487179,8.626599999999994,123.54740231071032,36.60276,-32.79641,0,chrono_body_contact,0,,,,,,,,0
mpc_tire_model_sweep,tmeasy,standard,tmeasy,tire_force_static,dirt,right_left,5.0,8,102,/home/ksha/Documents/sbel/offroad-control/benchmarking/results/mpc_tire_model_sweep_20260827_162718/raw/0642_tmeasy_dirt_right_left_v5_b8_s102,ok,0,19.4336576461792,15.0,0.99,/home/ksha/Documents/sbel/offroad-control/benchmarking/results/mpc_tire_model_sweep_20260827_162718/raw/0642_tmeasy_dirt_right_left_v5_b8_s102/20260827_195423_906070_dirt_right_left_acados_tmeasy/diag_dirt_right_left_acados_tmeasy.csv,,,1247,0.44366148053088506,1.922708,0.22787726869806096,4.4298444136657436,5.11691,0.8859688827331487,3.224161988773055,9.638599999999997,128.32365544022883,36.424835,-32.830914,0,chrono_body_contact,0,,,,,,,,0
mpc_tire_model_sweep,tmeasy,standard,tmeasy,tire_force_static,dirt,right_left,5.0,8,103,/home/ksha/Documents/sbel/offroad-control/benchmarking/results/mpc_tire_model_sweep_20260827_162718/raw/0643_tmeasy_dirt_right_left_v5_b8_s103,ok,0,19.440382719039917,15.0,0.99,/home/ksha/Documents/sbel/offroad-control/benchmarking/results/mpc_tire_model_sweep_20260827_162718/raw/0643_tmeasy_dirt_right_left_v5_b8_s103/20260827_195443_363849_dirt_right_left_acados_tmeasy/diag_dirt_right_left_acados_tmeasy.csv,,,1247,0.4621642524793865,1.910377,0.24336470914127425,4.468763434903047,5.03939,0.8937526869806094,3.099550922213312,8.7508,126.867047247914,36.859355,-32.847091,0,chrono_body_contact,0,,,,,,,,0
mpc_tire_model_sweep,tmeasy,standard,tmeasy,tire_force_static,dirt,right_left,5.0,8,104,/home/ksha/Documents/sbel/offroad-control/benchmarking/results/mpc_tire_model_sweep_20260827_162718/raw/0644_tmeasy_dirt_right_left_v5_b8_s104,ok,0,19.48560929298401,15.0,0.99,/home/ksha/Documents/sbel/offroad-control/benchmarking/results/mpc_tire_model_sweep_20260827_162718/raw/0644_tmeasy_dirt_right_left_v5_b8_s104/20260827_195502_832097_dirt_right_left_acados_tmeasy/diag_dirt_right_left_acados_tmeasy.csv,,,1248,0.46470239262621127,1.939215,0.23898375715604797,4.453381717451524,5.103439999999999,0.8906763434903049,2.988317307692308,9.207099999999999,127.5997549634707,36.65401,-32.930062,0,chrono_body_contact,0,,,,,,,,0
mpc_tire_model_sweep,tmeasy,standard,tmeasy,tire_force_static,dirt,right_left,7.0,0,100,/home/ksha/Documents/sbel/offroad-control/benchmarking/results/mpc_tire_model_sweep_20260827_162718/raw/0645_tmeasy_dirt_right_left_v7_b0_s100,ok,0,19.127806186676025,15.0,0.99,/home/ksha/Documents/sbel/offroad-control/benchmarking/results/mpc_tire_model_sweep_20260827_162718/raw/0645_tmeasy_dirt_right_left_v7_b0_s100/20260827_195522_327383_dirt_right_left_acados_tmeasy/diag_dirt_right_left_acados_tmeasy.csv,,,1247,0.9882404749188127,3.152598,0.5436657091412742,4.556702770083103,5.63554,0.6509575385833004,4.5257658380112264,11.288599999999997,128.43560470133758,36.425922,-34.091475,0,chrono_body_contact,0,,,,,,,,0
mpc_tire_model_sweep,tmeasy,standard,tmeasy,tire_force_static,dirt,right_left,7.0,0,101,/home/ksha/Documents/sbel/offroad-control/benchmarking/results/mpc_tire_model_sweep_20260827_162718/raw/0646_tmeasy_dirt_right_left_v7_b0_s101,ok,0,19.132209300994873,15.0,0.99,/home/ksha/Documents/sbel/offroad-control/benchmarking/results/mpc_tire_model_sweep_20260827_162718/raw/0646_tmeasy_dirt_right_left_v7_b0_s101/20260827_195541_472102_dirt_right_left_acados_tmeasy/diag_dirt_right_left_acados_tmeasy.csv,,,1248,1.6849016972566757,4.788864,0.8803034385964913,4.8809314866112645,5.6663499999999996,0.697275926658752,4.461386217948718,11.2353,126.2903370652383,39.374467,-35.613367,0,chrono_body_contact,0,,,,,,,,0
mpc_tire_model_sweep,tmeasy,standard,tmeasy,tire_force_static,dirt,right_left,7.0,0,102,/home/ksha/Documents/sbel/offroad-control/benchmarking/results/mpc_tire_model_sweep_20260827_162718/raw/0647_tmeasy_dirt_right_left_v7_b0_s102,ok,0,19.177361249923706,15.0,0.99,/home/ksha/Documents/sbel/offroad-control/benchmarking/results/mpc_tire_model_sweep_20260827_162718/raw/0647_tmeasy_dirt_right_left_v7_b0_s102/20260827_195600_627369_dirt_right_left_acados_tmeasy/diag_dirt_right_left_acados_tmeasy.csv,,,1248,1.3727082726877244,3.726436,0.7241991809787626,4.883812373037857,5.69572,0.697687481862551,4.406730769230769,11.257699999999998,131.2830711740507,40.991892,-34.434499,0,chrono_body_contact,0,,,,,,,,0
mpc_tire_model_sweep,tmeasy,standard,tmeasy,tire_force_static,dirt,right_left,7.0,0,103,/home/ksha/Documents/sbel/offroad-control/benchmarking/results/mpc_tire_model_sweep_20260827_162718/raw/0648_tmeasy_dirt_right_left_v7_b0_s103,ok,0,19.13756012916565,15.0,0.99,/home/ksha/Documents/sbel/offroad-control/benchmarking/results/mpc_tire_model_sweep_20260827_162718/raw/0648_tmeasy_dirt_right_left_v7_b0_s103/20260827_195619_817450_dirt_right_left_acados_tmeasy/diag_dirt_right_left_acados_tmeasy.csv,,,1248,1.3364064305118781,3.741542,0.729574807017544,4.865956140350877,5.659579999999999,0.6951365914786968,4.522732371794873,11.251199999999999,129.52545534571846,40.121873,-34.477543,0,chrono_body_contact,0,,,,,,,,0
mpc_tire_model_sweep,tmeasy,standard,tmeasy,tire_force_static,dirt,right_left,7.0,0,104,/home/ksha/Documents/sbel/offroad-control/benchmarking/results/mpc_tire_model_sweep_20260827_162718/raw/0649_tmeasy_dirt_right_left_v7_b0_s104,ok,0,19.130600452423096,15.0,0.99,/home/ksha/Documents/sbel/offroad-control/benchmarking/results/mpc_tire_model_sweep_20260827_162718/raw/0649_tmeasy_dirt_right_left_v7_b0_s104/20260827_195638_993058_dirt_right_left_acados_tmeasy/diag_dirt_right_left_acados_tmeasy.csv,,,1247,1.5009347993391933,4.159965,0.7802192640812559,4.905658541089566,5.63962,0.7008083630127951,4.246816359262229,10.567199999999994,130.56082786489532,41.053523,-34.80642,0,chrono_body_contact,0,,,,,,,,0
mpc_tire_model_sweep,tmeasy,standard,tmeasy,tire_force_static,dirt,right_left,7.0,4,100,/home/ksha/Documents/sbel/offroad-control/benchmarking/results/mpc_tire_model_sweep_20260827_162718/raw/0650_tmeasy_dirt_right_left_v7_b4_s100,ok,0,19.331098079681396,15.0,0.99,/home/ksha/Documents/sbel/offroad-control/benchmarking/results/mpc_tire_model_sweep_20260827_162718/raw/0650_tmeasy_dirt_right_left_v7_b4_s100/20260827_195658_133099_dirt_right_left_acados_tmeasy/diag_dirt_right_left_acados_tmeasy.csv,,,1247,1.3270617450496769,3.690042,0.6971595623268698,4.79220055401662,5.4938899999999995,0.6846000791452315,4.529286287089013,11.463199999999997,129.45358001931294,39.261244,-34.567979,0,chrono_body_contact,0,,,,,,,,0
mpc_tire_model_sweep,tmeasy,standard,tmeasy,tire_force_static,dirt,right_left,7.0,4,101,/home/ksha/Documents/sbel/offroad-control/benchmarking/results/mpc_tire_model_sweep_20260827_162718/raw/0651_tmeasy_dirt_right_left_v7_b4_s101,ok,0,19.334911823272705,15.0,0.99,/home/ksha/Documents/sbel/offroad-control/benchmarking/results/mpc_tire_model_sweep_20260827_162718/raw/0651_tmeasy_dirt_right_left_v7_b4_s101/20260827_195717_494804_dirt_right_left_acados_tmeasy/diag_dirt_right_left_acados_tmeasy.csv,,,1248,1.3121487302314678,3.83208,0.6909050175438596,4.773117820867959,5.53809,0.6818739744097085,4.399783653846154,11.244199999999996,125.70235079404603,39.01855,-34.688038,0,chrono_body_contact,0,,,,,,,,0
mpc_tire_model_sweep,tmeasy,standard,tmeasy,tire_force_static,dirt,right_left,7.0,4,102,/home/ksha/Documents/sbel/offroad-control/benchmarking/results/mpc_tire_model_sweep_20260827_162718/raw/0652_tmeasy_dirt_right_left_v7_b4_s102,ok,0,19.332839012145996,15.0,0.99,/home/ksha/Documents/sbel/offroad-control/benchmarking/results/mpc_tire_model_sweep_20260827_162718/raw/0652_tmeasy_dirt_right_left_v7_b4_s102/20260827_195736_840907_dirt_right_left_acados_tmeasy/diag_dirt_right_left_acados_tmeasy.csv,,,1248,1.4790735723800126,4.06129,0.7685830110803324,4.932056140350876,5.64863,0.7045794486215537,4.38522435897436,11.216499999999998,131.5181981603895,41.516089,-34.700514,0,chrono_body_contact,0,,,,,,,,0
mpc_tire_model_sweep,tmeasy,standard,tmeasy,tire_force_static,dirt,right_left,7.0,4,103,/home/ksha/Documents/sbel/offroad-control/benchmarking/results/mpc_tire_model_sweep_20260827_162718/raw/0653_tmeasy_dirt_right_left_v7_b4_s103,ok,0,19.33724808692932,15.0,0.99,/home/ksha/Documents/sbel/offroad-control/benchmarking/results/mpc_tire_model_sweep_20260827_162718/raw/0653_tmeasy_dirt_right_left_v7_b4_s103/20260827_195756_220617_dirt_right_left_acados_tmeasy/diag_dirt_right_left_acados_tmeasy.csv,,,1248,1.5535588847204886,4.645771,0.7944214995383193,4.821769252077562,5.42657,0.6888241788682231,4.634919871794871,12.141199999999998,129.19045029134261,38.662792,-35.484405,0,chrono_body_contact,0,,,,,,,,0
mpc_tire_model_sweep,tmeasy,standard,tmeasy,tire_force_static,dirt,right_left,7.0,4,104,/home/ksha/Documents/sbel/offroad-control/benchmarking/results/mpc_tire_model_sweep_20260827_162718/raw/0654_tmeasy_dirt_right_left_v7_b4_s104,ok,0,19.337740898132324,15.0,0.99,/home/ksha/Documents/sbel/offroad-control/benchmarking/results/mpc_tire_model_sweep_20260827_162718/raw/0654_tmeasy_dirt_right_left_v7_b4_s104/20260827_195815_551068_dirt_right_left_acados_tmeasy/diag_dirt_right_left_acados_tmeasy.csv,,,1248,1.406381850115559,3.974145,0.738745132963989,4.881973868882733,5.66013,0.697424838411819,4.650889423076923,11.302399999999997,130.519285937099,40.865784,-34.631255,0,chrono_body_contact,0,,,,,,,,0
mpc_tire_model_sweep,tmeasy,standard,tmeasy,tire_force_static,dirt,right_left,7.0,8,100,/home/ksha/Documents/sbel/offroad-control/benchmarking/results/mpc_tire_model_sweep_20260827_162718/raw/0655_tmeasy_dirt_right_left_v7_b8_s100,ok,0,19.436320781707764,15.0,0.99,/home/ksha/Documents/sbel/offroad-control/benchmarking/results/mpc_tire_model_sweep_20260827_162718/raw/0655_tmeasy_dirt_right_left_v7_b8_s100/20260827_195834_916483_dirt_right_left_acados_tmeasy/diag_dirt_right_left_acados_tmeasy.csv,,,1248,1.4242191793507932,3.971052,0.7212254644506002,4.9247629732225295,5.56717,0.7035375676032185,4.2522035256410255,10.980599999999999,130.12480100538264,41.259979,-34.781499,0,chrono_body_contact,0,,,,,,,,0
mpc_tire_model_sweep,tmeasy,standard,tmeasy,tire_force_static,dirt,right_left,7.0,8,101,/home/ksha/Documents/sbel/offroad-control/benchmarking/results/mpc_tire_model_sweep_20260827_162718/raw/0656_tmeasy_dirt_right_left_v7_b8_s101,ok,0,19.435166358947754,15.0,0.99,/home/ksha/Documents/sbel/offroad-control/benchmarking/results/mpc_tire_model_sweep_20260827_162718/raw/0656_tmeasy_dirt_right_left_v7_b8_s101/20260827_195854_379023_dirt_right_left_acados_tmeasy/diag_dirt_right_left_acados_tmeasy.csv,,,1248,1.3451563846857661,3.755536,0.6940256251154201,4.856907756232687,5.545,0.6938439651760981,4.074623397435897,10.941799999999999,125.92986753722658,40.036641,-34.591295,0,chrono_body_contact,0,,,,,,,,0
mpc_tire_model_sweep,tmeasy,standard,tmeasy,tire_force_static,dirt,right_left,7.0,8,102,/home/ksha/Documents/sbel/offroad-control/benchmarking/results/mpc_tire_model_sweep_20260827_162718/raw/0657_tmeasy_dirt_right_left_v7_b8_s102,ok,0,19.43784499168396,15.0,0.99,/home/ksha/Documents/sbel/offroad-control/benchmarking/results/mpc_tire_model_sweep_20260827_162718/raw/0657_tmeasy_dirt_right_left_v7_b8_s102/20260827_195913_820022_dirt_right_left_acados_tmeasy/diag_dirt_right_left_acados_tmeasy.csv,,,1248,1.220428940138859,3.542359,0.6303179012003695,4.868955863342567,5.593939999999999,0.6955651233346524,4.094703525641025,11.539499999999997,130.96664241905125,40.670803,-34.386451,0,chrono_body_contact,0,,,,,,,,0
mpc_tire_model_sweep,tmeasy,standard,tmeasy,tire_force_static,dirt,right_left,7.0,8,103,/home/ksha/Documents/sbel/offroad-control/benchmarking/results/mpc_tire_model_sweep_20260827_162718/raw/0658_tmeasy_dirt_right_left_v7_b8_s103,ok,0,19.43857479095459,15.0,0.99,/home/ksha/Documents/sbel/offroad-control/benchmarking/results/mpc_tire_model_sweep_20260827_162718/raw/0658_tmeasy_dirt_right_left_v7_b8_s103/20260827_195933_288959_dirt_right_left_acados_tmeasy/diag_dirt_right_left_acados_tmeasy.csv,,,1247,1.3961972581154782,3.825603,0.7269233444136657,4.900087349953831,5.5971,0.7000124785648331,4.446672012830794,11.334799999999996,129.51022135027924,40.831467,-34.56818,0,chrono_body_contact,0,,,,,,,,0
mpc_tire_model_sweep,tmeasy,standard,tmeasy,tire_force_static,dirt,right_left,7.0,8,104,/home/ksha/Documents/sbel/offroad-control/benchmarking/results/mpc_tire_model_sweep_20260827_162718/raw/0659_tmeasy_dirt_right_left_v7_b8_s104,ok,0,19.43632483482361,15.0,0.99,/home/ksha/Documents/sbel/offroad-control/benchmarking/results/mpc_tire_model_sweep_20260827_162718/raw/0659_tmeasy_dirt_right_left_v7_b8_s104/20260827_195952_749176_dirt_right_left_acados_tmeasy/diag_dirt_right_left_acados_tmeasy.csv,,,1248,1.32004698097516,3.749715,0.6905752520775622,4.842106925207756,5.480409999999999,0.6917295607439652,4.4621875,11.4253,130.17129364222203,39.743297,-34.574361,0,chrono_body_contact,0,,,,,,,,0
mpc_tire_model_sweep,tmeasy,standard,tmeasy,tire_force_static,dirt,right_left,9.0,0,100,/home/ksha/Documents/sbel/offroad-control/benchmarking/results/mpc_tire_model_sweep_20260827_162718/raw/0660_tmeasy_dirt_right_left_v9_b0_s100,ok,0,19.13620090484619,15.0,0.99,/home/ksha/Documents/sbel/offroad-control/benchmarking/results/mpc_tire_model_sweep_20260827_162718/raw/0660_tmeasy_dirt_right_left_v9_b0_s100/20260827_200012_197696_dirt_right_left_acados_tmeasy/diag_dirt_right_left_acados_tmeasy.csv,,,1248,1.5817277217584125,4.223992,0.8216880000000001,4.97615512465374,5.6808,0.5529061249615267,4.515016025641025,11.297699999999997,130.5047428623712,42.202865,-34.815847,0,chrono_body_contact,0,,,,,,,,0
mpc_tire_model_sweep,tmeasy,standard,tmeasy,tire_force_static,dirt,right_left,9.0,0,101,/home/ksha/Documents/sbel/offroad-control/benchmarking/results/mpc_tire_model_sweep_20260827_162718/raw/0661_tmeasy_dirt_right_left_v9_b0_s101,ok,0,19.133519172668457,15.0,0.99,/home/ksha/Documents/sbel/offroad-control/benchmarking/results/mpc_tire_model_sweep_20260827_162718/raw/0661_tmeasy_dirt_right_left_v9_b0_s101/20260827_200031_360366_dirt_right_left_acados_tmeasy/diag_dirt_right_left_acados_tmeasy.csv,,,1248,1.0941724356232443,3.398025,0.6284354127423822,4.7365325946445065,5.69159,0.5262813994049451,4.810016025641025,11.995899999999999,125.71193088496668,38.974001,-34.264959,0,chrono_body_contact,0,,,,,,,,0
mpc_tire_model_sweep,tmeasy,standard,tmeasy,tire_force_static,dirt,right_left,9.0,0,102,/home/ksha/Documents/sbel/offroad-control/benchmarking/results/mpc_tire_model_sweep_20260827_162718/raw/0662_tmeasy_dirt_right_left_v9_b0_s102,ok,0,19.135170221328735,15.0,0.99,/home/ksha/Documents/sbel/offroad-control/benchmarking/results/mpc_tire_model_sweep_20260827_162718/raw/0662_tmeasy_dirt_right_left_v9_b0_s102/20260827_200050_517174_dirt_right_left_acados_tmeasy/diag_dirt_right_left_acados_tmeasy.csv,,,1248,1.2746898406303393,3.52556,0.6808976380424746,4.910845706371192,5.728529999999999,0.5456495229301325,4.5675240384615385,11.76489999999999,131.4734377771516,41.706594,-34.098022,0,chrono_body_contact,0,,,,,,,,0
mpc_tire_model_sweep,tmeasy,standard,tmeasy,tire_force_static,dirt,right_left,9.0,0,103,/home/ksha/Documents/sbel/offroad-control/benchmarking/results/mpc_tire_model_sweep_20260827_162718/raw/0663_tmeasy_dirt_right_left_v9_b0_s103,ok,0,19.13783550262451,15.0,0.99,/home/ksha/Documents/sbel/offroad-control/benchmarking/results/mpc_tire_model_sweep_20260827_162718/raw/0663_tmeasy_dirt_right_left_v9_b0_s103/20260827_200109_665477_dirt_right_left_acados_tmeasy/diag_dirt_right_left_acados_tmeasy.csv,,,1248,1.3118880720719797,3.513756,0.699265838411819,4.8503939058171746,5.63036,0.5389326562019083,4.211826923076924,10.968899999999996,129.45425742122157,40.917262,-34.042814,0,chrono_body_contact,0,,,,,,,,0
mpc_tire_model_sweep,tmeasy,standard,tmeasy,tire_force_static,dirt,right_left,9.0,0,104,/home/ksha/Documents/sbel/offroad-control/benchmarking/results/mpc_tire_model_sweep_20260827_162718/raw/0664_tmeasy_dirt_right_left_v9_b0_s104,ok,0,19.137608766555786,15.0,0.99,/home/ksha/Documents/sbel/offroad-control/benchmarking/results/mpc_tire_model_sweep_20260827_162718/raw/0664_tmeasy_dirt_right_left_v9_b0_s104/20260827_200128_823166_dirt_right_left_acados_tmeasy/diag_dirt_right_left_acados_tmeasy.csv,,,1248,1.5753666637562984,4.403366,0.8261003822714681,4.964706371191136,5.66138,0.5516340412434596,4.452580128205128,11.485899999999999,130.9945134498755,41.643922,-35.062044,0,chrono_body_contact,0,,,,,,,,0
mpc_tire_model_sweep,tmeasy,standard,tmeasy,tire_force_static,dirt,right_left,9.0,4,100,/home/ksha/Documents/sbel/offroad-control/benchmarking/results/mpc_tire_model_sweep_20260827_162718/raw/0665_tmeasy_dirt_right_left_v9_b4_s100,ok,0,19.333305835723877,15.0,0.99,/home/ksha/Documents/sbel/offroad-control/benchmarking/results/mpc_tire_model_sweep_20260827_162718/raw/0665_tmeasy_dirt_right_left_v9_b4_s100/20260827_200147_975516_dirt_right_left_acados_tmeasy/diag_dirt_right_left_acados_tmeasy.csv,,,1248,1.4632038342679647,4.121515,0.7641893767313018,4.915788734995383,5.6579,0.5461987483328203,4.707564102564103,12.415399999999995,130.17143969325986,41.374064,-34.851649,0,chrono_body_contact,0,,,,,,,,0
mpc_tire_model_sweep,tmeasy,standard,tmeasy,tire_force_static,dirt,right_left,9.0,4,101,/home/ksha/Documents/sbel/offroad-control/benchmarking/results/mpc_tire_model_sweep_20260827_162718/raw/0666_tmeasy_dirt_right_left_v9_b4_s101,ok,0,19.33786153793335,15.0,0.99,/home/ksha/Documents/sbel/offroad-control/benchmarking/results/mpc_tire_model_sweep_20260827_162718/raw/0666_tmeasy_dirt_right_left_v9_b4_s101/20260827_200207_348695_dirt_right_left_acados_tmeasy/diag_dirt_right_left_acados_tmeasy.csv,,,1248,1.299381012083957,3.576137,0.685400273314866,4.8271297322253,5.59153,0.5363477480250334,4.655817307692308,12.05,125.94362777657135,40.713639,-34.276835,0,chrono_body_contact,0,,,,,,,,0
mpc_tire_model_sweep,tmeasy,standard,tmeasy,tire_force_static,dirt,right_left,9.0,4,102,/home/ksha/Documents/sbel/offroad-control/benchmarking/results/mpc_tire_model_sweep_20260827_162718/raw/0667_tmeasy_dirt_right_left_v9_b4_s102,ok,0,19.33812189102173,15.0,0.99,/home/ksha/Documents/sbel/offroad-control/benchmarking/results/mpc_tire_model_sweep_20260827_162718/raw/0667_tmeasy_dirt_right_left_v9_b4_s102/20260827_200226_713648_dirt_right_left_acados_tmeasy/diag_dirt_right_left_acados_tmeasy.csv,,,1247,1.2867585838829996,3.577761,0.667194617728532,4.9159257617728525,5.60683,0.546213973530317,4.399037690457098,10.607,131.4229715466911,42.211272,-34.207948,0,chrono_body_contact,0,,,,,,,,0
mpc_tire_model_sweep,tmeasy,standard,tmeasy,tire_force_static,dirt,right_left,9.0,4,103,/home/ksha/Documents/sbel/offroad-control/benchmarking/results/mpc_tire_model_sweep_20260827_162718/raw/0668_tmeasy_dirt_right_left_v9_b4_s103,ok,0,19.338456869125366,15.0,0.99,/home/ksha/Documents/sbel/offroad-control/benchmarking/results/mpc_tire_model_sweep_20260827_162718/raw/0668_tmeasy_dirt_right_left_v9_b4_s103/20260827_200246_046744_dirt_right_left_acados_tmeasy/diag_dirt_right_left_acados_tmeasy.csv,,,1248,1.4329167834205236,4.010141,0.7555283084025853,4.936139427516159,5.6265,0.5484599363906844,4.436402243589744,11.5506,129.97579302588042,41.828273,-34.687373,0,chrono_body_contact,0,,,,,,,,0
mpc_tire_model_sweep,tmeasy,standard,tmeasy,tire_force_static,dirt,right_left,9.0,4,104,/home/ksha/Documents/sbel/offroad-control/benchmarking/results/mpc_tire_model_sweep_20260827_162718/raw/0669_tmeasy_dirt_right_left_v9_b4_s104,ok,0,19.338431119918823,15.0,0.99,/home/ksha/Documents/sbel/offroad-control/benchmarking/results/mpc_tire_model_sweep_20260827_162718/raw/0669_tmeasy_dirt_right_left_v9_b4_s104/20260827_200305_401833_dirt_right_left_acados_tmeasy/diag_dirt_right_left_acados_tmeasy.csv,,,1247,1.059420988275894,3.142682,0.6075477451523545,4.7273121883656515,5.733789999999999,0.5252569098184057,4.393255813953488,10.710799999999999,129.92938968655685,39.779719,-33.936761,0,chrono_body_contact,0,,,,,,,,0
mpc_tire_model_sweep,tmeasy,standard,tmeasy,tire_force_static,dirt,right_left,9.0,8,100,/home/ksha/Documents/sbel/offroad-control/benchmarking/results/mpc_tire_model_sweep_20260827_162718/raw/0670_tmeasy_dirt_right_left_v9_b8_s100,ok,0,19.4802827835083,15.0,0.99,/home/ksha/Documents/sbel/offroad-control/benchmarking/results/mpc_tire_model_sweep_20260827_162718/raw/0670_tmeasy_dirt_right_left_v9_b8_s100/20260827_200324_776030_dirt_right_left_acados_tmeasy/diag_dirt_right_left_acados_tmeasy.csv,,,1248,1.4594084738671773,3.991699,0.7368706657433056,4.9074688827331485,5.56624,0.5452743203036832,4.540152243589743,11.591199999999999,130.06530656087259,41.20929,-34.766479,0,chrono_body_contact,0,,,,,,,,0
mpc_tire_model_sweep,tmeasy,standard,tmeasy,tire_force_static,dirt,right_left,9.0,8,101,/home/ksha/Documents/sbel/offroad-control/benchmarking/results/mpc_tire_model_sweep_20260827_162718/raw/0671_tmeasy_dirt_right_left_v9_b8_s101,ok,0,19.430448293685913,15.0,0.99,/home/ksha/Documents/sbel/offroad-control/benchmarking/results/mpc_tire_model_sweep_20260827_162718/raw/0671_tmeasy_dirt_right_left_v9_b8_s101/20260827_200344_271418_dirt_right_left_acados_tmeasy/diag_dirt_right_left_acados_tmeasy.csv,,,1248,1.3993732207781129,3.901831,0.7242872216066482,4.9267676823638045,5.556299999999999,0.547418631373756,4.4261698717948725,11.281799999999999,126.44743538467189,41.260723,-34.661589,0,chrono_body_contact,0,,,,,,,,0
mpc_tire_model_sweep,tmeasy,standard,tmeasy,tire_force_static,dirt,right_left,9.0,8,102,/home/ksha/Documents/sbel/offroad-control/benchmarking/results/mpc_tire_model_sweep_20260827_162718/raw/0672_tmeasy_dirt_right_left_v9_b8_s102,ok,0,19.439571142196655,15.0,0.99,/home/ksha/Documents/sbel/offroad-control/benchmarking/results/mpc_tire_model_sweep_20260827_162718/raw/0672_tmeasy_dirt_right_left_v9_b8_s102/20260827_200403_728057_dirt_right_left_acados_tmeasy/diag_dirt_right_left_acados_tmeasy.csv,,,1248,1.3908797613504513,3.847539,0.7286704570637118,4.924786611265004,5.64415,0.5471985123627783,4.518076923076923,11.7671,131.387341794733,41.148725,-34.556843,0,chrono_body_contact,0,,,,,,,,0
mpc_tire_model_sweep,tmeasy,standard,tmeasy,tire_force_static,dirt,right_left,9.0,8,103,/home/ksha/Documents/sbel/offroad-control/benchmarking/results/mpc_tire_model_sweep_20260827_162718/raw/0673_tmeasy_dirt_right_left_v9_b8_s103,ok,0,19.432914972305298,15.0,0.99,/home/ksha/Documents/sbel/offroad-control/benchmarking/results/mpc_tire_model_sweep_20260827_162718/raw/0673_tmeasy_dirt_right_left_v9_b8_s103/20260827_200423_180877_dirt_right_left_acados_tmeasy/diag_dirt_right_left_acados_tmeasy.csv,,,1248,1.5648169474256817,4.225625,0.8069886398891967,4.985728254847645,5.7057199999999995,0.5539698060941828,4.52582532051282,11.587099999999998,130.16134821652844,42.059248,-34.789723,0,chrono_body_contact,0,,,,,,,,0
mpc_tire_model_sweep,tmeasy,standard,tmeasy,tire_force_static,dirt,right_left,9.0,8,104,/home/ksha/Documents/sbel/offroad-control/benchmarking/results/mpc_tire_model_sweep_20260827_162718/raw/0674_tmeasy_dirt_right_left_v9_b8_s104,ok,0,19.484135150909424,15.0,0.99,/home/ksha/Documents/sbel/offroad-control/benchmarking/results/mpc_tire_model_sweep_20260827_162718/raw/0674_tmeasy_dirt_right_left_v9_b8_s104/20260827_200442_644346_dirt_right_left_acados_tmeasy/diag_dirt_right_left_acados_tmeasy.csv,,,1248,1.41610898098356,3.928306,0.7423313887349954,4.941033702677747,5.62278,0.5490037447419719,4.491754807692308,12.000699999999995,130.78751958838308,41.493084,-34.59664,0,chrono_body_contact,0,,,,,,,,0
mpc_tire_model_sweep,tmeasy,standard,tmeasy,tire_force_static,sand,sinusoidal,5.0,0,100,/home/ksha/Documents/sbel/offroad-control/benchmarking/results/mpc_tire_model_sweep_20260827_162718/raw/0675_tmeasy_sand_sinusoidal_v5_b0_s100,ok,0,19.141108751296997,15.0,0.99,/home/ksha/Documents/sbel/offroad-control/benchmarking/results/mpc_tire_model_sweep_20260827_162718/raw/0675_tmeasy_sand_sinusoidal_v5_b0_s100/20260827_200502_148582_sand_sinusoidal_acados_tmeasy/diag_sand_sinusoidal_acados_tmeasy.csv,,,1248,0.0933326218764501,0.322349,0.07324888457987073,3.1725816251154204,5.16079,0.6345163250230841,1.9799278846153845,3.3664999999999985,121.75374238150775,41.819911,2.025742,0,chrono_body_contact,0,,,,,,,,0
mpc_tire_model_sweep,tmeasy,standard,tmeasy,tire_force_static,sand,sinusoidal,5.0,0,101,/home/ksha/Documents/sbel/offroad-control/benchmarking/results/mpc_tire_model_sweep_20260827_162718/raw/0676_tmeasy_sand_sinusoidal_v5_b0_s101,ok,0,19.134533405303955,15.0,0.99,/home/ksha/Documents/sbel/offroad-control/benchmarking/results/mpc_tire_model_sweep_20260827_162718/raw/0676_tmeasy_sand_sinusoidal_v5_b0_s101/20260827_200521_298129_sand_sinusoidal_acados_tmeasy/diag_sand_sinusoidal_acados_tmeasy.csv,,,1248,0.09322765017599138,0.278084,0.07573872206832871,3.453515050784857,5.115670000000001,0.6907030101569714,2.0178685897435895,3.3405999999999993,118.9145093049011,45.716212,1.792092,0,chrono_body_contact,0,,,,,,,,0
mpc_tire_model_sweep,tmeasy,standard,tmeasy,tire_force_static,sand,sinusoidal,5.0,0,102,/home/ksha/Documents/sbel/offroad-control/benchmarking/results/mpc_tire_model_sweep_20260827_162718/raw/0677_tmeasy_sand_sinusoidal_v5_b0_s102,ok,0,19.18267273902893,15.0,0.99,/home/ksha/Documents/sbel/offroad-control/benchmarking/results/mpc_tire_model_sweep_20260827_162718/raw/0677_tmeasy_sand_sinusoidal_v5_b0_s102/20260827_200540_479631_sand_sinusoidal_acados_tmeasy/diag_sand_sinusoidal_acados_tmeasy.csv,,,1248,0.10492816331855062,0.311409,0.08565551338873498,3.6647749769159748,5.12049,0.732954995383195,2.0982371794871795,3.4353,124.63075400948658,48.252281,0.900655,0,chrono_body_contact,0,,,,,,,,0
mpc_tire_model_sweep,tmeasy,standard,tmeasy,tire_force_static,sand,sinusoidal,5.0,0,103,/home/ksha/Documents/sbel/offroad-control/benchmarking/results/mpc_tire_model_sweep_20260827_162718/raw/0678_tmeasy_sand_sinusoidal_v5_b0_s103,ok,0,19.1379873752594,15.0,0.99,/home/ksha/Documents/sbel/offroad-control/benchmarking/results/mpc_tire_model_sweep_20260827_162718/raw/0678_tmeasy_sand_sinusoidal_v5_b0_s103/20260827_200559_662245_sand_sinusoidal_acados_tmeasy/diag_sand_sinusoidal_acados_tmeasy.csv,,,1248,0.10572403797815898,0.33526,0.08269377377654663,3.5097161588180983,5.146859999999998,0.7019432317636196,2.5584615384615383,3.9753,122.33587319629298,46.41334,1.600656,0,chrono_body_contact,0,,,,,,,,0
mpc_tire_model_sweep,tmeasy,standard,tmeasy,tire_force_static,sand,sinusoidal,5.0,0,104,/home/ksha/Documents/sbel/offroad-control/benchmarking/results/mpc_tire_model_sweep_20260827_162718/raw/0679_tmeasy_sand_sinusoidal_v5_b0_s104,ok,0,19.141746520996094,15.0,0.99,/home/ksha/Documents/sbel/offroad-control/benchmarking/results/mpc_tire_model_sweep_20260827_162718/raw/0679_tmeasy_sand_sinusoidal_v5_b0_s104/20260827_200618_809542_sand_sinusoidal_acados_tmeasy/diag_sand_sinusoidal_acados_tmeasy.csv,,,1248,0.10102000415259269,0.397734,0.07859751431209605,3.4522441366574332,5.10748,0.6904488273314866,2.046017628205128,3.3405999999999993,122.43224647210982,45.625295,1.741029,0,chrono_body_contact,0,,,,,,,,0
mpc_tire_model_sweep,tmeasy,standard,tmeasy,tire_force_static,sand,sinusoidal,5.0,4,100,/home/ksha/Documents/sbel/offroad-control/benchmarking/results/mpc_tire_model_sweep_20260827_162718/raw/0680_tmeasy_sand_sinusoidal_v5_b4_s100,ok,0,19.376030445098877,15.0,0.99,/home/ksha/Documents/sbel/offroad-control/benchmarking/results/mpc_tire_model_sweep_20260827_162718/raw/0680_tmeasy_sand_sinusoidal_v5_b4_s100/20260827_200637_980553_sand_sinusoidal_acados_tmeasy/diag_sand_sinusoidal_acados_tmeasy.csv,,,1248,0.10155355581393186,0.33572,0.08272498891966759,3.6855327793167127,5.20381,0.7371065558633425,2.0481169871794873,3.345899999999999,123.7986385315316,48.568244,0.662965,0,chrono_body_contact,0,,,,,,,,0
mpc_tire_model_sweep,tmeasy,standard,tmeasy,tire_force_static,sand,sinusoidal,5.0,4,101,/home/ksha/Documents/sbel/offroad-control/benchmarking/results/mpc_tire_model_sweep_20260827_162718/raw/0681_tmeasy_sand_sinusoidal_v5_b4_s101,ok,0,19.3405544757843,15.0,0.99,/home/ksha/Documents/sbel/offroad-control/benchmarking/results/mpc_tire_model_sweep_20260827_162718/raw/0681_tmeasy_sand_sinusoidal_v5_b4_s101/20260827_200657_363957_sand_sinusoidal_acados_tmeasy/diag_sand_sinusoidal_acados_tmeasy.csv,,,1248,0.10275259066536091,0.377656,0.08045457617728533,3.4021175438596494,5.10908,0.6804235087719299,2.007267628205128,3.155899999999999,118.67690150812867,45.073032,1.943971,0,chrono_body_contact,0,,,,,,,,0
mpc_tire_model_sweep,tmeasy,standard,tmeasy,tire_force_static,sand,sinusoidal,5.0,4,102,/home/ksha/Documents/sbel/offroad-control/benchmarking/results/mpc_tire_model_sweep_20260827_162718/raw/0682_tmeasy_sand_sinusoidal_v5_b4_s102,ok,0,19.34349298477173,15.0,0.99,/home/ksha/Documents/sbel/offroad-control/benchmarking/results/mpc_tire_model_sweep_20260827_162718/raw/0682_tmeasy_sand_sinusoidal_v5_b4_s102/20260827_200716_729561_sand_sinusoidal_acados_tmeasy/diag_sand_sinusoidal_acados_tmeasy.csv,,,1248,0.10133011137442453,0.301336,0.08247695752539241,3.608401477377655,5.1071599999999995,0.721680295475531,2.082371794871795,3.3605999999999994,124.42099896832866,47.615142,1.166502,0,chrono_body_contact,0,,,,,,,,0
mpc_tire_model_sweep,tmeasy,standard,tmeasy,tire_force_static,sand,sinusoidal,5.0,4,103,/home/ksha/Documents/sbel/offroad-control/benchmarking/results/mpc_tire_model_sweep_20260827_162718/raw/0683_tmeasy_sand_sinusoidal_v5_b4_s103,ok,0,19.342366218566895,15.0,0.99,/home/ksha/Documents/sbel/offroad-control/benchmarking/results/mpc_tire_model_sweep_20260827_162718/raw/0683_tmeasy_sand_sinusoidal_v5_b4_s103/20260827_200736_104182_sand_sinusoidal_acados_tmeasy/diag_sand_sinusoidal_acados_tmeasy.csv,,,1248,0.09839063257974925,0.320943,0.07968060295475532,3.5745477377654664,5.12739,0.7149095475530933,2.0706570512820517,3.5,122.48994895568889,47.312219,1.294947,0,chrono_body_contact,0,,,,,,,,0
mpc_tire_model_sweep,tmeasy,standard,tmeasy,tire_force_static,sand,sinusoidal,5.0,4,104,/home/ksha/Documents/sbel/offroad-control/benchmarking/results/mpc_tire_model_sweep_20260827_162718/raw/0684_tmeasy_sand_sinusoidal_v5_b4_s104,ok,0,19.38326907157898,15.0,0.99,/home/ksha/Documents/sbel/offroad-control/benchmarking/results/mpc_tire_model_sweep_20260827_162718/raw/0684_tmeasy_sand_sinusoidal_v5_b4_s104/20260827_200755_459565_sand_sinusoidal_acados_tmeasy/diag_sand_sinusoidal_acados_tmeasy.csv,,,1248,0.10489763759350379,0.357012,0.08509721514312095,3.8371492151431217,5.17258,0.7674298430286244,2.04463141025641,3.4652999999999996,123.78698537078978,50.517546,-0.20305,0,chrono_body_contact,0,,,,,,,,0
mpc_tire_model_sweep,tmeasy,standard,tmeasy,tire_force_static,sand,sinusoidal,5.0,8,100,/home/ksha/Documents/sbel/offroad-control/benchmarking/results/mpc_tire_model_sweep_20260827_162718/raw/0685_tmeasy_sand_sinusoidal_v5_b8_s100,ok,0,19.47847557067871,15.0,0.99,/home/ksha/Documents/sbel/offroad-control/benchmarking/results/mpc_tire_model_sweep_20260827_162718/raw/0685_tmeasy_sand_sinusoidal_v5_b8_s100/20260827_200814_862646_sand_sinusoidal_acados_tmeasy/diag_sand_sinusoidal_acados_tmeasy.csv,,,1248,0.11642075584962647,0.391806,0.09336750138504156,3.7097768236380424,5.24105,0.7419553647276085,2.0820112179487182,3.3752999999999997,123.93489376824465,48.764997,0.602352,0,chrono_body_contact,0,,,,,,,,0
mpc_tire_model_sweep,tmeasy,standard,tmeasy,tire_force_static,sand,sinusoidal,5.0,8,101,/home/ksha/Documents/sbel/offroad-control/benchmarking/results/mpc_tire_model_sweep_20260827_162718/raw/0686_tmeasy_sand_sinusoidal_v5_b8_s101,ok,0,19.491990089416504,15.0,0.99,/home/ksha/Documents/sbel/offroad-control/benchmarking/results/mpc_tire_model_sweep_20260827_162718/raw/0686_tmeasy_sand_sinusoidal_v5_b8_s101/20260827_200834_368654_sand_sinusoidal_acados_tmeasy/diag_sand_sinusoidal_acados_tmeasy.csv,,,1248,0.12319694580496794,0.43279,0.09493501662049862,3.4915783933518005,5.22751,0.6983156786703602,2.0816185897435897,3.385899999999999,119.18950950177587,46.3232,1.626876,0,chrono_body_contact,0,,,,,,,,0
mpc_tire_model_sweep,tmeasy,standard,tmeasy,tire_force_static,sand,sinusoidal,5.0,8,102,/home/ksha/Documents/sbel/offroad-control/benchmarking/results/mpc_tire_model_sweep_20260827_162718/raw/0687_tmeasy_sand_sinusoidal_v5_b8_s102,ok,0,19.441067934036255,15.0,0.99,/home/ksha/Documents/sbel/offroad-control/benchmarking/results/mpc_tire_model_sweep_20260827_162718/raw/0687_tmeasy_sand_sinusoidal_v5_b8_s102/20260827_200853_868833_sand_sinusoidal_acados_tmeasy/diag_sand_sinusoidal_acados_tmeasy.csv,,,1248,0.1221321843611217,0.475026,0.09109236657433056,3.3330035087719296,5.1566399999999994,0.6666007017543859,2.0433573717948716,3.3452999999999995,123.4003776112638,44.054444,2.04742,0,chrono_body_contact,0,,,,,,,,0
mpc_tire_model_sweep,tmeasy,standard,tmeasy,tire_force_static,sand,sinusoidal,5.0,8,103,/home/ksha/Documents/sbel/offroad-control/benchmarking/results/mpc_tire_model_sweep_20260827_162718/raw/0688_tmeasy_sand_sinusoidal_v5_b8_s103,ok,0,19.434357166290283,15.0,0.99,/home/ksha/Documents/sbel/offroad-control/benchmarking/results/mpc_tire_model_sweep_20260827_162718/raw/0688_tmeasy_sand_sinusoidal_v5_b8_s103/20260827_200913_333498_sand_sinusoidal_acados_tmeasy/diag_sand_sinusoidal_acados_tmeasy.csv,,,1248,0.11158632963555036,0.387778,0.0885771569713758,3.53006971375808,5.14873,0.706013942751616,2.0736538461538463,3.4353,122.16589994970846,46.713929,1.493909,0,chrono_body_contact,0,,,,,,,,0
mpc_tire_model_sweep,tmeasy,standard,tmeasy,tire_force_static,sand,sinusoidal,5.0,8,104,/home/ksha/Documents/sbel/offroad-control/benchmarking/results/mpc_tire_model_sweep_20260827_162718/raw/0689_tmeasy_sand_sinusoidal_v5_b8_s104,ok,0,19.439785480499268,15.0,0.99,/home/ksha/Documents/sbel/offroad-control/benchmarking/results/mpc_tire_model_sweep_20260827_162718/raw/0689_tmeasy_sand_sinusoidal_v5_b8_s104/20260827_200932_793175_sand_sinusoidal_acados_tmeasy/diag_sand_sinusoidal_acados_tmeasy.csv,,,1248,0.11169355530154527,0.419197,0.08624038873499537,3.424881255771006,5.18196,0.6849762511542012,2.468076923076923,3.9452999999999996,122.27730506038796,45.28052,1.806058,0,chrono_body_contact,0,,,,,,,,0
mpc_tire_model_sweep,tmeasy,standard,tmeasy,tire_force_static,sand,sinusoidal,7.0,0,100,/home/ksha/Documents/sbel/offroad-control/benchmarking/results/mpc_tire_model_sweep_20260827_162718/raw/0690_tmeasy_sand_sinusoidal_v7_b0_s100,ok,0,19.182038068771362,15.0,0.99,/home/ksha/Documents/sbel/offroad-control/benchmarking/results/mpc_tire_model_sweep_20260827_162718/raw/0690_tmeasy_sand_sinusoidal_v7_b0_s100/20260827_200952_256727_sand_sinusoidal_acados_tmeasy/diag_sand_sinusoidal_acados_tmeasy.csv,,,1248,0.30572505124365335,1.163128,0.1992505512465374,3.932775161588181,5.540159999999999,0.5618250230840258,2.6386538461538462,9.105899999999998,125.45129535538165,51.397116,0.327827,0,chrono_body_contact,0,,,,,,,,0
mpc_tire_model_sweep,tmeasy,standard,tmeasy,tire_force_static,sand,sinusoidal,7.0,0,101,/home/ksha/Documents/sbel/offroad-control/benchmarking/results/mpc_tire_model_sweep_20260827_162718/raw/0691_tmeasy_sand_sinusoidal_v7_b0_s101,ok,0,19.13301730155945,15.0,0.99,/home/ksha/Documents/sbel/offroad-control/benchmarking/results/mpc_tire_model_sweep_20260827_162718/raw/0691_tmeasy_sand_sinusoidal_v7_b0_s101/20260827_201011_451682_sand_sinusoidal_acados_tmeasy/diag_sand_sinusoidal_acados_tmeasy.csv,,,1248,0.27365658421590133,1.146235,0.1834469972299169,3.7691144044321327,5.53803,0.5384449149188761,2.644030448717949,8.84279999999998,120.81309978058489,49.542049,1.348945,0,chrono_body_contact,0,,,,,,,,0
mpc_tire_model_sweep,tmeasy,standard,tmeasy,tire_force_static,sand,sinusoidal,7.0,0,102,/home/ksha/Documents/sbel/offroad-control/benchmarking/results/mpc_tire_model_sweep_20260827_162718/raw/0692_tmeasy_sand_sinusoidal_v7_b0_s102,ok,0,19.18118906021118,15.0,0.99,/home/ksha/Documents/sbel/offroad-control/benchmarking/results/mpc_tire_model_sweep_20260827_162718/raw/0692_tmeasy_sand_sinusoidal_v7_b0_s102/20260827_201030_613346_sand_sinusoidal_acados_tmeasy/diag_sand_sinusoidal_acados_tmeasy.csv,,,1248,0.2981043805328209,1.254187,0.19017628070175438,3.786913296398892,5.55622,0.5409876137712702,3.242516025641026,8.807699999999997,125.9296857196552,49.634252,1.358887,0,chrono_body_contact,0,,,,,,,,0
mpc_tire_model_sweep,tmeasy,standard,tmeasy,tire_force_static,sand,sinusoidal,7.0,0,103,/home/ksha/Documents/sbel/offroad-control/benchmarking/results/mpc_tire_model_sweep_20260827_162718/raw/0693_tmeasy_sand_sinusoidal_v7_b0_s103,ok,0,19.13334584236145,15.0,0.99,/home/ksha/Documents/sbel/offroad-control/benchmarking/results/mpc_tire_model_sweep_20260827_162718/raw/0693_tmeasy_sand_sinusoidal_v7_b0_s103/20260827_201049_815246_sand_sinusoidal_acados_tmeasy/diag_sand_sinusoidal_acados_tmeasy.csv,,,1247,0.2944864253278382,1.135326,0.19328521421975994,3.855793628808865,5.534889999999999,0.5508276612584092,2.6962229350441054,8.463999999999997,124.08188799328614,50.533619,0.698229,0,chrono_body_contact,0,,,,,,,,0
mpc_tire_model_sweep,tmeasy,standard,tmeasy,tire_force_static,sand,sinusoidal,7.0,0,104,/home/ksha/Documents/sbel/offroad-control/benchmarking/results/mpc_tire_model_sweep_20260827_162718/raw/0694_tmeasy_sand_sinusoidal_v7_b0_s104,ok,0,19.180140256881714,15.0,0.99,/home/ksha/Documents/sbel/offroad-control/benchmarking/results/mpc_tire_model_sweep_20260827_162718/raw/0694_tmeasy_sand_sinusoidal_v7_b0_s104/20260827_201108_962670_sand_sinusoidal_acados_tmeasy/diag_sand_sinusoidal_acados_tmeasy.csv,,,1248,0.29604785178281995,1.153856,0.1897991578947369,3.8161985226223454,5.55779,0.5451712175174779,2.639519230769231,9.150599999999999,124.4868767971981,50.130038,1.048992,0,chrono_body_contact,0,,,,,,,,0
mpc_tire_model_sweep,tmeasy,standard,tmeasy,tire_force_static,sand,sinusoidal,7.0,4,100,/home/ksha/Documents/sbel/offroad-control/benchmarking/results/mpc_tire_model_sweep_20260827_162718/raw/0695_tmeasy_sand_sinusoidal_v7_b4_s100,ok,0,19.38314938545227,15.0,0.99,/home/ksha/Documents/sbel/offroad-control/benchmarking/results/mpc_tire_model_sweep_20260827_162718/raw/0695_tmeasy_sand_sinusoidal_v7_b4_s100/20260827_201128_186069_sand_sinusoidal_acados_tmeasy/diag_sand_sinusoidal_acados_tmeasy.csv,,,1248,0.31846087415677915,1.238343,0.2001935807940905,3.869872022160665,5.52081,0.5528388603086664,2.6615625,8.081799999999998,125.20123279271124,50.755586,0.760883,0,chrono_body_contact,0,,,,,,,,0
mpc_tire_model_sweep,tmeasy,standard,tmeasy,tire_force_static,sand,sinusoidal,7.0,4,101,/home/ksha/Documents/sbel/offroad-control/benchmarking/results/mpc_tire_model_sweep_20260827_162718/raw/0696_tmeasy_sand_sinusoidal_v7_b4_s101,ok,0,19.380357027053833,15.0,0.99,/home/ksha/Documents/sbel/offroad-control/benchmarking/results/mpc_tire_model_sweep_20260827_162718/raw/0696_tmeasy_sand_sinusoidal_v7_b4_s101/20260827_201147_572681_sand_sinusoidal_acados_tmeasy/diag_sand_sinusoidal_acados_tmeasy.csv,,,1248,0.4365861978460945,1.450981,0.2730062354570637,4.171848199445984,5.52692,0.5959783142065691,2.7726121794871794,8.964799999999995,122.65409874048217,54.463177,-0.962414,0,chrono_body_contact,0,,,,,,,,0
mpc_tire_model_sweep,tmeasy,standard,tmeasy,tire_force_static,sand,sinusoidal,7.0,4,102,/home/ksha/Documents/sbel/offroad-control/benchmarking/results/mpc_tire_model_sweep_20260827_162718/raw/0697_tmeasy_sand_sinusoidal_v7_b4_s102,ok,0,19.340856552124023,15.0,0.99,/home/ksha/Documents/sbel/offroad-control/benchmarking/results/mpc_tire_model_sweep_20260827_162718/raw/0697_tmeasy_sand_sinusoidal_v7_b4_s102/20260827_201206_966466_sand_sinusoidal_acados_tmeasy/diag_sand_sinusoidal_acados_tmeasy.csv,,,1247,0.37915678615306564,1.242669,0.24267433333333333,4.092999907663897,5.50317,0.5847142725234138,2.8023897353648755,8.717199999999993,126.90358710975048,53.348531,-0.653784,0,chrono_body_contact,0,,,,,,,,0
mpc_tire_model_sweep,tmeasy,standard,tmeasy,tire_force_static,sand,sinusoidal,7.0,4,103,/home/ksha/Documents/sbel/offroad-control/benchmarking/results/mpc_tire_model_sweep_20260827_162718/raw/0698_tmeasy_sand_sinusoidal_v7_b4_s103,ok,0,19.38192582130432,15.0,0.99,/home/ksha/Documents/sbel/offroad-control/benchmarking/results/mpc_tire_model_sweep_20260827_162718/raw/0698_tmeasy_sand_sinusoidal_v7_b4_s103/20260827_201226_335317_sand_sinusoidal_acados_tmeasy/diag_sand_sinusoidal_acados_tmeasy.csv,,,1248,0.3078514590816815,1.256542,0.1918014533702678,3.806126592797784,5.50446,0.5437323703996835,3.1608653846153842,8.464199999999996,124.06982052268357,50.02114,1.239539,0,chrono_body_contact,0,,,,,,,,0
mpc_tire_model_sweep,tmeasy,standard,tmeasy,tire_force_static,sand,sinusoidal,7.0,4,104,/home/ksha/Documents/sbel/offroad-control/benchmarking/results/mpc_tire_model_sweep_20260827_162718/raw/0699_tmeasy_sand_sinusoidal_v7_b4_s104,ok,0,19.340969800949097,15.0,0.99,/home/ksha/Documents/sbel/offroad-control/benchmarking/results/mpc_tire_model_sweep_20260827_162718/raw/0699_tmeasy_sand_sinusoidal_v7_b4_s104/20260827_201245_724484_sand_sinusoidal_acados_tmeasy/diag_sand_sinusoidal_acados_tmeasy.csv,,,1248,0.28862704777189996,1.058373,0.19188433333333332,3.845335826408126,5.5071,0.5493336894868751,2.56770032051282,7.936499999999999,124.73881412961184,50.48707,0.690967,0,chrono_body_contact,0,,,,,,,,0
mpc_tire_model_sweep,tmeasy,standard,tmeasy,tire_force_static,sand,sinusoidal,7.0,8,100,/home/ksha/Documents/sbel/offroad-control/benchmarking/results/mpc_tire_model_sweep_20260827_162718/raw/0700_tmeasy_sand_sinusoidal_v7_b8_s100,ok,0,19.436457633972168,15.0,0.99,/home/ksha/Documents/sbel/offroad-control/benchmarking/results/mpc_tire_model_sweep_20260827_162718/raw/0700_tmeasy_sand_sinusoidal_v7_b8_s100/20260827_201305_088093_sand_sinusoidal_acados_tmeasy/diag_sand_sinusoidal_acados_tmeasy.csv,,,1248,0.2205233337902475,0.900211,0.1619551431209603,3.6310443213296395,5.4130199999999995,0.5187206173328056,3.1438701923076926,9.1206,124.1817654350548,47.708435,1.741898,0,chrono_body_contact,0,,,,,,,,0
mpc_tire_model_sweep,tmeasy,standard,tmeasy,tire_force_static,sand,sinusoidal,7.0,8,101,/home/ksha/Documents/sbel/offroad-control/benchmarking/results/mpc_tire_model_sweep_20260827_162718/raw/0701_tmeasy_sand_sinusoidal_v7_b8_s101,ok,0,19.433067560195923,15.0,0.99,/home/ksha/Documents/sbel/offroad-control/benchmarking/results/mpc_tire_model_sweep_20260827_162718/raw/0701_tmeasy_sand_sinusoidal_v7_b8_s101/20260827_201324_552150_sand_sinusoidal_acados_tmeasy/diag_sand_sinusoidal_acados_tmeasy.csv,,,1248,0.27566887748467733,1.203409,0.18565227885503233,3.7485278855032322,5.40341,0.5355039836433189,2.666474358974359,8.379599999999991,120.33329586211818,49.424254,1.412509,0,chrono_body_contact,0,,,,,,,,0
mpc_tire_model_sweep,tmeasy,standard,tmeasy,tire_force_static,sand,sinusoidal,7.0,8,102,/home/ksha/Documents/sbel/offroad-control/benchmarking/results/mpc_tire_model_sweep_20260827_162718/raw/0702_tmeasy_sand_sinusoidal_v7_b8_s102,ok,0,19.434115409851074,15.0,0.99,/home/ksha/Documents/sbel/offroad-control/benchmarking/results/mpc_tire_model_sweep_20260827_162718/raw/0702_tmeasy_sand_sinusoidal_v7_b8_s102/20260827_201344_005608_sand_sinusoidal_acados_tmeasy/diag_sand_sinusoidal_acados_tmeasy.csv,,,1248,0.2602970754360052,1.084353,0.18728310987996305,3.7504790397045245,5.38093,0.5357827199577893,2.674519230769231,8.566499999999998,125.77130599568764,49.218499,1.335323,0,chrono_body_contact,0,,,,,,,,0
mpc_tire_model_sweep,tmeasy,standard,tmeasy,tire_force_static,sand,sinusoidal,7.0,8,103,/home/ksha/Documents/sbel/offroad-control/benchmarking/results/mpc_tire_model_sweep_20260827_162718/raw/0703_tmeasy_sand_sinusoidal_v7_b8_s103,ok,0,19.440240144729614,15.0,0.99,/home/ksha/Documents/sbel/offroad-control/benchmarking/results/mpc_tire_model_sweep_20260827_162718/raw/0703_tmeasy_sand_sinusoidal_v7_b8_s103/20260827_201403_466212_sand_sinusoidal_acados_tmeasy/diag_sand_sinusoidal_acados_tmeasy.csv,,,1248,0.18040622749269977,0.541385,0.1414704302862419,3.420086795937211,5.3923700000000006,0.4885838279910302,2.499463141025641,4.858299999999997,122.64859469266835,44.935671,2.226233,0,chrono_body_contact,0,,,,,,,,0
mpc_tire_model_sweep,tmeasy,standard,tmeasy,tire_force_static,sand,sinusoidal,7.0,8,104,/home/ksha/Documents/sbel/offroad-control/benchmarking/results/mpc_tire_model_sweep_20260827_162718/raw/0704_tmeasy_sand_sinusoidal_v7_b8_s104,ok,0,19.441743850708008,15.0,0.99,/home/ksha/Documents/sbel/offroad-control/benchmarking/results/mpc_tire_model_sweep_20260827_162718/raw/0704_tmeasy_sand_sinusoidal_v7_b8_s104/20260827_201422_919544_sand_sinusoidal_acados_tmeasy/diag_sand_sinusoidal_acados_tmeasy.csv,,,1247,0.2349065077346567,0.813809,0.1753140886426593,3.705748938134811,5.39046,0.5293927054478301,2.6087329591018444,4.7,123.95216922063078,48.760075,1.255574,0,chrono_body_contact,0,,,,,,,,0
mpc_tire_model_sweep,tmeasy,standard,tmeasy,tire_force_static,sand,sinusoidal,9.0,0,100,/home/ksha/Documents/sbel/offroad-control/benchmarking/results/mpc_tire_model_sweep_20260827_162718/raw/0705_tmeasy_sand_sinusoidal_v9_b0_s100,ok,0,19.135403871536255,15.0,0.99,/home/ksha/Documents/sbel/offroad-control/benchmarking/results/mpc_tire_model_sweep_20260827_162718/raw/0705_tmeasy_sand_sinusoidal_v9_b0_s100/20260827_201442_384784_sand_sinusoidal_acados_tmeasy/diag_sand_sinusoidal_acados_tmeasy.csv,,,1248,0.2898442176059109,1.268543,0.19243341458910435,3.73636297322253,5.568359999999999,0.41515144146917,2.7141346153846158,9.618899999999996,124.78350171959677,48.962472,1.580734,0,chrono_body_contact,0,,,,,,,,0
mpc_tire_model_sweep,tmeasy,standard,tmeasy,tire_force_static,sand,sinusoidal,9.0,0,101,/home/ksha/Documents/sbel/offroad-control/benchmarking/results/mpc_tire_model_sweep_20260827_162718/raw/0706_tmeasy_sand_sinusoidal_v9_b0_s101,ok,0,19.13590908050537,15.0,0.99,/home/ksha/Documents/sbel/offroad-control/benchmarking/results/mpc_tire_model_sweep_20260827_162718/raw/0706_tmeasy_sand_sinusoidal_v9_b0_s101/20260827_201501_537792_sand_sinusoidal_acados_tmeasy/diag_sand_sinusoidal_acados_tmeasy.csv,,,1248,0.2751066713037527,1.393823,0.18173154478301015,3.6801140350877186,5.574959999999999,0.40890155945419093,2.72761217948718,9.681199999999999,120.4747588065253,48.383459,2.011823,0,chrono_body_contact,0,,,,,,,,0
mpc_tire_model_sweep,tmeasy,standard,tmeasy,tire_force_static,sand,sinusoidal,9.0,0,102,/home/ksha/Documents/sbel/offroad-control/benchmarking/results/mpc_tire_model_sweep_20260827_162718/raw/0707_tmeasy_sand_sinusoidal_v9_b0_s102,ok,0,19.135162353515625,15.0,0.99,/home/ksha/Documents/sbel/offroad-control/benchmarking/results/mpc_tire_model_sweep_20260827_162718/raw/0707_tmeasy_sand_sinusoidal_v9_b0_s102/20260827_201520_695946_sand_sinusoidal_acados_tmeasy/diag_sand_sinusoidal_acados_tmeasy.csv,,,1248,0.38749084989785426,1.521536,0.23783549215143118,3.915432502308403,5.56857,0.43504805581204475,2.8489503205128206,8.697799999999994,126.62473858375087,51.285603,0.917198,0,chrono_body_contact,0,,,,,,,,0
mpc_tire_model_sweep,tmeasy,standard,tmeasy,tire_force_static,sand,sinusoidal,9.0,0,103,/home/ksha/Documents/sbel/offroad-control/benchmarking/results/mpc_tire_model_sweep_20260827_162718/raw/0708_tmeasy_sand_sinusoidal_v9_b0_s103,ok,0,19.138134002685547,15.0,0.99,/home/ksha/Documents/sbel/offroad-control/benchmarking/results/mpc_tire_model_sweep_20260827_162718/raw/0708_tmeasy_sand_sinusoidal_v9_b0_s103/20260827_201539_848176_sand_sinusoidal_acados_tmeasy/diag_sand_sinusoidal_acados_tmeasy.csv,,,1248,0.33786440091282605,1.608017,0.20396226038781162,3.796322530009234,5.58378,0.42181361444547044,2.745809294871795,9.068999999999992,124.0962574733165,49.853384,1.611786,0,chrono_body_contact,0,,,,,,,,0
mpc_tire_model_sweep,tmeasy,standard,tmeasy,tire_force_static,sand,sinusoidal,9.0,0,104,/home/ksha/Documents/sbel/offroad-control/benchmarking/results/mpc_tire_model_sweep_20260827_162718/raw/0709_tmeasy_sand_sinusoidal_v9_b0_s104,ok,0,19.134354829788208,15.0,0.99,/home/ksha/Documents/sbel/offroad-control/benchmarking/results/mpc_tire_model_sweep_20260827_162718/raw/0709_tmeasy_sand_sinusoidal_v9_b0_s104/20260827_201559_007241_sand_sinusoidal_acados_tmeasy/diag_sand_sinusoidal_acados_tmeasy.csv,,,1248,0.7981220273824898,2.065623,0.5681708180978763,3.8518032317636193,5.63478,0.42797813686262437,3.7990785256410255,11.195999999999994,124.72231349242054,50.585678,1.791293,0,chrono_body_contact,0,,,,,,,,0
mpc_tire_model_sweep,tmeasy,standard,tmeasy,tire_force_static,sand,sinusoidal,9.0,4,100,/home/ksha/Documents/sbel/offroad-control/benchmarking/results/mpc_tire_model_sweep_20260827_162718/raw/0710_tmeasy_sand_sinusoidal_v9_b4_s100,ok,0,19.334108591079712,15.0,0.99,/home/ksha/Documents/sbel/offroad-control/benchmarking/results/mpc_tire_model_sweep_20260827_162718/raw/0710_tmeasy_sand_sinusoidal_v9_b4_s100/20260827_201618_159147_sand_sinusoidal_acados_tmeasy/diag_sand_sinusoidal_acados_tmeasy.csv,,,1248,2.0738864983099763,4.652499,1.285227596491228,3.593436103416436,5.208269999999999,0.39927067815738176,3.971658653846154,12.235899999999999,123.87432952679451,44.16207,2.379453,0,chrono_body_contact,0,,,,,,,,0
mpc_tire_model_sweep,tmeasy,standard,tmeasy,tire_force_static,sand,sinusoidal,9.0,4,101,/home/ksha/Documents/sbel/offroad-control/benchmarking/results/mpc_tire_model_sweep_20260827_162718/raw/0711_tmeasy_sand_sinusoidal_v9_b4_s101,ok,0,19.339548110961914,15.0,0.99,/home/ksha/Documents/sbel/offroad-control/benchmarking/results/mpc_tire_model_sweep_20260827_162718/raw/0711_tmeasy_sand_sinusoidal_v9_b4_s101/20260827_201637_512232_sand_sinusoidal_acados_tmeasy/diag_sand_sinusoidal_acados_tmeasy.csv,,,1248,0.38826306709816677,1.51032,0.23230408402585412,3.9146669436749764,5.5234499999999995,0.43496299374166403,2.847067307692308,8.757099999999998,121.5309466295482,51.474892,0.869214,0,chrono_body_contact,0,,,,,,,,0
mpc_tire_model_sweep,tmeasy,standard,tmeasy,tire_force_static,sand,sinusoidal,9.0,4,102,/home/ksha/Documents/sbel/offroad-control/benchmarking/results/mpc_tire_model_sweep_20260827_162718/raw/0712_tmeasy_sand_sinusoidal_v9_b4_s102,ok,0,19.333458423614502,15.0,0.99,/home/ksha/Documents/sbel/offroad-control/benchmarking/results/mpc_tire_model_sweep_20260827_162718/raw/0712_tmeasy_sand_sinusoidal_v9_b4_s102/20260827_201656_882432_sand_sinusoidal_acados_tmeasy/diag_sand_sinusoidal_acados_tmeasy.csv,,,1248,0.4694837717917146,1.546207,0.29708720221606644,4.185061034164358,5.506869999999999,0.46500678157381753,3.023557692307693,10.295999999999994,127.50728436510943,54.382135,-1.066661,0,chrono_body_contact,0,,,,,,,,0
mpc_tire_model_sweep,tmeasy,standard,tmeasy,tire_force_static,sand,sinusoidal,9.0,4,103,/home/ksha/Documents/sbel/offroad-control/benchmarking/results/mpc_tire_model_sweep_20260827_162718/raw/0713_tmeasy_sand_sinusoidal_v9_b4_s103,ok,0,19.335962772369385,15.0,0.99,/home/ksha/Documents/sbel/offroad-control/benchmarking/results/mpc_tire_model_sweep_20260827_162718/raw/0713_tmeasy_sand_sinusoidal_v9_b4_s103/20260827_201716_227050_sand_sinusoidal_acados_tmeasy/diag_sand_sinusoidal_acados_tmeasy.csv,,,1248,0.3519747795150428,1.515794,0.222064810710988,3.829846168051709,5.51221,0.42553846311685656,2.789326923076923,8.418299999999997,124.24292777551756,50.30032,1.302946,0,chrono_body_contact,0,,,,,,,,0
mpc_tire_model_sweep,tmeasy,standard,tmeasy,tire_force_static,sand,sinusoidal,9.0,4,104,/home/ksha/Documents/sbel/offroad-control/benchmarking/results/mpc_tire_model_sweep_20260827_162718/raw/0714_tmeasy_sand_sinusoidal_v9_b4_s104,ok,0,19.382057905197144,15.0,0.99,/home/ksha/Documents/sbel/offroad-control/benchmarking/results/mpc_tire_model_sweep_20260827_162718/raw/0714_tmeasy_sand_sinusoidal_v9_b4_s104/20260827_201735_574676_sand_sinusoidal_acados_tmeasy/diag_sand_sinusoidal_acados_tmeasy.csv,,,1248,0.5056529698750489,1.734717,0.2976494459833795,4.106223915050784,5.551959999999999,0.45624710167230936,3.4968589743589744,10.342399999999998,125.77866041877202,53.710197,-0.137453,0,chrono_body_contact,0,,,,,,,,0
mpc_tire_model_sweep,tmeasy,standard,tmeasy,tire_force_static,sand,sinusoidal,9.0,8,100,/home/ksha/Documents/sbel/offroad-control/benchmarking/results/mpc_tire_model_sweep_20260827_162718/raw/0715_tmeasy_sand_sinusoidal_v9_b8_s100,ok,0,19.435463190078735,15.0,0.99,/home/ksha/Documents/sbel/offroad-control/benchmarking/results/mpc_tire_model_sweep_20260827_162718/raw/0715_tmeasy_sand_sinusoidal_v9_b8_s100/20260827_201754_990331_sand_sinusoidal_acados_tmeasy/diag_sand_sinusoidal_acados_tmeasy.csv,,,1248,0.2810746110387958,1.226691,0.18761050138504154,3.7852352723915055,5.40553,0.4205816969323895,3.451386217948718,8.93019999999999,124.60682741461191,49.710524,1.234922,0,chrono_body_contact,0,,,,,,,,0
mpc_tire_model_sweep,tmeasy,standard,tmeasy,tire_force_static,sand,sinusoidal,9.0,8,101,/home/ksha/Documents/sbel/offroad-control/benchmarking/results/mpc_tire_model_sweep_20260827_162718/raw/0716_tmeasy_sand_sinusoidal_v9_b8_s101,ok,0,19.436404705047607,15.0,0.99,/home/ksha/Documents/sbel/offroad-control/benchmarking/results/mpc_tire_model_sweep_20260827_162718/raw/0716_tmeasy_sand_sinusoidal_v9_b8_s101/20260827_201814_466794_sand_sinusoidal_acados_tmeasy/diag_sand_sinusoidal_acados_tmeasy.csv,,,1248,1.4384124693164484,3.152429,0.9064349704524469,3.387878301015697,5.13007,0.37643092233507747,3.6709375,11.357699999999998,118.73100278237388,42.312473,2.535945,0,chrono_body_contact,0,,,,,,,,0
mpc_tire_model_sweep,tmeasy,standard,tmeasy,tire_force_static,sand,sinusoidal,9.0,8,102,/home/ksha/Documents/sbel/offroad-control/benchmarking/results/mpc_tire_model_sweep_20260827_162718/raw/0717_tmeasy_sand_sinusoidal_v9_b8_s102,ok,0,19.43854308128357,15.0,0.99,/home/ksha/Documents/sbel/offroad-control/benchmarking/results/mpc_tire_model_sweep_20260827_162718/raw/0717_tmeasy_sand_sinusoidal_v9_b8_s102/20260827_201833_898557_sand_sinusoidal_acados_tmeasy/diag_sand_sinusoidal_acados_tmeasy.csv,,,1248,0.26148196368847576,1.162627,0.18856188827331483,3.731461126500462,5.39136,0.41460679183338467,2.7637019230769235,9.62,125.55168950454137,48.99816,1.528006,0,chrono_body_contact,0,,,,,,,,0
mpc_tire_model_sweep,tmeasy,standard,tmeasy,tire_force_static,sand,sinusoidal,9.0,8,103,/home/ksha/Documents/sbel/offroad-control/benchmarking/results/mpc_tire_model_sweep_20260827_162718/raw/0718_tmeasy_sand_sinusoidal_v9_b8_s103,ok,0,19.438883066177368,15.0,0.99,/home/ksha/Documents/sbel/offroad-control/benchmarking/results/mpc_tire_model_sweep_20260827_162718/raw/0718_tmeasy_sand_sinusoidal_v9_b8_s103/20260827_201853_372502_sand_sinusoidal_acados_tmeasy/diag_sand_sinusoidal_acados_tmeasy.csv,,,1248,0.34030775095288296,1.152589,0.23633934441366575,4.031098337950139,5.403569999999999,0.4478998153277932,2.814046474358974,8.812999999999997,124.64501184847471,52.692624,-0.334919,0,chrono_body_contact,0,,,,,,,,0
mpc_tire_model_sweep,tmeasy,standard,tmeasy,tire_force_static,sand,sinusoidal,9.0,8,104,/home/ksha/Documents/sbel/offroad-control/benchmarking/results/mpc_tire_model_sweep_20260827_162718/raw/0719_tmeasy_sand_sinusoidal_v9_b8_s104,ok,0,19.43606400489807,15.0,0.99,/home/ksha/Documents/sbel/offroad-control/benchmarking/results/mpc_tire_model_sweep_20260827_162718/raw/0719_tmeasy_sand_sinusoidal_v9_b8_s104/20260827_201912_842666_sand_sinusoidal_acados_tmeasy/diag_sand_sinusoidal_acados_tmeasy.csv,,,1248,0.28456678787818585,1.154387,0.20072717174515234,3.761984395198523,5.4116599999999995,0.4179982661331692,2.8731730769230763,10.374799999999995,124.07934478816327,49.523735,1.308443,0,chrono_body_contact,0,,,,,,,,0
mpc_tire_model_sweep,tmeasy,standard,tmeasy,tire_force_static,sand,lane_change,5.0,0,100,/home/ksha/Documents/sbel/offroad-control/benchmarking/results/mpc_tire_model_sweep_20260827_162718/raw/0720_tmeasy_sand_lane_change_v5_b0_s100,ok,0,19.137975454330444,15.0,0.99,/home/ksha/Documents/sbel/offroad-control/benchmarking/results/mpc_tire_model_sweep_20260827_162718/raw/0720_tmeasy_sand_lane_change_v5_b0_s100/20260827_201932_285796_sand_lane_change_acados_tmeasy/diag_sand_lane_change_acados_tmeasy.csv,,,1247,0.058199703547220094,0.185142,0.04638600738688828,4.570427239150508,5.1203899999999996,0.9140854478301016,1.6708099438652766,3.6553999999999998,127.87471822583282,63.472046,2.974922,0,chrono_body_contact,0,,,,,,,,0
mpc_tire_model_sweep,tmeasy,standard,tmeasy,tire_force_static,sand,lane_change,5.0,0,101,/home/ksha/Documents/sbel/offroad-control/benchmarking/results/mpc_tire_model_sweep_20260827_162718/raw/0721_tmeasy_sand_lane_change_v5_b0_s101,ok,0,19.13300085067749,15.0,0.99,/home/ksha/Documents/sbel/offroad-control/benchmarking/results/mpc_tire_model_sweep_20260827_162718/raw/0721_tmeasy_sand_lane_change_v5_b0_s101/20260827_201951_440199_sand_lane_change_acados_tmeasy/diag_sand_lane_change_acados_tmeasy.csv,,,1248,0.061453336149369056,0.252401,0.048678007386888274,4.476570175438596,4.9999,0.8953140350877191,1.7780208333333332,2.810599999999999,123.16759240371839,62.461063,3.043081,0,chrono_body_contact,0,,,,,,,,0
mpc_tire_model_sweep,tmeasy,standard,tmeasy,tire_force_static,sand,lane_change,5.0,0,102,/home/ksha/Documents/sbel/offroad-control/benchmarking/results/mpc_tire_model_sweep_20260827_162718/raw/0722_tmeasy_sand_lane_change_v5_b0_s102,ok,0,19.136000394821167,15.0,0.99,/home/ksha/Documents/sbel/offroad-control/benchmarking/results/mpc_tire_model_sweep_20260827_162718/raw/0722_tmeasy_sand_lane_change_v5_b0_s102/20260827_202010_590156_sand_lane_change_acados_tmeasy/diag_sand_lane_change_acados_tmeasy.csv,,,1248,0.062359713666270494,0.219861,0.04876951985226223,4.5709302862419205,5.1107499999999995,0.9141860572483841,1.5690464743589743,2.7852999999999994,128.7616457615236,63.528269,3.07196,0,chrono_body_contact,0,,,,,,,,0
mpc_tire_model_sweep,tmeasy,standard,tmeasy,tire_force_static,sand,lane_change,5.0,0,103,/home/ksha/Documents/sbel/offroad-control/benchmarking/results/mpc_tire_model_sweep_20260827_162718/raw/0723_tmeasy_sand_lane_change_v5_b0_s103,ok,0,19.18215274810791,15.0,0.99,/home/ksha/Documents/sbel/offroad-control/benchmarking/results/mpc_tire_model_sweep_20260827_162718/raw/0723_tmeasy_sand_lane_change_v5_b0_s103/20260827_202029_751817_sand_lane_change_acados_tmeasy/diag_sand_lane_change_acados_tmeasy.csv,,,1248,0.061468345763094505,0.210725,0.04875071283471837,4.551962788550323,5.0723,0.9103925577100647,1.5788461538461538,2.82,126.99383253926227,63.33339,3.050259,0,chrono_body_contact,0,,,,,,,,0
mpc_tire_model_sweep,tmeasy,standard,tmeasy,tire_force_static,sand,lane_change,5.0,0,104,/home/ksha/Documents/sbel/offroad-control/benchmarking/results/mpc_tire_model_sweep_20260827_162718/raw/0724_tmeasy_sand_lane_change_v5_b0_s104,ok,0,19.13579034805298,15.0,0.99,/home/ksha/Documents/sbel/offroad-control/benchmarking/results/mpc_tire_model_sweep_20260827_162718/raw/0724_tmeasy_sand_lane_change_v5_b0_s104/20260827_202048_954506_sand_lane_change_acados_tmeasy/diag_sand_lane_change_acados_tmeasy.csv,,,1248,0.061078646747153194,0.238371,0.048171324099722995,4.544753000923361,5.07846,0.9089506001846722,1.577011217948718,2.78,127.40720082574782,63.262364,2.994536,0,chrono_body_contact,0,,,,,,,,0
mpc_tire_model_sweep,tmeasy,standard,tmeasy,tire_force_static,sand,lane_change,5.0,4,100,/home/ksha/Documents/sbel/offroad-control/benchmarking/results/mpc_tire_model_sweep_20260827_162718/raw/0725_tmeasy_sand_lane_change_v5_b4_s100,ok,0,19.34235119819641,15.0,0.99,/home/ksha/Documents/sbel/offroad-control/benchmarking/results/mpc_tire_model_sweep_20260827_162718/raw/0725_tmeasy_sand_lane_change_v5_b4_s100/20260827_202108_098952_sand_lane_change_acados_tmeasy/diag_sand_lane_change_acados_tmeasy.csv,,,1248,0.05995794821398906,0.205511,0.0472327405355494,4.514340904893813,5.01231,0.9028681809787626,1.5749519230769233,2.8352999999999997,127.59090482072021,62.873055,2.977915,0,chrono_body_contact,0,,,,,,,,0
mpc_tire_model_sweep,tmeasy,standard,tmeasy,tire_force_static,sand,lane_change,5.0,4,101,/home/ksha/Documents/sbel/offroad-control/benchmarking/results/mpc_tire_model_sweep_20260827_162718/raw/0726_tmeasy_sand_lane_change_v5_b4_s101,ok,0,19.34090781211853,15.0,0.99,/home/ksha/Documents/sbel/offroad-control/benchmarking/results/mpc_tire_model_sweep_20260827_162718/raw/0726_tmeasy_sand_lane_change_v5_b4_s101/20260827_202127_466280_sand_lane_change_acados_tmeasy/diag_sand_lane_change_acados_tmeasy.csv,,,1247,0.06258554259848821,0.261101,0.04934945706371191,4.4335818097876265,4.9859,0.8867163619575253,1.6690777866880515,3.5953999999999997,122.83129068870393,62.000901,3.044073,0,chrono_body_contact,0,,,,,,,,0
mpc_tire_model_sweep,tmeasy,standard,tmeasy,tire_force_static,sand,lane_change,5.0,4,102,/home/ksha/Documents/sbel/offroad-control/benchmarking/results/mpc_tire_model_sweep_20260827_162718/raw/0727_tmeasy_sand_lane_change_v5_b4_s102,ok,0,19.33369255065918,15.0,0.99,/home/ksha/Documents/sbel/offroad-control/benchmarking/results/mpc_tire_model_sweep_20260827_162718/raw/0727_tmeasy_sand_lane_change_v5_b4_s102/20260827_202146_835634_sand_lane_change_acados_tmeasy/diag_sand_lane_change_acados_tmeasy.csv,,,1248,0.06270576481508892,0.234289,0.04920418467220684,4.52728162511542,5.06635,0.905456325023084,1.5867548076923077,2.831199999999999,128.5123445439022,63.086586,3.077777,0,chrono_body_contact,0,,,,,,,,0
mpc_tire_model_sweep,tmeasy,standard,tmeasy,tire_force_static,sand,lane_change,5.0,4,103,/home/ksha/Documents/sbel/offroad-control/benchmarking/results/mpc_tire_model_sweep_20260827_162718/raw/0728_tmeasy_sand_lane_change_v5_b4_s103,ok,0,19.429855823516846,15.0,0.99,/home/ksha/Documents/sbel/offroad-control/benchmarking/results/mpc_tire_model_sweep_20260827_162718/raw/0728_tmeasy_sand_lane_change_v5_b4_s103/20260827_202206_185604_sand_lane_change_acados_tmeasy/diag_sand_lane_change_acados_tmeasy.csv,,,1248,0.06330091196264032,0.223927,0.04964318744228993,4.505307756232686,4.96999,0.9010615512465373,1.596434294871795,2.835899999999999,126.73689497315262,62.83996,3.052372,0,chrono_body_contact,0,,,,,,,,0
mpc_tire_model_sweep,tmeasy,standard,tmeasy,tire_force_static,sand,lane_change,5.0,4,104,/home/ksha/Documents/sbel/offroad-control/benchmarking/results/mpc_tire_model_sweep_20260827_162718/raw/0729_tmeasy_sand_lane_change_v5_b4_s104,ok,0,19.34050464630127,15.0,0.99,/home/ksha/Documents/sbel/offroad-control/benchmarking/results/mpc_tire_model_sweep_20260827_162718/raw/0729_tmeasy_sand_lane_change_v5_b4_s104/20260827_202225_637809_sand_lane_change_acados_tmeasy/diag_sand_lane_change_acados_tmeasy.csv,,,1247,0.0618689875439078,0.245134,0.048063538319482915,4.512445891043398,5.019979999999999,0.9024891782086796,1.6727345629510826,3.586199999999999,127.20678413389575,62.964983,2.995467,0,chrono_body_contact,0,,,,,,,,0
mpc_tire_model_sweep,tmeasy,standard,tmeasy,tire_force_static,sand,lane_change,5.0,8,100,/home/ksha/Documents/sbel/offroad-control/benchmarking/results/mpc_tire_model_sweep_20260827_162718/raw/0730_tmeasy_sand_lane_change_v5_b8_s100,ok,0,19.438634872436523,15.0,0.99,/home/ksha/Documents/sbel/offroad-control/benchmarking/results/mpc_tire_model_sweep_20260827_162718/raw/0730_tmeasy_sand_lane_change_v5_b8_s100/20260827_202245_000071_sand_lane_change_acados_tmeasy/diag_sand_lane_change_acados_tmeasy.csv,,,1247,0.05836466616298523,0.206061,0.04643760018467221,4.376939427516159,4.97664,0.8753878855032318,1.6910344827586206,3.646199999999999,126.71661458001843,60.876067,2.990188,0,chrono_body_contact,0,,,,,,,,0
mpc_tire_model_sweep,tmeasy,standard,tmeasy,tire_force_static,sand,lane_change,5.0,8,101,/home/ksha/Documents/sbel/offroad-control/benchmarking/results/mpc_tire_model_sweep_20260827_162718/raw/0731_tmeasy_sand_lane_change_v5_b8_s101,ok,0,19.482478380203247,15.0,0.99,/home/ksha/Documents/sbel/offroad-control/benchmarking/results/mpc_tire_model_sweep_20260827_162718/raw/0731_tmeasy_sand_lane_change_v5_b8_s101/20260827_202304_439139_sand_lane_change_acados_tmeasy/diag_sand_lane_change_acados_tmeasy.csv,,,1248,0.060940556822282055,0.191989,0.04888684764542937,4.403906371191136,4.99465,0.8807812742382272,1.5906650641025641,2.75,122.77011203363907,61.43344,3.055446,0,chrono_body_contact,0,,,,,,,,0
mpc_tire_model_sweep,tmeasy,standard,tmeasy,tire_force_static,sand,lane_change,5.0,8,102,/home/ksha/Documents/sbel/offroad-control/benchmarking/results/mpc_tire_model_sweep_20260827_162718/raw/0732_tmeasy_sand_lane_change_v5_b8_s102,ok,0,19.474417209625244,15.0,0.99,/home/ksha/Documents/sbel/offroad-control/benchmarking/results/mpc_tire_model_sweep_20260827_162718/raw/0732_tmeasy_sand_lane_change_v5_b8_s102/20260827_202323_948514_sand_lane_change_acados_tmeasy/diag_sand_lane_change_acados_tmeasy.csv,,,1247,0.060285147963970845,0.19218,0.04825285318559557,4.393627423822714,5.04172,0.8787254847645428,1.6981555733761027,3.6153999999999997,127.694710289981,61.141014,3.086968,0,chrono_body_contact,0,,,,,,,,0
mpc_tire_model_sweep,tmeasy,standard,tmeasy,tire_force_static,sand,lane_change,5.0,8,103,/home/ksha/Documents/sbel/offroad-control/benchmarking/results/mpc_tire_model_sweep_20260827_162718/raw/0733_tmeasy_sand_lane_change_v5_b8_s103,ok,0,19.485033988952637,15.0,0.99,/home/ksha/Documents/sbel/offroad-control/benchmarking/results/mpc_tire_model_sweep_20260827_162718/raw/0733_tmeasy_sand_lane_change_v5_b8_s103/20260827_202343_449724_sand_lane_change_acados_tmeasy/diag_sand_lane_change_acados_tmeasy.csv,,,1248,0.060490037417618256,0.200312,0.047906607571560476,4.425789658356417,4.99778,0.8851579316712834,1.577371794871795,2.8,126.2851328445968,61.613335,3.056641,0,chrono_body_contact,0,,,,,,,,0
mpc_tire_model_sweep,tmeasy,standard,tmeasy,tire_force_static,sand,lane_change,5.0,8,104,/home/ksha/Documents/sbel/offroad-control/benchmarking/results/mpc_tire_model_sweep_20260827_162718/raw/0734_tmeasy_sand_lane_change_v5_b8_s104,ok,0,19.432066202163696,15.0,0.99,/home/ksha/Documents/sbel/offroad-control/benchmarking/results/mpc_tire_model_sweep_20260827_162718/raw/0734_tmeasy_sand_lane_change_v5_b8_s104/20260827_202402_949293_sand_lane_change_acados_tmeasy/diag_sand_lane_change_acados_tmeasy.csv,,,1248,0.05921200047498233,0.239784,0.04743015697137581,4.404479039704524,4.96688,0.8808958079409048,1.5750961538461536,2.7952999999999997,126.58945931438925,61.354792,3.010935,0,chrono_body_contact,0,,,,,,,,0
mpc_tire_model_sweep,tmeasy,standard,tmeasy,tire_force_static,sand,lane_change,7.0,0,100,/home/ksha/Documents/sbel/offroad-control/benchmarking/results/mpc_tire_model_sweep_20260827_162718/raw/0735_tmeasy_sand_lane_change_v7_b0_s100,ok,0,19.132486581802368,15.0,0.99,/home/ksha/Documents/sbel/offroad-control/benchmarking/results/mpc_tire_model_sweep_20260827_162718/raw/0735_tmeasy_sand_lane_change_v7_b0_s100/20260827_202422_399511_sand_lane_change_acados_tmeasy/diag_sand_lane_change_acados_tmeasy.csv,,,1248,0.07394511948033011,0.259809,0.05690520036934442,5.781848568790397,6.68171,0.8259783669700568,2.056298076923077,3.71,135.73036002984645,79.238659,2.974307,0,chrono_body_contact,0,,,,,,,,0
mpc_tire_model_sweep,tmeasy,standard,tmeasy,tire_force_static,sand,lane_change,7.0,0,101,/home/ksha/Documents/sbel/offroad-control/benchmarking/results/mpc_tire_model_sweep_20260827_162718/raw/0736_tmeasy_sand_lane_change_v7_b0_s101,ok,0,19.18260645866394,15.0,0.99,/home/ksha/Documents/sbel/offroad-control/benchmarking/results/mpc_tire_model_sweep_20260827_162718/raw/0736_tmeasy_sand_lane_change_v7_b0_s101/20260827_202441_560079_sand_lane_change_acados_tmeasy/diag_sand_lane_change_acados_tmeasy.csv,,,1248,0.07416203179473552,0.269878,0.05781077100646352,5.781990397045244,6.6748,0.8259986281493206,2.0657291666666664,3.911199999999999,131.7807977072564,79.438936,3.049757,0,chrono_body_contact,0,,,,,,,,0
mpc_tire_model_sweep,tmeasy,standard,tmeasy,tire_force_static,sand,lane_change,7.0,0,102,/home/ksha/Documents/sbel/offroad-control/benchmarking/results/mpc_tire_model_sweep_20260827_162718/raw/0737_tmeasy_sand_lane_change_v7_b0_s102,ok,0,19.175612688064575,15.0,0.99,/home/ksha/Documents/sbel/offroad-control/benchmarking/results/mpc_tire_model_sweep_20260827_162718/raw/0737_tmeasy_sand_lane_change_v7_b0_s102/20260827_202500_741159_sand_lane_change_acados_tmeasy/diag_sand_lane_change_acados_tmeasy.csv,,,1248,0.07612720748488616,0.243188,0.059484909510618654,5.773173591874422,6.66309,0.8247390845534889,2.091842948717949,4.0405999999999995,136.95375743861018,79.168629,3.071513,0,chrono_body_contact,0,,,,,,,,0
mpc_tire_model_sweep,tmeasy,standard,tmeasy,tire_force_static,sand,lane_change,7.0,0,103,/home/ksha/Documents/sbel/offroad-control/benchmarking/results/mpc_tire_model_sweep_20260827_162718/raw/0738_tmeasy_sand_lane_change_v7_b0_s103,ok,0,19.175939321517944,15.0,0.99,/home/ksha/Documents/sbel/offroad-control/benchmarking/results/mpc_tire_model_sweep_20260827_162718/raw/0738_tmeasy_sand_lane_change_v7_b0_s103/20260827_202519_944790_sand_lane_change_acados_tmeasy/diag_sand_lane_change_acados_tmeasy.csv,,,1248,0.07615497440036119,0.274415,0.059652508771929826,5.762665743305633,6.647919999999999,0.8232379633293762,2.097700320512821,3.9205999999999994,135.04958628260047,79.08173,3.053806,0,chrono_body_contact,0,,,,,,,,0
mpc_tire_model_sweep,tmeasy,standard,tmeasy,tire_force_static,sand,lane_change,7.0,0,104,/home/ksha/Documents/sbel/offroad-control/benchmarking/results/mpc_tire_model_sweep_20260827_162718/raw/0739_tmeasy_sand_lane_change_v7_b0_s104,ok,0,19.13009786605835,15.0,0.99,/home/ksha/Documents/sbel/offroad-control/benchmarking/results/mpc_tire_model_sweep_20260827_162718/raw/0739_tmeasy_sand_lane_change_v7_b0_s104/20260827_202539_131000_sand_lane_change_acados_tmeasy/diag_sand_lane_change_acados_tmeasy.csv,,,1248,0.07578464188904128,0.275341,0.05819670267774701,5.775171745152355,6.659079999999999,0.825024535021765,2.576338141025641,5.140599999999999,135.43620876274102,79.266189,2.992763,0,chrono_body_contact,0,,,,,,,,0
mpc_tire_model_sweep,tmeasy,standard,tmeasy,tire_force_static,sand,lane_change,7.0,4,100,/home/ksha/Documents/sbel/offroad-control/benchmarking/results/mpc_tire_model_sweep_20260827_162718/raw/0740_tmeasy_sand_lane_change_v7_b4_s100,ok,0,19.332978010177612,15.0,0.99,/home/ksha/Documents/sbel/offroad-control/benchmarking/results/mpc_tire_model_sweep_20260827_162718/raw/0740_tmeasy_sand_lane_change_v7_b4_s100/20260827_202558_304909_sand_lane_change_acados_tmeasy/diag_sand_lane_change_acados_tmeasy.csv,,,1248,0.0751883837242226,0.257075,0.05789902400738689,5.797803785780239,6.64848,0.8282576836828913,2.1032291666666665,3.985899999999999,135.86068508306806,79.606661,2.981702,0,chrono_body_contact,0,,,,,,,,0
mpc_tire_model_sweep,tmeasy,standard,tmeasy,tire_force_static,sand,lane_change,7.0,4,101,/home/ksha/Documents/sbel/offroad-control/benchmarking/results/mpc_tire_model_sweep_20260827_162718/raw/0741_tmeasy_sand_lane_change_v7_b4_s101,ok,0,19.342668294906616,15.0,0.99,/home/ksha/Documents/sbel/offroad-control/benchmarking/results/mpc_tire_model_sweep_20260827_162718/raw/0741_tmeasy_sand_lane_change_v7_b4_s101/20260827_202617_628613_sand_lane_change_acados_tmeasy/diag_sand_lane_change_acados_tmeasy.csv,,,1248,0.07649653223993226,0.285501,0.05943684025854109,5.787429178208679,6.6446,0.8267755968869542,2.052067307692308,3.59,131.84200413134374,79.670761,3.039197,0,chrono_body_contact,0,,,,,,,,0
mpc_tire_model_sweep,tmeasy,standard,tmeasy,tire_force_static,sand,lane_change,7.0,4,102,/home/ksha/Documents/sbel/offroad-control/benchmarking/results/mpc_tire_model_sweep_20260827_162718/raw/0742_tmeasy_sand_lane_change_v7_b4_s102,ok,0,19.340167999267578,15.0,0.99,/home/ksha/Documents/sbel/offroad-control/benchmarking/results/mpc_tire_model_sweep_20260827_162718/raw/0742_tmeasy_sand_lane_change_v7_b4_s102/20260827_202636_996271_sand_lane_change_acados_tmeasy/diag_sand_lane_change_acados_tmeasy.csv,,,1248,0.07627152844054266,0.236036,0.05948130101569714,5.768338227146814,6.62921,0.8240483181638306,2.0715544871794873,3.95,136.93989269902337,79.275374,3.068922,0,chrono_body_contact,0,,,,,,,,0
mpc_tire_model_sweep,tmeasy,standard,tmeasy,tire_force_static,sand,lane_change,7.0,4,103,/home/ksha/Documents/sbel/offroad-control/benchmarking/results/mpc_tire_model_sweep_20260827_162718/raw/0743_tmeasy_sand_lane_change_v7_b4_s103,ok,0,19.381695985794067,15.0,0.99,/home/ksha/Documents/sbel/offroad-control/benchmarking/results/mpc_tire_model_sweep_20260827_162718/raw/0743_tmeasy_sand_lane_change_v7_b4_s103/20260827_202656_359603_sand_lane_change_acados_tmeasy/diag_sand_lane_change_acados_tmeasy.csv,,,1248,0.07689219849563511,0.279202,0.060308819944598344,5.7835513388735,6.6485,0.8262216198390714,2.2765865384615385,4.670599999999999,135.20941160567418,79.518297,3.046128,0,chrono_body_contact,0,,,,,,,,0
mpc_tire_model_sweep,tmeasy,standard,tmeasy,tire_force_static,sand,lane_change,7.0,4,104,/home/ksha/Documents/sbel/offroad-control/benchmarking/results/mpc_tire_model_sweep_20260827_162718/raw/0744_tmeasy_sand_lane_change_v7_b4_s104,ok,0,19.342450380325317,15.0,0.99,/home/ksha/Documents/sbel/offroad-control/benchmarking/results/mpc_tire_model_sweep_20260827_162718/raw/0744_tmeasy_sand_lane_change_v7_b4_s104/20260827_202715_772018_sand_lane_change_acados_tmeasy/diag_sand_lane_change_acados_tmeasy.csv,,,1248,0.07711517850862669,0.281653,0.059094103416435825,5.77965918744229,6.6321900000000005,0.8256655982060414,2.090464743589744,3.945899999999999,135.47862912983754,79.4863,2.990348,0,chrono_body_contact,0,,,,,,,,0
mpc_tire_model_sweep,tmeasy,standard,tmeasy,tire_force_static,sand,lane_change,7.0,8,100,/home/ksha/Documents/sbel/offroad-control/benchmarking/results/mpc_tire_model_sweep_20260827_162718/raw/0745_tmeasy_sand_lane_change_v7_b8_s100,ok,0,19.44088912010193,15.0,0.99,/home/ksha/Documents/sbel/offroad-control/benchmarking/results/mpc_tire_model_sweep_20260827_162718/raw/0745_tmeasy_sand_lane_change_v7_b8_s100/20260827_202735_120600_sand_lane_change_acados_tmeasy/diag_sand_lane_change_acados_tmeasy.csv,,,1248,0.07315622423336363,0.258693,0.056553829178208684,5.585266759002771,6.29596,0.79789525128611,2.1268028846153846,4.17,134.36239494319773,76.690941,2.975361,0,chrono_body_contact,0,,,,,,,,0
mpc_tire_model_sweep,tmeasy,standard,tmeasy,tire_force_static,sand,lane_change,7.0,8,101,/home/ksha/Documents/sbel/offroad-control/benchmarking/results/mpc_tire_model_sweep_20260827_162718/raw/0746_tmeasy_sand_lane_change_v7_b8_s101,ok,0,19.439363956451416,15.0,0.99,/home/ksha/Documents/sbel/offroad-control/benchmarking/results/mpc_tire_model_sweep_20260827_162718/raw/0746_tmeasy_sand_lane_change_v7_b8_s101/20260827_202754_588389_sand_lane_change_acados_tmeasy/diag_sand_lane_change_acados_tmeasy.csv,,,1248,0.07345647737231356,0.277527,0.05760397691597415,5.621691320406279,6.36865,0.8030987600580398,2.099094551282051,4.02,130.44890978452636,77.353229,3.041922,0,chrono_body_contact,0,,,,,,,,0
mpc_tire_model_sweep,tmeasy,standard,tmeasy,tire_force_static,sand,lane_change,7.0,8,102,/home/ksha/Documents/sbel/offroad-control/benchmarking/results/mpc_tire_model_sweep_20260827_162718/raw/0747_tmeasy_sand_lane_change_v7_b8_s102,ok,0,19.44104790687561,15.0,0.99,/home/ksha/Documents/sbel/offroad-control/benchmarking/results/mpc_tire_model_sweep_20260827_162718/raw/0747_tmeasy_sand_lane_change_v7_b8_s102/20260827_202814_048254_sand_lane_change_acados_tmeasy/diag_sand_lane_change_acados_tmeasy.csv,,,1248,0.07449499578407184,0.237813,0.058318645429362874,5.611664542936287,6.3224,0.8016663632766124,2.079286858974359,4.085299999999999,135.68892008653333,77.074168,3.075515,0,chrono_body_contact,0,,,,,,,,0
mpc_tire_model_sweep,tmeasy,standard,tmeasy,tire_force_static,sand,lane_change,7.0,8,103,/home/ksha/Documents/sbel/offroad-control/benchmarking/results/mpc_tire_model_sweep_20260827_162718/raw/0748_tmeasy_sand_lane_change_v7_b8_s103,ok,0,19.44282603263855,15.0,0.99,/home/ksha/Documents/sbel/offroad-control/benchmarking/results/mpc_tire_model_sweep_20260827_162718/raw/0748_tmeasy_sand_lane_change_v7_b8_s103/20260827_202833_517628_sand_lane_change_acados_tmeasy/diag_sand_lane_change_acados_tmeasy.csv,,,1248,0.07476214273743444,0.284322,0.058145471837488465,5.580026315789474,6.25073,0.7971466165413534,2.12443108974359,4.090599999999999,133.62398239028965,76.72891,3.04629,0,chrono_body_contact,0,,,,,,,,0
mpc_tire_model_sweep,tmeasy,standard,tmeasy,tire_force_static,sand,lane_change,7.0,8,104,/home/ksha/Documents/sbel/offroad-control/benchmarking/results/mpc_tire_model_sweep_20260827_162718/raw/0749_tmeasy_sand_lane_change_v7_b8_s104,ok,0,19.432246923446655,15.0,0.99,/home/ksha/Documents/sbel/offroad-control/benchmarking/results/mpc_tire_model_sweep_20260827_162718/raw/0749_tmeasy_sand_lane_change_v7_b8_s104/20260827_202852_979941_sand_lane_change_acados_tmeasy/diag_sand_lane_change_acados_tmeasy.csv,,,1248,0.07328362179399085,0.279013,0.05581828993536473,5.574839612188366,6.301709999999999,0.7964056588840522,2.074719551282051,4.006499999999999,133.9904675781913,76.675502,2.995349,0,chrono_body_contact,0,,,,,,,,0
mpc_tire_model_sweep,tmeasy,standard,tmeasy,tire_force_static,sand,lane_change,9.0,0,100,/home/ksha/Documents/sbel/offroad-control/benchmarking/results/mpc_tire_model_sweep_20260827_162718/raw/0750_tmeasy_sand_lane_change_v9_b0_s100,ok,0,19.13077425956726,15.0,0.99,/home/ksha/Documents/sbel/offroad-control/benchmarking/results/mpc_tire_model_sweep_20260827_162718/raw/0750_tmeasy_sand_lane_change_v9_b0_s100/20260827_202912_420191_sand_lane_change_acados_tmeasy/diag_sand_lane_change_acados_tmeasy.csv,,,1248,0.08328754691681182,0.311111,0.0627936565096953,5.832949399815328,6.68048,0.6481054888683697,2.6352083333333334,4.9853,136.14275246476532,79.924096,2.976712,0,chrono_body_contact,0,,,,,,,,0
mpc_tire_model_sweep,tmeasy,standard,tmeasy,tire_force_static,sand,lane_change,9.0,0,101,/home/ksha/Documents/sbel/offroad-control/benchmarking/results/mpc_tire_model_sweep_20260827_162718/raw/0751_tmeasy_sand_lane_change_v9_b0_s101,ok,0,19.131534576416016,15.0,0.99,/home/ksha/Documents/sbel/offroad-control/benchmarking/results/mpc_tire_model_sweep_20260827_162718/raw/0751_tmeasy_sand_lane_change_v9_b0_s101/20260827_202931_573646_sand_lane_change_acados_tmeasy/diag_sand_lane_change_acados_tmeasy.csv,,,1248,0.08502307924284655,0.35039,0.06428942751615882,5.836523176361958,6.68753,0.6485025751513286,2.284719551282051,3.9705999999999992,132.1737893740172,80.164599,3.056849,0,chrono_body_contact,0,,,,,,,,0
mpc_tire_model_sweep,tmeasy,standard,tmeasy,tire_force_static,sand,lane_change,9.0,0,102,/home/ksha/Documents/sbel/offroad-control/benchmarking/results/mpc_tire_model_sweep_20260827_162718/raw/0752_tmeasy_sand_lane_change_v9_b0_s102,ok,0,19.18139958381653,15.0,0.99,/home/ksha/Documents/sbel/offroad-control/benchmarking/results/mpc_tire_model_sweep_20260827_162718/raw/0752_tmeasy_sand_lane_change_v9_b0_s102/20260827_202950_748648_sand_lane_change_acados_tmeasy/diag_sand_lane_change_acados_tmeasy.csv,,,1248,0.08614236714596189,0.269015,0.06613463619575254,5.854324561403509,6.6773,0.650480506822612,2.7489022435897437,5.2253,137.57849083460047,80.236684,3.067598,0,chrono_body_contact,0,,,,,,,,0
mpc_tire_model_sweep,tmeasy,standard,tmeasy,tire_force_static,sand,lane_change,9.0,0,103,/home/ksha/Documents/sbel/offroad-control/benchmarking/results/mpc_tire_model_sweep_20260827_162718/raw/0753_tmeasy_sand_lane_change_v9_b0_s103,ok,0,19.136955976486206,15.0,0.99,/home/ksha/Documents/sbel/offroad-control/benchmarking/results/mpc_tire_model_sweep_20260827_162718/raw/0753_tmeasy_sand_lane_change_v9_b0_s103/20260827_203009_922140_sand_lane_change_acados_tmeasy/diag_sand_lane_change_acados_tmeasy.csv,,,1248,0.08706236315655295,0.321771,0.06657459372114495,5.836766297322253,6.65796,0.6485295885913614,2.2995352564102562,4.1,135.54903178054445,80.070725,3.04881,0,chrono_body_contact,0,,,,,,,,0
mpc_tire_model_sweep,tmeasy,standard,tmeasy,tire_force_static,sand,lane_change,9.0,0,104,/home/ksha/Documents/sbel/offroad-control/benchmarking/results/mpc_tire_model_sweep_20260827_162718/raw/0754_tmeasy_sand_lane_change_v9_b0_s104,ok,0,19.133237838745117,15.0,0.99,/home/ksha/Documents/sbel/offroad-control/benchmarking/results/mpc_tire_model_sweep_20260827_162718/raw/0754_tmeasy_sand_lane_change_v9_b0_s104/20260827_203029_102684_sand_lane_change_acados_tmeasy/diag_sand_lane_change_acados_tmeasy.csv,,,1248,0.08561887158380678,0.336729,0.06423825207756233,5.822931486611266,6.65677,0.6469923874012518,2.2812339743589742,3.9052999999999995,135.76731436498784,79.905068,3.009847,0,chrono_body_contact,0,,,,,,,,0
mpc_tire_model_sweep,tmeasy,standard,tmeasy,tire_force_static,sand,lane_change,9.0,4,100,/home/ksha/Documents/sbel/offroad-control/benchmarking/results/mpc_tire_model_sweep_20260827_162718/raw/0755_tmeasy_sand_lane_change_v9_b4_s100,ok,0,19.38028597831726,15.0,0.99,/home/ksha/Documents/sbel/offroad-control/benchmarking/results/mpc_tire_model_sweep_20260827_162718/raw/0755_tmeasy_sand_lane_change_v9_b4_s100/20260827_203048_228200_sand_lane_change_acados_tmeasy/diag_sand_lane_change_acados_tmeasy.csv,,,1248,0.08668001260362686,0.313021,0.06509109233610341,5.827334441366574,6.65268,0.647481604596286,2.270520833333333,3.8552999999999997,136.0696179344096,80.003551,2.994807,0,chrono_body_contact,0,,,,,,,,0
mpc_tire_model_sweep,tmeasy,standard,tmeasy,tire_force_static,sand,lane_change,9.0,4,101,/home/ksha/Documents/sbel/offroad-control/benchmarking/results/mpc_tire_model_sweep_20260827_162718/raw/0756_tmeasy_sand_lane_change_v9_b4_s101,ok,0,19.33201837539673,15.0,0.99,/home/ksha/Documents/sbel/offroad-control/benchmarking/results/mpc_tire_model_sweep_20260827_162718/raw/0756_tmeasy_sand_lane_change_v9_b4_s101/20260827_203107_635241_sand_lane_change_acados_tmeasy/diag_sand_lane_change_acados_tmeasy.csv,,,1248,0.0876962457153547,0.352452,0.06637595290858725,5.832561218836565,6.663959999999999,0.6480623576485072,2.2790785256410255,4.005299999999999,132.17978246875032,80.275977,3.046004,0,chrono_body_contact,0,,,,,,,,0
mpc_tire_model_sweep,tmeasy,standard,tmeasy,tire_force_static,sand,lane_change,9.0,4,102,/home/ksha/Documents/sbel/offroad-control/benchmarking/results/mpc_tire_model_sweep_20260827_162718/raw/0757_tmeasy_sand_lane_change_v9_b4_s102,ok,0,19.337419271469116,15.0,0.99,/home/ksha/Documents/sbel/offroad-control/benchmarking/results/mpc_tire_model_sweep_20260827_162718/raw/0757_tmeasy_sand_lane_change_v9_b4_s102/20260827_203126_995508_sand_lane_change_acados_tmeasy/diag_sand_lane_change_acados_tmeasy.csv,,,1248,0.08757790247841064,0.272253,0.0672680729455217,5.82017109879963,6.64358,0.6466856776444033,2.2796875,4.205299999999999,137.3300124633819,79.958356,3.064652,0,chrono_body_contact,0,,,,,,,,0
mpc_tire_model_sweep,tmeasy,standard,tmeasy,tire_force_static,sand,lane_change,9.0,4,103,/home/ksha/Documents/sbel/offroad-control/benchmarking/results/mpc_tire_model_sweep_20260827_162718/raw/0758_tmeasy_sand_lane_change_v9_b4_s103,ok,0,19.33593511581421,15.0,0.99,/home/ksha/Documents/sbel/offroad-control/benchmarking/results/mpc_tire_model_sweep_20260827_162718/raw/0758_tmeasy_sand_lane_change_v9_b4_s103/20260827_203146_348072_sand_lane_change_acados_tmeasy/diag_sand_lane_change_acados_tmeasy.csv,,,1248,0.08924126390356237,0.318111,0.06865909048938135,5.829037580794091,6.63524,0.6476708423104545,2.267604166666667,3.99,135.5211020544359,80.130951,3.05308,0,chrono_body_contact,0,,,,,,,,0
mpc_tire_model_sweep,tmeasy,standard,tmeasy,tire_force_static,sand,lane_change,9.0,4,104,/home/ksha/Documents/sbel/offroad-control/benchmarking/results/mpc_tire_model_sweep_20260827_162718/raw/0759_tmeasy_sand_lane_change_v9_b4_s104,ok,0,19.339566707611084,15.0,0.99,/home/ksha/Documents/sbel/offroad-control/benchmarking/results/mpc_tire_model_sweep_20260827_162718/raw/0759_tmeasy_sand_lane_change_v9_b4_s104/20260827_203205_701061_sand_lane_change_acados_tmeasy/diag_sand_lane_change_acados_tmeasy.csv,,,1248,0.08704142640626639,0.329359,0.06599854385964912,5.8219544783010155,6.63349,0.646883830922335,2.2876762820512817,4.04,135.82695525075948,80.0532,3.011229,0,chrono_body_contact,0,,,,,,,,0
mpc_tire_model_sweep,tmeasy,standard,tmeasy,tire_force_static,sand,lane_change,9.0,8,100,/home/ksha/Documents/sbel/offroad-control/benchmarking/results/mpc_tire_model_sweep_20260827_162718/raw/0760_tmeasy_sand_lane_change_v9_b8_s100,ok,0,19.531373262405396,15.0,0.99,/home/ksha/Documents/sbel/offroad-control/benchmarking/results/mpc_tire_model_sweep_20260827_162718/raw/0760_tmeasy_sand_lane_change_v9_b8_s100/20260827_203225_176893_sand_lane_change_acados_tmeasy/diag_sand_lane_change_acados_tmeasy.csv,,,1247,0.08494050465578866,0.320974,0.06353012742382272,5.651624284395199,6.29506,0.6279582538216888,2.3715637530072176,4.18,134.81319783984296,77.574581,2.967906,0,chrono_body_contact,0,,,,,,,,0
mpc_tire_model_sweep,tmeasy,standard,tmeasy,tire_force_static,sand,lane_change,9.0,8,101,/home/ksha/Documents/sbel/offroad-control/benchmarking/results/mpc_tire_model_sweep_20260827_162718/raw/0761_tmeasy_sand_lane_change_v9_b8_s101,ok,0,19.43356704711914,15.0,0.99,/home/ksha/Documents/sbel/offroad-control/benchmarking/results/mpc_tire_model_sweep_20260827_162718/raw/0761_tmeasy_sand_lane_change_v9_b8_s101/20260827_203244_627768_sand_lane_change_acados_tmeasy/diag_sand_lane_change_acados_tmeasy.csv,,,1248,0.08619894745163167,0.364736,0.06548609787626963,5.6753783933518,6.36227,0.6305975992613111,2.730208333333333,5.2406,130.8580342198112,78.097291,3.02976,0,chrono_body_contact,0,,,,,,,,0
mpc_tire_model_sweep,tmeasy,standard,tmeasy,tire_force_static,sand,lane_change,9.0,8,102,/home/ksha/Documents/sbel/offroad-control/benchmarking/results/mpc_tire_model_sweep_20260827_162718/raw/0762_tmeasy_sand_lane_change_v9_b8_s102,ok,0,19.480254411697388,15.0,0.99,/home/ksha/Documents/sbel/offroad-control/benchmarking/results/mpc_tire_model_sweep_20260827_162718/raw/0762_tmeasy_sand_lane_change_v9_b8_s102/20260827_203304_078545_sand_lane_change_acados_tmeasy/diag_sand_lane_change_acados_tmeasy.csv,,,1247,0.08536668510732566,0.283541,0.06577064912280702,5.658306648199446,6.3712599999999995,0.6287007386888273,2.3810425020048114,4.196199999999998,135.76550071070372,77.707396,3.072113,0,chrono_body_contact,0,,,,,,,,0
mpc_tire_model_sweep,tmeasy,standard,tmeasy,tire_force_static,sand,lane_change,9.0,8,103,/home/ksha/Documents/sbel/offroad-control/benchmarking/results/mpc_tire_model_sweep_20260827_162718/raw/0763_tmeasy_sand_lane_change_v9_b8_s103,ok,0,19.43961501121521,15.0,0.99,/home/ksha/Documents/sbel/offroad-control/benchmarking/results/mpc_tire_model_sweep_20260827_162718/raw/0763_tmeasy_sand_lane_change_v9_b8_s103/20260827_203323_594088_sand_lane_change_acados_tmeasy/diag_sand_lane_change_acados_tmeasy.csv,,,1248,0.08678965635280746,0.317721,0.06594049030470914,5.65343379501385,6.274819999999999,0.6281593105570944,2.309078525641026,3.9805999999999995,134.15131346416396,77.712248,3.041751,0,chrono_body_contact,0,,,,,,,,0
mpc_tire_model_sweep,tmeasy,standard,tmeasy,tire_force_static,sand,lane_change,9.0,8,104,/home/ksha/Documents/sbel/offroad-control/benchmarking/results/mpc_tire_model_sweep_20260827_162718/raw/0764_tmeasy_sand_lane_change_v9_b8_s104,ok,0,19.478440284729004,15.0,0.99,/home/ksha/Documents/sbel/offroad-control/benchmarking/results/mpc_tire_model_sweep_20260827_162718/raw/0764_tmeasy_sand_lane_change_v9_b8_s104/20260827_203343_033107_sand_lane_change_acados_tmeasy/diag_sand_lane_change_acados_tmeasy.csv,,,1248,0.0837073188364366,0.338251,0.062418725761772854,5.598530840258541,6.293709999999999,0.622058982250949,2.2823878205128207,3.910599999999999,134.14079656076564,77.008309,2.995303,0,chrono_body_contact,0,,,,,,,,0
mpc_tire_model_sweep,tmeasy,standard,tmeasy,tire_force_static,sand,right_left,5.0,0,100,/home/ksha/Documents/sbel/offroad-control/benchmarking/results/mpc_tire_model_sweep_20260827_162718/raw/0765_tmeasy_sand_right_left_v5_b0_s100,ok,0,19.181759119033813,15.0,0.99,/home/ksha/Documents/sbel/offroad-control/benchmarking/results/mpc_tire_model_sweep_20260827_162718/raw/0765_tmeasy_sand_right_left_v5_b0_s100/20260827_203402_545780_sand_right_left_acados_tmeasy/diag_sand_right_left_acados_tmeasy.csv,,,1248,0.3298149357119123,1.495004,0.18514114219759925,4.378184579870729,5.08629,0.8756369159741458,2.9089583333333335,7.306499999999999,126.99609297406799,36.135875,-32.443213,0,chrono_body_contact,0,,,,,,,,0
mpc_tire_model_sweep,tmeasy,standard,tmeasy,tire_force_static,sand,right_left,5.0,0,101,/home/ksha/Documents/sbel/offroad-control/benchmarking/results/mpc_tire_model_sweep_20260827_162718/raw/0766_tmeasy_sand_right_left_v5_b0_s101,ok,0,19.182326078414917,15.0,0.99,/home/ksha/Documents/sbel/offroad-control/benchmarking/results/mpc_tire_model_sweep_20260827_162718/raw/0766_tmeasy_sand_right_left_v5_b0_s101/20260827_203421_741167_sand_right_left_acados_tmeasy/diag_sand_right_left_acados_tmeasy.csv,,,1248,0.2663350215961443,1.126846,0.16454735734072024,4.370197691597415,5.02684,0.874039538319483,2.9192708333333335,8.559199999999983,123.24447803343102,36.457416,-32.013033,0,chrono_body_contact,0,,,,,,,,0
mpc_tire_model_sweep,tmeasy,standard,tmeasy,tire_force_static,sand,right_left,5.0,0,102,/home/ksha/Documents/sbel/offroad-control/benchmarking/results/mpc_tire_model_sweep_20260827_162718/raw/0767_tmeasy_sand_right_left_v5_b0_s102,ok,0,19.136077880859375,15.0,0.99,/home/ksha/Documents/sbel/offroad-control/benchmarking/results/mpc_tire_model_sweep_20260827_162718/raw/0767_tmeasy_sand_right_left_v5_b0_s102/20260827_203440_955962_sand_right_left_acados_tmeasy/diag_sand_right_left_acados_tmeasy.csv,,,1248,0.327632831722403,1.393767,0.18890113665743305,4.391837857802401,5.0884599999999995,0.8783675715604803,3.1265384615384617,10.360599999999998,128.19349375685476,36.380906,-32.297277,0,chrono_body_contact,0,,,,,,,,0
mpc_tire_model_sweep,tmeasy,standard,tmeasy,tire_force_static,sand,right_left,5.0,0,103,/home/ksha/Documents/sbel/offroad-control/benchmarking/results/mpc_tire_model_sweep_20260827_162718/raw/0768_tmeasy_sand_right_left_v5_b0_s103,ok,0,19.133888721466064,15.0,0.99,/home/ksha/Documents/sbel/offroad-control/benchmarking/results/mpc_tire_model_sweep_20260827_162718/raw/0768_tmeasy_sand_right_left_v5_b0_s103/20260827_203500_114310_sand_right_left_acados_tmeasy/diag_sand_right_left_acados_tmeasy.csv,,,1248,0.29008171655633297,1.214243,0.174355675900277,4.39770433979686,5.1136,0.879540867959372,3.054391025641025,9.031899999999995,126.71103627554791,36.726141,-32.135951,0,chrono_body_contact,0,,,,,,,,0
mpc_tire_model_sweep,tmeasy,standard,tmeasy,tire_force_static,sand,right_left,5.0,0,104,/home/ksha/Documents/sbel/offroad-control/benchmarking/results/mpc_tire_model_sweep_20260827_162718/raw/0769_tmeasy_sand_right_left_v5_b0_s104,ok,0,19.136261224746704,15.0,0.99,/home/ksha/Documents/sbel/offroad-control/benchmarking/results/mpc_tire_model_sweep_20260827_162718/raw/0769_tmeasy_sand_right_left_v5_b0_s104/20260827_203519_265149_sand_right_left_acados_tmeasy/diag_sand_right_left_acados_tmeasy.csv,,,1248,0.236124554602717,0.947163,0.15478059926131116,4.311909879963065,4.97997,0.862381975992613,2.8898157051282047,8.222399999999997,126.87940046204847,35.584704,-31.92509,0,chrono_body_contact,0,,,,,,,,0
mpc_tire_model_sweep,tmeasy,standard,tmeasy,tire_force_static,sand,right_left,5.0,4,100,/home/ksha/Documents/sbel/offroad-control/benchmarking/results/mpc_tire_model_sweep_20260827_162718/raw/0770_tmeasy_sand_right_left_v5_b4_s100,ok,0,19.33707356452942,15.0,0.99,/home/ksha/Documents/sbel/offroad-control/benchmarking/results/mpc_tire_model_sweep_20260827_162718/raw/0770_tmeasy_sand_right_left_v5_b4_s100/20260827_203538_415466_sand_right_left_acados_tmeasy/diag_sand_right_left_acados_tmeasy.csv,,,1248,0.3169888380621933,1.418576,0.1842233268698061,4.361469898430286,5.11267,0.8722939796860573,2.992540064102564,8.753699999999991,126.93164542716102,35.978846,-32.368436,0,chrono_body_contact,0,,,,,,,,0
mpc_tire_model_sweep,tmeasy,standard,tmeasy,tire_force_static,sand,right_left,5.0,4,101,/home/ksha/Documents/sbel/offroad-control/benchmarking/results/mpc_tire_model_sweep_20260827_162718/raw/0771_tmeasy_sand_right_left_v5_b4_s101,ok,0,19.338157415390015,15.0,0.99,/home/ksha/Documents/sbel/offroad-control/benchmarking/results/mpc_tire_model_sweep_20260827_162718/raw/0771_tmeasy_sand_right_left_v5_b4_s101/20260827_203557_780319_sand_right_left_acados_tmeasy/diag_sand_right_left_acados_tmeasy.csv,,,1247,0.2579329726054307,1.102587,0.16320366112650048,4.305184487534626,4.98641,0.8610368975069251,2.9850922213311946,8.4208,122.80068483084887,35.672986,-31.987645,0,chrono_body_contact,0,,,,,,,,0
mpc_tire_model_sweep,tmeasy,standard,tmeasy,tire_force_static,sand,right_left,5.0,4,102,/home/ksha/Documents/sbel/offroad-control/benchmarking/results/mpc_tire_model_sweep_20260827_162718/raw/0772_tmeasy_sand_right_left_v5_b4_s102,ok,0,19.33436870574951,15.0,0.99,/home/ksha/Documents/sbel/offroad-control/benchmarking/results/mpc_tire_model_sweep_20260827_162718/raw/0772_tmeasy_sand_right_left_v5_b4_s102/20260827_203617_136078_sand_right_left_acados_tmeasy/diag_sand_right_left_acados_tmeasy.csv,,,1248,0.24653034649711958,1.009927,0.1570835429362881,4.304938042474608,5.016889999999999,0.8609876084949215,3.6720352564102563,9.909199999999982,127.72726655276657,35.516672,-31.904597,0,chrono_body_contact,0,,,,,,,,0
mpc_tire_model_sweep,tmeasy,standard,tmeasy,tire_force_static,sand,right_left,5.0,4,103,/home/ksha/Documents/sbel/offroad-control/benchmarking/results/mpc_tire_model_sweep_20260827_162718/raw/0773_tmeasy_sand_right_left_v5_b4_s103,ok,0,19.33674454689026,15.0,0.99,/home/ksha/Documents/sbel/offroad-control/benchmarking/results/mpc_tire_model_sweep_20260827_162718/raw/0773_tmeasy_sand_right_left_v5_b4_s103/20260827_203636_487709_sand_right_left_acados_tmeasy/diag_sand_right_left_acados_tmeasy.csv,,,1247,0.26885068766929704,1.13009,0.16543913111726685,4.316738319482917,5.0280499999999995,0.8633476638965835,3.4066639935846035,9.6916,126.12303033490667,35.628434,-32.069495,0,chrono_body_contact,0,,,,,,,,0
mpc_tire_model_sweep,tmeasy,standard,tmeasy,tire_force_static,sand,right_left,5.0,4,104,/home/ksha/Documents/sbel/offroad-control/benchmarking/results/mpc_tire_model_sweep_20260827_162718/raw/0774_tmeasy_sand_right_left_v5_b4_s104,ok,0,19.38913869857788,15.0,0.99,/home/ksha/Documents/sbel/offroad-control/benchmarking/results/mpc_tire_model_sweep_20260827_162718/raw/0774_tmeasy_sand_right_left_v5_b4_s104/20260827_203655_855088_sand_right_left_acados_tmeasy/diag_sand_right_left_acados_tmeasy.csv,,,1247,0.26908898092754235,1.083682,0.16990924376731303,4.327909510618652,5.0431099999999995,0.8655819021237304,3.0948837209302322,8.7708,126.9635967105891,35.779765,-32.065914,0,chrono_body_contact,0,,,,,,,,0
mpc_tire_model_sweep,tmeasy,standard,tmeasy,tire_force_static,sand,right_left,5.0,8,100,/home/ksha/Documents/sbel/offroad-control/benchmarking/results/mpc_tire_model_sweep_20260827_162718/raw/0775_tmeasy_sand_right_left_v5_b8_s100,ok,0,19.435729265213013,15.0,0.99,/home/ksha/Documents/sbel/offroad-control/benchmarking/results/mpc_tire_model_sweep_20260827_162718/raw/0775_tmeasy_sand_right_left_v5_b8_s100/20260827_203715_261648_sand_right_left_acados_tmeasy/diag_sand_right_left_acados_tmeasy.csv,,,1248,0.20831053643133873,0.922573,0.13323609418282548,4.193150230840258,4.84591,0.8386300461680516,2.786153846153846,8.256499999999999,125.88879083159942,33.723496,-31.61894,0,chrono_body_contact,0,,,,,,,,0
mpc_tire_model_sweep,tmeasy,standard,tmeasy,tire_force_static,sand,right_left,5.0,8,101,/home/ksha/Documents/sbel/offroad-control/benchmarking/results/mpc_tire_model_sweep_20260827_162718/raw/0776_tmeasy_sand_right_left_v5_b8_s101,ok,0,19.436259031295776,15.0,0.99,/home/ksha/Documents/sbel/offroad-control/benchmarking/results/mpc_tire_model_sweep_20260827_162718/raw/0776_tmeasy_sand_right_left_v5_b8_s101/20260827_203734_708376_sand_right_left_acados_tmeasy/diag_sand_right_left_acados_tmeasy.csv,,,1248,0.28865552398730876,1.429045,0.1591549104339797,4.277934072022161,5.007739999999999,0.8555868144044322,2.8166346153846153,7.160699999999995,122.72806667435046,34.904529,-32.253868,0,chrono_body_contact,0,,,,,,,,0
mpc_tire_model_sweep,tmeasy,standard,tmeasy,tire_force_static,sand,right_left,5.0,8,102,/home/ksha/Documents/sbel/offroad-control/benchmarking/results/mpc_tire_model_sweep_20260827_162718/raw/0777_tmeasy_sand_right_left_v5_b8_s102,ok,0,19.43303370475769,15.0,0.99,/home/ksha/Documents/sbel/offroad-control/benchmarking/results/mpc_tire_model_sweep_20260827_162718/raw/0777_tmeasy_sand_right_left_v5_b8_s102/20260827_203754_174057_sand_right_left_acados_tmeasy/diag_sand_right_left_acados_tmeasy.csv,,,1248,0.23338438433505254,1.042616,0.14039652816251155,4.2125498614958445,4.914649999999999,0.8425099722991689,2.6769310897435896,4.651899999999994,127.14560707457534,33.992851,-31.771452,0,chrono_body_contact,0,,,,,,,,0
mpc_tire_model_sweep,tmeasy,standard,tmeasy,tire_force_static,sand,right_left,5.0,8,103,/home/ksha/Documents/sbel/offroad-control/benchmarking/results/mpc_tire_model_sweep_20260827_162718/raw/0778_tmeasy_sand_right_left_v5_b8_s103,ok,0,19.441214561462402,15.0,0.99,/home/ksha/Documents/sbel/offroad-control/benchmarking/results/mpc_tire_model_sweep_20260827_162718/raw/0778_tmeasy_sand_right_left_v5_b8_s103/20260827_203813_615117_sand_right_left_acados_tmeasy/diag_sand_right_left_acados_tmeasy.csv,,,1248,0.2644145982023229,1.21358,0.15204933979686058,4.292091412742383,5.064,0.8584182825484765,2.8426842948717947,8.294199999999996,126.08674760100683,35.214109,-32.130961,0,chrono_body_contact,0,,,,,,,,0
mpc_tire_model_sweep,tmeasy,standard,tmeasy,tire_force_static,sand,right_left,5.0,8,104,/home/ksha/Documents/sbel/offroad-control/benchmarking/results/mpc_tire_model_sweep_20260827_162718/raw/0779_tmeasy_sand_right_left_v5_b8_s104,ok,0,19.436790704727173,15.0,0.99,/home/ksha/Documents/sbel/offroad-control/benchmarking/results/mpc_tire_model_sweep_20260827_162718/raw/0779_tmeasy_sand_right_left_v5_b8_s104/20260827_203833_083242_sand_right_left_acados_tmeasy/diag_sand_right_left_acados_tmeasy.csv,,,1248,0.241450041377183,1.086585,0.1455859242843952,4.215964265927978,4.902069999999999,0.8431928531855956,2.7952564102564104,5.916099999999963,126.32647566496405,34.055993,-31.893885,0,chrono_body_contact,0,,,,,,,,0
mpc_tire_model_sweep,tmeasy,standard,tmeasy,tire_force_static,sand,right_left,7.0,0,100,/home/ksha/Documents/sbel/offroad-control/benchmarking/results/mpc_tire_model_sweep_20260827_162718/raw/0780_tmeasy_sand_right_left_v7_b0_s100,ok,0,19.13461184501648,15.0,0.99,/home/ksha/Documents/sbel/offroad-control/benchmarking/results/mpc_tire_model_sweep_20260827_162718/raw/0780_tmeasy_sand_right_left_v7_b0_s100/20260827_203852_536426_sand_right_left_acados_tmeasy/diag_sand_right_left_acados_tmeasy.csv,,,1248,1.3086679435923783,3.944424,0.6487655687903972,4.730173037857802,5.38584,0.6757390054082574,3.9952884615384616,10.9659,128.92893043079033,38.421249,-34.844531,0,chrono_body_contact,0,,,,,,,,0
mpc_tire_model_sweep,tmeasy,standard,tmeasy,tire_force_static,sand,right_left,7.0,0,101,/home/ksha/Documents/sbel/offroad-control/benchmarking/results/mpc_tire_model_sweep_20260827_162718/raw/0781_tmeasy_sand_right_left_v7_b0_s101,ok,0,19.13519048690796,15.0,0.99,/home/ksha/Documents/sbel/offroad-control/benchmarking/results/mpc_tire_model_sweep_20260827_162718/raw/0781_tmeasy_sand_right_left_v7_b0_s101/20260827_203911_694610_sand_right_left_acados_tmeasy/diag_sand_right_left_acados_tmeasy.csv,,,1248,1.1719602190981566,3.578576,0.588233646352724,4.783445521698984,5.42758,0.683349360242712,3.9534374999999997,11.077699999999997,125.58907611451582,39.871679,-34.446575,0,chrono_body_contact,0,,,,,,,,0
mpc_tire_model_sweep,tmeasy,standard,tmeasy,tire_force_static,sand,right_left,7.0,0,102,/home/ksha/Documents/sbel/offroad-control/benchmarking/results/mpc_tire_model_sweep_20260827_162718/raw/0782_tmeasy_sand_right_left_v7_b0_s102,ok,0,19.129981756210327,15.0,0.99,/home/ksha/Documents/sbel/offroad-control/benchmarking/results/mpc_tire_model_sweep_20260827_162718/raw/0782_tmeasy_sand_right_left_v7_b0_s102/20260827_203930_858908_sand_right_left_acados_tmeasy/diag_sand_right_left_acados_tmeasy.csv,,,1248,1.2809253249942196,3.995198,0.6513244533702678,4.737282917820868,5.34978,0.6767547025458382,4.436554487179487,12.138499999999988,130.2787352492566,37.512511,-34.873621,0,chrono_body_contact,0,,,,,,,,0
mpc_tire_model_sweep,tmeasy,standard,tmeasy,tire_force_static,sand,right_left,7.0,0,103,/home/ksha/Documents/sbel/offroad-control/benchmarking/results/mpc_tire_model_sweep_20260827_162718/raw/0783_tmeasy_sand_right_left_v7_b0_s103,ok,0,19.136302947998047,15.0,0.99,/home/ksha/Documents/sbel/offroad-control/benchmarking/results/mpc_tire_model_sweep_20260827_162718/raw/0783_tmeasy_sand_right_left_v7_b0_s103/20260827_203950_001841_sand_right_left_acados_tmeasy/diag_sand_right_left_acados_tmeasy.csv,,,1248,1.1767894089463462,3.651587,0.5972552049861496,4.762665096952909,5.3363,0.6803807281361298,4.129823717948717,11.641199999999998,128.83145237271447,39.090585,-34.518727,0,chrono_body_contact,0,,,,,,,,0
mpc_tire_model_sweep,tmeasy,standard,tmeasy,tire_force_static,sand,right_left,7.0,0,104,/home/ksha/Documents/sbel/offroad-control/benchmarking/results/mpc_tire_model_sweep_20260827_162718/raw/0784_tmeasy_sand_right_left_v7_b0_s104,ok,0,19.133512020111084,15.0,0.99,/home/ksha/Documents/sbel/offroad-control/benchmarking/results/mpc_tire_model_sweep_20260827_162718/raw/0784_tmeasy_sand_right_left_v7_b0_s104/20260827_204009_167251_sand_right_left_acados_tmeasy/diag_sand_right_left_acados_tmeasy.csv,,,1248,1.2430299994619285,3.889416,0.6400677386888273,4.736514496768236,5.38772,0.676644928109748,4.353028846153846,12.063699999999992,129.50016600768816,37.890695,-34.833501,0,chrono_body_contact,0,,,,,,,,0
mpc_tire_model_sweep,tmeasy,standard,tmeasy,tire_force_static,sand,right_left,7.0,4,100,/home/ksha/Documents/sbel/offroad-control/benchmarking/results/mpc_tire_model_sweep_20260827_162718/raw/0785_tmeasy_sand_right_left_v7_b4_s100,ok,0,19.337536334991455,15.0,0.99,/home/ksha/Documents/sbel/offroad-control/benchmarking/results/mpc_tire_model_sweep_20260827_162718/raw/0785_tmeasy_sand_right_left_v7_b4_s100/20260827_204028_315378_sand_right_left_acados_tmeasy/diag_sand_right_left_acados_tmeasy.csv,,,1247,1.4415022187582955,4.51148,0.7099839436749769,4.788202123730379,5.36015,0.6840288748186255,4.395124298315958,11.932799999999988,129.27121970669867,38.821206,-35.410045,0,chrono_body_contact,0,,,,,,,,0
mpc_tire_model_sweep,tmeasy,standard,tmeasy,tire_force_static,sand,right_left,7.0,4,101,/home/ksha/Documents/sbel/offroad-control/benchmarking/results/mpc_tire_model_sweep_20260827_162718/raw/0786_tmeasy_sand_right_left_v7_b4_s101,ok,0,19.337583541870117,15.0,0.99,/home/ksha/Documents/sbel/offroad-control/benchmarking/results/mpc_tire_model_sweep_20260827_162718/raw/0786_tmeasy_sand_right_left_v7_b4_s101/20260827_204047_688272_sand_right_left_acados_tmeasy/diag_sand_right_left_acados_tmeasy.csv,,,1248,1.2819658250054664,3.936409,0.6395180110803323,4.740280609418282,5.3886199999999995,0.6771829442026117,4.078629807692308,11.2159,125.33727848981331,38.770828,-34.802525,0,chrono_body_contact,0,,,,,,,,0
mpc_tire_model_sweep,tmeasy,standard,tmeasy,tire_force_static,sand,right_left,7.0,4,102,/home/ksha/Documents/sbel/offroad-control/benchmarking/results/mpc_tire_model_sweep_20260827_162718/raw/0787_tmeasy_sand_right_left_v7_b4_s102,ok,0,19.332843780517578,15.0,0.99,/home/ksha/Documents/sbel/offroad-control/benchmarking/results/mpc_tire_model_sweep_20260827_162718/raw/0787_tmeasy_sand_right_left_v7_b4_s102/20260827_204107_023926_sand_right_left_acados_tmeasy/diag_sand_right_left_acados_tmeasy.csv,,,1248,1.4941360571056348,4.804533,0.7410288605724837,4.764794182825485,5.31644,0.6806848832607836,4.200080128205129,12.3265,130.3916459560315,37.39279,-35.701849,0,chrono_body_contact,0,,,,,,,,0
mpc_tire_model_sweep,tmeasy,standard,tmeasy,tire_force_static,sand,right_left,7.0,4,103,/home/ksha/Documents/sbel/offroad-control/benchmarking/results/mpc_tire_model_sweep_20260827_162718/raw/0788_tmeasy_sand_right_left_v7_b4_s103,ok,0,19.332197904586792,15.0,0.99,/home/ksha/Documents/sbel/offroad-control/benchmarking/results/mpc_tire_model_sweep_20260827_162718/raw/0788_tmeasy_sand_right_left_v7_b4_s103/20260827_204126_381146_sand_right_left_acados_tmeasy/diag_sand_right_left_acados_tmeasy.csv,,,1248,1.2929471504778054,3.872846,0.644979566943675,4.780649030470914,5.391500000000001,0.6829498614958449,4.089126602564102,11.930599999999998,128.94798124454746,39.471456,-34.704079,0,chrono_body_contact,0,,,,,,,,0
mpc_tire_model_sweep,tmeasy,standard,tmeasy,tire_force_static,sand,right_left,7.0,4,104,/home/ksha/Documents/sbel/offroad-control/benchmarking/results/mpc_tire_model_sweep_20260827_162718/raw/0789_tmeasy_sand_right_left_v7_b4_s104,ok,0,19.33489155769348,15.0,0.99,/home/ksha/Documents/sbel/offroad-control/benchmarking/results/mpc_tire_model_sweep_20260827_162718/raw/0789_tmeasy_sand_right_left_v7_b4_s104/20260827_204145_759072_sand_right_left_acados_tmeasy/diag_sand_right_left_acados_tmeasy.csv,,,1248,1.1930826483283465,3.676871,0.6129816657433056,4.776387811634349,5.4120099999999995,0.6823411159477641,4.008076923076923,10.8471,129.71448040495176,39.530802,-34.616077,0,chrono_body_contact,0,,,,,,,,0
mpc_tire_model_sweep,tmeasy,standard,tmeasy,tire_force_static,sand,right_left,7.0,8,100,/home/ksha/Documents/sbel/offroad-control/benchmarking/results/mpc_tire_model_sweep_20260827_162718/raw/0790_tmeasy_sand_right_left_v7_b8_s100,ok,0,19.436609983444214,15.0,0.99,/home/ksha/Documents/sbel/offroad-control/benchmarking/results/mpc_tire_model_sweep_20260827_162718/raw/0790_tmeasy_sand_right_left_v7_b8_s100/20260827_204205_087263_sand_right_left_acados_tmeasy/diag_sand_right_left_acados_tmeasy.csv,,,1248,1.235629619969386,3.742099,0.6083351440443213,4.6975024007386885,5.26826,0.6710717715340984,3.852067307692307,10.489599999999992,128.85730174503414,38.193312,-34.654553,0,chrono_body_contact,0,,,,,,,,0
mpc_tire_model_sweep,tmeasy,standard,tmeasy,tire_force_static,sand,right_left,7.0,8,101,/home/ksha/Documents/sbel/offroad-control/benchmarking/results/mpc_tire_model_sweep_20260827_162718/raw/0791_tmeasy_sand_right_left_v7_b8_s101,ok,0,19.43294620513916,15.0,0.99,/home/ksha/Documents/sbel/offroad-control/benchmarking/results/mpc_tire_model_sweep_20260827_162718/raw/0791_tmeasy_sand_right_left_v7_b8_s101/20260827_204224_603761_sand_right_left_acados_tmeasy/diag_sand_right_left_acados_tmeasy.csv,,,1248,1.1856962068487988,3.726383,0.5852728485687905,4.74036703601108,5.231800000000001,0.6771952908587258,3.9520032051282055,10.87,125.22041317113204,39.123606,-34.595484,0,chrono_body_contact,0,,,,,,,,0
mpc_tire_model_sweep,tmeasy,standard,tmeasy,tire_force_static,sand,right_left,7.0,8,102,/home/ksha/Documents/sbel/offroad-control/benchmarking/results/mpc_tire_model_sweep_20260827_162718/raw/0792_tmeasy_sand_right_left_v7_b8_s102,ok,0,19.437216758728027,15.0,0.99,/home/ksha/Documents/sbel/offroad-control/benchmarking/results/mpc_tire_model_sweep_20260827_162718/raw/0792_tmeasy_sand_right_left_v7_b8_s102/20260827_204243_997993_sand_right_left_acados_tmeasy/diag_sand_right_left_acados_tmeasy.csv,,,1248,0.9154673326546254,3.087075,0.4609428605724838,4.661700184672207,5.16885,0.6659571692388867,3.7663701923076927,10.889699999999987,129.74587416137376,38.498479,-33.990393,0,chrono_body_contact,0,,,,,,,,0
mpc_tire_model_sweep,tmeasy,standard,tmeasy,tire_force_static,sand,right_left,7.0,8,103,/home/ksha/Documents/sbel/offroad-control/benchmarking/results/mpc_tire_model_sweep_20260827_162718/raw/0793_tmeasy_sand_right_left_v7_b8_s103,ok,0,19.432321786880493,15.0,0.99,/home/ksha/Documents/sbel/offroad-control/benchmarking/results/mpc_tire_model_sweep_20260827_162718/raw/0793_tmeasy_sand_right_left_v7_b8_s103/20260827_204303_451753_sand_right_left_acados_tmeasy/diag_sand_right_left_acados_tmeasy.csv,,,1248,1.2001668429224208,3.773901,0.5900962262234534,4.735335641735919,5.2131799999999995,0.6764765202479884,4.022772435897436,11.532999999999998,128.6312749603616,38.950239,-34.640387,0,chrono_body_contact,0,,,,,,,,0
mpc_tire_model_sweep,tmeasy,standard,tmeasy,tire_force_static,sand,right_left,7.0,8,104,/home/ksha/Documents/sbel/offroad-control/benchmarking/results/mpc_tire_model_sweep_20260827_162718/raw/0794_tmeasy_sand_right_left_v7_b8_s104,ok,0,19.431214570999146,15.0,0.99,/home/ksha/Documents/sbel/offroad-control/benchmarking/results/mpc_tire_model_sweep_20260827_162718/raw/0794_tmeasy_sand_right_left_v7_b8_s104/20260827_204322_908449_sand_right_left_acados_tmeasy/diag_sand_right_left_acados_tmeasy.csv,,,1248,1.042874496592515,3.42877,0.5138021957525393,4.683293351800554,5.21472,0.6690419074000792,3.8829166666666666,11.011799999999997,129.15124897421003,38.608392,-34.392952,0,chrono_body_contact,0,,,,,,,,0
mpc_tire_model_sweep,tmeasy,standard,tmeasy,tire_force_static,sand,right_left,9.0,0,100,/home/ksha/Documents/sbel/offroad-control/benchmarking/results/mpc_tire_model_sweep_20260827_162718/raw/0795_tmeasy_sand_right_left_v9_b0_s100,ok,0,19.13170623779297,15.0,0.99,/home/ksha/Documents/sbel/offroad-control/benchmarking/results/mpc_tire_model_sweep_20260827_162718/raw/0795_tmeasy_sand_right_left_v9_b0_s100/20260827_204342_362241_sand_right_left_acados_tmeasy/diag_sand_right_left_acados_tmeasy.csv,,,1248,0.9422192037438724,2.796159,0.5058593268698061,4.75690027700831,5.39739,0.5285444752231456,3.9609375,10.515899999999998,129.1316541801822,39.703938,-33.67107,0,chrono_body_contact,0,,,,,,,,0
mpc_tire_model_sweep,tmeasy,standard,tmeasy,tire_force_static,sand,right_left,9.0,0,101,/home/ksha/Documents/sbel/offroad-control/benchmarking/results/mpc_tire_model_sweep_20260827_162718/raw/0796_tmeasy_sand_right_left_v9_b0_s101,ok,0,19.127485990524292,15.0,0.99,/home/ksha/Documents/sbel/offroad-control/benchmarking/results/mpc_tire_model_sweep_20260827_162718/raw/0796_tmeasy_sand_right_left_v9_b0_s101/20260827_204401_505391_sand_right_left_acados_tmeasy/diag_sand_right_left_acados_tmeasy.csv,,,1248,1.2212940998741935,3.535514,0.6259469104339798,4.817750784856879,5.45655,0.5353056427618754,4.174751602564102,10.770599999999998,125.79680865773045,40.291186,-34.303098,0,chrono_body_contact,0,,,,,,,,0
mpc_tire_model_sweep,tmeasy,standard,tmeasy,tire_force_static,sand,right_left,9.0,0,102,/home/ksha/Documents/sbel/offroad-control/benchmarking/results/mpc_tire_model_sweep_20260827_162718/raw/0797_tmeasy_sand_right_left_v9_b0_s102,ok,0,19.180928468704224,15.0,0.99,/home/ksha/Documents/sbel/offroad-control/benchmarking/results/mpc_tire_model_sweep_20260827_162718/raw/0797_tmeasy_sand_right_left_v9_b0_s102/20260827_204420_646586_sand_right_left_acados_tmeasy/diag_sand_right_left_acados_tmeasy.csv,,,1248,1.2500547803441586,3.72528,0.631504676823638,4.769450969529085,5.45256,0.5299389966143428,4.013389423076923,10.631199999999998,130.4208232197966,39.392571,-34.51529,0,chrono_body_contact,0,,,,,,,,0
mpc_tire_model_sweep,tmeasy,standard,tmeasy,tire_force_static,sand,right_left,9.0,0,103,/home/ksha/Documents/sbel/offroad-control/benchmarking/results/mpc_tire_model_sweep_20260827_162718/raw/0798_tmeasy_sand_right_left_v9_b0_s103,ok,0,19.130293607711792,15.0,0.99,/home/ksha/Documents/sbel/offroad-control/benchmarking/results/mpc_tire_model_sweep_20260827_162718/raw/0798_tmeasy_sand_right_left_v9_b0_s103/20260827_204439_852320_sand_right_left_acados_tmeasy/diag_sand_right_left_acados_tmeasy.csv,,,1247,1.2611134039812752,4.002731,0.6537524912280702,4.728276361957525,5.3591,0.5253640402175028,4.285717722534082,11.408799999999992,128.4546093931762,37.63408,-34.891715,0,chrono_body_contact,0,,,,,,,,0
mpc_tire_model_sweep,tmeasy,standard,tmeasy,tire_force_static,sand,right_left,9.0,0,104,/home/ksha/Documents/sbel/offroad-control/benchmarking/results/mpc_tire_model_sweep_20260827_162718/raw/0799_tmeasy_sand_right_left_v9_b0_s104,ok,0,19.181058168411255,15.0,0.99,/home/ksha/Documents/sbel/offroad-control/benchmarking/results/mpc_tire_model_sweep_20260827_162718/raw/0799_tmeasy_sand_right_left_v9_b0_s104/20260827_204458_999465_sand_right_left_acados_tmeasy/diag_sand_right_left_acados_tmeasy.csv,,,1248,1.4610549090049607,4.536745,0.7489174773776547,4.789074884579871,5.40179,0.5321194316199856,4.490224358974358,12.493699999999992,129.8594492303925,37.91069,-35.481976,0,chrono_body_contact,0,,,,,,,,0
mpc_tire_model_sweep,tmeasy,standard,tmeasy,tire_force_static,sand,right_left,9.0,4,100,/home/ksha/Documents/sbel/offroad-control/benchmarking/results/mpc_tire_model_sweep_20260827_162718/raw/0800_tmeasy_sand_right_left_v9_b4_s100,ok,0,19.38289213180542,15.0,0.99,/home/ksha/Documents/sbel/offroad-control/benchmarking/results/mpc_tire_model_sweep_20260827_162718/raw/0800_tmeasy_sand_right_left_v9_b4_s100/20260827_204518_195649_sand_right_left_acados_tmeasy/diag_sand_right_left_acados_tmeasy.csv,,,1248,1.3657405648463645,4.101466,0.7056643093259465,4.760204986149584,5.337949999999999,0.5289116651277316,4.512508012820513,12.502499999999992,129.17948186786168,38.219986,-35.006701,0,chrono_body_contact,0,,,,,,,,0
mpc_tire_model_sweep,tmeasy,standard,tmeasy,tire_force_static,sand,right_left,9.0,4,101,/home/ksha/Documents/sbel/offroad-control/benchmarking/results/mpc_tire_model_sweep_20260827_162718/raw/0801_tmeasy_sand_right_left_v9_b4_s101,ok,0,19.38275122642517,15.0,0.99,/home/ksha/Documents/sbel/offroad-control/benchmarking/results/mpc_tire_model_sweep_20260827_162718/raw/0801_tmeasy_sand_right_left_v9_b4_s101/20260827_204537_610054_sand_right_left_acados_tmeasy/diag_sand_right_left_acados_tmeasy.csv,,,1248,1.4085917783346409,4.160073,0.7180195761772853,4.798164819944598,5.38528,0.5331294244382887,4.620104166666667,13.155899999999999,125.7040872933464,39.260777,-35.014806,0,chrono_body_contact,0,,,,,,,,0
mpc_tire_model_sweep,tmeasy,standard,tmeasy,tire_force_static,sand,right_left,9.0,4,102,/home/ksha/Documents/sbel/offroad-control/benchmarking/results/mpc_tire_model_sweep_20260827_162718/raw/0802_tmeasy_sand_right_left_v9_b4_s102,ok,0,19.330817461013794,15.0,0.99,/home/ksha/Documents/sbel/offroad-control/benchmarking/results/mpc_tire_model_sweep_20260827_162718/raw/0802_tmeasy_sand_right_left_v9_b4_s102/20260827_204557_001076_sand_right_left_acados_tmeasy/diag_sand_right_left_acados_tmeasy.csv,,,1248,1.3687102309544346,4.004074,0.6980513453370267,4.789830378578024,5.453689999999999,0.5322033753975582,4.33576923076923,11.091799999999997,130.5710210303377,39.318627,-34.799324,0,chrono_body_contact,0,,,,,,,,0
mpc_tire_model_sweep,tmeasy,standard,tmeasy,tire_force_static,sand,right_left,9.0,4,103,/home/ksha/Documents/sbel/offroad-control/benchmarking/results/mpc_tire_model_sweep_20260827_162718/raw/0803_tmeasy_sand_right_left_v9_b4_s103,ok,0,19.329890727996826,15.0,0.99,/home/ksha/Documents/sbel/offroad-control/benchmarking/results/mpc_tire_model_sweep_20260827_162718/raw/0803_tmeasy_sand_right_left_v9_b4_s103/20260827_204616_368476_sand_right_left_acados_tmeasy/diag_sand_right_left_acados_tmeasy.csv,,,1248,1.2213443436191522,3.699731,0.6243424330563251,4.7325140350877195,5.38269,0.5258348927875244,4.103541666666667,11.131199999999998,128.6506186531017,38.728795,-34.530976,0,chrono_body_contact,0,,,,,,,,0
mpc_tire_model_sweep,tmeasy,standard,tmeasy,tire_force_static,sand,right_left,9.0,4,104,/home/ksha/Documents/sbel/offroad-control/benchmarking/results/mpc_tire_model_sweep_20260827_162718/raw/0804_tmeasy_sand_right_left_v9_b4_s104,ok,0,19.333072900772095,15.0,0.99,/home/ksha/Documents/sbel/offroad-control/benchmarking/results/mpc_tire_model_sweep_20260827_162718/raw/0804_tmeasy_sand_right_left_v9_b4_s104/20260827_204635_710355_sand_right_left_acados_tmeasy/diag_sand_right_left_acados_tmeasy.csv,,,1248,1.4213340148750013,4.545456,0.7106583305632502,4.760870729455217,5.31646,0.5289856366061352,4.40474358974359,11.18,129.7362989344685,37.936297,-35.49307,0,chrono_body_contact,0,,,,,,,,0
mpc_tire_model_sweep,tmeasy,standard,tmeasy,tire_force_static,sand,right_left,9.0,8,100,/home/ksha/Documents/sbel/offroad-control/benchmarking/results/mpc_tire_model_sweep_20260827_162718/raw/0805_tmeasy_sand_right_left_v9_b8_s100,ok,0,19.4744131565094,15.0,0.99,/home/ksha/Documents/sbel/offroad-control/benchmarking/results/mpc_tire_model_sweep_20260827_162718/raw/0805_tmeasy_sand_right_left_v9_b8_s100/20260827_204655_048468_sand_right_left_acados_tmeasy/diag_sand_right_left_acados_tmeasy.csv,,,1248,0.7959832934868035,2.5665,0.4198221265004617,4.667760295475531,5.1802399999999995,0.5186400328306146,3.8172035256410255,10.1653,128.68398706143086,38.940677,-33.464914,0,chrono_body_contact,0,,,,,,,,0
mpc_tire_model_sweep,tmeasy,standard,tmeasy,tire_force_static,sand,right_left,9.0,8,101,/home/ksha/Documents/sbel/offroad-control/benchmarking/results/mpc_tire_model_sweep_20260827_162718/raw/0806_tmeasy_sand_right_left_v9_b8_s101,ok,0,19.43555450439453,15.0,0.99,/home/ksha/Documents/sbel/offroad-control/benchmarking/results/mpc_tire_model_sweep_20260827_162718/raw/0806_tmeasy_sand_right_left_v9_b8_s101/20260827_204714_540805_sand_right_left_acados_tmeasy/diag_sand_right_left_acados_tmeasy.csv,,,1248,1.0426128615041579,3.180074,0.5258981689750691,4.744789104339797,5.22699,0.5271987893710885,3.8148157051282054,10.6359,125.24433716401309,39.893482,-34.043158,0,chrono_body_contact,0,,,,,,,,0
mpc_tire_model_sweep,tmeasy,standard,tmeasy,tire_force_static,sand,right_left,9.0,8,102,/home/ksha/Documents/sbel/offroad-control/benchmarking/results/mpc_tire_model_sweep_20260827_162718/raw/0807_tmeasy_sand_right_left_v9_b8_s102,ok,0,19.474621534347534,15.0,0.99,/home/ksha/Documents/sbel/offroad-control/benchmarking/results/mpc_tire_model_sweep_20260827_162718/raw/0807_tmeasy_sand_right_left_v9_b8_s102/20260827_204733_991245_sand_right_left_acados_tmeasy/diag_sand_right_left_acados_tmeasy.csv,,,1248,1.0198061330402437,3.073701,0.5201569713758079,4.662936472760849,5.22274,0.5181040525289833,3.998693910256411,10.911799999999998,129.7842234049179,38.422396,-33.915024,0,chrono_body_contact,0,,,,,,,,0
mpc_tire_model_sweep,tmeasy,standard,tmeasy,tire_force_static,sand,right_left,9.0,8,103,/home/ksha/Documents/sbel/offroad-control/benchmarking/results/mpc_tire_model_sweep_20260827_162718/raw/0808_tmeasy_sand_right_left_v9_b8_s103,ok,0,19.476929664611816,15.0,0.99,/home/ksha/Documents/sbel/offroad-control/benchmarking/results/mpc_tire_model_sweep_20260827_162718/raw/0808_tmeasy_sand_right_left_v9_b8_s103/20260827_204753_489938_sand_right_left_acados_tmeasy/diag_sand_right_left_acados_tmeasy.csv,,,1248,1.301717550887774,3.832617,0.6534309233610341,4.749512096029548,5.3365599999999995,0.5277235662255053,4.132019230769231,11.171199999999999,128.7253625592211,39.081611,-34.657431,0,chrono_body_contact,0,,,,,,,,0
mpc_tire_model_sweep,tmeasy,standard,tmeasy,tire_force_static,sand,right_left,9.0,8,104,/home/ksha/Documents/sbel/offroad-control/benchmarking/results/mpc_tire_model_sweep_20260827_162718/raw/0809_tmeasy_sand_right_left_v9_b8_s104,ok,0,19.479830503463745,15.0,0.99,/home/ksha/Documents/sbel/offroad-control/benchmarking/results/mpc_tire_model_sweep_20260827_162718/raw/0809_tmeasy_sand_right_left_v9_b8_s104/20260827_204812_987771_sand_right_left_acados_tmeasy/diag_sand_right_left_acados_tmeasy.csv,,,1248,1.1170195116200494,3.36395,0.588776809787627,4.742745614035088,5.30307,0.5269717348927876,4.256153846153846,13.047099999999999,129.58594224753128,38.845566,-34.204869,0,chrono_body_contact,0,,,,,,,,0
mpc_tire_model_sweep,tire_force_static,standard,nn,tire_force_static,clay,sinusoidal,5.0,0,100,/home/ksha/Documents/sbel/offroad-control/benchmarking/results/mpc_tire_model_sweep_20260827_162718/raw/0810_tire_force_static_clay_sinusoidal_v5_b0_s100,ok,0,19.180798768997192,15.0,0.99,/home/ksha/Documents/sbel/offroad-control/benchmarking/results/mpc_tire_model_sweep_20260827_162718/raw/0810_tire_force_static_clay_sinusoidal_v5_b0_s100/20260827_204832_823280_clay_sinusoidal_acados_static_mlp/diag_clay_sinusoidal_acados_static_mlp.csv,,,1250,0.0997863425263209,0.391456,0.07768688550323176,3.726046352723915,5.26024,0.745209270544783,6.227072,7.260599999999999,124.43086878868469,50.031198,0.080203,0,chrono_body_contact,0,,,,,,,,0
mpc_tire_model_sweep,tire_force_static,standard,nn,tire_force_static,clay,sinusoidal,5.0,0,101,/home/ksha/Documents/sbel/offroad-control/benchmarking/results/mpc_tire_model_sweep_20260827_162718/raw/0811_tire_force_static_clay_sinusoidal_v5_b0_s101,ok,0,19.2295503616333,15.0,0.99,/home/ksha/Documents/sbel/offroad-control/benchmarking/results/mpc_tire_model_sweep_20260827_162718/raw/0811_tire_force_static_clay_sinusoidal_v5_b0_s101/20260827_204852_026699_clay_sinusoidal_acados_static_mlp/diag_clay_sinusoidal_acados_static_mlp.csv,,,1250,0.09555076811467184,0.337967,0.07412233056325024,3.673238781163435,5.14763,0.734647756232687,6.187767999999999,6.6902,120.1915955749172,49.581262,0.388923,0,chrono_body_contact,0,,,,,,,,0
mpc_tire_model_sweep,tire_force_static,standard,nn,tire_force_static,clay,sinusoidal,5.0,0,102,/home/ksha/Documents/sbel/offroad-control/benchmarking/results/mpc_tire_model_sweep_20260827_162718/raw/0812_tire_force_static_clay_sinusoidal_v5_b0_s102,ok,0,19.18585753440857,15.0,0.99,/home/ksha/Documents/sbel/offroad-control/benchmarking/results/mpc_tire_model_sweep_20260827_162718/raw/0812_tire_force_static_clay_sinusoidal_v5_b0_s102/20260827_204911_281113_clay_sinusoidal_acados_static_mlp/diag_clay_sinusoidal_acados_static_mlp.csv,,,1250,0.09645193069747991,0.365959,0.07422815974145891,3.635685226223454,5.13409,0.7271370452446908,6.154008,6.6602,124.96918765116715,48.962055,0.647992,0,chrono_body_contact,0,,,,,,,,0
mpc_tire_model_sweep,tire_force_static,standard,nn,tire_force_static,clay,sinusoidal,5.0,0,103,/home/ksha/Documents/sbel/offroad-control/benchmarking/results/mpc_tire_model_sweep_20260827_162718/raw/0813_tire_force_static_clay_sinusoidal_v5_b0_s103,ok,0,19.2292320728302,15.0,0.99,/home/ksha/Documents/sbel/offroad-control/benchmarking/results/mpc_tire_model_sweep_20260827_162718/raw/0813_tire_force_static_clay_sinusoidal_v5_b0_s103/20260827_204930_475770_clay_sinusoidal_acados_static_mlp/diag_clay_sinusoidal_acados_static_mlp.csv,,,1250,0.09329944977031329,0.37101,0.07070341735918743,3.695856971375808,5.19937,0.7391713942751615,6.087456,7.096099999999999,123.3062852714097,49.783594,0.318388,0,chrono_body_contact,0,,,,,,,,0
mpc_tire_model_sweep,tire_force_static,standard,nn,tire_force_static,clay,sinusoidal,5.0,0,104,/home/ksha/Documents/sbel/offroad-control/benchmarking/results/mpc_tire_model_sweep_20260827_162718/raw/0814_tire_force_static_clay_sinusoidal_v5_b0_s104,ok,0,19.230441093444824,15.0,0.99,/home/ksha/Documents/sbel/offroad-control/benchmarking/results/mpc_tire_model_sweep_20260827_162718/raw/0814_tire_force_static_clay_sinusoidal_v5_b0_s104/20260827_204949_731447_clay_sinusoidal_acados_static_mlp/diag_clay_sinusoidal_acados_static_mlp.csv,,,1250,0.09454579646931227,0.291299,0.07491473314866112,3.6933762696214214,5.19196,0.7386752539242842,6.142432,6.7351,123.79169387947509,49.788915,0.208355,0,chrono_body_contact,0,,,,,,,,0
mpc_tire_model_sweep,tire_force_static,standard,nn,tire_force_static,clay,sinusoidal,5.0,4,100,/home/ksha/Documents/sbel/offroad-control/benchmarking/results/mpc_tire_model_sweep_20260827_162718/raw/0815_tire_force_static_clay_sinusoidal_v5_b4_s100,ok,0,19.481263399124146,15.0,0.99,/home/ksha/Documents/sbel/offroad-control/benchmarking/results/mpc_tire_model_sweep_20260827_162718/raw/0815_tire_force_static_clay_sinusoidal_v5_b4_s100/20260827_205008_991454_clay_sinusoidal_acados_static_mlp/diag_clay_sinusoidal_acados_static_mlp.csv,,,1250,0.09614378985615708,0.354505,0.07586922530009234,3.6982653739612186,5.143039999999999,0.7396530747922437,6.196352,6.7002,124.2735672197154,49.795156,0.160008,0,chrono_body_contact,0,,,,,,,,0
mpc_tire_model_sweep,tire_force_static,standard,nn,tire_force_static,clay,sinusoidal,5.0,4,101,/home/ksha/Documents/sbel/offroad-control/benchmarking/results/mpc_tire_model_sweep_20260827_162718/raw/0816_tire_force_static_clay_sinusoidal_v5_b4_s101,ok,0,19.474758863449097,15.0,0.99,/home/ksha/Documents/sbel/offroad-control/benchmarking/results/mpc_tire_model_sweep_20260827_162718/raw/0816_tire_force_static_clay_sinusoidal_v5_b4_s101/20260827_205028_491769_clay_sinusoidal_acados_static_mlp/diag_clay_sinusoidal_acados_static_mlp.csv,,,1250,0.10238570122074432,0.334213,0.08093526685133888,3.6872421975992613,5.195069999999999,0.7374484395198523,6.222784,6.7051,120.3122068423749,49.836777,0.303245,0,chrono_body_contact,0,,,,,,,,0
mpc_tire_model_sweep,tire_force_static,standard,nn,tire_force_static,clay,sinusoidal,5.0,4,102,/home/ksha/Documents/sbel/offroad-control/benchmarking/results/mpc_tire_model_sweep_20260827_162718/raw/0817_tire_force_static_clay_sinusoidal_v5_b4_s102,ok,0,19.432926893234253,15.0,0.99,/home/ksha/Documents/sbel/offroad-control/benchmarking/results/mpc_tire_model_sweep_20260827_162718/raw/0817_tire_force_static_clay_sinusoidal_v5_b4_s102/20260827_205047_987766_clay_sinusoidal_acados_static_mlp/diag_clay_sinusoidal_acados_static_mlp.csv,,,1229,0.09933365006969215,0.354131,0.07640691228070175,3.858253370267775,5.1651,0.771650674053555,6.204483319772173,6.718800000000002,123.4942570195915,51.972555,-0.730279,0,chrono_body_contact,0,,,,,,,,0
mpc_tire_model_sweep,tire_force_static,standard,nn,tire_force_static,clay,sinusoidal,5.0,4,103,/home/ksha/Documents/sbel/offroad-control/benchmarking/results/mpc_tire_model_sweep_20260827_162718/raw/0818_tire_force_static_clay_sinusoidal_v5_b4_s103,ok,0,19.4248526096344,15.0,0.99,/home/ksha/Documents/sbel/offroad-control/benchmarking/results/mpc_tire_model_sweep_20260827_162718/raw/0818_tire_force_static_clay_sinusoidal_v5_b4_s103/20260827_205107_430615_clay_sinusoidal_acados_static_mlp/diag_clay_sinusoidal_acados_static_mlp.csv,,,1250,0.10653142811957733,0.386009,0.08074823822714682,3.720348014773776,5.22809,0.7440696029547552,6.112472,6.7055,123.5002002790863,50.138704,0.171383,0,chrono_body_contact,0,,,,,,,,0
mpc_tire_model_sweep,tire_force_static,standard,nn,tire_force_static,clay,sinusoidal,5.0,4,104,/home/ksha/Documents/sbel/offroad-control/benchmarking/results/mpc_tire_model_sweep_20260827_162718/raw/0819_tire_force_static_clay_sinusoidal_v5_b4_s104,ok,0,19.430345058441162,15.0,0.99,/home/ksha/Documents/sbel/offroad-control/benchmarking/results/mpc_tire_model_sweep_20260827_162718/raw/0819_tire_force_static_clay_sinusoidal_v5_b4_s104/20260827_205126_874286_clay_sinusoidal_acados_static_mlp/diag_clay_sinusoidal_acados_static_mlp.csv,,,1250,0.09373660252193149,0.287424,0.07608206832871653,3.642201015697138,5.149749999999999,0.7284402031394276,6.023856,6.4605999999999995,123.55548119477591,49.25909,0.446142,0,chrono_body_contact,0,,,,,,,,0
mpc_tire_model_sweep,tire_force_static,standard,nn,tire_force_static,clay,sinusoidal,5.0,8,100,/home/ksha/Documents/sbel/offroad-control/benchmarking/results/mpc_tire_model_sweep_20260827_162718/raw/0820_tire_force_static_clay_sinusoidal_v5_b8_s100,ok,0,19.58189582824707,15.0,0.99,/home/ksha/Documents/sbel/offroad-control/benchmarking/results/mpc_tire_model_sweep_20260827_162718/raw/0820_tire_force_static_clay_sinusoidal_v5_b8_s100/20260827_205146_333599_clay_sinusoidal_acados_static_mlp/diag_clay_sinusoidal_acados_static_mlp.csv,,,1250,0.1072543769168331,0.406453,0.07998703693444137,3.4913345337026773,5.27574,0.6982669067405355,6.197664,6.6,123.33999459030119,46.847809,1.335899,0,chrono_body_contact,0,,,,,,,,0
mpc_tire_model_sweep,tire_force_static,standard,nn,tire_force_static,clay,sinusoidal,5.0,8,101,/home/ksha/Documents/sbel/offroad-control/benchmarking/results/mpc_tire_model_sweep_20260827_162718/raw/0821_tire_force_static_clay_sinusoidal_v5_b8_s101,ok,0,19.58165216445923,15.0,0.99,/home/ksha/Documents/sbel/offroad-control/benchmarking/results/mpc_tire_model_sweep_20260827_162718/raw/0821_tire_force_static_clay_sinusoidal_v5_b8_s101/20260827_205205_959402_clay_sinusoidal_acados_static_mlp/diag_clay_sinusoidal_acados_static_mlp.csv,,,1250,0.11953725066758211,0.389451,0.09007044783010158,3.569101200369344,5.29992,0.7138202400738688,8.164304000000001,8.5002,119.80208681220348,48.018708,1.131537,0,chrono_body_contact,0,,,,,,,,0
mpc_tire_model_sweep,tire_force_static,standard,nn,tire_force_static,clay,sinusoidal,5.0,8,102,/home/ksha/Documents/sbel/offroad-control/benchmarking/results/mpc_tire_model_sweep_20260827_162718/raw/0822_tire_force_static_clay_sinusoidal_v5_b8_s102,ok,0,19.57640314102173,15.0,0.99,/home/ksha/Documents/sbel/offroad-control/benchmarking/results/mpc_tire_model_sweep_20260827_162718/raw/0822_tire_force_static_clay_sinusoidal_v5_b8_s102/20260827_205225_636286_clay_sinusoidal_acados_static_mlp/diag_clay_sinusoidal_acados_static_mlp.csv,,,1250,0.11496851097494051,0.449773,0.08437735549399816,3.4875068328716528,5.2341500000000005,0.6975013665743306,6.266088000000001,7.955699999999999,124.33984484946775,46.829431,1.44138,0,chrono_body_contact,0,,,,,,,,0
mpc_tire_model_sweep,tire_force_static,standard,nn,tire_force_static,clay,sinusoidal,5.0,8,103,/home/ksha/Documents/sbel/offroad-control/benchmarking/results/mpc_tire_model_sweep_20260827_162718/raw/0823_tire_force_static_clay_sinusoidal_v5_b8_s103,ok,0,19.53762125968933,15.0,0.99,/home/ksha/Documents/sbel/offroad-control/benchmarking/results/mpc_tire_model_sweep_20260827_162718/raw/0823_tire_force_static_clay_sinusoidal_v5_b8_s103/20260827_205245_137090_clay_sinusoidal_acados_static_mlp/diag_clay_sinusoidal_acados_static_mlp.csv,,,1250,0.11359325566385507,0.415422,0.08506745337026778,3.562472760849492,5.283919999999999,0.7124945521698984,6.226688,6.6851,122.77506893961854,47.892886,1.166949,0,chrono_body_contact,0,,,,,,,,0
mpc_tire_model_sweep,tire_force_static,standard,nn,tire_force_static,clay,sinusoidal,5.0,8,104,/home/ksha/Documents/sbel/offroad-control/benchmarking/results/mpc_tire_model_sweep_20260827_162718/raw/0824_tire_force_static_clay_sinusoidal_v5_b8_s104,ok,0,19.57984185218811,15.0,0.99,/home/ksha/Documents/sbel/offroad-control/benchmarking/results/mpc_tire_model_sweep_20260827_162718/raw/0824_tire_force_static_clay_sinusoidal_v5_b8_s104/20260827_205304_700096_clay_sinusoidal_acados_static_mlp/diag_clay_sinusoidal_acados_static_mlp.csv,,,1250,0.11495194052044722,0.4373,0.08548791320406278,3.5212967682363803,5.26795,0.7042593536472761,7.629767999999999,8.385100000000001,122.9308230342619,47.3849,1.245431,0,chrono_body_contact,0,,,,,,,,0
mpc_tire_model_sweep,tire_force_static,standard,nn,tire_force_static,clay,sinusoidal,7.0,0,100,/home/ksha/Documents/sbel/offroad-control/benchmarking/results/mpc_tire_model_sweep_20260827_162718/raw/0825_tire_force_static_clay_sinusoidal_v7_b0_s100,ok,0,19.22515320777893,15.0,0.99,/home/ksha/Documents/sbel/offroad-control/benchmarking/results/mpc_tire_model_sweep_20260827_162718/raw/0825_tire_force_static_clay_sinusoidal_v7_b0_s100/20260827_205324_300878_clay_sinusoidal_acados_static_mlp/diag_clay_sinusoidal_acados_static_mlp.csv,,,1250,0.365952965042014,1.220715,0.2227243804247461,4.36035106186519,6.43117,0.62290729455217,6.251024,6.7951,128.34121851406456,58.376168,-1.183498,0,chrono_body_contact,0,,,,,,,,0
mpc_tire_model_sweep,tire_force_static,standard,nn,tire_force_static,clay,sinusoidal,7.0,0,101,/home/ksha/Documents/sbel/offroad-control/benchmarking/results/mpc_tire_model_sweep_20260827_162718/raw/0826_tire_force_static_clay_sinusoidal_v7_b0_s101,ok,0,19.230629682540894,15.0,0.99,/home/ksha/Documents/sbel/offroad-control/benchmarking/results/mpc_tire_model_sweep_20260827_162718/raw/0826_tire_force_static_clay_sinusoidal_v7_b0_s101/20260827_205343_549278_clay_sinusoidal_acados_static_mlp/diag_clay_sinusoidal_acados_static_mlp.csv,,,1250,0.3249073056399067,1.002437,0.2053492511542013,4.349058725761773,6.442009999999999,0.6212941036802533,6.231936,6.911799999999999,124.39327996095952,58.410042,-1.229173,0,chrono_body_contact,0,,,,,,,,0
mpc_tire_model_sweep,tire_force_static,standard,nn,tire_force_static,clay,sinusoidal,7.0,0,102,/home/ksha/Documents/sbel/offroad-control/benchmarking/results/mpc_tire_model_sweep_20260827_162718/raw/0827_tire_force_static_clay_sinusoidal_v7_b0_s102,ok,0,19.226986408233643,15.0,0.99,/home/ksha/Documents/sbel/offroad-control/benchmarking/results/mpc_tire_model_sweep_20260827_162718/raw/0827_tire_force_static_clay_sinusoidal_v7_b0_s102/20260827_205402_807224_clay_sinusoidal_acados_static_mlp/diag_clay_sinusoidal_acados_static_mlp.csv,,,1250,0.33054033490635815,1.017841,0.21397564173591876,4.4063979686057255,6.40689,0.6294854240865322,7.950824000000002,8.5402,129.57899466101765,59.08893,-1.243167,0,chrono_body_contact,0,,,,,,,,0
mpc_tire_model_sweep,tire_force_static,standard,nn,tire_force_static,clay,sinusoidal,7.0,0,103,/home/ksha/Documents/sbel/offroad-control/benchmarking/results/mpc_tire_model_sweep_20260827_162718/raw/0828_tire_force_static_clay_sinusoidal_v7_b0_s103,ok,0,19.221022367477417,15.0,0.99,/home/ksha/Documents/sbel/offroad-control/benchmarking/results/mpc_tire_model_sweep_20260827_162718/raw/0828_tire_force_static_clay_sinusoidal_v7_b0_s103/20260827_205422_037707_clay_sinusoidal_acados_static_mlp/diag_clay_sinusoidal_acados_static_mlp.csv,,,1250,0.30021754402366935,1.014105,0.19023081902123734,4.301087442289935,6.441739999999999,0.6144410631842765,6.026511999999999,6.4555,127.33898636136449,57.69698,-1.185897,0,chrono_body_contact,0,,,,,,,,0
mpc_tire_model_sweep,tire_force_static,standard,nn,tire_force_static,clay,sinusoidal,7.0,0,104,/home/ksha/Documents/sbel/offroad-control/benchmarking/results/mpc_tire_model_sweep_20260827_162718/raw/0829_tire_force_static_clay_sinusoidal_v7_b0_s104,ok,0,19.232348203659058,15.0,0.99,/home/ksha/Documents/sbel/offroad-control/benchmarking/results/mpc_tire_model_sweep_20260827_162718/raw/0829_tire_force_static_clay_sinusoidal_v7_b0_s104/20260827_205441_295787_clay_sinusoidal_acados_static_mlp/diag_clay_sinusoidal_acados_static_mlp.csv,,,1250,0.3295935683438212,1.065404,0.20668952816251154,4.294016343490304,6.43023,0.6134309062129005,6.17892,6.962399999999998,127.73320984272495,57.518713,-1.17686,0,chrono_body_contact,0,,,,,,,,0
mpc_tire_model_sweep,tire_force_static,standard,nn,tire_force_static,clay,sinusoidal,7.0,4,100,/home/ksha/Documents/sbel/offroad-control/benchmarking/results/mpc_tire_model_sweep_20260827_162718/raw/0830_tire_force_static_clay_sinusoidal_v7_b4_s100,ok,0,19.474127531051636,15.0,0.99,/home/ksha/Documents/sbel/offroad-control/benchmarking/results/mpc_tire_model_sweep_20260827_162718/raw/0830_tire_force_static_clay_sinusoidal_v7_b4_s100/20260827_205500_548602_clay_sinusoidal_acados_static_mlp/diag_clay_sinusoidal_acados_static_mlp.csv,,,1250,0.31897679280705166,1.001514,0.20958422991689749,4.349376638965836,6.4590700000000005,0.6213395198522623,7.633088000000001,8.6151,128.29308280988403,58.284271,-1.3826,0,chrono_body_contact,0,,,,,,,,0
mpc_tire_model_sweep,tire_force_static,standard,nn,tire_force_static,clay,sinusoidal,7.0,4,101,/home/ksha/Documents/sbel/offroad-control/benchmarking/results/mpc_tire_model_sweep_20260827_162718/raw/0831_tire_force_static_clay_sinusoidal_v7_b4_s101,ok,0,19.43874502182007,15.0,0.99,/home/ksha/Documents/sbel/offroad-control/benchmarking/results/mpc_tire_model_sweep_20260827_162718/raw/0831_tire_force_static_clay_sinusoidal_v7_b4_s101/20260827_205520_035332_clay_sinusoidal_acados_static_mlp/diag_clay_sinusoidal_acados_static_mlp.csv,,,1250,0.34741130658490443,1.017123,0.23047688088642662,4.379640720221607,6.54552,0.6256629600316581,6.289984,6.8453,124.701883676774,58.923492,-1.194018,0,chrono_body_contact,0,,,,,,,,0
mpc_tire_model_sweep,tire_force_static,standard,nn,tire_force_static,clay,sinusoidal,7.0,4,102,/home/ksha/Documents/sbel/offroad-control/benchmarking/results/mpc_tire_model_sweep_20260827_162718/raw/0832_tire_force_static_clay_sinusoidal_v7_b4_s102,ok,0,19.477807998657227,15.0,0.99,/home/ksha/Documents/sbel/offroad-control/benchmarking/results/mpc_tire_model_sweep_20260827_162718/raw/0832_tire_force_static_clay_sinusoidal_v7_b4_s102/20260827_205539_486359_clay_sinusoidal_acados_static_mlp/diag_clay_sinusoidal_acados_static_mlp.csv,,,1250,0.33918141003361807,1.020083,0.22556372299168972,4.490911265004617,6.42427,0.6415587521435168,7.317784,8.725100000000001,129.99516523537773,60.402553,-1.308242,0,chrono_body_contact,0,,,,,,,,0
mpc_tire_model_sweep,tire_force_static,standard,nn,tire_force_static,clay,sinusoidal,7.0,4,103,/home/ksha/Documents/sbel/offroad-control/benchmarking/results/mpc_tire_model_sweep_20260827_162718/raw/0833_tire_force_static_clay_sinusoidal_v7_b4_s103,ok,0,19.42777919769287,15.0,0.99,/home/ksha/Documents/sbel/offroad-control/benchmarking/results/mpc_tire_model_sweep_20260827_162718/raw/0833_tire_force_static_clay_sinusoidal_v7_b4_s103/20260827_205558_990542_clay_sinusoidal_acados_static_mlp/diag_clay_sinusoidal_acados_static_mlp.csv,,,1231,0.3318978018861482,1.018329,0.22061339612188366,4.5532697137580795,6.4423900000000005,0.6504671019654399,6.2873923639317635,6.748000000000002,127.17725298003649,61.272555,-1.24632,0,chrono_body_contact,0,,,,,,,,0
mpc_tire_model_sweep,tire_force_static,standard,nn,tire_force_static,clay,sinusoidal,7.0,4,104,/home/ksha/Documents/sbel/offroad-control/benchmarking/results/mpc_tire_model_sweep_20260827_162718/raw/0834_tire_force_static_clay_sinusoidal_v7_b4_s104,ok,0,19.423112154006958,15.0,0.99,/home/ksha/Documents/sbel/offroad-control/benchmarking/results/mpc_tire_model_sweep_20260827_162718/raw/0834_tire_force_static_clay_sinusoidal_v7_b4_s104/20260827_205618_447654_clay_sinusoidal_acados_static_mlp/diag_clay_sinusoidal_acados_static_mlp.csv,,,1250,0.32107859440514813,1.011804,0.2103132188365651,4.288516158818098,6.421589999999999,0.6126451655454426,6.242072,6.7902,127.68617580280916,57.479669,-1.260841,0,chrono_body_contact,0,,,,,,,,0
mpc_tire_model_sweep,tire_force_static,standard,nn,tire_force_static,clay,sinusoidal,7.0,8,100,/home/ksha/Documents/sbel/offroad-control/benchmarking/results/mpc_tire_model_sweep_20260827_162718/raw/0835_tire_force_static_clay_sinusoidal_v7_b8_s100,ok,0,19.537948846817017,15.0,0.99,/home/ksha/Documents/sbel/offroad-control/benchmarking/results/mpc_tire_model_sweep_20260827_162718/raw/0835_tire_force_static_clay_sinusoidal_v7_b8_s100/20260827_205637_874582_clay_sinusoidal_acados_static_mlp/diag_clay_sinusoidal_acados_static_mlp.csv,,,1250,0.37092521866321093,1.047233,0.24140104524469064,4.102897229916897,6.300869999999999,0.5861281757024138,6.3092880000000005,7.075899999999999,127.08530133453607,54.761916,-0.806244,0,chrono_body_contact,0,,,,,,,,0
mpc_tire_model_sweep,tire_force_static,standard,nn,tire_force_static,clay,sinusoidal,7.0,8,101,/home/ksha/Documents/sbel/offroad-control/benchmarking/results/mpc_tire_model_sweep_20260827_162718/raw/0836_tire_force_static_clay_sinusoidal_v7_b8_s101,ok,0,19.528853178024292,15.0,0.99,/home/ksha/Documents/sbel/offroad-control/benchmarking/results/mpc_tire_model_sweep_20260827_162718/raw/0836_tire_force_static_clay_sinusoidal_v7_b8_s101/20260827_205657_436686_clay_sinusoidal_acados_static_mlp/diag_clay_sinusoidal_acados_static_mlp.csv,,,1250,0.3415259447872634,1.049766,0.22547017913204065,4.086523822714681,6.16833,0.5837891175306688,6.195672,6.8351,123.01008207536638,54.726286,-0.693403,0,chrono_body_contact,0,,,,,,,,0
mpc_tire_model_sweep,tire_force_static,standard,nn,tire_force_static,clay,sinusoidal,7.0,8,102,/home/ksha/Documents/sbel/offroad-control/benchmarking/results/mpc_tire_model_sweep_20260827_162718/raw/0837_tire_force_static_clay_sinusoidal_v7_b8_s102,ok,0,19.531810760498047,15.0,0.99,/home/ksha/Documents/sbel/offroad-control/benchmarking/results/mpc_tire_model_sweep_20260827_162718/raw/0837_tire_force_static_clay_sinusoidal_v7_b8_s102/20260827_205716_979287_clay_sinusoidal_acados_static_mlp/diag_clay_sinusoidal_acados_static_mlp.csv,,,1250,0.33100219792118823,0.904429,0.22138951431209605,4.050945891043398,6.11753,0.5787065558633425,6.023664,6.2551,127.8238013403164,54.065238,-0.647629,0,chrono_body_contact,0,,,,,,,,0
mpc_tire_model_sweep,tire_force_static,standard,nn,tire_force_static,clay,sinusoidal,7.0,8,103,/home/ksha/Documents/sbel/offroad-control/benchmarking/results/mpc_tire_model_sweep_20260827_162718/raw/0838_tire_force_static_clay_sinusoidal_v7_b8_s103,ok,0,19.52657175064087,15.0,0.99,/home/ksha/Documents/sbel/offroad-control/benchmarking/results/mpc_tire_model_sweep_20260827_162718/raw/0838_tire_force_static_clay_sinusoidal_v7_b8_s103/20260827_205736_530824_clay_sinusoidal_acados_static_mlp/diag_clay_sinusoidal_acados_static_mlp.csv,,,1250,0.3290691820087315,0.932095,0.22043665650969532,4.106787719298246,6.16888,0.5866839598997494,6.169416,6.980599999999999,126.26526733263921,54.878358,-0.87086,0,chrono_body_contact,0,,,,,,,,0
mpc_tire_model_sweep,tire_force_static,standard,nn,tire_force_static,clay,sinusoidal,7.0,8,104,/home/ksha/Documents/sbel/offroad-control/benchmarking/results/mpc_tire_model_sweep_20260827_162718/raw/0839_tire_force_static_clay_sinusoidal_v7_b8_s104,ok,0,19.57294249534607,15.0,0.99,/home/ksha/Documents/sbel/offroad-control/benchmarking/results/mpc_tire_model_sweep_20260827_162718/raw/0839_tire_force_static_clay_sinusoidal_v7_b8_s104/20260827_205756_080828_clay_sinusoidal_acados_static_mlp/diag_clay_sinusoidal_acados_static_mlp.csv,,,1250,0.3377092915286846,0.934989,0.2293348578024007,4.0993665743305625,6.214919999999999,0.5856237963329375,6.178103999999999,6.68,126.56471323874892,54.719888,-0.844756,0,chrono_body_contact,0,,,,,,,,0
mpc_tire_model_sweep,tire_force_static,standard,nn,tire_force_static,clay,sinusoidal,9.0,0,100,/home/ksha/Documents/sbel/offroad-control/benchmarking/results/mpc_tire_model_sweep_20260827_162718/raw/0840_tire_force_static_clay_sinusoidal_v9_b0_s100,ok,0,19.18060874938965,15.0,0.99,/home/ksha/Documents/sbel/offroad-control/benchmarking/results/mpc_tire_model_sweep_20260827_162718/raw/0840_tire_force_static_clay_sinusoidal_v9_b0_s100/20260827_205815_678549_clay_sinusoidal_acados_static_mlp/diag_clay_sinusoidal_acados_static_mlp.csv,,,1250,0.3596776915262457,1.159219,0.23257916158818098,4.391081255771007,6.51774,0.4878979173078897,6.182632,6.6804,128.64589799784366,58.771545,-1.210026,0,chrono_body_contact,0,,,,,,,,0
mpc_tire_model_sweep,tire_force_static,standard,nn,tire_force_static,clay,sinusoidal,9.0,0,101,/home/ksha/Documents/sbel/offroad-control/benchmarking/results/mpc_tire_model_sweep_20260827_162718/raw/0841_tire_force_static_clay_sinusoidal_v9_b0_s101,ok,0,19.23028016090393,15.0,0.99,/home/ksha/Documents/sbel/offroad-control/benchmarking/results/mpc_tire_model_sweep_20260827_162718/raw/0841_tire_force_static_clay_sinusoidal_v9_b0_s101/20260827_205834_887552_clay_sinusoidal_acados_static_mlp/diag_clay_sinusoidal_acados_static_mlp.csv,,,1250,0.3729948923123339,1.14448,0.2363247977839335,4.3976459833795,6.59983,0.48862733148661114,6.096032,7.111199999999998,124.87755665009885,59.03436,-1.067778,0,chrono_body_contact,0,,,,,,,,0
mpc_tire_model_sweep,tire_force_static,standard,nn,tire_force_static,clay,sinusoidal,9.0,0,102,/home/ksha/Documents/sbel/offroad-control/benchmarking/results/mpc_tire_model_sweep_20260827_162718/raw/0842_tire_force_static_clay_sinusoidal_v9_b0_s102,ok,0,19.187471628189087,15.0,0.99,/home/ksha/Documents/sbel/offroad-control/benchmarking/results/mpc_tire_model_sweep_20260827_162718/raw/0842_tire_force_static_clay_sinusoidal_v9_b0_s102/20260827_205854_118598_clay_sinusoidal_acados_static_mlp/diag_clay_sinusoidal_acados_static_mlp.csv,,,1250,0.3469622444306919,1.065289,0.22304316251154202,4.403050784856879,6.58667,0.4892278649840977,6.1108080000000005,6.4451,129.71535229770197,59.0382,-1.153833,0,chrono_body_contact,0,,,,,,,,0
mpc_tire_model_sweep,tire_force_static,standard,nn,tire_force_static,clay,sinusoidal,9.0,0,103,/home/ksha/Documents/sbel/offroad-control/benchmarking/results/mpc_tire_model_sweep_20260827_162718/raw/0843_tire_force_static_clay_sinusoidal_v9_b0_s103,ok,0,19.182230949401855,15.0,0.99,/home/ksha/Documents/sbel/offroad-control/benchmarking/results/mpc_tire_model_sweep_20260827_162718/raw/0843_tire_force_static_clay_sinusoidal_v9_b0_s103/20260827_205913_337168_clay_sinusoidal_acados_static_mlp/diag_clay_sinusoidal_acados_static_mlp.csv,,,1250,0.34478860546139417,1.103294,0.22329348291782086,4.436057525392428,6.59443,0.49289528059915866,6.295752,6.8351,128.2068864739046,59.516698,-1.19247,0,chrono_body_contact,0,,,,,,,,0
mpc_tire_model_sweep,tire_force_static,standard,nn,tire_force_static,clay,sinusoidal,9.0,0,104,/home/ksha/Documents/sbel/offroad-control/benchmarking/results/mpc_tire_model_sweep_20260827_162718/raw/0844_tire_force_static_clay_sinusoidal_v9_b0_s104,ok,0,19.181666374206543,15.0,0.99,/home/ksha/Documents/sbel/offroad-control/benchmarking/results/mpc_tire_model_sweep_20260827_162718/raw/0844_tire_force_static_clay_sinusoidal_v9_b0_s104/20260827_205932_542372_clay_sinusoidal_acados_static_mlp/diag_clay_sinusoidal_acados_static_mlp.csv,,,1250,0.36376682155615864,1.116361,0.2398734690674054,4.446794275161587,6.5893999999999995,0.49408825279573193,6.3283119999999995,7.6402,128.67910589988898,59.676835,-1.195207,0,chrono_body_contact,0,,,,,,,,0
mpc_tire_model_sweep,tire_force_static,standard,nn,tire_force_static,clay,sinusoidal,9.0,4,100,/home/ksha/Documents/sbel/offroad-control/benchmarking/results/mpc_tire_model_sweep_20260827_162718/raw/0845_tire_force_static_clay_sinusoidal_v9_b4_s100,ok,0,19.435421228408813,15.0,0.99,/home/ksha/Documents/sbel/offroad-control/benchmarking/results/mpc_tire_model_sweep_20260827_162718/raw/0845_tire_force_static_clay_sinusoidal_v9_b4_s100/20260827_205951_744378_clay_sinusoidal_acados_static_mlp/diag_clay_sinusoidal_acados_static_mlp.csv,,,1250,0.3211603617700647,1.006565,0.2090049676823638,4.3715235457063715,6.50889,0.48572483841181907,6.230736,6.61,128.49930526391256,58.628362,-1.314006,0,chrono_body_contact,0,,,,,,,,0
mpc_tire_model_sweep,tire_force_static,standard,nn,tire_force_static,clay,sinusoidal,9.0,4,101,/home/ksha/Documents/sbel/offroad-control/benchmarking/results/mpc_tire_model_sweep_20260827_162718/raw/0846_tire_force_static_clay_sinusoidal_v9_b4_s101,ok,0,19.43008828163147,15.0,0.99,/home/ksha/Documents/sbel/offroad-control/benchmarking/results/mpc_tire_model_sweep_20260827_162718/raw/0846_tire_force_static_clay_sinusoidal_v9_b4_s101/20260827_210011_202875_clay_sinusoidal_acados_static_mlp/diag_clay_sinusoidal_acados_static_mlp.csv,,,1250,0.3502392143162806,1.033239,0.23052165373961217,4.405667036011081,6.567,0.48951855955678675,6.538016000000001,8.64,124.88645849234564,59.22332,-1.173354,0,chrono_body_contact,0,,,,,,,,0
mpc_tire_model_sweep,tire_force_static,standard,nn,tire_force_static,clay,sinusoidal,9.0,4,102,/home/ksha/Documents/sbel/offroad-control/benchmarking/results/mpc_tire_model_sweep_20260827_162718/raw/0847_tire_force_static_clay_sinusoidal_v9_b4_s102,ok,0,19.435739994049072,15.0,0.99,/home/ksha/Documents/sbel/offroad-control/benchmarking/results/mpc_tire_model_sweep_20260827_162718/raw/0847_tire_force_static_clay_sinusoidal_v9_b4_s102/20260827_210030_652715_clay_sinusoidal_acados_static_mlp/diag_clay_sinusoidal_acados_static_mlp.csv,,,1250,0.3301501862259753,1.006346,0.22431098153277934,4.422422622345338,6.48496,0.49138029137170425,6.450864,8.41,129.81361441963037,59.311663,-1.306757,0,chrono_body_contact,0,,,,,,,,0
mpc_tire_model_sweep,tire_force_static,standard,nn,tire_force_static,clay,sinusoidal,9.0,4,103,/home/ksha/Documents/sbel/offroad-control/benchmarking/results/mpc_tire_model_sweep_20260827_162718/raw/0848_tire_force_static_clay_sinusoidal_v9_b4_s103,ok,0,19.43271017074585,15.0,0.99,/home/ksha/Documents/sbel/offroad-control/benchmarking/results/mpc_tire_model_sweep_20260827_162718/raw/0848_tire_force_static_clay_sinusoidal_v9_b4_s103/20260827_210050_101894_clay_sinusoidal_acados_static_mlp/diag_clay_sinusoidal_acados_static_mlp.csv,,,1250,0.31678953908486773,1.048032,0.2103366186518929,4.399596583564174,6.5493,0.4888440648404637,6.037960000000001,6.37,127.9967762556532,59.055693,-1.279543,0,chrono_body_contact,0,,,,,,,,0
mpc_tire_model_sweep,tire_force_static,standard,nn,tire_force_static,clay,sinusoidal,9.0,4,104,/home/ksha/Documents/sbel/offroad-control/benchmarking/results/mpc_tire_model_sweep_20260827_162718/raw/0849_tire_force_static_clay_sinusoidal_v9_b4_s104,ok,0,19.386473655700684,15.0,0.99,/home/ksha/Documents/sbel/offroad-control/benchmarking/results/mpc_tire_model_sweep_20260827_162718/raw/0849_tire_force_static_clay_sinusoidal_v9_b4_s104/20260827_210109_562804_clay_sinusoidal_acados_static_mlp/diag_clay_sinusoidal_acados_static_mlp.csv,,,1250,0.34969357345752583,1.064772,0.23562491412742378,4.428649584487535,6.54744,0.49207217605417053,6.263744,6.62,128.55751233115484,59.547587,-1.286297,0,chrono_body_contact,0,,,,,,,,0
mpc_tire_model_sweep,tire_force_static,standard,nn,tire_force_static,clay,sinusoidal,9.0,8,100,/home/ksha/Documents/sbel/offroad-control/benchmarking/results/mpc_tire_model_sweep_20260827_162718/raw/0850_tire_force_static_clay_sinusoidal_v9_b8_s100,ok,0,19.580119848251343,15.0,0.99,/home/ksha/Documents/sbel/offroad-control/benchmarking/results/mpc_tire_model_sweep_20260827_162718/raw/0850_tire_force_static_clay_sinusoidal_v9_b8_s100/20260827_210128_962459_clay_sinusoidal_acados_static_mlp/diag_clay_sinusoidal_acados_static_mlp.csv,,,1250,0.37681334663737326,0.994081,0.24586080147737766,4.119370083102493,6.28092,0.4577077870113881,6.071592,6.41,127.21814905786943,55.001686,-0.936501,0,chrono_body_contact,0,,,,,,,,0
mpc_tire_model_sweep,tire_force_static,standard,nn,tire_force_static,clay,sinusoidal,9.0,8,101,/home/ksha/Documents/sbel/offroad-control/benchmarking/results/mpc_tire_model_sweep_20260827_162718/raw/0851_tire_force_static_clay_sinusoidal_v9_b8_s101,ok,0,19.48713970184326,15.0,0.99,/home/ksha/Documents/sbel/offroad-control/benchmarking/results/mpc_tire_model_sweep_20260827_162718/raw/0851_tire_force_static_clay_sinusoidal_v9_b8_s101/20260827_210148_563782_clay_sinusoidal_acados_static_mlp/diag_clay_sinusoidal_acados_static_mlp.csv,,,1250,0.38310483424113195,1.081646,0.24837598891966758,4.130307663896583,6.32506,0.45892307376628705,5.9974,6.18,123.40049970057707,55.273922,-0.772106,0,chrono_body_contact,0,,,,,,,,0
mpc_tire_model_sweep,tire_force_static,standard,nn,tire_force_static,clay,sinusoidal,9.0,8,102,/home/ksha/Documents/sbel/offroad-control/benchmarking/results/mpc_tire_model_sweep_20260827_162718/raw/0852_tire_force_static_clay_sinusoidal_v9_b8_s102,ok,0,19.523757934570312,15.0,0.99,/home/ksha/Documents/sbel/offroad-control/benchmarking/results/mpc_tire_model_sweep_20260827_162718/raw/0852_tire_force_static_clay_sinusoidal_v9_b8_s102/20260827_210208_058157_clay_sinusoidal_acados_static_mlp/diag_clay_sinusoidal_acados_static_mlp.csv,,,1250,0.42379252443210624,1.097634,0.2768685466297322,4.153943120960296,6.324339999999999,0.4615492356622551,8.214752,9.18,128.48103819962807,55.434128,-0.789677,0,chrono_body_contact,0,,,,,,,,0
mpc_tire_model_sweep,tire_force_static,standard,nn,tire_force_static,clay,sinusoidal,9.0,8,103,/home/ksha/Documents/sbel/offroad-control/benchmarking/results/mpc_tire_model_sweep_20260827_162718/raw/0853_tire_force_static_clay_sinusoidal_v9_b8_s103,ok,0,19.489583253860474,15.0,0.99,/home/ksha/Documents/sbel/offroad-control/benchmarking/results/mpc_tire_model_sweep_20260827_162718/raw/0853_tire_force_static_clay_sinusoidal_v9_b8_s103/20260827_210227_619326_clay_sinusoidal_acados_static_mlp/diag_clay_sinusoidal_acados_static_mlp.csv,,,1250,0.33349081561077176,0.892494,0.22410886149584489,4.105874145891043,6.23703,0.45620823843233815,6.0530479999999995,6.3850999999999996,126.35079918694936,54.870713,-0.896634,0,chrono_body_contact,0,,,,,,,,0
mpc_tire_model_sweep,tire_force_static,standard,nn,tire_force_static,clay,sinusoidal,9.0,8,104,/home/ksha/Documents/sbel/offroad-control/benchmarking/results/mpc_tire_model_sweep_20260827_162718/raw/0854_tire_force_static_clay_sinusoidal_v9_b8_s104,ok,0,19.488723278045654,15.0,0.99,/home/ksha/Documents/sbel/offroad-control/benchmarking/results/mpc_tire_model_sweep_20260827_162718/raw/0854_tire_force_static_clay_sinusoidal_v9_b8_s104/20260827_210247_128700_clay_sinusoidal_acados_static_mlp/diag_clay_sinusoidal_acados_static_mlp.csv,,,1250,0.3635794984296406,0.990531,0.24146702862419203,4.135477008310249,6.32347,0.45949744536780546,6.207503999999999,6.6051,126.84973213895556,55.357308,-0.937787,0,chrono_body_contact,0,,,,,,,,0
mpc_tire_model_sweep,tire_force_static,standard,nn,tire_force_static,clay,lane_change,5.0,0,100,/home/ksha/Documents/sbel/offroad-control/benchmarking/results/mpc_tire_model_sweep_20260827_162718/raw/0855_tire_force_static_clay_lane_change_v5_b0_s100,ok,0,19.228864192962646,15.0,0.99,/home/ksha/Documents/sbel/offroad-control/benchmarking/results/mpc_tire_model_sweep_20260827_162718/raw/0855_tire_force_static_clay_lane_change_v5_b0_s100/20260827_210306_644993_clay_lane_change_acados_static_mlp/diag_clay_lane_change_acados_static_mlp.csv,,,1250,0.07416778896265208,0.310149,0.055027185595567865,4.635090304709141,5.08148,0.9270180609418283,6.08932,6.5550999999999995,128.16703936069106,63.748483,2.967382,0,chrono_body_contact,0,,,,,,,,0
mpc_tire_model_sweep,tire_force_static,standard,nn,tire_force_static,clay,lane_change,5.0,0,101,/home/ksha/Documents/sbel/offroad-control/benchmarking/results/mpc_tire_model_sweep_20260827_162718/raw/0856_tire_force_static_clay_lane_change_v5_b0_s101,ok,0,19.227251529693604,15.0,0.99,/home/ksha/Documents/sbel/offroad-control/benchmarking/results/mpc_tire_model_sweep_20260827_162718/raw/0856_tire_force_static_clay_lane_change_v5_b0_s101/20260827_210325_880687_clay_lane_change_acados_static_mlp/diag_clay_lane_change_acados_static_mlp.csv,,,1250,0.07426886837865876,0.298704,0.05601503693444137,4.626441920590951,5.08566,0.9252883841181901,6.21684,8.2651,124.2324919326033,63.849316,3.037472,0,chrono_body_contact,0,,,,,,,,0
mpc_tire_model_sweep,tire_force_static,standard,nn,tire_force_static,clay,lane_change,5.0,0,102,/home/ksha/Documents/sbel/offroad-control/benchmarking/results/mpc_tire_model_sweep_20260827_162718/raw/0857_tire_force_static_clay_lane_change_v5_b0_s102,ok,0,19.223862409591675,15.0,0.99,/home/ksha/Documents/sbel/offroad-control/benchmarking/results/mpc_tire_model_sweep_20260827_162718/raw/0857_tire_force_static_clay_lane_change_v5_b0_s102/20260827_210345_134515_clay_lane_change_acados_static_mlp/diag_clay_lane_change_acados_static_mlp.csv,,,1250,0.07362427931310406,0.286078,0.05514908310249307,4.545667959372114,4.957459999999999,0.9091335918744228,6.181816,6.95,128.53709848544912,62.643296,3.065869,0,chrono_body_contact,0,,,,,,,,0
mpc_tire_model_sweep,tire_force_static,standard,nn,tire_force_static,clay,lane_change,5.0,0,103,/home/ksha/Documents/sbel/offroad-control/benchmarking/results/mpc_tire_model_sweep_20260827_162718/raw/0858_tire_force_static_clay_lane_change_v5_b0_s103,ok,0,19.226918935775757,15.0,0.99,/home/ksha/Documents/sbel/offroad-control/benchmarking/results/mpc_tire_model_sweep_20260827_162718/raw/0858_tire_force_static_clay_lane_change_v5_b0_s103/20260827_210404_361506_clay_lane_change_acados_static_mlp/diag_clay_lane_change_acados_static_mlp.csv,,,1250,0.07961001050307738,0.31656,0.05813025023084025,4.5160246537396125,4.94649,0.9032049307479225,5.9672160000000005,6.1251,126.8431537172439,62.297628,3.043198,0,chrono_body_contact,0,,,,,,,,0
mpc_tire_model_sweep,tire_force_static,standard,nn,tire_force_static,clay,lane_change,5.0,0,104,/home/ksha/Documents/sbel/offroad-control/benchmarking/results/mpc_tire_model_sweep_20260827_162718/raw/0859_tire_force_static_clay_lane_change_v5_b0_s104,ok,0,19.2268705368042,15.0,0.99,/home/ksha/Documents/sbel/offroad-control/benchmarking/results/mpc_tire_model_sweep_20260827_162718/raw/0859_tire_force_static_clay_lane_change_v5_b0_s104/20260827_210423_626344_clay_lane_change_acados_static_mlp/diag_clay_lane_change_acados_static_mlp.csv,,,1250,0.07777241629050687,0.335856,0.05654652262234534,4.613407571560479,5.07989,0.9226815143120959,6.121736,6.58,127.77696437864714,63.577153,2.990022,0,chrono_body_contact,0,,,,,,,,0
mpc_tire_model_sweep,tire_force_static,standard,nn,tire_force_static,clay,lane_change,5.0,4,100,/home/ksha/Documents/sbel/offroad-control/benchmarking/results/mpc_tire_model_sweep_20260827_162718/raw/0860_tire_force_static_clay_lane_change_v5_b4_s100,ok,0,19.431222200393677,15.0,0.99,/home/ksha/Documents/sbel/offroad-control/benchmarking/results/mpc_tire_model_sweep_20260827_162718/raw/0860_tire_force_static_clay_lane_change_v5_b4_s100/20260827_210442_854957_clay_lane_change_acados_static_mlp/diag_clay_lane_change_acados_static_mlp.csv,,,1229,0.10317169008112523,0.438972,0.06780715050784858,4.579936011080332,5.07489,0.9159872022160664,6.21693246541904,7.477200000000001,126.42040508283391,63.008789,2.968033,0,chrono_body_contact,0,,,,,,,,0
mpc_tire_model_sweep,tire_force_static,standard,nn,tire_force_static,clay,lane_change,5.0,4,101,/home/ksha/Documents/sbel/offroad-control/benchmarking/results/mpc_tire_model_sweep_20260827_162718/raw/0861_tire_force_static_clay_lane_change_v5_b4_s101,ok,0,19.42751169204712,15.0,0.99,/home/ksha/Documents/sbel/offroad-control/benchmarking/results/mpc_tire_model_sweep_20260827_162718/raw/0861_tire_force_static_clay_lane_change_v5_b4_s101/20260827_210502_306371_clay_lane_change_acados_static_mlp/diag_clay_lane_change_acados_static_mlp.csv,,,1250,0.09648037622849082,0.406155,0.06600868882733148,4.525392890120037,4.959549999999999,0.9050785780240075,5.977288000000001,6.4453,123.63688259760232,62.579605,3.038068,0,chrono_body_contact,0,,,,,,,,0
mpc_tire_model_sweep,tire_force_static,standard,nn,tire_force_static,clay,lane_change,5.0,4,102,/home/ksha/Documents/sbel/offroad-control/benchmarking/results/mpc_tire_model_sweep_20260827_162718/raw/0862_tire_force_static_clay_lane_change_v5_b4_s102,ok,0,19.37911295890808,15.0,0.99,/home/ksha/Documents/sbel/offroad-control/benchmarking/results/mpc_tire_model_sweep_20260827_162718/raw/0862_tire_force_static_clay_lane_change_v5_b4_s102/20260827_210521_741673_clay_lane_change_acados_static_mlp/diag_clay_lane_change_acados_static_mlp.csv,,,1250,0.09729981335889551,0.399787,0.06515606925207755,4.609344136657432,5.0816799999999995,0.9218688273314865,8.11996,8.465100000000001,128.93233112720426,63.50376,3.067183,0,chrono_body_contact,0,,,,,,,,0
mpc_tire_model_sweep,tire_force_static,standard,nn,tire_force_static,clay,lane_change,5.0,4,103,/home/ksha/Documents/sbel/offroad-control/benchmarking/results/mpc_tire_model_sweep_20260827_162718/raw/0863_tire_force_static_clay_lane_change_v5_b4_s103,ok,0,19.37958073616028,15.0,0.99,/home/ksha/Documents/sbel/offroad-control/benchmarking/results/mpc_tire_model_sweep_20260827_162718/raw/0863_tire_force_static_clay_lane_change_v5_b4_s103/20260827_210541_148820_clay_lane_change_acados_static_mlp/diag_clay_lane_change_acados_static_mlp.csv,,,1250,0.09732527730455766,0.404843,0.0654353379501385,4.545726315789474,5.04127,0.9091452631578948,6.1740639999999996,7.100999999999999,127.03236296218921,62.718956,3.043359,0,chrono_body_contact,0,,,,,,,,0
mpc_tire_model_sweep,tire_force_static,standard,nn,tire_force_static,clay,lane_change,5.0,4,104,/home/ksha/Documents/sbel/offroad-control/benchmarking/results/mpc_tire_model_sweep_20260827_162718/raw/0864_tire_force_static_clay_lane_change_v5_b4_s104,ok,0,19.427542448043823,15.0,0.99,/home/ksha/Documents/sbel/offroad-control/benchmarking/results/mpc_tire_model_sweep_20260827_162718/raw/0864_tire_force_static_clay_lane_change_v5_b4_s104/20260827_210600_546534_clay_lane_change_acados_static_mlp/diag_clay_lane_change_acados_static_mlp.csv,,,1250,0.09705371136724267,0.426293,0.06448583102493075,4.579158818097875,5.005439999999999,0.9158317636195751,6.205216,6.715899999999999,127.57481624156361,63.192069,2.987799,0,chrono_body_contact,0,,,,,,,,0
mpc_tire_model_sweep,tire_force_static,standard,nn,tire_force_static,clay,lane_change,5.0,8,100,/home/ksha/Documents/sbel/offroad-control/benchmarking/results/mpc_tire_model_sweep_20260827_162718/raw/0865_tire_force_static_clay_lane_change_v5_b8_s100,ok,0,19.578416109085083,15.0,0.99,/home/ksha/Documents/sbel/offroad-control/benchmarking/results/mpc_tire_model_sweep_20260827_162718/raw/0865_tire_force_static_clay_lane_change_v5_b8_s100/20260827_210619_989689_clay_lane_change_acados_static_mlp/diag_clay_lane_change_acados_static_mlp.csv,,,1250,0.05622908886960722,0.186202,0.04479585780240074,4.560834441366574,5.03159,0.9121668882733148,6.212415999999999,6.64,127.75253056059353,62.328065,2.991776,0,chrono_body_contact,0,,,,,,,,0
mpc_tire_model_sweep,tire_force_static,standard,nn,tire_force_static,clay,lane_change,5.0,8,101,/home/ksha/Documents/sbel/offroad-control/benchmarking/results/mpc_tire_model_sweep_20260827_162718/raw/0866_tire_force_static_clay_lane_change_v5_b8_s101,ok,0,19.578786611557007,15.0,0.99,/home/ksha/Documents/sbel/offroad-control/benchmarking/results/mpc_tire_model_sweep_20260827_162718/raw/0866_tire_force_static_clay_lane_change_v5_b8_s101/20260827_210639_591545_clay_lane_change_acados_static_mlp/diag_clay_lane_change_acados_static_mlp.csv,,,1250,0.059770180138374825,0.238324,0.047392242843951986,4.601471745152354,5.08224,0.9202943490304708,5.960824000000001,6.7351,124.015563069013,63.070173,3.053615,0,chrono_body_contact,0,,,,,,,,0
mpc_tire_model_sweep,tire_force_static,standard,nn,tire_force_static,clay,lane_change,5.0,8,102,/home/ksha/Documents/sbel/offroad-control/benchmarking/results/mpc_tire_model_sweep_20260827_162718/raw/0867_tire_force_static_clay_lane_change_v5_b8_s102,ok,0,19.479991674423218,15.0,0.99,/home/ksha/Documents/sbel/offroad-control/benchmarking/results/mpc_tire_model_sweep_20260827_162718/raw/0867_tire_force_static_clay_lane_change_v5_b8_s102/20260827_210659_175721_clay_lane_change_acados_static_mlp/diag_clay_lane_change_acados_static_mlp.csv,,,1250,0.058110316308585354,0.18571,0.046362270544783014,4.516940812557711,5.05489,0.9033881625115422,5.9376240000000005,6.0751,128.38722193773583,61.803531,3.09505,0,chrono_body_contact,0,,,,,,,,0
mpc_tire_model_sweep,tire_force_static,standard,nn,tire_force_static,clay,lane_change,5.0,8,103,/home/ksha/Documents/sbel/offroad-control/benchmarking/results/mpc_tire_model_sweep_20260827_162718/raw/0868_tire_force_static_clay_lane_change_v5_b8_s103,ok,0,19.526601552963257,15.0,0.99,/home/ksha/Documents/sbel/offroad-control/benchmarking/results/mpc_tire_model_sweep_20260827_162718/raw/0868_tire_force_static_clay_lane_change_v5_b8_s103/20260827_210718_680334_clay_lane_change_acados_static_mlp/diag_clay_lane_change_acados_static_mlp.csv,,,1250,0.059931405428446355,0.202889,0.04762145798707294,4.582950969529086,5.08368,0.9165901939058172,8.118064,8.3551,127.29103736068973,62.739842,3.058011,0,chrono_body_contact,0,,,,,,,,0
mpc_tire_model_sweep,tire_force_static,standard,nn,tire_force_static,clay,lane_change,5.0,8,104,/home/ksha/Documents/sbel/offroad-control/benchmarking/results/mpc_tire_model_sweep_20260827_162718/raw/0869_tire_force_static_clay_lane_change_v5_b8_s104,ok,0,19.47978115081787,15.0,0.99,/home/ksha/Documents/sbel/offroad-control/benchmarking/results/mpc_tire_model_sweep_20260827_162718/raw/0869_tire_force_static_clay_lane_change_v5_b8_s104/20260827_210738_220258_clay_lane_change_acados_static_mlp/diag_clay_lane_change_acados_static_mlp.csv,,,1250,0.05894697001202299,0.194435,0.047087891966759,4.595867682363805,5.10909,0.9191735364727609,7.765439999999999,8.9057,127.78565904821014,62.905208,3.007185,0,chrono_body_contact,0,,,,,,,,0
mpc_tire_model_sweep,tire_force_static,standard,nn,tire_force_static,clay,lane_change,7.0,0,100,/home/ksha/Documents/sbel/offroad-control/benchmarking/results/mpc_tire_model_sweep_20260827_162718/raw/0870_tire_force_static_clay_lane_change_v7_b0_s100,ok,0,19.180931568145752,15.0,0.99,/home/ksha/Documents/sbel/offroad-control/benchmarking/results/mpc_tire_model_sweep_20260827_162718/raw/0870_tire_force_static_clay_lane_change_v7_b0_s100/20260827_210757_721168_clay_lane_change_acados_static_mlp/diag_clay_lane_change_acados_static_mlp.csv,,,1250,0.20120959664696134,0.741008,0.13137534810710988,5.886645614035087,7.08067,0.8409493734335839,6.1029279999999995,6.5602,136.5847387968908,80.018494,3.115571,0,chrono_body_contact,0,,,,,,,,0
mpc_tire_model_sweep,tire_force_static,standard,nn,tire_force_static,clay,lane_change,7.0,0,101,/home/ksha/Documents/sbel/offroad-control/benchmarking/results/mpc_tire_model_sweep_20260827_162718/raw/0871_tire_force_static_clay_lane_change_v7_b0_s101,ok,0,19.18014121055603,15.0,0.99,/home/ksha/Documents/sbel/offroad-control/benchmarking/results/mpc_tire_model_sweep_20260827_162718/raw/0871_tire_force_static_clay_lane_change_v7_b0_s101/20260827_210816_919899_clay_lane_change_acados_static_mlp/diag_clay_lane_change_acados_static_mlp.csv,,,1250,0.19341166003941254,0.753623,0.12620257156048018,5.878518190212373,7.04833,0.8397883128874818,5.991072,6.3551,132.71309366264506,80.150917,3.114839,0,chrono_body_contact,0,,,,,,,,0
mpc_tire_model_sweep,tire_force_static,standard,nn,tire_force_static,clay,lane_change,7.0,0,102,/home/ksha/Documents/sbel/offroad-control/benchmarking/results/mpc_tire_model_sweep_20260827_162718/raw/0872_tire_force_static_clay_lane_change_v7_b0_s102,ok,0,19.180970907211304,15.0,0.99,/home/ksha/Documents/sbel/offroad-control/benchmarking/results/mpc_tire_model_sweep_20260827_162718/raw/0872_tire_force_static_clay_lane_change_v7_b0_s102/20260827_210836_105941_clay_lane_change_acados_static_mlp/diag_clay_lane_change_acados_static_mlp.csv,,,1250,0.20735947108920808,0.810495,0.12902383656509697,5.860768975069252,7.00768,0.8372527107241788,5.964111999999999,6.4802,137.75043650577067,79.757561,3.297913,0,chrono_body_contact,0,,,,,,,,0
mpc_tire_model_sweep,tire_force_static,standard,nn,tire_force_static,clay,lane_change,7.0,0,103,/home/ksha/Documents/sbel/offroad-control/benchmarking/results/mpc_tire_model_sweep_20260827_162718/raw/0873_tire_force_static_clay_lane_change_v7_b0_s103,ok,0,19.226057767868042,15.0,0.99,/home/ksha/Documents/sbel/offroad-control/benchmarking/results/mpc_tire_model_sweep_20260827_162718/raw/0873_tire_force_static_clay_lane_change_v7_b0_s103/20260827_210855_313260_clay_lane_change_acados_static_mlp/diag_clay_lane_change_acados_static_mlp.csv,,,1250,0.1888694134149891,0.721952,0.12035650507848568,5.848553370267775,7.03426,0.835507624323968,5.989536,6.3850999999999996,135.9278200982102,79.660627,2.937706,0,chrono_body_contact,0,,,,,,,,0
mpc_tire_model_sweep,tire_force_static,standard,nn,tire_force_static,clay,lane_change,7.0,0,104,/home/ksha/Documents/sbel/offroad-control/benchmarking/results/mpc_tire_model_sweep_20260827_162718/raw/0874_tire_force_static_clay_lane_change_v7_b0_s104,ok,0,19.22855257987976,15.0,0.99,/home/ksha/Documents/sbel/offroad-control/benchmarking/results/mpc_tire_model_sweep_20260827_162718/raw/0874_tire_force_static_clay_lane_change_v7_b0_s104/20260827_210914_569980_clay_lane_change_acados_static_mlp/diag_clay_lane_change_acados_static_mlp.csv,,,1250,0.188465389338145,0.704871,0.12130087165281628,5.862936288088642,7.025309999999999,0.837562326869806,7.496167999999999,8.725100000000001,136.19619942097108,79.865991,2.78248,0,chrono_body_contact,0,,,,,,,,0
mpc_tire_model_sweep,tire_force_static,standard,nn,tire_force_static,clay,lane_change,7.0,4,100,/home/ksha/Documents/sbel/offroad-control/benchmarking/results/mpc_tire_model_sweep_20260827_162718/raw/0875_tire_force_static_clay_lane_change_v7_b4_s100,ok,0,19.389054775238037,15.0,0.99,/home/ksha/Documents/sbel/offroad-control/benchmarking/results/mpc_tire_model_sweep_20260827_162718/raw/0875_tire_force_static_clay_lane_change_v7_b4_s100/20260827_210933_820891_clay_lane_change_acados_static_mlp/diag_clay_lane_change_acados_static_mlp.csv,,,1250,0.20675362733117936,0.7909,0.1346495752539243,5.87074164358264,6.9684,0.8386773776546629,6.019656,6.535499999999999,136.46548866540655,79.927278,3.128952,0,chrono_body_contact,0,,,,,,,,0
mpc_tire_model_sweep,tire_force_static,standard,nn,tire_force_static,clay,lane_change,7.0,4,101,/home/ksha/Documents/sbel/offroad-control/benchmarking/results/mpc_tire_model_sweep_20260827_162718/raw/0876_tire_force_static_clay_lane_change_v7_b4_s101,ok,0,19.433449506759644,15.0,0.99,/home/ksha/Documents/sbel/offroad-control/benchmarking/results/mpc_tire_model_sweep_20260827_162718/raw/0876_tire_force_static_clay_lane_change_v7_b4_s101/20260827_210953_224234_clay_lane_change_acados_static_mlp/diag_clay_lane_change_acados_static_mlp.csv,,,1250,0.21296271201093547,0.760143,0.13982506740535547,5.890561865189289,7.09976,0.8415088378841842,6.080472,6.5550999999999995,132.8251127767472,80.354882,3.176117,0,chrono_body_contact,0,,,,,,,,0
mpc_tire_model_sweep,tire_force_static,standard,nn,tire_force_static,clay,lane_change,7.0,4,102,/home/ksha/Documents/sbel/offroad-control/benchmarking/results/mpc_tire_model_sweep_20260827_162718/raw/0877_tire_force_static_clay_lane_change_v7_b4_s102,ok,0,19.38434362411499,15.0,0.99,/home/ksha/Documents/sbel/offroad-control/benchmarking/results/mpc_tire_model_sweep_20260827_162718/raw/0877_tire_force_static_clay_lane_change_v7_b4_s102/20260827_211012_668449_clay_lane_change_acados_static_mlp/diag_clay_lane_change_acados_static_mlp.csv,,,1250,0.21196742436020746,0.754808,0.13808666851338874,5.887295752539242,7.04498,0.8410422503627489,6.2490559999999995,6.725499999999999,137.96655982938253,80.162068,3.389084,0,chrono_body_contact,0,,,,,,,,0
mpc_tire_model_sweep,tire_force_static,standard,nn,tire_force_static,clay,lane_change,7.0,4,103,/home/ksha/Documents/sbel/offroad-control/benchmarking/results/mpc_tire_model_sweep_20260827_162718/raw/0878_tire_force_static_clay_lane_change_v7_b4_s103,ok,0,19.386611938476562,15.0,0.99,/home/ksha/Documents/sbel/offroad-control/benchmarking/results/mpc_tire_model_sweep_20260827_162718/raw/0878_tire_force_static_clay_lane_change_v7_b4_s103/20260827_211032_071631_clay_lane_change_acados_static_mlp/diag_clay_lane_change_acados_static_mlp.csv,,,1250,0.197002228458235,0.734571,0.12603311357340719,5.852866574330564,7.096579999999999,0.8361237963329378,6.323144,6.840199999999999,135.98294043842304,79.809763,2.817536,0,chrono_body_contact,0,,,,,,,,0
mpc_tire_model_sweep,tire_force_static,standard,nn,tire_force_static,clay,lane_change,7.0,4,104,/home/ksha/Documents/sbel/offroad-control/benchmarking/results/mpc_tire_model_sweep_20260827_162718/raw/0879_tire_force_static_clay_lane_change_v7_b4_s104,ok,0,19.430034637451172,15.0,0.99,/home/ksha/Documents/sbel/offroad-control/benchmarking/results/mpc_tire_model_sweep_20260827_162718/raw/0879_tire_force_static_clay_lane_change_v7_b4_s104/20260827_211051_481656_clay_lane_change_acados_static_mlp/diag_clay_lane_change_acados_static_mlp.csv,,,1250,0.195594544785903,0.682946,0.12819861957525394,5.844704801477378,7.00235,0.8349578287824826,6.076232,6.61,136.06835376380653,79.726568,2.742613,0,chrono_body_contact,0,,,,,,,,0
mpc_tire_model_sweep,tire_force_static,standard,nn,tire_force_static,clay,lane_change,7.0,8,100,/home/ksha/Documents/sbel/offroad-control/benchmarking/results/mpc_tire_model_sweep_20260827_162718/raw/0880_tire_force_static_clay_lane_change_v7_b8_s100,ok,0,19.481495141983032,15.0,0.99,/home/ksha/Documents/sbel/offroad-control/benchmarking/results/mpc_tire_model_sweep_20260827_162718/raw/0880_tire_force_static_clay_lane_change_v7_b8_s100/20260827_211110_932726_clay_lane_change_acados_static_mlp/diag_clay_lane_change_acados_static_mlp.csv,,,1250,0.18308025736339642,0.714865,0.10952792982456139,5.781701292705448,7.01865,0.8259573275293498,6.006096,6.48,135.9242399987068,78.235364,3.059843,0,chrono_body_contact,0,,,,,,,,0
mpc_tire_model_sweep,tire_force_static,standard,nn,tire_force_static,clay,lane_change,7.0,8,101,/home/ksha/Documents/sbel/offroad-control/benchmarking/results/mpc_tire_model_sweep_20260827_162718/raw/0881_tire_force_static_clay_lane_change_v7_b8_s101,ok,0,19.527931213378906,15.0,0.99,/home/ksha/Documents/sbel/offroad-control/benchmarking/results/mpc_tire_model_sweep_20260827_162718/raw/0881_tire_force_static_clay_lane_change_v7_b8_s101/20260827_211130_432334_clay_lane_change_acados_static_mlp/diag_clay_lane_change_acados_static_mlp.csv,,,1250,0.1803520284661322,0.706256,0.10820310987996308,5.756618005540166,6.96619,0.8223740007914523,6.1743440000000005,6.800999999999999,131.9765193631228,78.12039,3.141153,0,chrono_body_contact,0,,,,,,,,0
mpc_tire_model_sweep,tire_force_static,standard,nn,tire_force_static,clay,lane_change,7.0,8,102,/home/ksha/Documents/sbel/offroad-control/benchmarking/results/mpc_tire_model_sweep_20260827_162718/raw/0882_tire_force_static_clay_lane_change_v7_b8_s102,ok,0,19.584240674972534,15.0,0.99,/home/ksha/Documents/sbel/offroad-control/benchmarking/results/mpc_tire_model_sweep_20260827_162718/raw/0882_tire_force_static_clay_lane_change_v7_b8_s102/20260827_211149_982401_clay_lane_change_acados_static_mlp/diag_clay_lane_change_acados_static_mlp.csv,,,1250,0.18265493762325233,0.717576,0.10733928993536475,5.747159002770084,6.9398599999999995,0.8210227146814405,6.236136,7.066099999999999,136.97542062939112,77.84497,3.052673,0,chrono_body_contact,0,,,,,,,,0
mpc_tire_model_sweep,tire_force_static,standard,nn,tire_force_static,clay,lane_change,7.0,8,103,/home/ksha/Documents/sbel/offroad-control/benchmarking/results/mpc_tire_model_sweep_20260827_162718/raw/0883_tire_force_static_clay_lane_change_v7_b8_s103,ok,0,19.532533407211304,15.0,0.99,/home/ksha/Documents/sbel/offroad-control/benchmarking/results/mpc_tire_model_sweep_20260827_162718/raw/0883_tire_force_static_clay_lane_change_v7_b8_s103/20260827_211209_590796_clay_lane_change_acados_static_mlp/diag_clay_lane_change_acados_static_mlp.csv,,,1250,0.17664591438069932,0.689493,0.10673677285318559,5.764455863342566,6.936769999999999,0.8234936947632238,6.263039999999999,8.000399999999999,135.46291372218167,78.123677,3.099276,0,chrono_body_contact,0,,,,,,,,0
mpc_tire_model_sweep,tire_force_static,standard,nn,tire_force_static,clay,lane_change,7.0,8,104,/home/ksha/Documents/sbel/offroad-control/benchmarking/results/mpc_tire_model_sweep_20260827_162718/raw/0884_tire_force_static_clay_lane_change_v7_b8_s104,ok,0,19.53227734565735,15.0,0.99,/home/ksha/Documents/sbel/offroad-control/benchmarking/results/mpc_tire_model_sweep_20260827_162718/raw/0884_tire_force_static_clay_lane_change_v7_b8_s104/20260827_211229_168487_clay_lane_change_acados_static_mlp/diag_clay_lane_change_acados_static_mlp.csv,,,1250,0.19385674243297507,0.78774,0.11019408033240997,5.773703047091414,6.918939999999999,0.8248147210130591,6.249752,8.385499999999999,135.7883219081793,78.253013,3.064695,0,chrono_body_contact,0,,,,,,,,0
mpc_tire_model_sweep,tire_force_static,standard,nn,tire_force_static,clay,lane_change,9.0,0,100,/home/ksha/Documents/sbel/offroad-control/benchmarking/results/mpc_tire_model_sweep_20260827_162718/raw/0885_tire_force_static_clay_lane_change_v9_b0_s100,ok,0,19.230454206466675,15.0,0.99,/home/ksha/Documents/sbel/offroad-control/benchmarking/results/mpc_tire_model_sweep_20260827_162718/raw/0885_tire_force_static_clay_lane_change_v9_b0_s100/20260827_211248_692791_clay_lane_change_acados_static_mlp/diag_clay_lane_change_acados_static_mlp.csv,,,1250,0.21400090879594053,0.668062,0.14596547922437672,6.191780609418282,8.24269,0.687975623268698,6.24488,6.876099999999999,139.2276715949032,84.042416,3.119507,0,chrono_body_contact,0,,,,,,,,0
mpc_tire_model_sweep,tire_force_static,standard,nn,tire_force_static,clay,lane_change,9.0,0,101,/home/ksha/Documents/sbel/offroad-control/benchmarking/results/mpc_tire_model_sweep_20260827_162718/raw/0886_tire_force_static_clay_lane_change_v9_b0_s101,ok,0,19.230138063430786,15.0,0.99,/home/ksha/Documents/sbel/offroad-control/benchmarking/results/mpc_tire_model_sweep_20260827_162718/raw/0886_tire_force_static_clay_lane_change_v9_b0_s101/20260827_211307_974674_clay_lane_change_acados_static_mlp/diag_clay_lane_change_acados_static_mlp.csv,,,1250,0.19778951025145552,0.651619,0.14095909879963064,6.183828993536472,8.23476,0.6870921103929413,8.217120000000001,8.65,135.65335750143998,84.12511,3.291976,0,chrono_body_contact,0,,,,,,,,0
mpc_tire_model_sweep,tire_force_static,standard,nn,tire_force_static,clay,lane_change,9.0,0,102,/home/ksha/Documents/sbel/offroad-control/benchmarking/results/mpc_tire_model_sweep_20260827_162718/raw/0887_tire_force_static_clay_lane_change_v9_b0_s102,ok,0,19.185558795928955,15.0,0.99,/home/ksha/Documents/sbel/offroad-control/benchmarking/results/mpc_tire_model_sweep_20260827_162718/raw/0887_tire_force_static_clay_lane_change_v9_b0_s102/20260827_211327_200922_clay_lane_change_acados_static_mlp/diag_clay_lane_change_acados_static_mlp.csv,,,1250,0.21657081929283523,0.648776,0.14881369806094183,6.197705078485689,8.2254,0.688633897609521,6.293247999999999,6.78,140.77772681275175,84.154146,3.105872,0,chrono_body_contact,0,,,,,,,,0
mpc_tire_model_sweep,tire_force_static,standard,nn,tire_force_static,clay,lane_change,9.0,0,103,/home/ksha/Documents/sbel/offroad-control/benchmarking/results/mpc_tire_model_sweep_20260827_162718/raw/0888_tire_force_static_clay_lane_change_v9_b0_s103,ok,0,19.233457803726196,15.0,0.99,/home/ksha/Documents/sbel/offroad-control/benchmarking/results/mpc_tire_model_sweep_20260827_162718/raw/0888_tire_force_static_clay_lane_change_v9_b0_s103/20260827_211346_401935_clay_lane_change_acados_static_mlp/diag_clay_lane_change_acados_static_mlp.csv,,,1250,0.1889461067896598,0.624805,0.13329036565096952,6.152898522622345,8.2404,0.6836553914024828,6.324064,7.050999999999999,138.8281492545834,83.618199,2.912678,0,chrono_body_contact,0,,,,,,,,0
mpc_tire_model_sweep,tire_force_static,standard,nn,tire_force_static,clay,lane_change,9.0,0,104,/home/ksha/Documents/sbel/offroad-control/benchmarking/results/mpc_tire_model_sweep_20260827_162718/raw/0889_tire_force_static_clay_lane_change_v9_b0_s104,ok,0,19.227910041809082,15.0,0.99,/home/ksha/Documents/sbel/offroad-control/benchmarking/results/mpc_tire_model_sweep_20260827_162718/raw/0889_tire_force_static_clay_lane_change_v9_b0_s104/20260827_211405_654631_clay_lane_change_acados_static_mlp/diag_clay_lane_change_acados_static_mlp.csv,,,1250,0.22054043346250196,0.676298,0.1506486888273315,6.20102594644506,8.24128,0.68900288293834,6.234832,6.7051,139.14909810627432,84.287403,3.041204,0,chrono_body_contact,0,,,,,,,,0
mpc_tire_model_sweep,tire_force_static,standard,nn,tire_force_static,clay,lane_change,9.0,4,100,/home/ksha/Documents/sbel/offroad-control/benchmarking/results/mpc_tire_model_sweep_20260827_162718/raw/0890_tire_force_static_clay_lane_change_v9_b4_s100,ok,0,19.43353772163391,15.0,0.99,/home/ksha/Documents/sbel/offroad-control/benchmarking/results/mpc_tire_model_sweep_20260827_162718/raw/0890_tire_force_static_clay_lane_change_v9_b4_s100/20260827_211424_915208_clay_lane_change_acados_static_mlp/diag_clay_lane_change_acados_static_mlp.csv,,,1250,0.22049748958869345,0.672949,0.15608106925207757,6.234575807940905,8.27699,0.6927306453267672,6.2637599999999996,6.840199999999999,139.55021750161777,84.690149,3.208343,0,chrono_body_contact,0,,,,,,,,0
mpc_tire_model_sweep,tire_force_static,standard,nn,tire_force_static,clay,lane_change,9.0,4,101,/home/ksha/Documents/sbel/offroad-control/benchmarking/results/mpc_tire_model_sweep_20260827_162718/raw/0891_tire_force_static_clay_lane_change_v9_b4_s101,ok,0,19.383398056030273,15.0,0.99,/home/ksha/Documents/sbel/offroad-control/benchmarking/results/mpc_tire_model_sweep_20260827_162718/raw/0891_tire_force_static_clay_lane_change_v9_b4_s101/20260827_211444_365783_clay_lane_change_acados_static_mlp/diag_clay_lane_change_acados_static_mlp.csv,,,1250,0.214440606610767,0.655322,0.15134393721144968,6.227551154201294,8.248569999999999,0.6919501282445881,6.025288000000001,6.7802,135.91974963536927,84.80113,3.324783,0,chrono_body_contact,0,,,,,,,,0
mpc_tire_model_sweep,tire_force_static,standard,nn,tire_force_static,clay,lane_change,9.0,4,102,/home/ksha/Documents/sbel/offroad-control/benchmarking/results/mpc_tire_model_sweep_20260827_162718/raw/0892_tire_force_static_clay_lane_change_v9_b4_s102,ok,0,19.431634187698364,15.0,0.99,/home/ksha/Documents/sbel/offroad-control/benchmarking/results/mpc_tire_model_sweep_20260827_162718/raw/0892_tire_force_static_clay_lane_change_v9_b4_s102/20260827_211503_753023_clay_lane_change_acados_static_mlp/diag_clay_lane_change_acados_static_mlp.csv,,,1250,0.2251966061874108,0.675825,0.15621861772853182,6.211141735918743,8.22631,0.6901268595465271,6.117696,6.5651,140.88180446459893,84.456049,3.19156,0,chrono_body_contact,0,,,,,,,,0
mpc_tire_model_sweep,tire_force_static,standard,nn,tire_force_static,clay,lane_change,9.0,4,103,/home/ksha/Documents/sbel/offroad-control/benchmarking/results/mpc_tire_model_sweep_20260827_162718/raw/0893_tire_force_static_clay_lane_change_v9_b4_s103,ok,0,19.435224056243896,15.0,0.99,/home/ksha/Documents/sbel/offroad-control/benchmarking/results/mpc_tire_model_sweep_20260827_162718/raw/0893_tire_force_static_clay_lane_change_v9_b4_s103/20260827_211523_216060_clay_lane_change_acados_static_mlp/diag_clay_lane_change_acados_static_mlp.csv,,,1250,0.20384382871900192,0.587416,0.14715554016620502,6.118416805170821,8.22654,0.6798240894634247,6.112648,6.63,138.6182588190363,83.328964,2.575743,0,chrono_body_contact,0,,,,,,,,0
mpc_tire_model_sweep,tire_force_static,standard,nn,tire_force_static,clay,lane_change,9.0,4,104,/home/ksha/Documents/sbel/offroad-control/benchmarking/results/mpc_tire_model_sweep_20260827_162718/raw/0894_tire_force_static_clay_lane_change_v9_b4_s104,ok,0,19.38027024269104,15.0,0.99,/home/ksha/Documents/sbel/offroad-control/benchmarking/results/mpc_tire_model_sweep_20260827_162718/raw/0894_tire_force_static_clay_lane_change_v9_b4_s104/20260827_211542_666819_clay_lane_change_acados_static_mlp/diag_clay_lane_change_acados_static_mlp.csv,,,1250,0.2352051860575242,0.707865,0.16096333333333332,6.204501477377654,8.24623,0.6893890530419616,6.03608,6.755299999999999,139.15138378463269,84.407331,3.073316,0,chrono_body_contact,0,,,,,,,,0
mpc_tire_model_sweep,tire_force_static,standard,nn,tire_force_static,clay,lane_change,9.0,8,100,/home/ksha/Documents/sbel/offroad-control/benchmarking/results/mpc_tire_model_sweep_20260827_162718/raw/0895_tire_force_static_clay_lane_change_v9_b8_s100,ok,0,19.487678050994873,15.0,0.99,/home/ksha/Documents/sbel/offroad-control/benchmarking/results/mpc_tire_model_sweep_20260827_162718/raw/0895_tire_force_static_clay_lane_change_v9_b8_s100/20260827_211602_078707_clay_lane_change_acados_static_mlp/diag_clay_lane_change_acados_static_mlp.csv,,,1250,0.18447379814263068,0.580868,0.12200894644506004,6.07331403508772,7.875859999999999,0.6748126705653023,6.208392,6.7051,138.25509988764054,82.03746,3.331482,0,chrono_body_contact,0,,,,,,,,0
mpc_tire_model_sweep,tire_force_static,standard,nn,tire_force_static,clay,lane_change,9.0,8,101,/home/ksha/Documents/sbel/offroad-control/benchmarking/results/mpc_tire_model_sweep_20260827_162718/raw/0896_tire_force_static_clay_lane_change_v9_b8_s101,ok,0,19.52861475944519,15.0,0.99,/home/ksha/Documents/sbel/offroad-control/benchmarking/results/mpc_tire_model_sweep_20260827_162718/raw/0896_tire_force_static_clay_lane_change_v9_b8_s101/20260827_211621_573815_clay_lane_change_acados_static_mlp/diag_clay_lane_change_acados_static_mlp.csv,,,1250,0.15478874183037733,0.560396,0.10280935180055402,6.063649122807018,7.90037,0.673738791423002,7.318608,8.6951,134.52786497575357,82.138706,2.650609,0,chrono_body_contact,0,,,,,,,,0
mpc_tire_model_sweep,tire_force_static,standard,nn,tire_force_static,clay,lane_change,9.0,8,102,/home/ksha/Documents/sbel/offroad-control/benchmarking/results/mpc_tire_model_sweep_20260827_162718/raw/0897_tire_force_static_clay_lane_change_v9_b8_s102,ok,0,19.481258392333984,15.0,0.99,/home/ksha/Documents/sbel/offroad-control/benchmarking/results/mpc_tire_model_sweep_20260827_162718/raw/0897_tire_force_static_clay_lane_change_v9_b8_s102/20260827_211641_143154_clay_lane_change_acados_static_mlp/diag_clay_lane_change_acados_static_mlp.csv,,,1250,0.15992905984671546,0.576872,0.10618082456140351,6.067927885503232,7.89548,0.674214209500359,6.098968,6.870799999999999,139.6816090619349,82.052135,2.929939,0,chrono_body_contact,0,,,,,,,,0
mpc_tire_model_sweep,tire_force_static,standard,nn,tire_force_static,clay,lane_change,9.0,8,103,/home/ksha/Documents/sbel/offroad-control/benchmarking/results/mpc_tire_model_sweep_20260827_162718/raw/0898_tire_force_static_clay_lane_change_v9_b8_s103,ok,0,19.481123685836792,15.0,0.99,/home/ksha/Documents/sbel/offroad-control/benchmarking/results/mpc_tire_model_sweep_20260827_162718/raw/0898_tire_force_static_clay_lane_change_v9_b8_s103/20260827_211700_642510_clay_lane_change_acados_static_mlp/diag_clay_lane_change_acados_static_mlp.csv,,,1250,0.18952075165970422,0.626933,0.12495423915050786,6.051219021237303,7.8987099999999995,0.6723576690263671,8.087472,8.61,137.81169478576675,81.883859,3.346181,0,chrono_body_contact,0,,,,,,,,0
mpc_tire_model_sweep,tire_force_static,standard,nn,tire_force_static,clay,lane_change,9.0,8,104,/home/ksha/Documents/sbel/offroad-control/benchmarking/results/mpc_tire_model_sweep_20260827_162718/raw/0899_tire_force_static_clay_lane_change_v9_b8_s104,ok,0,19.530109882354736,15.0,0.99,/home/ksha/Documents/sbel/offroad-control/benchmarking/results/mpc_tire_model_sweep_20260827_162718/raw/0899_tire_force_static_clay_lane_change_v9_b8_s104/20260827_211720_132301_clay_lane_change_acados_static_mlp/diag_clay_lane_change_acados_static_mlp.csv,,,1250,0.1781278408348449,0.548189,0.11863250784856878,6.085488180978762,7.88758,0.6761653534420847,6.108352,6.68,138.3257899759631,82.367223,3.255465,0,chrono_body_contact,0,,,,,,,,0
mpc_tire_model_sweep,tire_force_static,standard,nn,tire_force_static,clay,right_left,5.0,0,100,/home/ksha/Documents/sbel/offroad-control/benchmarking/results/mpc_tire_model_sweep_20260827_162718/raw/0900_tire_force_static_clay_right_left_v5_b0_s100,ok,0,19.229666471481323,15.0,0.99,/home/ksha/Documents/sbel/offroad-control/benchmarking/results/mpc_tire_model_sweep_20260827_162718/raw/0900_tire_force_static_clay_right_left_v5_b0_s100/20260827_211739_701688_clay_right_left_acados_static_mlp/diag_clay_right_left_acados_static_mlp.csv,,,1250,0.28354426451073633,1.405856,0.18169891966759003,4.345828993536474,5.06809,0.8691657987072947,6.237296000000001,7.3,126.50303241920699,35.691628,-32.375052,0,chrono_body_contact,0,,,,,,,,0
mpc_tire_model_sweep,tire_force_static,standard,nn,tire_force_static,clay,right_left,5.0,0,101,/home/ksha/Documents/sbel/offroad-control/benchmarking/results/mpc_tire_model_sweep_20260827_162718/raw/0901_tire_force_static_clay_right_left_v5_b0_s101,ok,0,19.182061672210693,15.0,0.99,/home/ksha/Documents/sbel/offroad-control/benchmarking/results/mpc_tire_model_sweep_20260827_162718/raw/0901_tire_force_static_clay_right_left_v5_b0_s101/20260827_211758_944413_clay_right_left_acados_static_mlp/diag_clay_right_left_acados_static_mlp.csv,,,1250,0.3180876097116879,1.451968,0.2068146454293629,4.3593824561403505,5.09237,0.8718764912280701,8.146104,8.4302,123.26690710972531,36.106534,-32.385657,0,chrono_body_contact,0,,,,,,,,0
mpc_tire_model_sweep,tire_force_static,standard,nn,tire_force_static,clay,right_left,5.0,0,102,/home/ksha/Documents/sbel/offroad-control/benchmarking/results/mpc_tire_model_sweep_20260827_162718/raw/0902_tire_force_static_clay_right_left_v5_b0_s102,ok,0,19.185039520263672,15.0,0.99,/home/ksha/Documents/sbel/offroad-control/benchmarking/results/mpc_tire_model_sweep_20260827_162718/raw/0902_tire_force_static_clay_right_left_v5_b0_s102/20260827_211818_147708_clay_right_left_acados_static_mlp/diag_clay_right_left_acados_static_mlp.csv,,,1250,0.3084423023960416,1.249342,0.20332332502308403,4.348872206832872,5.102519999999999,0.8697744413665743,6.403592,8.28,127.79877139776619,36.089696,-32.181633,0,chrono_body_contact,0,,,,,,,,0
mpc_tire_model_sweep,tire_force_static,standard,nn,tire_force_static,clay,right_left,5.0,0,103,/home/ksha/Documents/sbel/offroad-control/benchmarking/results/mpc_tire_model_sweep_20260827_162718/raw/0903_tire_force_static_clay_right_left_v5_b0_s103,ok,0,19.183436393737793,15.0,0.99,/home/ksha/Documents/sbel/offroad-control/benchmarking/results/mpc_tire_model_sweep_20260827_162718/raw/0903_tire_force_static_clay_right_left_v5_b0_s103/20260827_211837_361313_clay_right_left_acados_static_mlp/diag_clay_right_left_acados_static_mlp.csv,,,1250,0.2949135215158911,1.368535,0.19019585872576178,4.336391228070176,5.10049,0.8672782456140352,6.352472,7.6304,126.19366390151232,35.471583,-32.352735,0,chrono_body_contact,0,,,,,,,,0
mpc_tire_model_sweep,tire_force_static,standard,nn,tire_force_static,clay,right_left,5.0,0,104,/home/ksha/Documents/sbel/offroad-control/benchmarking/results/mpc_tire_model_sweep_20260827_162718/raw/0904_tire_force_static_clay_right_left_v5_b0_s104,ok,0,19.23299241065979,15.0,0.99,/home/ksha/Documents/sbel/offroad-control/benchmarking/results/mpc_tire_model_sweep_20260827_162718/raw/0904_tire_force_static_clay_right_left_v5_b0_s104/20260827_211856_558486_clay_right_left_acados_static_mlp/diag_clay_right_left_acados_static_mlp.csv,,,1250,0.3049133881217933,1.226337,0.20416391505078485,4.338146814404432,5.063529999999999,0.8676293628808864,6.2274,6.7302,126.83845799413989,35.934652,-32.226337,0,chrono_body_contact,0,,,,,,,,0
mpc_tire_model_sweep,tire_force_static,standard,nn,tire_force_static,clay,right_left,5.0,4,100,/home/ksha/Documents/sbel/offroad-control/benchmarking/results/mpc_tire_model_sweep_20260827_162718/raw/0905_tire_force_static_clay_right_left_v5_b4_s100,ok,0,19.43504810333252,15.0,0.99,/home/ksha/Documents/sbel/offroad-control/benchmarking/results/mpc_tire_model_sweep_20260827_162718/raw/0905_tire_force_static_clay_right_left_v5_b4_s100/20260827_211915_804475_clay_right_left_acados_static_mlp/diag_clay_right_left_acados_static_mlp.csv,,,1250,0.32228364623028505,1.364687,0.21354149861495844,4.344577931671283,5.0348,0.8689155863342567,6.264496,6.7650999999999994,126.49739565084198,35.999441,-32.339188,0,chrono_body_contact,0,,,,,,,,0
mpc_tire_model_sweep,tire_force_static,standard,nn,tire_force_static,clay,right_left,5.0,4,101,/home/ksha/Documents/sbel/offroad-control/benchmarking/results/mpc_tire_model_sweep_20260827_162718/raw/0906_tire_force_static_clay_right_left_v5_b4_s101,ok,0,19.43508219718933,15.0,0.99,/home/ksha/Documents/sbel/offroad-control/benchmarking/results/mpc_tire_model_sweep_20260827_162718/raw/0906_tire_force_static_clay_right_left_v5_b4_s101/20260827_211935_273817_clay_right_left_acados_static_mlp/diag_clay_right_left_acados_static_mlp.csv,,,1250,0.30778445222746287,1.43794,0.2021718513388735,4.3325975992613115,5.06239,0.8665195198522623,6.203264,6.735499999999999,123.10101802853148,35.749952,-32.363593,0,chrono_body_contact,0,,,,,,,,0
mpc_tire_model_sweep,tire_force_static,standard,nn,tire_force_static,clay,right_left,5.0,4,102,/home/ksha/Documents/sbel/offroad-control/benchmarking/results/mpc_tire_model_sweep_20260827_162718/raw/0907_tire_force_static_clay_right_left_v5_b4_s102,ok,0,19.431018829345703,15.0,0.99,/home/ksha/Documents/sbel/offroad-control/benchmarking/results/mpc_tire_model_sweep_20260827_162718/raw/0907_tire_force_static_clay_right_left_v5_b4_s102/20260827_211954_735893_clay_right_left_acados_static_mlp/diag_clay_right_left_acados_static_mlp.csv,,,1250,0.2561607403372777,1.164992,0.17641691966759004,4.296128162511542,5.05092,0.8592256325023084,5.969392,6.1602,127.501351857837,34.998087,-32.03789,0,chrono_body_contact,0,,,,,,,,0
mpc_tire_model_sweep,tire_force_static,standard,nn,tire_force_static,clay,right_left,5.0,4,103,/home/ksha/Documents/sbel/offroad-control/benchmarking/results/mpc_tire_model_sweep_20260827_162718/raw/0908_tire_force_static_clay_right_left_v5_b4_s103,ok,0,19.38391900062561,15.0,0.99,/home/ksha/Documents/sbel/offroad-control/benchmarking/results/mpc_tire_model_sweep_20260827_162718/raw/0908_tire_force_static_clay_right_left_v5_b4_s103/20260827_212014_154546_clay_right_left_acados_static_mlp/diag_clay_right_left_acados_static_mlp.csv,,,1250,0.3132385081585607,1.433205,0.20448023915050786,4.339536842105263,5.04808,0.8679073684210525,7.070792,8.5704,126.21614220417848,35.599172,-32.429305,0,chrono_body_contact,0,,,,,,,,0
mpc_tire_model_sweep,tire_force_static,standard,nn,tire_force_static,clay,right_left,5.0,4,104,/home/ksha/Documents/sbel/offroad-control/benchmarking/results/mpc_tire_model_sweep_20260827_162718/raw/0909_tire_force_static_clay_right_left_v5_b4_s104,ok,0,19.383089303970337,15.0,0.99,/home/ksha/Documents/sbel/offroad-control/benchmarking/results/mpc_tire_model_sweep_20260827_162718/raw/0909_tire_force_static_clay_right_left_v5_b4_s104/20260827_212033_576301_clay_right_left_acados_static_mlp/diag_clay_right_left_acados_static_mlp.csv,,,1250,0.3111246058173388,1.442023,0.20644506648199445,4.339569252077562,5.04686,0.8679138504155125,6.312016,6.9605999999999995,126.86802530193657,35.659176,-32.438123,0,chrono_body_contact,0,,,,,,,,0
mpc_tire_model_sweep,tire_force_static,standard,nn,tire_force_static,clay,right_left,5.0,8,100,/home/ksha/Documents/sbel/offroad-control/benchmarking/results/mpc_tire_model_sweep_20260827_162718/raw/0910_tire_force_static_clay_right_left_v5_b8_s100,ok,0,19.534153938293457,15.0,0.99,/home/ksha/Documents/sbel/offroad-control/benchmarking/results/mpc_tire_model_sweep_20260827_162718/raw/0910_tire_force_static_clay_right_left_v5_b8_s100/20260827_212052_977728_clay_right_left_acados_static_mlp/diag_clay_right_left_acados_static_mlp.csv,,,1250,0.2632760653592552,1.496546,0.1399624542936288,4.339786426592798,5.0410900000000005,0.8679572853185595,6.208736,6.8453,126.51792565984516,34.822143,-32.408153,0,chrono_body_contact,0,,,,,,,,0
mpc_tire_model_sweep,tire_force_static,standard,nn,tire_force_static,clay,right_left,5.0,8,101,/home/ksha/Documents/sbel/offroad-control/benchmarking/results/mpc_tire_model_sweep_20260827_162718/raw/0911_tire_force_static_clay_right_left_v5_b8_s101,ok,0,19.533382892608643,15.0,0.99,/home/ksha/Documents/sbel/offroad-control/benchmarking/results/mpc_tire_model_sweep_20260827_162718/raw/0911_tire_force_static_clay_right_left_v5_b8_s101/20260827_212112_542772_clay_right_left_acados_static_mlp/diag_clay_right_left_acados_static_mlp.csv,,,1250,0.2380964488023594,1.360074,0.13206374238227148,4.331633148661126,5.02687,0.8663266297322252,6.3038240000000005,6.8053,123.024228125668,35.101363,-32.23546,0,chrono_body_contact,0,,,,,,,,0
mpc_tire_model_sweep,tire_force_static,standard,nn,tire_force_static,clay,right_left,5.0,8,102,/home/ksha/Documents/sbel/offroad-control/benchmarking/results/mpc_tire_model_sweep_20260827_162718/raw/0912_tire_force_static_clay_right_left_v5_b8_s102,ok,0,19.58526849746704,15.0,0.99,/home/ksha/Documents/sbel/offroad-control/benchmarking/results/mpc_tire_model_sweep_20260827_162718/raw/0912_tire_force_static_clay_right_left_v5_b8_s102/20260827_212132_089132_clay_right_left_acados_static_mlp/diag_clay_right_left_acados_static_mlp.csv,,,1250,0.250064459637275,1.379288,0.14075660941828255,4.345697876269622,5.05645,0.8691395752539244,6.227608,6.77,127.77221685882677,35.190628,-32.278082,0,chrono_body_contact,0,,,,,,,,0
mpc_tire_model_sweep,tire_force_static,standard,nn,tire_force_static,clay,right_left,5.0,8,103,/home/ksha/Documents/sbel/offroad-control/benchmarking/results/mpc_tire_model_sweep_20260827_162718/raw/0913_tire_force_static_clay_right_left_v5_b8_s103,ok,0,19.484423398971558,15.0,0.99,/home/ksha/Documents/sbel/offroad-control/benchmarking/results/mpc_tire_model_sweep_20260827_162718/raw/0913_tire_force_static_clay_right_left_v5_b8_s103/20260827_212151_682281_clay_right_left_acados_static_mlp/diag_clay_right_left_acados_static_mlp.csv,,,1250,0.26678426969183805,1.412851,0.14025321237303787,4.334859926131117,5.049149999999999,0.8669719852262234,5.992352,6.937299999999998,126.18361642944774,34.701785,-32.329681,0,chrono_body_contact,0,,,,,,,,0
mpc_tire_model_sweep,tire_force_static,standard,nn,tire_force_static,clay,right_left,5.0,8,104,/home/ksha/Documents/sbel/offroad-control/benchmarking/results/mpc_tire_model_sweep_20260827_162718/raw/0914_tire_force_static_clay_right_left_v5_b8_s104,ok,0,19.53481125831604,15.0,0.99,/home/ksha/Documents/sbel/offroad-control/benchmarking/results/mpc_tire_model_sweep_20260827_162718/raw/0914_tire_force_static_clay_right_left_v5_b8_s104/20260827_212211_194671_clay_right_left_acados_static_mlp/diag_clay_right_left_acados_static_mlp.csv,,,1249,0.27647575743444175,1.503063,0.15218553789279116,4.349326617375231,5.11399,0.8698653234750463,6.239279423538831,7.835999999999999,126.93884330974718,35.221154,-32.467563,0,chrono_body_contact,0,,,,,,,,0
mpc_tire_model_sweep,tire_force_static,standard,nn,tire_force_static,clay,right_left,7.0,0,100,/home/ksha/Documents/sbel/offroad-control/benchmarking/results/mpc_tire_model_sweep_20260827_162718/raw/0915_tire_force_static_clay_right_left_v7_b0_s100,ok,0,19.181572437286377,15.0,0.99,/home/ksha/Documents/sbel/offroad-control/benchmarking/results/mpc_tire_model_sweep_20260827_162718/raw/0915_tire_force_static_clay_right_left_v7_b0_s100/20260827_212230_765893_clay_right_left_acados_static_mlp/diag_clay_right_left_acados_static_mlp.csv,,,1250,0.7065487283461688,2.366234,0.42679169344413664,4.597671283471838,5.314629999999999,0.6568101833531197,6.375288,9.7551,127.98875120511784,40.158109,-33.312766,0,chrono_body_contact,0,,,,,,,,0
mpc_tire_model_sweep,tire_force_static,standard,nn,tire_force_static,clay,right_left,7.0,0,101,/home/ksha/Documents/sbel/offroad-control/benchmarking/results/mpc_tire_model_sweep_20260827_162718/raw/0916_tire_force_static_clay_right_left_v7_b0_s101,ok,0,19.182486295700073,15.0,0.99,/home/ksha/Documents/sbel/offroad-control/benchmarking/results/mpc_tire_model_sweep_20260827_162718/raw/0916_tire_force_static_clay_right_left_v7_b0_s101/20260827_212249_960176_clay_right_left_acados_static_mlp/diag_clay_right_left_acados_static_mlp.csv,,,1250,0.6398553238896211,2.413573,0.3818837349953832,4.573232502308402,5.320049999999999,0.6533189289012002,6.449048,9.770199999999999,124.55670135914376,39.475731,-33.306924,0,chrono_body_contact,0,,,,,,,,0
mpc_tire_model_sweep,tire_force_static,standard,nn,tire_force_static,clay,right_left,7.0,0,102,/home/ksha/Documents/sbel/offroad-control/benchmarking/results/mpc_tire_model_sweep_20260827_162718/raw/0917_tire_force_static_clay_right_left_v7_b0_s102,ok,0,19.182393550872803,15.0,0.99,/home/ksha/Documents/sbel/offroad-control/benchmarking/results/mpc_tire_model_sweep_20260827_162718/raw/0917_tire_force_static_clay_right_left_v7_b0_s102/20260827_212309_156123_clay_right_left_acados_static_mlp/diag_clay_right_left_acados_static_mlp.csv,,,1250,0.5979656998196018,2.072332,0.3690251431209604,4.558465281625115,5.28067,0.651209325946445,6.222064,9.24,129.10557360822486,39.44746,-32.979776,0,chrono_body_contact,0,,,,,,,,0
mpc_tire_model_sweep,tire_force_static,standard,nn,tire_force_static,clay,right_left,7.0,0,103,/home/ksha/Documents/sbel/offroad-control/benchmarking/results/mpc_tire_model_sweep_20260827_162718/raw/0918_tire_force_static_clay_right_left_v7_b0_s103,ok,0,19.182360410690308,15.0,0.99,/home/ksha/Documents/sbel/offroad-control/benchmarking/results/mpc_tire_model_sweep_20260827_162718/raw/0918_tire_force_static_clay_right_left_v7_b0_s103/20260827_212328_353249_clay_right_left_acados_static_mlp/diag_clay_right_left_acados_static_mlp.csv,,,1250,0.6366568224782446,2.20204,0.38521249030470917,4.582405355493999,5.29329,0.6546293364991428,6.1018,9.235100000000001,127.78434655908946,39.864885,-33.142254,0,chrono_body_contact,0,,,,,,,,0
mpc_tire_model_sweep,tire_force_static,standard,nn,tire_force_static,clay,right_left,7.0,0,104,/home/ksha/Documents/sbel/offroad-control/benchmarking/results/mpc_tire_model_sweep_20260827_162718/raw/0919_tire_force_static_clay_right_left_v7_b0_s104,ok,0,19.181616067886353,15.0,0.99,/home/ksha/Documents/sbel/offroad-control/benchmarking/results/mpc_tire_model_sweep_20260827_162718/raw/0919_tire_force_static_clay_right_left_v7_b0_s104/20260827_212347_552273_clay_right_left_acados_static_mlp/diag_clay_right_left_acados_static_mlp.csv,,,1250,0.6688784684710886,2.309881,0.40326114127423823,4.572635272391505,5.28869,0.6532336103416435,6.497528,9.1502,128.4217026842447,39.639909,-33.309881,0,chrono_body_contact,0,,,,,,,,0
mpc_tire_model_sweep,tire_force_static,standard,nn,tire_force_static,clay,right_left,7.0,4,100,/home/ksha/Documents/sbel/offroad-control/benchmarking/results/mpc_tire_model_sweep_20260827_162718/raw/0920_tire_force_static_clay_right_left_v7_b4_s100,ok,0,19.382177591323853,15.0,0.99,/home/ksha/Documents/sbel/offroad-control/benchmarking/results/mpc_tire_model_sweep_20260827_162718/raw/0920_tire_force_static_clay_right_left_v7_b4_s100/20260827_212406_762369_clay_right_left_acados_static_mlp/diag_clay_right_left_acados_static_mlp.csv,,,1250,0.6390018825247573,2.516001,0.3795145734072022,4.5756344413665735,5.26558,0.6536620630523676,6.134048,9.2651,127.86898585057497,39.41288,-33.46698,0,chrono_body_contact,0,,,,,,,,0
mpc_tire_model_sweep,tire_force_static,standard,nn,tire_force_static,clay,right_left,7.0,4,101,/home/ksha/Documents/sbel/offroad-control/benchmarking/results/mpc_tire_model_sweep_20260827_162718/raw/0921_tire_force_static_clay_right_left_v7_b4_s101,ok,0,19.436797857284546,15.0,0.99,/home/ksha/Documents/sbel/offroad-control/benchmarking/results/mpc_tire_model_sweep_20260827_162718/raw/0921_tire_force_static_clay_right_left_v7_b4_s101/20260827_212426_166366_clay_right_left_acados_static_mlp/diag_clay_right_left_acados_static_mlp.csv,,,1250,0.7621257786912058,2.692641,0.45216487903970454,4.614896860572484,5.27729,0.6592709800817834,6.291704,9.6053,124.78011424051927,40.425791,-33.589874,0,chrono_body_contact,0,,,,,,,,0
mpc_tire_model_sweep,tire_force_static,standard,nn,tire_force_static,clay,right_left,7.0,4,102,/home/ksha/Documents/sbel/offroad-control/benchmarking/results/mpc_tire_model_sweep_20260827_162718/raw/0922_tire_force_static_clay_right_left_v7_b4_s102,ok,0,19.389336347579956,15.0,0.99,/home/ksha/Documents/sbel/offroad-control/benchmarking/results/mpc_tire_model_sweep_20260827_162718/raw/0922_tire_force_static_clay_right_left_v7_b4_s102/20260827_212445_623939_clay_right_left_acados_static_mlp/diag_clay_right_left_acados_static_mlp.csv,,,1250,0.6132408770139477,2.214392,0.3725392530009234,4.566050507848568,5.250419999999999,0.6522929296926526,6.266719999999999,9.14,129.13926504930942,39.636385,-33.121854,0,chrono_body_contact,0,,,,,,,,0
mpc_tire_model_sweep,tire_force_static,standard,nn,tire_force_static,clay,right_left,7.0,4,103,/home/ksha/Documents/sbel/offroad-control/benchmarking/results/mpc_tire_model_sweep_20260827_162718/raw/0923_tire_force_static_clay_right_left_v7_b4_s103,ok,0,19.385833263397217,15.0,0.99,/home/ksha/Documents/sbel/offroad-control/benchmarking/results/mpc_tire_model_sweep_20260827_162718/raw/0923_tire_force_static_clay_right_left_v7_b4_s103/20260827_212505_024801_clay_right_left_acados_static_mlp/diag_clay_right_left_acados_static_mlp.csv,,,1250,0.7072197422915184,2.476214,0.42245337119113574,4.582642566943675,5.28457,0.6546632238490965,6.51684,9.3,127.76860220480802,39.781457,-33.433493,0,chrono_body_contact,0,,,,,,,,0
mpc_tire_model_sweep,tire_force_static,standard,nn,tire_force_static,clay,right_left,7.0,4,104,/home/ksha/Documents/sbel/offroad-control/benchmarking/results/mpc_tire_model_sweep_20260827_162718/raw/0924_tire_force_static_clay_right_left_v7_b4_s104,ok,0,19.482560634613037,15.0,0.99,/home/ksha/Documents/sbel/offroad-control/benchmarking/results/mpc_tire_model_sweep_20260827_162718/raw/0924_tire_force_static_clay_right_left_v7_b4_s104/20260827_212524_444859_clay_right_left_acados_static_mlp/diag_clay_right_left_acados_static_mlp.csv,,,1250,0.7354167014941386,2.512635,0.43842767313019393,4.593903047091413,5.27548,0.6562718638702018,6.152888000000001,9.15,128.55244956266512,40.084927,-33.50649,0,chrono_body_contact,0,,,,,,,,0
mpc_tire_model_sweep,tire_force_static,standard,nn,tire_force_static,clay,right_left,7.0,8,100,/home/ksha/Documents/sbel/offroad-control/benchmarking/results/mpc_tire_model_sweep_20260827_162718/raw/0925_tire_force_static_clay_right_left_v7_b8_s100,ok,0,19.48371171951294,15.0,0.99,/home/ksha/Documents/sbel/offroad-control/benchmarking/results/mpc_tire_model_sweep_20260827_162718/raw/0925_tire_force_static_clay_right_left_v7_b8_s100/20260827_212543_941115_clay_right_left_acados_static_mlp/diag_clay_right_left_acados_static_mlp.csv,,,1250,0.4701464069929626,2.320342,0.24724874884579873,4.505316805170822,5.31928,0.6436166864529745,6.1132,9.26,127.49668239805871,37.433852,-33.282669,0,chrono_body_contact,0,,,,,,,,0
mpc_tire_model_sweep,tire_force_static,standard,nn,tire_force_static,clay,right_left,7.0,8,101,/home/ksha/Documents/sbel/offroad-control/benchmarking/results/mpc_tire_model_sweep_20260827_162718/raw/0926_tire_force_static_clay_right_left_v7_b8_s101,ok,0,19.48442506790161,15.0,0.99,/home/ksha/Documents/sbel/offroad-control/benchmarking/results/mpc_tire_model_sweep_20260827_162718/raw/0926_tire_force_static_clay_right_left_v7_b8_s101/20260827_212603_440873_clay_right_left_acados_static_mlp/diag_clay_right_left_acados_static_mlp.csv,,,1250,0.4324492114662167,2.196946,0.22159531117266854,4.481959741458911,5.3114099999999995,0.6402799630655587,6.2792639999999995,9.65,123.9685469302664,37.132888,-33.116538,0,chrono_body_contact,0,,,,,,,,0
mpc_tire_model_sweep,tire_force_static,standard,nn,tire_force_static,clay,right_left,7.0,8,102,/home/ksha/Documents/sbel/offroad-control/benchmarking/results/mpc_tire_model_sweep_20260827_162718/raw/0927_tire_force_static_clay_right_left_v7_b8_s102,ok,0,19.5313560962677,15.0,0.99,/home/ksha/Documents/sbel/offroad-control/benchmarking/results/mpc_tire_model_sweep_20260827_162718/raw/0927_tire_force_static_clay_right_left_v7_b8_s102/20260827_212622_966273_clay_right_left_acados_static_mlp/diag_clay_right_left_acados_static_mlp.csv,,,1250,0.4566109370868158,2.097337,0.253327567867036,4.5063066481994465,5.30613,0.6437580925999209,6.347608,9.76,128.72129451839263,37.969586,-33.017971,0,chrono_body_contact,0,,,,,,,,0
mpc_tire_model_sweep,tire_force_static,standard,nn,tire_force_static,clay,right_left,7.0,8,103,/home/ksha/Documents/sbel/offroad-control/benchmarking/results/mpc_tire_model_sweep_20260827_162718/raw/0928_tire_force_static_clay_right_left_v7_b8_s103,ok,0,19.53092670440674,15.0,0.99,/home/ksha/Documents/sbel/offroad-control/benchmarking/results/mpc_tire_model_sweep_20260827_162718/raw/0928_tire_force_static_clay_right_left_v7_b8_s103/20260827_212642_508861_clay_right_left_acados_static_mlp/diag_clay_right_left_acados_static_mlp.csv,,,1250,0.4548983855507001,2.082849,0.2518333702677747,4.505052816251155,5.3383199999999995,0.6435789737501649,6.271792,9.4551,127.27351197948867,37.772844,-33.082849,0,chrono_body_contact,0,,,,,,,,0
mpc_tire_model_sweep,tire_force_static,standard,nn,tire_force_static,clay,right_left,7.0,8,104,/home/ksha/Documents/sbel/offroad-control/benchmarking/results/mpc_tire_model_sweep_20260827_162718/raw/0929_tire_force_static_clay_right_left_v7_b8_s104,ok,0,19.5314519405365,15.0,0.99,/home/ksha/Documents/sbel/offroad-control/benchmarking/results/mpc_tire_model_sweep_20260827_162718/raw/0929_tire_force_static_clay_right_left_v7_b8_s104/20260827_212702_056841_clay_right_left_acados_static_mlp/diag_clay_right_left_acados_static_mlp.csv,,,1250,0.5203884597463497,2.354232,0.2781323305632502,4.538472483841182,5.36797,0.6483532119773117,6.296512,9.6502,128.2250006534108,38.415425,-33.354232,0,chrono_body_contact,0,,,,,,,,0
mpc_tire_model_sweep,tire_force_static,standard,nn,tire_force_static,clay,right_left,9.0,0,100,/home/ksha/Documents/sbel/offroad-control/benchmarking/results/mpc_tire_model_sweep_20260827_162718/raw/0930_tire_force_static_clay_right_left_v9_b0_s100,ok,0,19.180771827697754,15.0,0.99,/home/ksha/Documents/sbel/offroad-control/benchmarking/results/mpc_tire_model_sweep_20260827_162718/raw/0930_tire_force_static_clay_right_left_v9_b0_s100/20260827_212721_630309_clay_right_left_acados_static_mlp/diag_clay_right_left_acados_static_mlp.csv,,,1250,0.5830469662216268,2.09893,0.35206492059095107,4.569756048014773,5.483339999999999,0.5077506720016415,6.0356,9.18,127.8849254399191,39.633626,-33.036368,0,chrono_body_contact,0,,,,,,,,0
mpc_tire_model_sweep,tire_force_static,standard,nn,tire_force_static,clay,right_left,9.0,0,101,/home/ksha/Documents/sbel/offroad-control/benchmarking/results/mpc_tire_model_sweep_20260827_162718/raw/0931_tire_force_static_clay_right_left_v9_b0_s101,ok,0,19.17984127998352,15.0,0.99,/home/ksha/Documents/sbel/offroad-control/benchmarking/results/mpc_tire_model_sweep_20260827_162718/raw/0931_tire_force_static_clay_right_left_v9_b0_s101/20260827_212740_817328_clay_right_left_acados_static_mlp/diag_clay_right_left_acados_static_mlp.csv,,,1250,0.5682548766984851,2.134779,0.34233226408125583,4.561997137580793,5.40083,0.5068885708423103,6.302352,9.7206,124.48681223412055,39.510843,-33.018608,0,chrono_body_contact,0,,,,,,,,0
mpc_tire_model_sweep,tire_force_static,standard,nn,tire_force_static,clay,right_left,9.0,0,102,/home/ksha/Documents/sbel/offroad-control/benchmarking/results/mpc_tire_model_sweep_20260827_162718/raw/0932_tire_force_static_clay_right_left_v9_b0_s102,ok,0,19.181215047836304,15.0,0.99,/home/ksha/Documents/sbel/offroad-control/benchmarking/results/mpc_tire_model_sweep_20260827_162718/raw/0932_tire_force_static_clay_right_left_v9_b0_s102/20260827_212800_018220_clay_right_left_acados_static_mlp/diag_clay_right_left_acados_static_mlp.csv,,,1250,0.5593547289732118,1.839261,0.3462636888273315,4.56420027700831,5.4095,0.5071333641120345,6.238336,9.5506,129.20254565715265,39.825563,-32.735945,0,chrono_body_contact,0,,,,,,,,0
mpc_tire_model_sweep,tire_force_static,standard,nn,tire_force_static,clay,right_left,9.0,0,103,/home/ksha/Documents/sbel/offroad-control/benchmarking/results/mpc_tire_model_sweep_20260827_162718/raw/0933_tire_force_static_clay_right_left_v9_b0_s103,ok,0,19.229538917541504,15.0,0.99,/home/ksha/Documents/sbel/offroad-control/benchmarking/results/mpc_tire_model_sweep_20260827_162718/raw/0933_tire_force_static_clay_right_left_v9_b0_s103/20260827_212819_208193_clay_right_left_acados_static_mlp/diag_clay_right_left_acados_static_mlp.csv,,,1250,0.6435043201029385,2.390883,0.37413578393351804,4.596047737765466,5.437189999999999,0.5106719708628296,6.0441840000000004,9.2002,127.88604128186108,39.766189,-33.30973,0,chrono_body_contact,0,,,,,,,,0
mpc_tire_model_sweep,tire_force_static,standard,nn,tire_force_static,clay,right_left,9.0,0,104,/home/ksha/Documents/sbel/offroad-control/benchmarking/results/mpc_tire_model_sweep_20260827_162718/raw/0934_tire_force_static_clay_right_left_v9_b0_s104,ok,0,19.178422451019287,15.0,0.99,/home/ksha/Documents/sbel/offroad-control/benchmarking/results/mpc_tire_model_sweep_20260827_162718/raw/0934_tire_force_static_clay_right_left_v9_b0_s104/20260827_212838_450649_clay_right_left_acados_static_mlp/diag_clay_right_left_acados_static_mlp.csv,,,1250,0.6408167520376443,2.120287,0.38758810710988,4.580872483841182,5.387149999999999,0.5089858315379091,6.004992,6.3151,128.5409620263103,40.012339,-33.092347,0,chrono_body_contact,0,,,,,,,,0
mpc_tire_model_sweep,tire_force_static,standard,nn,tire_force_static,clay,right_left,9.0,4,100,/home/ksha/Documents/sbel/offroad-control/benchmarking/results/mpc_tire_model_sweep_20260827_162718/raw/0935_tire_force_static_clay_right_left_v9_b4_s100,ok,0,19.381023168563843,15.0,0.99,/home/ksha/Documents/sbel/offroad-control/benchmarking/results/mpc_tire_model_sweep_20260827_162718/raw/0935_tire_force_static_clay_right_left_v9_b4_s100/20260827_212857_651190_clay_right_left_acados_static_mlp/diag_clay_right_left_acados_static_mlp.csv,,,1250,0.6035237649263202,2.269638,0.36622427146814407,4.551846352723915,5.421309999999999,0.5057607058582128,6.134728,9.305299999999999,127.7908236078504,39.293999,-33.212134,0,chrono_body_contact,0,,,,,,,,0
mpc_tire_model_sweep,tire_force_static,standard,nn,tire_force_static,clay,right_left,9.0,4,101,/home/ksha/Documents/sbel/offroad-control/benchmarking/results/mpc_tire_model_sweep_20260827_162718/raw/0936_tire_force_static_clay_right_left_v9_b4_s101,ok,0,19.383114337921143,15.0,0.99,/home/ksha/Documents/sbel/offroad-control/benchmarking/results/mpc_tire_model_sweep_20260827_162718/raw/0936_tire_force_static_clay_right_left_v9_b4_s101/20260827_212917_063412_clay_right_left_acados_static_mlp/diag_clay_right_left_acados_static_mlp.csv,,,1250,0.5863862271946733,2.284567,0.3490061274238227,4.5555066481994455,5.43245,0.506167405355494,6.29472,9.5451,124.42940284725381,39.413148,-33.173062,0,chrono_body_contact,0,,,,,,,,0
mpc_tire_model_sweep,tire_force_static,standard,nn,tire_force_static,clay,right_left,9.0,4,102,/home/ksha/Documents/sbel/offroad-control/benchmarking/results/mpc_tire_model_sweep_20260827_162718/raw/0937_tire_force_static_clay_right_left_v9_b4_s102,ok,0,19.482131242752075,15.0,0.99,/home/ksha/Documents/sbel/offroad-control/benchmarking/results/mpc_tire_model_sweep_20260827_162718/raw/0937_tire_force_static_clay_right_left_v9_b4_s102/20260827_212936_475797_clay_right_left_acados_static_mlp/diag_clay_right_left_acados_static_mlp.csv,,,1250,0.6733767589753378,2.225626,0.4096473601108032,4.594666943674977,5.37583,0.5105185492972197,6.279232,9.4251,129.339549593046,40.353593,-33.12617,0,chrono_body_contact,0,,,,,,,,0
mpc_tire_model_sweep,tire_force_static,standard,nn,tire_force_static,clay,right_left,9.0,4,103,/home/ksha/Documents/sbel/offroad-control/benchmarking/results/mpc_tire_model_sweep_20260827_162718/raw/0938_tire_force_static_clay_right_left_v9_b4_s103,ok,0,19.38484287261963,15.0,0.99,/home/ksha/Documents/sbel/offroad-control/benchmarking/results/mpc_tire_model_sweep_20260827_162718/raw/0938_tire_force_static_clay_right_left_v9_b4_s103/20260827_212955_971057_clay_right_left_acados_static_mlp/diag_clay_right_left_acados_static_mlp.csv,,,1250,0.689297232057646,2.316907,0.4162012834718375,4.599000277008311,5.40549,0.5110000307787012,6.22192,9.3,127.93019764932305,40.384726,-33.237891,0,chrono_body_contact,0,,,,,,,,0
mpc_tire_model_sweep,tire_force_static,standard,nn,tire_force_static,clay,right_left,9.0,4,104,/home/ksha/Documents/sbel/offroad-control/benchmarking/results/mpc_tire_model_sweep_20260827_162718/raw/0939_tire_force_static_clay_right_left_v9_b4_s104,ok,0,19.431795120239258,15.0,0.99,/home/ksha/Documents/sbel/offroad-control/benchmarking/results/mpc_tire_model_sweep_20260827_162718/raw/0939_tire_force_static_clay_right_left_v9_b4_s104/20260827_213015_375143_clay_right_left_acados_static_mlp/diag_clay_right_left_acados_static_mlp.csv,,,1250,0.6841004324809645,2.433235,0.40629763804247465,4.5868778393351795,5.37967,0.5096530932594644,6.005032,9.0951,128.56550406874152,39.977636,-33.412105,0,chrono_body_contact,0,,,,,,,,0
mpc_tire_model_sweep,tire_force_static,standard,nn,tire_force_static,clay,right_left,9.0,8,100,/home/ksha/Documents/sbel/offroad-control/benchmarking/results/mpc_tire_model_sweep_20260827_162718/raw/0940_tire_force_static_clay_right_left_v9_b8_s100,ok,0,19.48333716392517,15.0,0.99,/home/ksha/Documents/sbel/offroad-control/benchmarking/results/mpc_tire_model_sweep_20260827_162718/raw/0940_tire_force_static_clay_right_left_v9_b8_s100/20260827_213034_842862_clay_right_left_acados_static_mlp/diag_clay_right_left_acados_static_mlp.csv,,,1250,0.4454605326222678,2.153453,0.24183149953831945,4.494810710987997,5.35313,0.4994234123319996,6.041736,9.2,127.45233818961809,37.480491,-33.111944,0,chrono_body_contact,0,,,,,,,,0
mpc_tire_model_sweep,tire_force_static,standard,nn,tire_force_static,clay,right_left,9.0,8,101,/home/ksha/Documents/sbel/offroad-control/benchmarking/results/mpc_tire_model_sweep_20260827_162718/raw/0941_tire_force_static_clay_right_left_v9_b8_s101,ok,0,19.528503894805908,15.0,0.99,/home/ksha/Documents/sbel/offroad-control/benchmarking/results/mpc_tire_model_sweep_20260827_162718/raw/0941_tire_force_static_clay_right_left_v9_b8_s101/20260827_213054_323515_clay_right_left_acados_static_mlp/diag_clay_right_left_acados_static_mlp.csv,,,1250,0.426986188840932,2.035744,0.23421980147737767,4.487154570637119,5.35502,0.498572730070791,6.027392,9.18,123.99887632535258,37.708015,-32.944406,0,chrono_body_contact,0,,,,,,,,0
mpc_tire_model_sweep,tire_force_static,standard,nn,tire_force_static,clay,right_left,9.0,8,102,/home/ksha/Documents/sbel/offroad-control/benchmarking/results/mpc_tire_model_sweep_20260827_162718/raw/0942_tire_force_static_clay_right_left_v9_b8_s102,ok,0,19.482857704162598,15.0,0.99,/home/ksha/Documents/sbel/offroad-control/benchmarking/results/mpc_tire_model_sweep_20260827_162718/raw/0942_tire_force_static_clay_right_left_v9_b8_s102/20260827_213113_874317_clay_right_left_acados_static_mlp/diag_clay_right_left_acados_static_mlp.csv,,,1250,0.4744117419163313,2.135796,0.2603744349030471,4.515212834718374,5.33664,0.5016903149687083,6.259016,9.6053,128.79830864746057,38.163034,-33.051676,0,chrono_body_contact,0,,,,,,,,0
mpc_tire_model_sweep,tire_force_static,standard,nn,tire_force_static,clay,right_left,9.0,8,103,/home/ksha/Documents/sbel/offroad-control/benchmarking/results/mpc_tire_model_sweep_20260827_162718/raw/0943_tire_force_static_clay_right_left_v9_b8_s103,ok,0,19.53209638595581,15.0,0.99,/home/ksha/Documents/sbel/offroad-control/benchmarking/results/mpc_tire_model_sweep_20260827_162718/raw/0943_tire_force_static_clay_right_left_v9_b8_s103/20260827_213133_408097_clay_right_left_acados_static_mlp/diag_clay_right_left_acados_static_mlp.csv,,,1250,0.44682731188593183,2.052556,0.24051755124653737,4.493971191135734,5.34864,0.4993301323484149,6.303464,9.7102,127.21293213196589,37.571635,-33.052556,0,chrono_body_contact,0,,,,,,,,0
mpc_tire_model_sweep,tire_force_static,standard,nn,tire_force_static,clay,right_left,9.0,8,104,/home/ksha/Documents/sbel/offroad-control/benchmarking/results/mpc_tire_model_sweep_20260827_162718/raw/0944_tire_force_static_clay_right_left_v9_b8_s104,ok,0,19.535149812698364,15.0,0.99,/home/ksha/Documents/sbel/offroad-control/benchmarking/results/mpc_tire_model_sweep_20260827_162718/raw/0944_tire_force_static_clay_right_left_v9_b8_s104/20260827_213152_932477_clay_right_left_acados_static_mlp/diag_clay_right_left_acados_static_mlp.csv,,,1250,0.469248688088985,2.058898,0.2615465170821791,4.511784764542936,5.374899999999999,0.5013094182825485,6.336744,9.56,128.08767875778523,38.328968,-33.058898,0,chrono_body_contact,0,,,,,,,,0
mpc_tire_model_sweep,tire_force_static,standard,nn,tire_force_static,dirt,sinusoidal,5.0,0,100,/home/ksha/Documents/sbel/offroad-control/benchmarking/results/mpc_tire_model_sweep_20260827_162718/raw/0945_tire_force_static_dirt_sinusoidal_v5_b0_s100,ok,0,19.227957010269165,15.0,0.99,/home/ksha/Documents/sbel/offroad-control/benchmarking/results/mpc_tire_model_sweep_20260827_162718/raw/0945_tire_force_static_dirt_sinusoidal_v5_b0_s100/20260827_213212_501757_dirt_sinusoidal_acados_static_mlp/diag_dirt_sinusoidal_acados_static_mlp.csv,,,1250,0.07793521707630834,0.333556,0.059377174515235456,3.8704922437673126,5.268549999999999,0.7740984487534626,6.274832,7.63,125.03748528786903,52.043552,-0.874582,0,chrono_body_contact,0,,,,,,,,0
mpc_tire_model_sweep,tire_force_static,standard,nn,tire_force_static,dirt,sinusoidal,5.0,0,101,/home/ksha/Documents/sbel/offroad-control/benchmarking/results/mpc_tire_model_sweep_20260827_162718/raw/0946_tire_force_static_dirt_sinusoidal_v5_b0_s101,ok,0,19.22782826423645,15.0,0.99,/home/ksha/Documents/sbel/offroad-control/benchmarking/results/mpc_tire_model_sweep_20260827_162718/raw/0946_tire_force_static_dirt_sinusoidal_v5_b0_s101/20260827_213231_740317_dirt_sinusoidal_acados_static_mlp/diag_dirt_sinusoidal_acados_static_mlp.csv,,,1250,0.08212316419551136,0.305482,0.06221734810710988,3.8883830101569714,5.31298,0.7776766020313943,6.295432,6.7451,121.16306001866764,52.414461,-0.879731,0,chrono_body_contact,0,,,,,,,,0
mpc_tire_model_sweep,tire_force_static,standard,nn,tire_force_static,dirt,sinusoidal,5.0,0,102,/home/ksha/Documents/sbel/offroad-control/benchmarking/results/mpc_tire_model_sweep_20260827_162718/raw/0947_tire_force_static_dirt_sinusoidal_v5_b0_s102,ok,0,19.178520441055298,15.0,0.99,/home/ksha/Documents/sbel/offroad-control/benchmarking/results/mpc_tire_model_sweep_20260827_162718/raw/0947_tire_force_static_dirt_sinusoidal_v5_b0_s102/20260827_213251_000020_dirt_sinusoidal_acados_static_mlp/diag_dirt_sinusoidal_acados_static_mlp.csv,,,1250,0.08623318363178058,0.345271,0.0640354108956602,3.765829547553093,5.228079999999999,0.7531659095106187,6.671767999999999,8.5151,125.54880448716645,50.592368,-0.204048,0,chrono_body_contact,0,,,,,,,,0
mpc_tire_model_sweep,tire_force_static,standard,nn,tire_force_static,dirt,sinusoidal,5.0,0,103,/home/ksha/Documents/sbel/offroad-control/benchmarking/results/mpc_tire_model_sweep_20260827_162718/raw/0948_tire_force_static_dirt_sinusoidal_v5_b0_s103,ok,0,19.18170404434204,15.0,0.99,/home/ksha/Documents/sbel/offroad-control/benchmarking/results/mpc_tire_model_sweep_20260827_162718/raw/0948_tire_force_static_dirt_sinusoidal_v5_b0_s103/20260827_213310_201722_dirt_sinusoidal_acados_static_mlp/diag_dirt_sinusoidal_acados_static_mlp.csv,,,1250,0.08279669955530325,0.322487,0.06241051061865189,3.8851566020313952,5.34043,0.7770313204062791,7.783136,8.43,124.24576343005427,52.227945,-0.837052,0,chrono_body_contact,0,,,,,,,,0
mpc_tire_model_sweep,tire_force_static,standard,nn,tire_force_static,dirt,sinusoidal,5.0,0,104,/home/ksha/Documents/sbel/offroad-control/benchmarking/results/mpc_tire_model_sweep_20260827_162718/raw/0949_tire_force_static_dirt_sinusoidal_v5_b0_s104,ok,0,19.177807092666626,15.0,0.99,/home/ksha/Documents/sbel/offroad-control/benchmarking/results/mpc_tire_model_sweep_20260827_162718/raw/0949_tire_force_static_dirt_sinusoidal_v5_b0_s104/20260827_213329_404847_dirt_sinusoidal_acados_static_mlp/diag_dirt_sinusoidal_acados_static_mlp.csv,,,1250,0.09506158112263138,0.418611,0.06766700646352723,3.7933426592797783,5.30614,0.7586685318559556,6.264448000000001,6.8151,124.36890049589289,50.999511,-0.434507,0,chrono_body_contact,0,,,,,,,,0
mpc_tire_model_sweep,tire_force_static,standard,nn,tire_force_static,dirt,sinusoidal,5.0,4,100,/home/ksha/Documents/sbel/offroad-control/benchmarking/results/mpc_tire_model_sweep_20260827_162718/raw/0950_tire_force_static_dirt_sinusoidal_v5_b4_s100,ok,0,19.386347770690918,15.0,0.99,/home/ksha/Documents/sbel/offroad-control/benchmarking/results/mpc_tire_model_sweep_20260827_162718/raw/0950_tire_force_static_dirt_sinusoidal_v5_b4_s100/20260827_213348_611029_dirt_sinusoidal_acados_static_mlp/diag_dirt_sinusoidal_acados_static_mlp.csv,,,1250,0.09079555550104479,0.477214,0.0640561431209603,3.8636283471837483,5.344809999999999,0.7727256694367497,7.289104000000001,8.6953,125.20409210139924,51.832446,-0.801964,0,chrono_body_contact,0,,,,,,,,0
mpc_tire_model_sweep,tire_force_static,standard,nn,tire_force_static,dirt,sinusoidal,5.0,4,101,/home/ksha/Documents/sbel/offroad-control/benchmarking/results/mpc_tire_model_sweep_20260827_162718/raw/0951_tire_force_static_dirt_sinusoidal_v5_b4_s101,ok,0,19.3871648311615,15.0,0.99,/home/ksha/Documents/sbel/offroad-control/benchmarking/results/mpc_tire_model_sweep_20260827_162718/raw/0951_tire_force_static_dirt_sinusoidal_v5_b4_s101/20260827_213407_994701_dirt_sinusoidal_acados_static_mlp/diag_dirt_sinusoidal_acados_static_mlp.csv,,,1250,0.09249660716721443,0.41044,0.0659908162511542,3.8100063711911356,5.2577,0.7620012742382272,6.312776,6.760199999999999,120.88419100214577,51.403905,-0.509011,0,chrono_body_contact,0,,,,,,,,0
mpc_tire_model_sweep,tire_force_static,standard,nn,tire_force_static,dirt,sinusoidal,5.0,4,102,/home/ksha/Documents/sbel/offroad-control/benchmarking/results/mpc_tire_model_sweep_20260827_162718/raw/0952_tire_force_static_dirt_sinusoidal_v5_b4_s102,ok,0,19.480546712875366,15.0,0.99,/home/ksha/Documents/sbel/offroad-control/benchmarking/results/mpc_tire_model_sweep_20260827_162718/raw/0952_tire_force_static_dirt_sinusoidal_v5_b4_s102/20260827_213427_415592_dirt_sinusoidal_acados_static_mlp/diag_dirt_sinusoidal_acados_static_mlp.csv,,,1250,0.09060216799638134,0.418317,0.06611803601108034,3.7204002770083107,5.14885,0.7440800554016621,6.122936,6.5,125.37804160914888,50.061784,0.01029,0,chrono_body_contact,0,,,,,,,,0
mpc_tire_model_sweep,tire_force_static,standard,nn,tire_force_static,dirt,sinusoidal,5.0,4,103,/home/ksha/Documents/sbel/offroad-control/benchmarking/results/mpc_tire_model_sweep_20260827_162718/raw/0953_tire_force_static_dirt_sinusoidal_v5_b4_s103,ok,0,19.382951021194458,15.0,0.99,/home/ksha/Documents/sbel/offroad-control/benchmarking/results/mpc_tire_model_sweep_20260827_162718/raw/0953_tire_force_static_dirt_sinusoidal_v5_b4_s103/20260827_213446_913917_dirt_sinusoidal_acados_static_mlp/diag_dirt_sinusoidal_acados_static_mlp.csv,,,1250,0.08771109256343398,0.38565,0.06344769621421975,3.783887811634349,5.19898,0.7567775623268698,8.440352,8.9202,123.69666243517446,51.025819,-0.387727,0,chrono_body_contact,0,,,,,,,,0
mpc_tire_model_sweep,tire_force_static,standard,nn,tire_force_static,dirt,sinusoidal,5.0,4,104,/home/ksha/Documents/sbel/offroad-control/benchmarking/results/mpc_tire_model_sweep_20260827_162718/raw/0954_tire_force_static_dirt_sinusoidal_v5_b4_s104,ok,0,19.433722019195557,15.0,0.99,/home/ksha/Documents/sbel/offroad-control/benchmarking/results/mpc_tire_model_sweep_20260827_162718/raw/0954_tire_force_static_dirt_sinusoidal_v5_b4_s104/20260827_213506_308993_dirt_sinusoidal_acados_static_mlp/diag_dirt_sinusoidal_acados_static_mlp.csv,,,1250,0.08346993847586856,0.344484,0.0627476029547553,3.760168421052631,5.23042,0.7520336842105262,6.289288000000001,6.72,124.17152164211319,50.635071,-0.290299,0,chrono_body_contact,0,,,,,,,,0
mpc_tire_model_sweep,tire_force_static,standard,nn,tire_force_static,dirt,sinusoidal,5.0,8,100,/home/ksha/Documents/sbel/offroad-control/benchmarking/results/mpc_tire_model_sweep_20260827_162718/raw/0955_tire_force_static_dirt_sinusoidal_v5_b8_s100,ok,0,19.48329734802246,15.0,0.99,/home/ksha/Documents/sbel/offroad-control/benchmarking/results/mpc_tire_model_sweep_20260827_162718/raw/0955_tire_force_static_dirt_sinusoidal_v5_b8_s100/20260827_213525_758686_dirt_sinusoidal_acados_static_mlp/diag_dirt_sinusoidal_acados_static_mlp.csv,,,1250,0.10250834686459576,0.51269,0.07271828439519852,3.7142937211449674,5.31247,0.7428587442289935,6.2851360000000005,6.6802,124.42444452328027,49.924673,-0.034196,0,chrono_body_contact,0,,,,,,,,0
mpc_tire_model_sweep,tire_force_static,standard,nn,tire_force_static,dirt,sinusoidal,5.0,8,101,/home/ksha/Documents/sbel/offroad-control/benchmarking/results/mpc_tire_model_sweep_20260827_162718/raw/0956_tire_force_static_dirt_sinusoidal_v5_b8_s101,ok,0,19.534907817840576,15.0,0.99,/home/ksha/Documents/sbel/offroad-control/benchmarking/results/mpc_tire_model_sweep_20260827_162718/raw/0956_tire_force_static_dirt_sinusoidal_v5_b8_s101/20260827_213545_268234_dirt_sinusoidal_acados_static_mlp/diag_dirt_sinusoidal_acados_static_mlp.csv,,,1250,0.09991943426798403,0.404438,0.07483514496768236,3.378751523545706,5.33678,0.6757503047091412,7.018216000000001,8.5353,119.12630486480784,45.930146,1.547435,0,chrono_body_contact,0,,,,,,,,0
mpc_tire_model_sweep,tire_force_static,standard,nn,tire_force_static,dirt,sinusoidal,5.0,8,102,/home/ksha/Documents/sbel/offroad-control/benchmarking/results/mpc_tire_model_sweep_20260827_162718/raw/0957_tire_force_static_dirt_sinusoidal_v5_b8_s102,ok,0,19.570525646209717,15.0,0.99,/home/ksha/Documents/sbel/offroad-control/benchmarking/results/mpc_tire_model_sweep_20260827_162718/raw/0957_tire_force_static_dirt_sinusoidal_v5_b8_s102/20260827_213604_827038_dirt_sinusoidal_acados_static_mlp/diag_dirt_sinusoidal_acados_static_mlp.csv,,,1250,0.10544447803100818,0.486168,0.07500304709141273,3.71436648199446,5.31451,0.742873296398892,6.262104,6.6602,125.3655264376635,49.925902,0.073837,0,chrono_body_contact,0,,,,,,,,0
mpc_tire_model_sweep,tire_force_static,standard,nn,tire_force_static,dirt,sinusoidal,5.0,8,103,/home/ksha/Documents/sbel/offroad-control/benchmarking/results/mpc_tire_model_sweep_20260827_162718/raw/0958_tire_force_static_dirt_sinusoidal_v5_b8_s103,ok,0,19.569719791412354,15.0,0.99,/home/ksha/Documents/sbel/offroad-control/benchmarking/results/mpc_tire_model_sweep_20260827_162718/raw/0958_tire_force_static_dirt_sinusoidal_v5_b8_s103/20260827_213624_432959_dirt_sinusoidal_acados_static_mlp/diag_dirt_sinusoidal_acados_static_mlp.csv,,,1250,0.1036115676304813,0.453353,0.07357514681440443,3.679922622345337,5.330970000000001,0.7359845244690674,6.389968,7.0451,123.34144354073928,49.653305,0.201561,0,chrono_body_contact,0,,,,,,,,0
mpc_tire_model_sweep,tire_force_static,standard,nn,tire_force_static,dirt,sinusoidal,5.0,8,104,/home/ksha/Documents/sbel/offroad-control/benchmarking/results/mpc_tire_model_sweep_20260827_162718/raw/0959_tire_force_static_dirt_sinusoidal_v5_b8_s104,ok,0,19.55974245071411,15.0,0.99,/home/ksha/Documents/sbel/offroad-control/benchmarking/results/mpc_tire_model_sweep_20260827_162718/raw/0959_tire_force_static_dirt_sinusoidal_v5_b8_s104/20260827_213644_012620_dirt_sinusoidal_acados_static_mlp/diag_dirt_sinusoidal_acados_static_mlp.csv,,,1250,0.09422596888239189,0.352998,0.0701612566943675,3.4633557710064635,5.29496,0.6926711542012927,6.257584,6.830399999999999,122.8187016729466,46.820454,1.228976,0,chrono_body_contact,0,,,,,,,,0
mpc_tire_model_sweep,tire_force_static,standard,nn,tire_force_static,dirt,sinusoidal,7.0,0,100,/home/ksha/Documents/sbel/offroad-control/benchmarking/results/mpc_tire_model_sweep_20260827_162718/raw/0960_tire_force_static_dirt_sinusoidal_v7_b0_s100,ok,0,19.209688425064087,15.0,0.99,/home/ksha/Documents/sbel/offroad-control/benchmarking/results/mpc_tire_model_sweep_20260827_162718/raw/0960_tire_force_static_dirt_sinusoidal_v7_b0_s100/20260827_213703_584898_dirt_sinusoidal_acados_static_mlp/diag_dirt_sinusoidal_acados_static_mlp.csv,,,1250,0.10384122828802465,0.438724,0.08168923176361957,4.537576454293628,6.7379500000000005,0.6482252077562326,6.2749440000000005,6.75,129.5863983031684,60.326904,-1.658399,0,chrono_body_contact,0,,,,,,,,0
mpc_tire_model_sweep,tire_force_static,standard,nn,tire_force_static,dirt,sinusoidal,7.0,0,101,/home/ksha/Documents/sbel/offroad-control/benchmarking/results/mpc_tire_model_sweep_20260827_162718/raw/0961_tire_force_static_dirt_sinusoidal_v7_b0_s101,ok,0,19.20745086669922,15.0,0.99,/home/ksha/Documents/sbel/offroad-control/benchmarking/results/mpc_tire_model_sweep_20260827_162718/raw/0961_tire_force_static_dirt_sinusoidal_v7_b0_s101/20260827_213722_810824_dirt_sinusoidal_acados_static_mlp/diag_dirt_sinusoidal_acados_static_mlp.csv,,,1250,0.10725228175146945,0.378259,0.0840421265004617,4.477709048938135,6.70958,0.6396727212768765,6.220776,6.7402,125.4253939364342,59.72811,-1.675771,0,chrono_body_contact,0,,,,,,,,0
mpc_tire_model_sweep,tire_force_static,standard,nn,tire_force_static,dirt,sinusoidal,7.0,0,102,/home/ksha/Documents/sbel/offroad-control/benchmarking/results/mpc_tire_model_sweep_20260827_162718/raw/0962_tire_force_static_dirt_sinusoidal_v7_b0_s102,ok,0,19.228402853012085,15.0,0.99,/home/ksha/Documents/sbel/offroad-control/benchmarking/results/mpc_tire_model_sweep_20260827_162718/raw/0962_tire_force_static_dirt_sinusoidal_v7_b0_s102/20260827_213742_045983_dirt_sinusoidal_acados_static_mlp/diag_dirt_sinusoidal_acados_static_mlp.csv,,,1250,0.1053056301110835,0.363215,0.08249386980609417,4.527431671283472,6.72084,0.6467759530404961,6.075272,6.3853,130.5915343761945,60.207567,-1.592844,0,chrono_body_contact,0,,,,,,,,0
mpc_tire_model_sweep,tire_force_static,standard,nn,tire_force_static,dirt,sinusoidal,7.0,0,103,/home/ksha/Documents/sbel/offroad-control/benchmarking/results/mpc_tire_model_sweep_20260827_162718/raw/0963_tire_force_static_dirt_sinusoidal_v7_b0_s103,ok,0,19.227590799331665,15.0,0.99,/home/ksha/Documents/sbel/offroad-control/benchmarking/results/mpc_tire_model_sweep_20260827_162718/raw/0963_tire_force_static_dirt_sinusoidal_v7_b0_s103/20260827_213801_280758_dirt_sinusoidal_acados_static_mlp/diag_dirt_sinusoidal_acados_static_mlp.csv,,,1250,0.10225589274275457,0.353386,0.07994107386888273,4.607489935364728,6.80582,0.6582128479092468,6.523832,8.83,129.48169404730749,61.42233,-1.403018,0,chrono_body_contact,0,,,,,,,,0
mpc_tire_model_sweep,tire_force_static,standard,nn,tire_force_static,dirt,sinusoidal,7.0,0,104,/home/ksha/Documents/sbel/offroad-control/benchmarking/results/mpc_tire_model_sweep_20260827_162718/raw/0964_tire_force_static_dirt_sinusoidal_v7_b0_s104,ok,0,19.227379083633423,15.0,0.99,/home/ksha/Documents/sbel/offroad-control/benchmarking/results/mpc_tire_model_sweep_20260827_162718/raw/0964_tire_force_static_dirt_sinusoidal_v7_b0_s104/20260827_213820_533663_dirt_sinusoidal_acados_static_mlp/diag_dirt_sinusoidal_acados_static_mlp.csv,,,1250,0.1011640688993863,0.322176,0.08065893905817174,4.428034349030471,6.80504,0.6325763355757816,6.28488,6.886099999999999,128.62736715320295,58.677317,-1.833324,0,chrono_body_contact,0,,,,,,,,0
mpc_tire_model_sweep,tire_force_static,standard,nn,tire_force_static,dirt,sinusoidal,7.0,4,100,/home/ksha/Documents/sbel/offroad-control/benchmarking/results/mpc_tire_model_sweep_20260827_162718/raw/0965_tire_force_static_dirt_sinusoidal_v7_b4_s100,ok,0,19.37914514541626,15.0,0.99,/home/ksha/Documents/sbel/offroad-control/benchmarking/results/mpc_tire_model_sweep_20260827_162718/raw/0965_tire_force_static_dirt_sinusoidal_v7_b4_s100/20260827_213839_769296_dirt_sinusoidal_acados_static_mlp/diag_dirt_sinusoidal_acados_static_mlp.csv,,,1250,0.09571166824111725,0.349758,0.0752072188365651,4.3210756232686975,6.76028,0.617296517609814,6.262536,6.930599999999999,128.47775465450425,57.482178,-1.907125,0,chrono_body_contact,0,,,,,,,,0
mpc_tire_model_sweep,tire_force_static,standard,nn,tire_force_static,dirt,sinusoidal,7.0,4,101,/home/ksha/Documents/sbel/offroad-control/benchmarking/results/mpc_tire_model_sweep_20260827_162718/raw/0966_tire_force_static_dirt_sinusoidal_v7_b4_s101,ok,0,19.383274793624878,15.0,0.99,/home/ksha/Documents/sbel/offroad-control/benchmarking/results/mpc_tire_model_sweep_20260827_162718/raw/0966_tire_force_static_dirt_sinusoidal_v7_b4_s101/20260827_213859_167633_dirt_sinusoidal_acados_static_mlp/diag_dirt_sinusoidal_acados_static_mlp.csv,,,1250,0.10640499105625809,0.386825,0.08343973222530009,4.472430840258541,6.7921700000000005,0.6389186914655058,6.022615999999999,6.7204,125.45661173247385,59.683798,-1.691896,0,chrono_body_contact,0,,,,,,,,0
mpc_tire_model_sweep,tire_force_static,standard,nn,tire_force_static,dirt,sinusoidal,7.0,4,102,/home/ksha/Documents/sbel/offroad-control/benchmarking/results/mpc_tire_model_sweep_20260827_162718/raw/0967_tire_force_static_dirt_sinusoidal_v7_b4_s102,ok,0,19.383330583572388,15.0,0.99,/home/ksha/Documents/sbel/offroad-control/benchmarking/results/mpc_tire_model_sweep_20260827_162718/raw/0967_tire_force_static_dirt_sinusoidal_v7_b4_s102/20260827_213918_574842_dirt_sinusoidal_acados_static_mlp/diag_dirt_sinusoidal_acados_static_mlp.csv,,,1250,0.10451639446824913,0.362087,0.08196785041551247,4.371944783010157,6.74969,0.6245635404300225,6.359872,8.78,129.8079087731922,58.185587,-1.796692,0,chrono_body_contact,0,,,,,,,,0
mpc_tire_model_sweep,tire_force_static,standard,nn,tire_force_static,dirt,sinusoidal,7.0,4,103,/home/ksha/Documents/sbel/offroad-control/benchmarking/results/mpc_tire_model_sweep_20260827_162718/raw/0968_tire_force_static_dirt_sinusoidal_v7_b4_s103,ok,0,19.431426763534546,15.0,0.99,/home/ksha/Documents/sbel/offroad-control/benchmarking/results/mpc_tire_model_sweep_20260827_162718/raw/0968_tire_force_static_dirt_sinusoidal_v7_b4_s103/20260827_213937_981270_dirt_sinusoidal_acados_static_mlp/diag_dirt_sinusoidal_acados_static_mlp.csv,,,1250,0.10670928559222893,0.421409,0.08301924930747923,4.502775346260387,6.75651,0.643253620894341,6.302959999999999,7.106499999999999,128.85720390639585,60.0044,-1.674168,0,chrono_body_contact,0,,,,,,,,0
mpc_tire_model_sweep,tire_force_static,standard,nn,tire_force_static,dirt,sinusoidal,7.0,4,104,/home/ksha/Documents/sbel/offroad-control/benchmarking/results/mpc_tire_model_sweep_20260827_162718/raw/0969_tire_force_static_dirt_sinusoidal_v7_b4_s104,ok,0,19.382365942001343,15.0,0.99,/home/ksha/Documents/sbel/offroad-control/benchmarking/results/mpc_tire_model_sweep_20260827_162718/raw/0969_tire_force_static_dirt_sinusoidal_v7_b4_s104/20260827_213957_431875_dirt_sinusoidal_acados_static_mlp/diag_dirt_sinusoidal_acados_static_mlp.csv,,,1250,0.10143783056852029,0.346568,0.08182576084949215,4.407230101569714,6.81595,0.6296043002242449,7.5644160000000005,8.6802,128.5647380204946,58.364148,-1.882258,0,chrono_body_contact,0,,,,,,,,0
mpc_tire_model_sweep,tire_force_static,standard,nn,tire_force_static,dirt,sinusoidal,7.0,8,100,/home/ksha/Documents/sbel/offroad-control/benchmarking/results/mpc_tire_model_sweep_20260827_162718/raw/0970_tire_force_static_dirt_sinusoidal_v7_b8_s100,ok,0,19.57966184616089,15.0,0.99,/home/ksha/Documents/sbel/offroad-control/benchmarking/results/mpc_tire_model_sweep_20260827_162718/raw/0970_tire_force_static_dirt_sinusoidal_v7_b8_s100/20260827_214016_855615_dirt_sinusoidal_acados_static_mlp/diag_dirt_sinusoidal_acados_static_mlp.csv,,,1250,0.11759305288761869,0.445491,0.09053512188365652,4.321903693444137,6.64289,0.6174148133491624,6.268783999999999,6.7351,128.43050973792742,57.374367,-1.932927,0,chrono_body_contact,0,,,,,,,,0
mpc_tire_model_sweep,tire_force_static,standard,nn,tire_force_static,dirt,sinusoidal,7.0,8,101,/home/ksha/Documents/sbel/offroad-control/benchmarking/results/mpc_tire_model_sweep_20260827_162718/raw/0971_tire_force_static_dirt_sinusoidal_v7_b8_s101,ok,0,19.48240089416504,15.0,0.99,/home/ksha/Documents/sbel/offroad-control/benchmarking/results/mpc_tire_model_sweep_20260827_162718/raw/0971_tire_force_static_dirt_sinusoidal_v7_b8_s101/20260827_214036_449505_dirt_sinusoidal_acados_static_mlp/diag_dirt_sinusoidal_acados_static_mlp.csv,,,1250,0.11717077632278856,0.383763,0.092383540166205,4.568585041551246,6.7348099999999995,0.6526550059358922,6.191224,6.795299999999999,125.9183550660144,60.904757,-1.588119,0,chrono_body_contact,0,,,,,,,,0
mpc_tire_model_sweep,tire_force_static,standard,nn,tire_force_static,dirt,sinusoidal,7.0,8,102,/home/ksha/Documents/sbel/offroad-control/benchmarking/results/mpc_tire_model_sweep_20260827_162718/raw/0972_tire_force_static_dirt_sinusoidal_v7_b8_s102,ok,0,19.485429763793945,15.0,0.99,/home/ksha/Documents/sbel/offroad-control/benchmarking/results/mpc_tire_model_sweep_20260827_162718/raw/0972_tire_force_static_dirt_sinusoidal_v7_b8_s102/20260827_214055_927696_dirt_sinusoidal_acados_static_mlp/diag_dirt_sinusoidal_acados_static_mlp.csv,,,1250,0.11784671839531155,0.399132,0.09097621698984303,4.196482086795937,6.498659999999999,0.5994974409708481,6.062767999999999,7.2757,128.81282595701867,55.647283,-1.675435,0,chrono_body_contact,0,,,,,,,,0
mpc_tire_model_sweep,tire_force_static,standard,nn,tire_force_static,dirt,sinusoidal,7.0,8,103,/home/ksha/Documents/sbel/offroad-control/benchmarking/results/mpc_tire_model_sweep_20260827_162718/raw/0973_tire_force_static_dirt_sinusoidal_v7_b8_s103,ok,0,19.48439311981201,15.0,0.99,/home/ksha/Documents/sbel/offroad-control/benchmarking/results/mpc_tire_model_sweep_20260827_162718/raw/0973_tire_force_static_dirt_sinusoidal_v7_b8_s103/20260827_214115_453770_dirt_sinusoidal_acados_static_mlp/diag_dirt_sinusoidal_acados_static_mlp.csv,,,1250,0.12117701381299321,0.426369,0.09323558541089567,4.286115789473684,6.61564,0.6123022556390978,6.233744000000001,7.020999999999999,127.56140410923155,56.960569,-1.84352,0,chrono_body_contact,0,,,,,,,,0
mpc_tire_model_sweep,tire_force_static,standard,nn,tire_force_static,dirt,sinusoidal,7.0,8,104,/home/ksha/Documents/sbel/offroad-control/benchmarking/results/mpc_tire_model_sweep_20260827_162718/raw/0974_tire_force_static_dirt_sinusoidal_v7_b8_s104,ok,0,19.534228563308716,15.0,0.99,/home/ksha/Documents/sbel/offroad-control/benchmarking/results/mpc_tire_model_sweep_20260827_162718/raw/0974_tire_force_static_dirt_sinusoidal_v7_b8_s104/20260827_214134_943357_dirt_sinusoidal_acados_static_mlp/diag_dirt_sinusoidal_acados_static_mlp.csv,,,1250,0.10479684536959691,0.32456,0.0851905161588181,4.6440324099723,6.7345999999999995,0.6634332014246143,6.2401279999999995,6.81,129.71629803357172,61.808747,-1.428358,0,chrono_body_contact,0,,,,,,,,0
mpc_tire_model_sweep,tire_force_static,standard,nn,tire_force_static,dirt,sinusoidal,9.0,0,100,/home/ksha/Documents/sbel/offroad-control/benchmarking/results/mpc_tire_model_sweep_20260827_162718/raw/0975_tire_force_static_dirt_sinusoidal_v9_b0_s100,ok,0,19.228319883346558,15.0,0.99,/home/ksha/Documents/sbel/offroad-control/benchmarking/results/mpc_tire_model_sweep_20260827_162718/raw/0975_tire_force_static_dirt_sinusoidal_v9_b0_s100/20260827_214154_513673_dirt_sinusoidal_acados_static_mlp/diag_dirt_sinusoidal_acados_static_mlp.csv,,,1250,0.105909901865857,0.36,0.08619155124653739,4.6142681440443205,6.87763,0.5126964604493689,8.213464,9.19,130.11956877063457,61.300968,-1.480149,0,chrono_body_contact,0,,,,,,,,0
mpc_tire_model_sweep,tire_force_static,standard,nn,tire_force_static,dirt,sinusoidal,9.0,0,101,/home/ksha/Documents/sbel/offroad-control/benchmarking/results/mpc_tire_model_sweep_20260827_162718/raw/0976_tire_force_static_dirt_sinusoidal_v9_b0_s101,ok,0,19.183944940567017,15.0,0.99,/home/ksha/Documents/sbel/offroad-control/benchmarking/results/mpc_tire_model_sweep_20260827_162718/raw/0976_tire_force_static_dirt_sinusoidal_v9_b0_s101/20260827_214213_762485_dirt_sinusoidal_acados_static_mlp/diag_dirt_sinusoidal_acados_static_mlp.csv,,,1250,0.10992166488490872,0.329175,0.08744056048014774,4.620707756232687,6.84115,0.5134119729147429,6.294464,7.6754999999999995,126.32690035896422,61.619756,-1.315607,0,chrono_body_contact,0,,,,,,,,0
mpc_tire_model_sweep,tire_force_static,standard,nn,tire_force_static,dirt,sinusoidal,9.0,0,102,/home/ksha/Documents/sbel/offroad-control/benchmarking/results/mpc_tire_model_sweep_20260827_162718/raw/0977_tire_force_static_dirt_sinusoidal_v9_b0_s102,ok,0,19.182934045791626,15.0,0.99,/home/ksha/Documents/sbel/offroad-control/benchmarking/results/mpc_tire_model_sweep_20260827_162718/raw/0977_tire_force_static_dirt_sinusoidal_v9_b0_s102/20260827_214232_949535_dirt_sinusoidal_acados_static_mlp/diag_dirt_sinusoidal_acados_static_mlp.csv,,,1250,0.10722424930151442,0.410514,0.08615624930747923,4.485129362880886,6.812539999999999,0.4983477069867651,6.334111999999999,6.8751,130.4730255508669,59.306356,-1.690958,0,chrono_body_contact,0,,,,,,,,0
mpc_tire_model_sweep,tire_force_static,standard,nn,tire_force_static,dirt,sinusoidal,9.0,0,103,/home/ksha/Documents/sbel/offroad-control/benchmarking/results/mpc_tire_model_sweep_20260827_162718/raw/0978_tire_force_static_dirt_sinusoidal_v9_b0_s103,ok,0,19.183163166046143,15.0,0.99,/home/ksha/Documents/sbel/offroad-control/benchmarking/results/mpc_tire_model_sweep_20260827_162718/raw/0978_tire_force_static_dirt_sinusoidal_v9_b0_s103/20260827_214252_158226_dirt_sinusoidal_acados_static_mlp/diag_dirt_sinusoidal_acados_static_mlp.csv,,,1250,0.10917450522904781,0.340624,0.08697283287165282,4.594778670360111,6.8388,0.5105309633733457,7.5020799999999985,8.8463,129.4723734005548,61.216424,-1.440059,0,chrono_body_contact,0,,,,,,,,0
mpc_tire_model_sweep,tire_force_static,standard,nn,tire_force_static,dirt,sinusoidal,9.0,0,104,/home/ksha/Documents/sbel/offroad-control/benchmarking/results/mpc_tire_model_sweep_20260827_162718/raw/0979_tire_force_static_dirt_sinusoidal_v9_b0_s104,ok,0,19.182621240615845,15.0,0.99,/home/ksha/Documents/sbel/offroad-control/benchmarking/results/mpc_tire_model_sweep_20260827_162718/raw/0979_tire_force_static_dirt_sinusoidal_v9_b0_s104/20260827_214311_375713_dirt_sinusoidal_acados_static_mlp/diag_dirt_sinusoidal_acados_static_mlp.csv,,,1250,0.10958283846562722,0.386007,0.08666016897506926,4.557285964912281,6.82328,0.5063651072124756,6.300216,6.800199999999999,129.5045837298328,60.691202,-1.55648,0,chrono_body_contact,0,,,,,,,,0
mpc_tire_model_sweep,tire_force_static,standard,nn,tire_force_static,dirt,sinusoidal,9.0,4,100,/home/ksha/Documents/sbel/offroad-control/benchmarking/results/mpc_tire_model_sweep_20260827_162718/raw/0980_tire_force_static_dirt_sinusoidal_v9_b4_s100,ok,0,19.481208086013794,15.0,0.99,/home/ksha/Documents/sbel/offroad-control/benchmarking/results/mpc_tire_model_sweep_20260827_162718/raw/0980_tire_force_static_dirt_sinusoidal_v9_b4_s100/20260827_214330_583849_dirt_sinusoidal_acados_static_mlp/diag_dirt_sinusoidal_acados_static_mlp.csv,,,1250,0.10301280715727076,0.414196,0.08198196860572485,4.570890489381348,6.8719,0.507876721042372,6.2844,6.86,129.96895706489798,60.73817,-1.583973,0,chrono_body_contact,0,,,,,,,,0
mpc_tire_model_sweep,tire_force_static,standard,nn,tire_force_static,dirt,sinusoidal,9.0,4,101,/home/ksha/Documents/sbel/offroad-control/benchmarking/results/mpc_tire_model_sweep_20260827_162718/raw/0981_tire_force_static_dirt_sinusoidal_v9_b4_s101,ok,0,19.43272566795349,15.0,0.99,/home/ksha/Documents/sbel/offroad-control/benchmarking/results/mpc_tire_model_sweep_20260827_162718/raw/0981_tire_force_static_dirt_sinusoidal_v9_b4_s101/20260827_214350_067109_dirt_sinusoidal_acados_static_mlp/diag_dirt_sinusoidal_acados_static_mlp.csv,,,1250,0.10892540488554608,0.364729,0.08728293167128347,4.518035549399816,6.87475,0.5020039499333129,6.105024,6.7105999999999995,125.8367281949009,60.273923,-1.594807,0,chrono_body_contact,0,,,,,,,,0
mpc_tire_model_sweep,tire_force_static,standard,nn,tire_force_static,dirt,sinusoidal,9.0,4,102,/home/ksha/Documents/sbel/offroad-control/benchmarking/results/mpc_tire_model_sweep_20260827_162718/raw/0982_tire_force_static_dirt_sinusoidal_v9_b4_s102,ok,0,19.381021738052368,15.0,0.99,/home/ksha/Documents/sbel/offroad-control/benchmarking/results/mpc_tire_model_sweep_20260827_162718/raw/0982_tire_force_static_dirt_sinusoidal_v9_b4_s102/20260827_214409_511212_dirt_sinusoidal_acados_static_mlp/diag_dirt_sinusoidal_acados_static_mlp.csv,,,1250,0.10845953588927824,0.358173,0.0878142354570637,4.9016148661126495,6.82968,0.5446238740125167,6.055416,6.3502,132.6468243726554,65.502461,0.078464,0,chrono_body_contact,0,,,,,,,,0
mpc_tire_model_sweep,tire_force_static,standard,nn,tire_force_static,dirt,sinusoidal,9.0,4,103,/home/ksha/Documents/sbel/offroad-control/benchmarking/results/mpc_tire_model_sweep_20260827_162718/raw/0983_tire_force_static_dirt_sinusoidal_v9_b4_s103,ok,0,19.380268573760986,15.0,0.99,/home/ksha/Documents/sbel/offroad-control/benchmarking/results/mpc_tire_model_sweep_20260827_162718/raw/0983_tire_force_static_dirt_sinusoidal_v9_b4_s103/20260827_214428_914253_dirt_sinusoidal_acados_static_mlp/diag_dirt_sinusoidal_acados_static_mlp.csv,,,1250,0.10725339084595731,0.392137,0.08353067220683287,4.505335087719298,6.82207,0.5005927875243664,6.368448,8.49,128.94592011384765,59.950933,-1.683021,0,chrono_body_contact,0,,,,,,,,0
mpc_tire_model_sweep,tire_force_static,standard,nn,tire_force_static,dirt,sinusoidal,9.0,4,104,/home/ksha/Documents/sbel/offroad-control/benchmarking/results/mpc_tire_model_sweep_20260827_162718/raw/0984_tire_force_static_dirt_sinusoidal_v9_b4_s104,ok,0,19.429299116134644,15.0,0.99,/home/ksha/Documents/sbel/offroad-control/benchmarking/results/mpc_tire_model_sweep_20260827_162718/raw/0984_tire_force_static_dirt_sinusoidal_v9_b4_s104/20260827_214448_324475_dirt_sinusoidal_acados_static_mlp/diag_dirt_sinusoidal_acados_static_mlp.csv,,,1250,0.11450228071613945,0.398153,0.08850459741458912,4.504054478301016,6.86979,0.5004504975890017,6.244024,6.760599999999999,129.31574445811867,59.978165,-1.690221,0,chrono_body_contact,0,,,,,,,,0
mpc_tire_model_sweep,tire_force_static,standard,nn,tire_force_static,dirt,sinusoidal,9.0,8,100,/home/ksha/Documents/sbel/offroad-control/benchmarking/results/mpc_tire_model_sweep_20260827_162718/raw/0985_tire_force_static_dirt_sinusoidal_v9_b8_s100,ok,0,19.535889863967896,15.0,0.99,/home/ksha/Documents/sbel/offroad-control/benchmarking/results/mpc_tire_model_sweep_20260827_162718/raw/0985_tire_force_static_dirt_sinusoidal_v9_b8_s100/20260827_214507_770285_dirt_sinusoidal_acados_static_mlp/diag_dirt_sinusoidal_acados_static_mlp.csv,,,1250,0.12086374758695304,0.451383,0.09349891412742381,4.273216620498615,6.709919999999999,0.4748018467220683,6.173696,6.6551,128.31336900244173,56.653745,-1.868483,0,chrono_body_contact,0,,,,,,,,0
mpc_tire_model_sweep,tire_force_static,standard,nn,tire_force_static,dirt,sinusoidal,9.0,8,101,/home/ksha/Documents/sbel/offroad-control/benchmarking/results/mpc_tire_model_sweep_20260827_162718/raw/0986_tire_force_static_dirt_sinusoidal_v9_b8_s101,ok,0,19.4803307056427,15.0,0.99,/home/ksha/Documents/sbel/offroad-control/benchmarking/results/mpc_tire_model_sweep_20260827_162718/raw/0986_tire_force_static_dirt_sinusoidal_v9_b8_s101/20260827_214527_316507_dirt_sinusoidal_acados_static_mlp/diag_dirt_sinusoidal_acados_static_mlp.csv,,,1250,0.12359336519046034,0.434124,0.09574163619575254,4.390049584487535,6.749669999999999,0.4877832871652817,6.164128,6.550199999999999,125.06621537980324,58.382635,-1.836094,0,chrono_body_contact,0,,,,,,,,0
mpc_tire_model_sweep,tire_force_static,standard,nn,tire_force_static,dirt,sinusoidal,9.0,8,102,/home/ksha/Documents/sbel/offroad-control/benchmarking/results/mpc_tire_model_sweep_20260827_162718/raw/0987_tire_force_static_dirt_sinusoidal_v9_b8_s102,ok,0,19.48323369026184,15.0,0.99,/home/ksha/Documents/sbel/offroad-control/benchmarking/results/mpc_tire_model_sweep_20260827_162718/raw/0987_tire_force_static_dirt_sinusoidal_v9_b8_s102/20260827_214546_826869_dirt_sinusoidal_acados_static_mlp/diag_dirt_sinusoidal_acados_static_mlp.csv,,,1250,0.12060489075400624,0.363579,0.09715848753462604,4.761269436749769,6.77926,0.5290299374166411,6.011424,6.3450999999999995,131.856286747286,63.629719,-0.805642,0,chrono_body_contact,0,,,,,,,,0
mpc_tire_model_sweep,tire_force_static,standard,nn,tire_force_static,dirt,sinusoidal,9.0,8,103,/home/ksha/Documents/sbel/offroad-control/benchmarking/results/mpc_tire_model_sweep_20260827_162718/raw/0988_tire_force_static_dirt_sinusoidal_v9_b8_s103,ok,0,19.531235456466675,15.0,0.99,/home/ksha/Documents/sbel/offroad-control/benchmarking/results/mpc_tire_model_sweep_20260827_162718/raw/0988_tire_force_static_dirt_sinusoidal_v9_b8_s103/20260827_214606_328946_dirt_sinusoidal_acados_static_mlp/diag_dirt_sinusoidal_acados_static_mlp.csv,,,1250,0.12828168949573782,0.447883,0.09999474145891044,4.4254893813481075,6.78049,0.491721042372012,6.010648,6.21,128.44192113696397,58.856337,-1.84538,0,chrono_body_contact,0,,,,,,,,0
mpc_tire_model_sweep,tire_force_static,standard,nn,tire_force_static,dirt,sinusoidal,9.0,8,104,/home/ksha/Documents/sbel/offroad-control/benchmarking/results/mpc_tire_model_sweep_20260827_162718/raw/0989_tire_force_static_dirt_sinusoidal_v9_b8_s104,ok,0,19.48544454574585,15.0,0.99,/home/ksha/Documents/sbel/offroad-control/benchmarking/results/mpc_tire_model_sweep_20260827_162718/raw/0989_tire_force_static_dirt_sinusoidal_v9_b8_s104/20260827_214625_871165_dirt_sinusoidal_acados_static_mlp/diag_dirt_sinusoidal_acados_static_mlp.csv,,,1250,0.12439879493963008,0.413418,0.09757693444136657,4.561610064635273,6.816870000000001,0.5068455627372526,6.17288,6.4851,129.58403676146452,60.627962,-1.674476,0,chrono_body_contact,0,,,,,,,,0
mpc_tire_model_sweep,tire_force_static,standard,nn,tire_force_static,dirt,lane_change,5.0,0,100,/home/ksha/Documents/sbel/offroad-control/benchmarking/results/mpc_tire_model_sweep_20260827_162718/raw/0990_tire_force_static_dirt_lane_change_v5_b0_s100,ok,0,19.183631420135498,15.0,0.99,/home/ksha/Documents/sbel/offroad-control/benchmarking/results/mpc_tire_model_sweep_20260827_162718/raw/0990_tire_force_static_dirt_lane_change_v5_b0_s100/20260827_214645_380881_dirt_lane_change_acados_static_mlp/diag_dirt_lane_change_acados_static_mlp.csv,,,1250,0.05814973244620388,0.209163,0.04586582548476453,4.714684949215144,5.03532,0.9429369898430288,5.971456,6.15,128.7823602549015,65.615559,2.973704,0,chrono_body_contact,0,,,,,,,,0
mpc_tire_model_sweep,tire_force_static,standard,nn,tire_force_static,dirt,lane_change,5.0,0,101,/home/ksha/Documents/sbel/offroad-control/benchmarking/results/mpc_tire_model_sweep_20260827_162718/raw/0991_tire_force_static_dirt_lane_change_v5_b0_s101,ok,0,19.17969822883606,15.0,0.99,/home/ksha/Documents/sbel/offroad-control/benchmarking/results/mpc_tire_model_sweep_20260827_162718/raw/0991_tire_force_static_dirt_lane_change_v5_b0_s101/20260827_214704_597981_dirt_lane_change_acados_static_mlp/diag_dirt_lane_change_acados_static_mlp.csv,,,1250,0.061103922611147214,0.25557,0.04834114496768236,4.761069898430286,5.19189,0.9522139796860571,8.042872000000001,8.8,125.22962222623286,66.408326,3.045723,0,chrono_body_contact,0,,,,,,,,0
mpc_tire_model_sweep,tire_force_static,standard,nn,tire_force_static,dirt,lane_change,5.0,0,102,/home/ksha/Documents/sbel/offroad-control/benchmarking/results/mpc_tire_model_sweep_20260827_162718/raw/0992_tire_force_static_dirt_lane_change_v5_b0_s102,ok,0,19.23210310935974,15.0,0.99,/home/ksha/Documents/sbel/offroad-control/benchmarking/results/mpc_tire_model_sweep_20260827_162718/raw/0992_tire_force_static_dirt_lane_change_v5_b0_s102/20260827_214723_800512_dirt_lane_change_acados_static_mlp/diag_dirt_lane_change_acados_static_mlp.csv,,,1250,0.06281546643372349,0.235378,0.049376800554016616,4.754571375807941,5.11905,0.9509142751615881,6.129472,6.5851,129.9434345874762,66.172848,3.072578,0,chrono_body_contact,0,,,,,,,,0
mpc_tire_model_sweep,tire_force_static,standard,nn,tire_force_static,dirt,lane_change,5.0,0,103,/home/ksha/Documents/sbel/offroad-control/benchmarking/results/mpc_tire_model_sweep_20260827_162718/raw/0993_tire_force_static_dirt_lane_change_v5_b0_s103,ok,0,19.184117555618286,15.0,0.99,/home/ksha/Documents/sbel/offroad-control/benchmarking/results/mpc_tire_model_sweep_20260827_162718/raw/0993_tire_force_static_dirt_lane_change_v5_b0_s103/20260827_214743_035941_dirt_lane_change_acados_static_mlp/diag_dirt_lane_change_acados_static_mlp.csv,,,1250,0.05936531434594911,0.195935,0.04677080794090489,4.750888180978763,5.110539999999999,0.9501776361957527,6.04348,6.32,128.29908577102196,66.173655,3.048664,0,chrono_body_contact,0,,,,,,,,0
mpc_tire_model_sweep,tire_force_static,standard,nn,tire_force_static,dirt,lane_change,5.0,0,104,/home/ksha/Documents/sbel/offroad-control/benchmarking/results/mpc_tire_model_sweep_20260827_162718/raw/0994_tire_force_static_dirt_lane_change_v5_b0_s104,ok,0,19.228712797164917,15.0,0.99,/home/ksha/Documents/sbel/offroad-control/benchmarking/results/mpc_tire_model_sweep_20260827_162718/raw/0994_tire_force_static_dirt_lane_change_v5_b0_s104/20260827_214802_245639_dirt_lane_change_acados_static_mlp/diag_dirt_lane_change_acados_static_mlp.csv,,,1250,0.06058069053479937,0.246387,0.0472066352723915,4.744496121883656,5.06964,0.9488992243767311,6.0102400000000005,6.6704,128.62288833568982,66.109523,2.996205,0,chrono_body_contact,0,,,,,,,,0
mpc_tire_model_sweep,tire_force_static,standard,nn,tire_force_static,dirt,lane_change,5.0,4,100,/home/ksha/Documents/sbel/offroad-control/benchmarking/results/mpc_tire_model_sweep_20260827_162718/raw/0995_tire_force_static_dirt_lane_change_v5_b4_s100,ok,0,19.429866552352905,15.0,0.99,/home/ksha/Documents/sbel/offroad-control/benchmarking/results/mpc_tire_model_sweep_20260827_162718/raw/0995_tire_force_static_dirt_lane_change_v5_b4_s100/20260827_214821_490371_dirt_lane_change_acados_static_mlp/diag_dirt_lane_change_acados_static_mlp.csv,,,1250,0.060044297841500775,0.229246,0.04678794552169899,4.703526962142198,5.07665,0.9407053924284396,5.977104,6.16,128.7692794203935,65.63293,2.970984,0,chrono_body_contact,0,,,,,,,,0
mpc_tire_model_sweep,tire_force_static,standard,nn,tire_force_static,dirt,lane_change,5.0,4,101,/home/ksha/Documents/sbel/offroad-control/benchmarking/results/mpc_tire_model_sweep_20260827_162718/raw/0996_tire_force_static_dirt_lane_change_v5_b4_s101,ok,0,19.37871766090393,15.0,0.99,/home/ksha/Documents/sbel/offroad-control/benchmarking/results/mpc_tire_model_sweep_20260827_162718/raw/0996_tire_force_static_dirt_lane_change_v5_b4_s101/20260827_214840_959019_dirt_lane_change_acados_static_mlp/diag_dirt_lane_change_acados_static_mlp.csv,,,1250,0.061066569498656596,0.256085,0.04768575253924284,4.700964081255771,5.03047,0.9401928162511541,6.604031999999999,8.78,124.90019983181222,65.809229,3.043333,0,chrono_body_contact,0,,,,,,,,0
mpc_tire_model_sweep,tire_force_static,standard,nn,tire_force_static,dirt,lane_change,5.0,4,102,/home/ksha/Documents/sbel/offroad-control/benchmarking/results/mpc_tire_model_sweep_20260827_162718/raw/0997_tire_force_static_dirt_lane_change_v5_b4_s102,ok,0,19.382086992263794,15.0,0.99,/home/ksha/Documents/sbel/offroad-control/benchmarking/results/mpc_tire_model_sweep_20260827_162718/raw/0997_tire_force_static_dirt_lane_change_v5_b4_s102/20260827_214900_344393_dirt_lane_change_acados_static_mlp/diag_dirt_lane_change_acados_static_mlp.csv,,,1250,0.06365804020190367,0.252033,0.04962789104339797,4.703747183748845,5.08695,0.9407494367497691,5.965864,6.556099999999999,129.66945259939044,65.683978,3.071498,0,chrono_body_contact,0,,,,,,,,0
mpc_tire_model_sweep,tire_force_static,standard,nn,tire_force_static,dirt,lane_change,5.0,4,103,/home/ksha/Documents/sbel/offroad-control/benchmarking/results/mpc_tire_model_sweep_20260827_162718/raw/0998_tire_force_static_dirt_lane_change_v5_b4_s103,ok,0,19.38097047805786,15.0,0.99,/home/ksha/Documents/sbel/offroad-control/benchmarking/results/mpc_tire_model_sweep_20260827_162718/raw/0998_tire_force_static_dirt_lane_change_v5_b4_s103/20260827_214919_745261_dirt_lane_change_acados_static_mlp/diag_dirt_lane_change_acados_static_mlp.csv,,,1250,0.060957069162833256,0.213236,0.047785027700831026,4.7320982456140355,5.13011,0.9464196491228071,8.238744,8.4,128.2472691840575,66.107238,3.045851,0,chrono_body_contact,0,,,,,,,,0
mpc_tire_model_sweep,tire_force_static,standard,nn,tire_force_static,dirt,lane_change,5.0,4,104,/home/ksha/Documents/sbel/offroad-control/benchmarking/results/mpc_tire_model_sweep_20260827_162718/raw/0999_tire_force_static_dirt_lane_change_v5_b4_s104,ok,0,19.38427186012268,15.0,0.99,/home/ksha/Documents/sbel/offroad-control/benchmarking/results/mpc_tire_model_sweep_20260827_162718/raw/0999_tire_force_static_dirt_lane_change_v5_b4_s104/20260827_214939_147135_dirt_lane_change_acados_static_mlp/diag_dirt_lane_change_acados_static_mlp.csv,,,1250,0.05960489546412284,0.241885,0.04657621791320406,4.727203324099723,5.05628,0.9454406648199447,5.983472,6.11,128.55779033352738,66.060559,2.996612,0,chrono_body_contact,0,,,,,,,,0
mpc_tire_model_sweep,tire_force_static,standard,nn,tire_force_static,dirt,lane_change,5.0,8,100,/home/ksha/Documents/sbel/offroad-control/benchmarking/results/mpc_tire_model_sweep_20260827_162718/raw/1000_tire_force_static_dirt_lane_change_v5_b8_s100,ok,0,19.48287606239319,15.0,0.99,/home/ksha/Documents/sbel/offroad-control/benchmarking/results/mpc_tire_model_sweep_20260827_162718/raw/1000_tire_force_static_dirt_lane_change_v5_b8_s100/20260827_214958_551343_dirt_lane_change_acados_static_mlp/diag_dirt_lane_change_acados_static_mlp.csv,,,1250,0.05685536433163144,0.207217,0.045468052631578944,4.580981532779316,5.06665,0.9161963065558633,6.09848,6.840999999999999,127.9380050918871,63.553733,2.992466,0,chrono_body_contact,0,,,,,,,,0
mpc_tire_model_sweep,tire_force_static,standard,nn,tire_force_static,dirt,lane_change,5.0,8,101,/home/ksha/Documents/sbel/offroad-control/benchmarking/results/mpc_tire_model_sweep_20260827_162718/raw/1001_tire_force_static_dirt_lane_change_v5_b8_s101,ok,0,19.531630277633667,15.0,0.99,/home/ksha/Documents/sbel/offroad-control/benchmarking/results/mpc_tire_model_sweep_20260827_162718/raw/1001_tire_force_static_dirt_lane_change_v5_b8_s101/20260827_215018_055692_dirt_lane_change_acados_static_mlp/diag_dirt_lane_change_acados_static_mlp.csv,,,1250,0.05862454301512486,0.212216,0.0470110378578024,4.637181348107109,5.16834,0.9274362696214219,6.481831999999999,8.7551,124.4301434608033,64.498255,3.052151,0,chrono_body_contact,0,,,,,,,,0
mpc_tire_model_sweep,tire_force_static,standard,nn,tire_force_static,dirt,lane_change,5.0,8,102,/home/ksha/Documents/sbel/offroad-control/benchmarking/results/mpc_tire_model_sweep_20260827_162718/raw/1002_tire_force_static_dirt_lane_change_v5_b8_s102,ok,0,19.580034494400024,15.0,0.99,/home/ksha/Documents/sbel/offroad-control/benchmarking/results/mpc_tire_model_sweep_20260827_162718/raw/1002_tire_force_static_dirt_lane_change_v5_b8_s102/20260827_215037_625067_dirt_lane_change_acados_static_mlp/diag_dirt_lane_change_acados_static_mlp.csv,,,1250,0.05910446688381935,0.185351,0.04777635918744229,4.642640350877193,5.18001,0.9285280701754386,6.199632,6.68,129.21878147109229,64.406778,3.089094,0,chrono_body_contact,0,,,,,,,,0
mpc_tire_model_sweep,tire_force_static,standard,nn,tire_force_static,dirt,lane_change,5.0,8,103,/home/ksha/Documents/sbel/offroad-control/benchmarking/results/mpc_tire_model_sweep_20260827_162718/raw/1003_tire_force_static_dirt_lane_change_v5_b8_s103,ok,0,19.48336172103882,15.0,0.99,/home/ksha/Documents/sbel/offroad-control/benchmarking/results/mpc_tire_model_sweep_20260827_162718/raw/1003_tire_force_static_dirt_lane_change_v5_b8_s103/20260827_215057_215946_dirt_lane_change_acados_static_mlp/diag_dirt_lane_change_acados_static_mlp.csv,,,1250,0.057737693355133055,0.20422,0.04596537857802401,4.614199907663896,5.09427,0.9228399815327792,6.193328,7.071799999999999,127.44603729035416,64.104152,3.060224,0,chrono_body_contact,0,,,,,,,,0
mpc_tire_model_sweep,tire_force_static,standard,nn,tire_force_static,dirt,lane_change,5.0,8,104,/home/ksha/Documents/sbel/offroad-control/benchmarking/results/mpc_tire_model_sweep_20260827_162718/raw/1004_tire_force_static_dirt_lane_change_v5_b8_s104,ok,0,19.4846510887146,15.0,0.99,/home/ksha/Documents/sbel/offroad-control/benchmarking/results/mpc_tire_model_sweep_20260827_162718/raw/1004_tire_force_static_dirt_lane_change_v5_b8_s104/20260827_215116_724729_dirt_lane_change_acados_static_mlp/diag_dirt_lane_change_acados_static_mlp.csv,,,1250,0.057332090502540595,0.197577,0.04579402677746999,4.60796731301939,5.10399,0.9215934626038781,6.195136,6.6404,127.80499217049848,64.030465,3.008255,0,chrono_body_contact,0,,,,,,,,0
mpc_tire_model_sweep,tire_force_static,standard,nn,tire_force_static,dirt,lane_change,7.0,0,100,/home/ksha/Documents/sbel/offroad-control/benchmarking/results/mpc_tire_model_sweep_20260827_162718/raw/1005_tire_force_static_dirt_lane_change_v7_b0_s100,ok,0,19.230379343032837,15.0,0.99,/home/ksha/Documents/sbel/offroad-control/benchmarking/results/mpc_tire_model_sweep_20260827_162718/raw/1005_tire_force_static_dirt_lane_change_v7_b0_s100/20260827_215136_230236_dirt_lane_change_acados_static_mlp/diag_dirt_lane_change_acados_static_mlp.csv,,,1250,0.14120376066806853,0.631835,0.08467499722991689,5.923064173591874,7.42995,0.8461520247988392,7.073656,8.8251,137.4792520580358,81.351802,2.913803,0,chrono_body_contact,0,,,,,,,,0
mpc_tire_model_sweep,tire_force_static,standard,nn,tire_force_static,dirt,lane_change,7.0,0,101,/home/ksha/Documents/sbel/offroad-control/benchmarking/results/mpc_tire_model_sweep_20260827_162718/raw/1006_tire_force_static_dirt_lane_change_v7_b0_s101,ok,0,19.18096089363098,15.0,0.99,/home/ksha/Documents/sbel/offroad-control/benchmarking/results/mpc_tire_model_sweep_20260827_162718/raw/1006_tire_force_static_dirt_lane_change_v7_b0_s101/20260827_215155_482486_dirt_lane_change_acados_static_mlp/diag_dirt_lane_change_acados_static_mlp.csv,,,1250,0.061546556118382785,0.229788,0.04903546445060019,5.951756971375808,7.51329,0.8502509959108296,6.134608,7.4402,134.01694805177976,81.980716,3.075592,0,chrono_body_contact,0,,,,,,,,0
mpc_tire_model_sweep,tire_force_static,standard,nn,tire_force_static,dirt,lane_change,7.0,0,102,/home/ksha/Documents/sbel/offroad-control/benchmarking/results/mpc_tire_model_sweep_20260827_162718/raw/1007_tire_force_static_dirt_lane_change_v7_b0_s102,ok,0,19.18548011779785,15.0,0.99,/home/ksha/Documents/sbel/offroad-control/benchmarking/results/mpc_tire_model_sweep_20260827_162718/raw/1007_tire_force_static_dirt_lane_change_v7_b0_s102/20260827_215214_669392_dirt_lane_change_acados_static_mlp/diag_dirt_lane_change_acados_static_mlp.csv,,,1250,0.06682625480936906,0.243461,0.052368803324099725,5.942260572483841,7.37734,0.8488943674976915,6.054151999999999,7.9802,139.03522537309175,81.709537,3.092559,0,chrono_body_contact,0,,,,,,,,0
mpc_tire_model_sweep,tire_force_static,standard,nn,tire_force_static,dirt,lane_change,7.0,0,103,/home/ksha/Documents/sbel/offroad-control/benchmarking/results/mpc_tire_model_sweep_20260827_162718/raw/1008_tire_force_static_dirt_lane_change_v7_b0_s103,ok,0,19.178734064102173,15.0,0.99,/home/ksha/Documents/sbel/offroad-control/benchmarking/results/mpc_tire_model_sweep_20260827_162718/raw/1008_tire_force_static_dirt_lane_change_v7_b0_s103/20260827_215233_923225_dirt_lane_change_acados_static_mlp/diag_dirt_lane_change_acados_static_mlp.csv,,,1250,0.06387728005047864,0.211802,0.05096901846722069,5.949640720221606,7.45838,0.8499486743173723,6.021128,6.5001999999999995,137.08242972199747,81.852632,3.027903,0,chrono_body_contact,0,,,,,,,,0
mpc_tire_model_sweep,tire_force_static,standard,nn,tire_force_static,dirt,lane_change,7.0,0,104,/home/ksha/Documents/sbel/offroad-control/benchmarking/results/mpc_tire_model_sweep_20260827_162718/raw/1009_tire_force_static_dirt_lane_change_v7_b0_s104,ok,0,19.222081661224365,15.0,0.99,/home/ksha/Documents/sbel/offroad-control/benchmarking/results/mpc_tire_model_sweep_20260827_162718/raw/1009_tire_force_static_dirt_lane_change_v7_b0_s104/20260827_215253_080025_dirt_lane_change_acados_static_mlp/diag_dirt_lane_change_acados_static_mlp.csv,,,1250,0.1435415539857486,0.650749,0.08599017636195753,5.927006463527239,7.38519,0.8467152090753199,7.221456,8.45,137.27887203203093,81.51899,2.943156,0,chrono_body_contact,0,,,,,,,,0
mpc_tire_model_sweep,tire_force_static,standard,nn,tire_force_static,dirt,lane_change,7.0,4,100,/home/ksha/Documents/sbel/offroad-control/benchmarking/results/mpc_tire_model_sweep_20260827_162718/raw/1010_tire_force_static_dirt_lane_change_v7_b4_s100,ok,0,19.43116521835327,15.0,0.99,/home/ksha/Documents/sbel/offroad-control/benchmarking/results/mpc_tire_model_sweep_20260827_162718/raw/1010_tire_force_static_dirt_lane_change_v7_b4_s100/20260827_215312_340945_dirt_lane_change_acados_static_mlp/diag_dirt_lane_change_acados_static_mlp.csv,,,1250,0.13089235862157123,0.594439,0.08167410710987996,5.920631948291783,7.4015699999999995,0.8458045640416832,5.97656,6.25,137.6416522811902,81.489811,2.938786,0,chrono_body_contact,0,,,,,,,,0
mpc_tire_model_sweep,tire_force_static,standard,nn,tire_force_static,dirt,lane_change,7.0,4,101,/home/ksha/Documents/sbel/offroad-control/benchmarking/results/mpc_tire_model_sweep_20260827_162718/raw/1011_tire_force_static_dirt_lane_change_v7_b4_s101,ok,0,19.38941979408264,15.0,0.99,/home/ksha/Documents/sbel/offroad-control/benchmarking/results/mpc_tire_model_sweep_20260827_162718/raw/1011_tire_force_static_dirt_lane_change_v7_b4_s101/20260827_215331_769940_dirt_lane_change_acados_static_mlp/diag_dirt_lane_change_acados_static_mlp.csv,,,1227,0.06333565462731951,0.259089,0.04940925761772853,5.942359556786704,7.38472,0.8489085081123863,6.172037489812551,6.6722,132.70599658840467,81.982209,3.068776,0,chrono_body_contact,0,,,,,,,,0
mpc_tire_model_sweep,tire_force_static,standard,nn,tire_force_static,dirt,lane_change,7.0,4,102,/home/ksha/Documents/sbel/offroad-control/benchmarking/results/mpc_tire_model_sweep_20260827_162718/raw/1012_tire_force_static_dirt_lane_change_v7_b4_s102,ok,0,19.43312954902649,15.0,0.99,/home/ksha/Documents/sbel/offroad-control/benchmarking/results/mpc_tire_model_sweep_20260827_162718/raw/1012_tire_force_static_dirt_lane_change_v7_b4_s102/20260827_215351_191370_dirt_lane_change_acados_static_mlp/diag_dirt_lane_change_acados_static_mlp.csv,,,1250,0.0665244391593032,0.256232,0.05176158171745153,5.929932686980609,7.378489999999999,0.8471332409972299,6.023584,6.45,139.00141565107765,81.668904,3.078572,0,chrono_body_contact,0,,,,,,,,0
mpc_tire_model_sweep,tire_force_static,standard,nn,tire_force_static,dirt,lane_change,7.0,4,103,/home/ksha/Documents/sbel/offroad-control/benchmarking/results/mpc_tire_model_sweep_20260827_162718/raw/1013_tire_force_static_dirt_lane_change_v7_b4_s103,ok,0,19.430174350738525,15.0,0.99,/home/ksha/Documents/sbel/offroad-control/benchmarking/results/mpc_tire_model_sweep_20260827_162718/raw/1013_tire_force_static_dirt_lane_change_v7_b4_s103/20260827_215410_637127_dirt_lane_change_acados_static_mlp/diag_dirt_lane_change_acados_static_mlp.csv,,,1250,0.06434332804452125,0.213906,0.05081212927054478,5.941120867959372,7.41427,0.8487315525656245,6.041264,6.3502,137.1088314743552,81.871015,3.041252,0,chrono_body_contact,0,,,,,,,,0
mpc_tire_model_sweep,tire_force_static,standard,nn,tire_force_static,dirt,lane_change,7.0,4,104,/home/ksha/Documents/sbel/offroad-control/benchmarking/results/mpc_tire_model_sweep_20260827_162718/raw/1014_tire_force_static_dirt_lane_change_v7_b4_s104,ok,0,19.43306827545166,15.0,0.99,/home/ksha/Documents/sbel/offroad-control/benchmarking/results/mpc_tire_model_sweep_20260827_162718/raw/1014_tire_force_static_dirt_lane_change_v7_b4_s104/20260827_215430_091984_dirt_lane_change_acados_static_mlp/diag_dirt_lane_change_acados_static_mlp.csv,,,1250,0.15189258819142964,0.673132,0.09051798984302864,5.917389289012004,7.4049499999999995,0.8453413270017148,6.204791999999999,6.6753,137.21387762759446,81.557676,2.950405,0,chrono_body_contact,0,,,,,,,,0
mpc_tire_model_sweep,tire_force_static,standard,nn,tire_force_static,dirt,lane_change,7.0,8,100,/home/ksha/Documents/sbel/offroad-control/benchmarking/results/mpc_tire_model_sweep_20260827_162718/raw/1015_tire_force_static_dirt_lane_change_v7_b8_s100,ok,0,19.586469173431396,15.0,0.99,/home/ksha/Documents/sbel/offroad-control/benchmarking/results/mpc_tire_model_sweep_20260827_162718/raw/1015_tire_force_static_dirt_lane_change_v7_b8_s100/20260827_215449_551277_dirt_lane_change_acados_static_mlp/diag_dirt_lane_change_acados_static_mlp.csv,,,1250,0.06209411801186392,0.206744,0.049310413665743305,5.9606702677747,7.30887,0.8515243239678142,6.045584,6.3850999999999996,137.34686606443086,81.584383,2.928735,0,chrono_body_contact,0,,,,,,,,0
mpc_tire_model_sweep,tire_force_static,standard,nn,tire_force_static,dirt,lane_change,7.0,8,101,/home/ksha/Documents/sbel/offroad-control/benchmarking/results/mpc_tire_model_sweep_20260827_162718/raw/1016_tire_force_static_dirt_lane_change_v7_b8_s101,ok,0,19.478540897369385,15.0,0.99,/home/ksha/Documents/sbel/offroad-control/benchmarking/results/mpc_tire_model_sweep_20260827_162718/raw/1016_tire_force_static_dirt_lane_change_v7_b8_s101/20260827_215509_154741_dirt_lane_change_acados_static_mlp/diag_dirt_lane_change_acados_static_mlp.csv,,,1250,0.06069898173280846,0.184279,0.04843509141274238,5.977075069252077,7.4193,0.853867867036011,8.338607999999999,8.82,133.95874332948637,82.004035,3.017237,0,chrono_body_contact,0,,,,,,,,0
mpc_tire_model_sweep,tire_force_static,standard,nn,tire_force_static,dirt,lane_change,7.0,8,102,/home/ksha/Documents/sbel/offroad-control/benchmarking/results/mpc_tire_model_sweep_20260827_162718/raw/1017_tire_force_static_dirt_lane_change_v7_b8_s102,ok,0,19.578932285308838,15.0,0.99,/home/ksha/Documents/sbel/offroad-control/benchmarking/results/mpc_tire_model_sweep_20260827_162718/raw/1017_tire_force_static_dirt_lane_change_v7_b8_s102/20260827_215528_662080_dirt_lane_change_acados_static_mlp/diag_dirt_lane_change_acados_static_mlp.csv,,,1250,0.06731135461051357,0.280275,0.05330865096952909,5.959507848568791,7.30986,0.8513582640812558,6.211192,6.67,138.76108650303723,81.616384,3.064465,0,chrono_body_contact,0,,,,,,,,0
mpc_tire_model_sweep,tire_force_static,standard,nn,tire_force_static,dirt,lane_change,7.0,8,103,/home/ksha/Documents/sbel/offroad-control/benchmarking/results/mpc_tire_model_sweep_20260827_162718/raw/1018_tire_force_static_dirt_lane_change_v7_b8_s103,ok,0,19.5832679271698,15.0,0.99,/home/ksha/Documents/sbel/offroad-control/benchmarking/results/mpc_tire_model_sweep_20260827_162718/raw/1018_tire_force_static_dirt_lane_change_v7_b8_s103/20260827_215548_262872_dirt_lane_change_acados_static_mlp/diag_dirt_lane_change_acados_static_mlp.csv,,,1250,0.06489929351666428,0.205021,0.052039300092336094,5.97079242843952,7.38907,0.8529703469199313,6.2998080000000005,6.72,136.94377569366742,81.825824,2.958499,0,chrono_body_contact,0,,,,,,,,0
mpc_tire_model_sweep,tire_force_static,standard,nn,tire_force_static,dirt,lane_change,7.0,8,104,/home/ksha/Documents/sbel/offroad-control/benchmarking/results/mpc_tire_model_sweep_20260827_162718/raw/1019_tire_force_static_dirt_lane_change_v7_b8_s104,ok,0,19.53516125679016,15.0,0.99,/home/ksha/Documents/sbel/offroad-control/benchmarking/results/mpc_tire_model_sweep_20260827_162718/raw/1019_tire_force_static_dirt_lane_change_v7_b8_s104/20260827_215607_875185_dirt_lane_change_acados_static_mlp/diag_dirt_lane_change_acados_static_mlp.csv,,,1250,0.06148286306755224,0.190516,0.04916873591874423,5.971436195752538,7.399539999999998,0.853062313678934,6.272183999999999,6.996099999999999,137.2149838813426,81.834927,2.941081,0,chrono_body_contact,0,,,,,,,,0
mpc_tire_model_sweep,tire_force_static,standard,nn,tire_force_static,dirt,lane_change,9.0,0,100,/home/ksha/Documents/sbel/offroad-control/benchmarking/results/mpc_tire_model_sweep_20260827_162718/raw/1020_tire_force_static_dirt_lane_change_v9_b0_s100,ok,0,19.183815956115723,15.0,0.99,/home/ksha/Documents/sbel/offroad-control/benchmarking/results/mpc_tire_model_sweep_20260827_162718/raw/1020_tire_force_static_dirt_lane_change_v9_b0_s100/20260827_215627_412727_dirt_lane_change_acados_static_mlp/diag_dirt_lane_change_acados_static_mlp.csv,,,1250,0.288543878009085,1.129068,0.15485522345337027,6.0449951985226225,8.4696,0.6716661331691802,6.19568,6.7451,139.96707474797876,82.955217,2.836641,0,chrono_body_contact,0,,,,,,,,0
mpc_tire_model_sweep,tire_force_static,standard,nn,tire_force_static,dirt,lane_change,9.0,0,101,/home/ksha/Documents/sbel/offroad-control/benchmarking/results/mpc_tire_model_sweep_20260827_162718/raw/1021_tire_force_static_dirt_lane_change_v9_b0_s101,ok,0,19.18609380722046,15.0,0.99,/home/ksha/Documents/sbel/offroad-control/benchmarking/results/mpc_tire_model_sweep_20260827_162718/raw/1021_tire_force_static_dirt_lane_change_v9_b0_s101/20260827_215646_618883_dirt_lane_change_acados_static_mlp/diag_dirt_lane_change_acados_static_mlp.csv,,,1250,0.27937775363066997,1.120971,0.13935133148661125,6.058916897506926,8.41721,0.6732129886118806,5.9688479999999995,6.3050999999999995,136.03784577915533,83.31686,3.083777,0,chrono_body_contact,0,,,,,,,,0
mpc_tire_model_sweep,tire_force_static,standard,nn,tire_force_static,dirt,lane_change,9.0,0,102,/home/ksha/Documents/sbel/offroad-control/benchmarking/results/mpc_tire_model_sweep_20260827_162718/raw/1022_tire_force_static_dirt_lane_change_v9_b0_s102,ok,0,19.181905031204224,15.0,0.99,/home/ksha/Documents/sbel/offroad-control/benchmarking/results/mpc_tire_model_sweep_20260827_162718/raw/1022_tire_force_static_dirt_lane_change_v9_b0_s102/20260827_215705_820062_dirt_lane_change_acados_static_mlp/diag_dirt_lane_change_acados_static_mlp.csv,,,1250,0.2944571743932557,1.139083,0.15028801846722067,6.04508864265928,8.47337,0.6716765158510312,6.115904,7.15,141.45174964899107,82.956632,3.008688,0,chrono_body_contact,0,,,,,,,,0
mpc_tire_model_sweep,tire_force_static,standard,nn,tire_force_static,dirt,lane_change,9.0,0,103,/home/ksha/Documents/sbel/offroad-control/benchmarking/results/mpc_tire_model_sweep_20260827_162718/raw/1023_tire_force_static_dirt_lane_change_v9_b0_s103,ok,0,19.180673122406006,15.0,0.99,/home/ksha/Documents/sbel/offroad-control/benchmarking/results/mpc_tire_model_sweep_20260827_162718/raw/1023_tire_force_static_dirt_lane_change_v9_b0_s103/20260827_215725_030484_dirt_lane_change_acados_static_mlp/diag_dirt_lane_change_acados_static_mlp.csv,,,1250,0.28225184960619354,1.124778,0.1419368079409049,6.059131486611265,8.422419999999999,0.673236831845696,5.957752,6.53,139.4870816726877,83.2025,3.070958,0,chrono_body_contact,0,,,,,,,,0
mpc_tire_model_sweep,tire_force_static,standard,nn,tire_force_static,dirt,lane_change,9.0,0,104,/home/ksha/Documents/sbel/offroad-control/benchmarking/results/mpc_tire_model_sweep_20260827_162718/raw/1024_tire_force_static_dirt_lane_change_v9_b0_s104,ok,0,19.23179531097412,15.0,0.99,/home/ksha/Documents/sbel/offroad-control/benchmarking/results/mpc_tire_model_sweep_20260827_162718/raw/1024_tire_force_static_dirt_lane_change_v9_b0_s104/20260827_215744_230695_dirt_lane_change_acados_static_mlp/diag_dirt_lane_change_acados_static_mlp.csv,,,1250,0.2952048488400704,1.149567,0.14728661865189288,6.027319482917821,8.444619999999999,0.6697021647686467,6.045104000000001,6.6206,139.3655792614471,82.80264,3.029754,0,chrono_body_contact,0,,,,,,,,0
mpc_tire_model_sweep,tire_force_static,standard,nn,tire_force_static,dirt,lane_change,9.0,4,100,/home/ksha/Documents/sbel/offroad-control/benchmarking/results/mpc_tire_model_sweep_20260827_162718/raw/1025_tire_force_static_dirt_lane_change_v9_b4_s100,ok,0,19.430254459381104,15.0,0.99,/home/ksha/Documents/sbel/offroad-control/benchmarking/results/mpc_tire_model_sweep_20260827_162718/raw/1025_tire_force_static_dirt_lane_change_v9_b4_s100/20260827_215803_493708_dirt_lane_change_acados_static_mlp/diag_dirt_lane_change_acados_static_mlp.csv,,,1250,0.2970243438435379,1.150339,0.16246466851338873,6.025047737765467,8.426829999999999,0.6694497486406075,8.187928,8.965100000000001,139.88778348101744,82.794848,2.819465,0,chrono_body_contact,0,,,,,,,,0
mpc_tire_model_sweep,tire_force_static,standard,nn,tire_force_static,dirt,lane_change,9.0,4,101,/home/ksha/Documents/sbel/offroad-control/benchmarking/results/mpc_tire_model_sweep_20260827_162718/raw/1026_tire_force_static_dirt_lane_change_v9_b4_s101,ok,0,19.381916999816895,15.0,0.99,/home/ksha/Documents/sbel/offroad-control/benchmarking/results/mpc_tire_model_sweep_20260827_162718/raw/1026_tire_force_static_dirt_lane_change_v9_b4_s101/20260827_215822_934272_dirt_lane_change_acados_static_mlp/diag_dirt_lane_change_acados_static_mlp.csv,,,1250,0.27431055656927655,1.10856,0.13757619390581718,6.040808679593721,8.41889,0.6712009643993023,6.104632,6.64,136.07614207275253,83.230254,3.015929,0,chrono_body_contact,0,,,,,,,,0
mpc_tire_model_sweep,tire_force_static,standard,nn,tire_force_static,dirt,lane_change,9.0,4,102,/home/ksha/Documents/sbel/offroad-control/benchmarking/results/mpc_tire_model_sweep_20260827_162718/raw/1027_tire_force_static_dirt_lane_change_v9_b4_s102,ok,0,19.43111491203308,15.0,0.99,/home/ksha/Documents/sbel/offroad-control/benchmarking/results/mpc_tire_model_sweep_20260827_162718/raw/1027_tire_force_static_dirt_lane_change_v9_b4_s102/20260827_215842_345537_dirt_lane_change_acados_static_mlp/diag_dirt_lane_change_acados_static_mlp.csv,,,1250,0.3020508335093277,1.155379,0.1530672382271468,6.015433056325023,8.43718,0.6683814507027803,6.212328,7.42,141.2840875238681,82.728824,3.041065,0,chrono_body_contact,0,,,,,,,,0
mpc_tire_model_sweep,tire_force_static,standard,nn,tire_force_static,dirt,lane_change,9.0,4,103,/home/ksha/Documents/sbel/offroad-control/benchmarking/results/mpc_tire_model_sweep_20260827_162718/raw/1028_tire_force_static_dirt_lane_change_v9_b4_s103,ok,0,19.4338219165802,15.0,0.99,/home/ksha/Documents/sbel/offroad-control/benchmarking/results/mpc_tire_model_sweep_20260827_162718/raw/1028_tire_force_static_dirt_lane_change_v9_b4_s103/20260827_215901_818400_dirt_lane_change_acados_static_mlp/diag_dirt_lane_change_acados_static_mlp.csv,,,1250,0.2795105794085822,1.095947,0.14337567036011079,6.043085595567867,8.442540000000001,0.6714539550630962,8.058968,8.7553,139.4499720921201,83.13346,3.063455,0,chrono_body_contact,0,,,,,,,,0
mpc_tire_model_sweep,tire_force_static,standard,nn,tire_force_static,dirt,lane_change,9.0,4,104,/home/ksha/Documents/sbel/offroad-control/benchmarking/results/mpc_tire_model_sweep_20260827_162718/raw/1029_tire_force_static_dirt_lane_change_v9_b4_s104,ok,0,19.38523578643799,15.0,0.99,/home/ksha/Documents/sbel/offroad-control/benchmarking/results/mpc_tire_model_sweep_20260827_162718/raw/1029_tire_force_static_dirt_lane_change_v9_b4_s104/20260827_215921_251028_dirt_lane_change_acados_static_mlp/diag_dirt_lane_change_acados_static_mlp.csv,,,1250,0.2992004889865574,1.159551,0.15372603139427518,6.0197219759926135,8.44049,0.6688579973325126,6.157056,6.7202,139.32383306781963,82.855911,3.067118,0,chrono_body_contact,0,,,,,,,,0
mpc_tire_model_sweep,tire_force_static,standard,nn,tire_force_static,dirt,lane_change,9.0,8,100,/home/ksha/Documents/sbel/offroad-control/benchmarking/results/mpc_tire_model_sweep_20260827_162718/raw/1030_tire_force_static_dirt_lane_change_v9_b8_s100,ok,0,19.486612796783447,15.0,0.99,/home/ksha/Documents/sbel/offroad-control/benchmarking/results/mpc_tire_model_sweep_20260827_162718/raw/1030_tire_force_static_dirt_lane_change_v9_b8_s100/20260827_215940_651740_dirt_lane_change_acados_static_mlp/diag_dirt_lane_change_acados_static_mlp.csv,,,1250,0.2988435092592326,1.125826,0.15483007756232686,6.07120461680517,8.03689,0.6745782907561301,6.059248,6.340199999999999,139.20473461529934,82.964191,3.137103,0,chrono_body_contact,0,,,,,,,,0
mpc_tire_model_sweep,tire_force_static,standard,nn,tire_force_static,dirt,lane_change,9.0,8,101,/home/ksha/Documents/sbel/offroad-control/benchmarking/results/mpc_tire_model_sweep_20260827_162718/raw/1031_tire_force_static_dirt_lane_change_v9_b8_s101,ok,0,19.485130071640015,15.0,0.99,/home/ksha/Documents/sbel/offroad-control/benchmarking/results/mpc_tire_model_sweep_20260827_162718/raw/1031_tire_force_static_dirt_lane_change_v9_b8_s101/20260827_220000_158095_dirt_lane_change_acados_static_mlp/diag_dirt_lane_change_acados_static_mlp.csv,,,1250,0.2843027725469321,1.076617,0.15485878485687904,6.069192059095106,8.06994,0.6743546732327895,6.153967999999999,7.260199999999999,135.51339082207346,83.128471,3.29205,0,chrono_body_contact,0,,,,,,,,0
mpc_tire_model_sweep,tire_force_static,standard,nn,tire_force_static,dirt,lane_change,9.0,8,102,/home/ksha/Documents/sbel/offroad-control/benchmarking/results/mpc_tire_model_sweep_20260827_162718/raw/1032_tire_force_static_dirt_lane_change_v9_b8_s102,ok,0,19.48600459098816,15.0,0.99,/home/ksha/Documents/sbel/offroad-control/benchmarking/results/mpc_tire_model_sweep_20260827_162718/raw/1032_tire_force_static_dirt_lane_change_v9_b8_s102/20260827_220019_655592_dirt_lane_change_acados_static_mlp/diag_dirt_lane_change_acados_static_mlp.csv,,,1250,0.29941977815275383,1.131306,0.15771982179132044,6.068087442289936,8.04787,0.674231938032215,6.013056,6.2451,140.58335303322204,82.960698,3.248936,0,chrono_body_contact,0,,,,,,,,0
mpc_tire_model_sweep,tire_force_static,standard,nn,tire_force_static,dirt,lane_change,9.0,8,103,/home/ksha/Documents/sbel/offroad-control/benchmarking/results/mpc_tire_model_sweep_20260827_162718/raw/1033_tire_force_static_dirt_lane_change_v9_b8_s103,ok,0,19.483046293258667,15.0,0.99,/home/ksha/Documents/sbel/offroad-control/benchmarking/results/mpc_tire_model_sweep_20260827_162718/raw/1033_tire_force_static_dirt_lane_change_v9_b8_s103/20260827_220039_158052_dirt_lane_change_acados_static_mlp/diag_dirt_lane_change_acados_static_mlp.csv,,,1250,0.27549594810590744,1.06251,0.15294751523545705,6.071023638042473,8.08278,0.6745581820047193,6.134008000000001,6.550199999999999,138.9112579098661,83.067267,3.29706,0,chrono_body_contact,0,,,,,,,,0
mpc_tire_model_sweep,tire_force_static,standard,nn,tire_force_static,dirt,lane_change,9.0,8,104,/home/ksha/Documents/sbel/offroad-control/benchmarking/results/mpc_tire_model_sweep_20260827_162718/raw/1034_tire_force_static_dirt_lane_change_v9_b8_s104,ok,0,19.52965235710144,15.0,0.99,/home/ksha/Documents/sbel/offroad-control/benchmarking/results/mpc_tire_model_sweep_20260827_162718/raw/1034_tire_force_static_dirt_lane_change_v9_b8_s104/20260827_220058_679038_dirt_lane_change_acados_static_mlp/diag_dirt_lane_change_acados_static_mlp.csv,,,1250,0.2793021528918017,1.070384,0.1469137756232687,6.071043582640812,8.10145,0.6745603980712013,8.3462,9.030199999999999,138.90615462993367,83.070914,3.143794,0,chrono_body_contact,0,,,,,,,,0
mpc_tire_model_sweep,tire_force_static,standard,nn,tire_force_static,dirt,right_left,5.0,0,100,/home/ksha/Documents/sbel/offroad-control/benchmarking/results/mpc_tire_model_sweep_20260827_162718/raw/1035_tire_force_static_dirt_right_left_v5_b0_s100,ok,0,19.22465205192566,15.0,0.99,/home/ksha/Documents/sbel/offroad-control/benchmarking/results/mpc_tire_model_sweep_20260827_162718/raw/1035_tire_force_static_dirt_right_left_v5_b0_s100/20260827_220118_219107_dirt_right_left_acados_static_mlp/diag_dirt_right_left_acados_static_mlp.csv,,,1250,0.198216488027166,0.747738,0.12643556879039705,4.617896029547554,5.16569,0.9235792059095107,6.317824,6.81,128.30802095086085,40.747558,-31.365996,0,chrono_body_contact,0,,,,,,,,0
mpc_tire_model_sweep,tire_force_static,standard,nn,tire_force_static,dirt,right_left,5.0,0,101,/home/ksha/Documents/sbel/offroad-control/benchmarking/results/mpc_tire_model_sweep_20260827_162718/raw/1036_tire_force_static_dirt_right_left_v5_b0_s101,ok,0,19.23284339904785,15.0,0.99,/home/ksha/Documents/sbel/offroad-control/benchmarking/results/mpc_tire_model_sweep_20260827_162718/raw/1036_tire_force_static_dirt_right_left_v5_b0_s101/20260827_220137_469857_dirt_right_left_acados_static_mlp/diag_dirt_right_left_acados_static_mlp.csv,,,1250,0.19590630998957226,0.739913,0.12974677192982456,4.64826297322253,5.2237800000000005,0.929652594644506,6.203647999999999,6.7551,125.24127055517887,41.403106,-31.240584,0,chrono_body_contact,0,,,,,,,,0
mpc_tire_model_sweep,tire_force_static,standard,nn,tire_force_static,dirt,right_left,5.0,0,102,/home/ksha/Documents/sbel/offroad-control/benchmarking/results/mpc_tire_model_sweep_20260827_162718/raw/1037_tire_force_static_dirt_right_left_v5_b0_s102,ok,0,19.18263006210327,15.0,0.99,/home/ksha/Documents/sbel/offroad-control/benchmarking/results/mpc_tire_model_sweep_20260827_162718/raw/1037_tire_force_static_dirt_right_left_v5_b0_s102/20260827_220156_720088_dirt_right_left_acados_static_mlp/diag_dirt_right_left_acados_static_mlp.csv,,,1250,0.19425392263384592,0.715817,0.12789721237303783,4.655195290858725,5.21744,0.9310390581717449,6.242784,6.89,129.8903418299013,41.331395,-31.204009,0,chrono_body_contact,0,,,,,,,,0
mpc_tire_model_sweep,tire_force_static,standard,nn,tire_force_static,dirt,right_left,5.0,0,103,/home/ksha/Documents/sbel/offroad-control/benchmarking/results/mpc_tire_model_sweep_20260827_162718/raw/1038_tire_force_static_dirt_right_left_v5_b0_s103,ok,0,19.178157329559326,15.0,0.99,/home/ksha/Documents/sbel/offroad-control/benchmarking/results/mpc_tire_model_sweep_20260827_162718/raw/1038_tire_force_static_dirt_right_left_v5_b0_s103/20260827_220215_937226_dirt_right_left_acados_static_mlp/diag_dirt_right_left_acados_static_mlp.csv,,,1250,0.19830685867366185,0.768398,0.12596498984302862,4.624842105263158,5.17348,0.9249684210526317,6.368151999999999,7.545699999999999,128.17482596156373,40.952205,-31.301462,0,chrono_body_contact,0,,,,,,,,0
mpc_tire_model_sweep,tire_force_static,standard,nn,tire_force_static,dirt,right_left,5.0,0,104,/home/ksha/Documents/sbel/offroad-control/benchmarking/results/mpc_tire_model_sweep_20260827_162718/raw/1039_tire_force_static_dirt_right_left_v5_b0_s104,ok,0,19.23034691810608,15.0,0.99,/home/ksha/Documents/sbel/offroad-control/benchmarking/results/mpc_tire_model_sweep_20260827_162718/raw/1039_tire_force_static_dirt_right_left_v5_b0_s104/20260827_220235_135492_dirt_right_left_acados_static_mlp/diag_dirt_right_left_acados_static_mlp.csv,,,1250,0.2004069583961139,0.748567,0.13219404155124656,4.648950507848569,5.23628,0.9297901015697138,6.28608,6.73,128.916805260768,41.30511,-31.277212,0,chrono_body_contact,0,,,,,,,,0
mpc_tire_model_sweep,tire_force_static,standard,nn,tire_force_static,dirt,right_left,5.0,4,100,/home/ksha/Documents/sbel/offroad-control/benchmarking/results/mpc_tire_model_sweep_20260827_162718/raw/1040_tire_force_static_dirt_right_left_v5_b4_s100,ok,0,19.382389307022095,15.0,0.99,/home/ksha/Documents/sbel/offroad-control/benchmarking/results/mpc_tire_model_sweep_20260827_162718/raw/1040_tire_force_static_dirt_right_left_v5_b4_s100/20260827_220254_390964_dirt_right_left_acados_static_mlp/diag_dirt_right_left_acados_static_mlp.csv,,,1250,0.19857324877171512,0.741147,0.12725383656509695,4.620373130193906,5.15838,0.9240746260387812,6.247136,6.6451,128.35992205328012,40.874988,-31.366938,0,chrono_body_contact,0,,,,,,,,0
mpc_tire_model_sweep,tire_force_static,standard,nn,tire_force_static,dirt,right_left,5.0,4,101,/home/ksha/Documents/sbel/offroad-control/benchmarking/results/mpc_tire_model_sweep_20260827_162718/raw/1041_tire_force_static_dirt_right_left_v5_b4_s101,ok,0,19.385068893432617,15.0,0.99,/home/ksha/Documents/sbel/offroad-control/benchmarking/results/mpc_tire_model_sweep_20260827_162718/raw/1041_tire_force_static_dirt_right_left_v5_b4_s101/20260827_220313_769684_dirt_right_left_acados_static_mlp/diag_dirt_right_left_acados_static_mlp.csv,,,1250,0.19821225421221866,0.74529,0.12754029732225303,4.59475484764543,5.15198,0.9189509695290861,6.011239999999999,6.300199999999999,124.94516308784557,40.802396,-31.327583,0,chrono_body_contact,0,,,,,,,,0
mpc_tire_model_sweep,tire_force_static,standard,nn,tire_force_static,dirt,right_left,5.0,4,102,/home/ksha/Documents/sbel/offroad-control/benchmarking/results/mpc_tire_model_sweep_20260827_162718/raw/1042_tire_force_static_dirt_right_left_v5_b4_s102,ok,0,19.431522130966187,15.0,0.99,/home/ksha/Documents/sbel/offroad-control/benchmarking/results/mpc_tire_model_sweep_20260827_162718/raw/1042_tire_force_static_dirt_right_left_v5_b4_s102/20260827_220333_173064_dirt_right_left_acados_static_mlp/diag_dirt_right_left_acados_static_mlp.csv,,,1250,0.20554572377717142,0.760887,0.13078240720221607,4.6038258541089565,5.211409999999999,0.9207651708217913,6.145567999999999,6.5550999999999995,129.61623650683103,40.802196,-31.320776,0,chrono_body_contact,0,,,,,,,,0
mpc_tire_model_sweep,tire_force_static,standard,nn,tire_force_static,dirt,right_left,5.0,4,103,/home/ksha/Documents/sbel/offroad-control/benchmarking/results/mpc_tire_model_sweep_20260827_162718/raw/1043_tire_force_static_dirt_right_left_v5_b4_s103,ok,0,19.377673387527466,15.0,0.99,/home/ksha/Documents/sbel/offroad-control/benchmarking/results/mpc_tire_model_sweep_20260827_162718/raw/1043_tire_force_static_dirt_right_left_v5_b4_s103/20260827_220352_634267_dirt_right_left_acados_static_mlp/diag_dirt_right_left_acados_static_mlp.csv,,,1250,0.22081172241108393,0.821598,0.14182026777469992,4.660086426592797,5.24634,0.9320172853185594,8.263416,8.56,128.42528176875163,41.482548,-31.2894,0,chrono_body_contact,0,,,,,,,,0
mpc_tire_model_sweep,tire_force_static,standard,nn,tire_force_static,dirt,right_left,5.0,4,104,/home/ksha/Documents/sbel/offroad-control/benchmarking/results/mpc_tire_model_sweep_20260827_162718/raw/1044_tire_force_static_dirt_right_left_v5_b4_s104,ok,0,19.427552461624146,15.0,0.99,/home/ksha/Documents/sbel/offroad-control/benchmarking/results/mpc_tire_model_sweep_20260827_162718/raw/1044_tire_force_static_dirt_right_left_v5_b4_s104/20260827_220412_035805_dirt_right_left_acados_static_mlp/diag_dirt_right_left_acados_static_mlp.csv,,,1250,0.20693393886868391,0.795241,0.1328710507848569,4.5982783933518006,5.20093,0.9196556786703601,6.282832000000001,6.840799999999999,128.65863472583254,40.72784,-31.401931,0,chrono_body_contact,0,,,,,,,,0
mpc_tire_model_sweep,tire_force_static,standard,nn,tire_force_static,dirt,right_left,5.0,8,100,/home/ksha/Documents/sbel/offroad-control/benchmarking/results/mpc_tire_model_sweep_20260827_162718/raw/1045_tire_force_static_dirt_right_left_v5_b8_s100,ok,0,19.4840304851532,15.0,0.99,/home/ksha/Documents/sbel/offroad-control/benchmarking/results/mpc_tire_model_sweep_20260827_162718/raw/1045_tire_force_static_dirt_right_left_v5_b8_s100/20260827_220431_480357_dirt_right_left_acados_static_mlp/diag_dirt_right_left_acados_static_mlp.csv,,,1250,0.2109110636282914,0.874676,0.11896814496768236,4.522647737765467,5.135479999999999,0.9045295475530933,6.104856,6.4753,127.70610624790018,39.314518,-31.745867,0,chrono_body_contact,0,,,,,,,,0
mpc_tire_model_sweep,tire_force_static,standard,nn,tire_force_static,dirt,right_left,5.0,8,101,/home/ksha/Documents/sbel/offroad-control/benchmarking/results/mpc_tire_model_sweep_20260827_162718/raw/1046_tire_force_static_dirt_right_left_v5_b8_s101,ok,0,19.48299264907837,15.0,0.99,/home/ksha/Documents/sbel/offroad-control/benchmarking/results/mpc_tire_model_sweep_20260827_162718/raw/1046_tire_force_static_dirt_right_left_v5_b8_s101/20260827_220450_971434_dirt_right_left_acados_static_mlp/diag_dirt_right_left_acados_static_mlp.csv,,,1250,0.1908722844195592,0.84556,0.11060970914127423,4.461468790397045,5.07237,0.8922937580794089,6.053616000000001,6.36,124.04208389861779,38.596769,-31.706041,0,chrono_body_contact,0,,,,,,,,0
mpc_tire_model_sweep,tire_force_static,standard,nn,tire_force_static,dirt,right_left,5.0,8,102,/home/ksha/Documents/sbel/offroad-control/benchmarking/results/mpc_tire_model_sweep_20260827_162718/raw/1047_tire_force_static_dirt_right_left_v5_b8_s102,ok,0,19.484153270721436,15.0,0.99,/home/ksha/Documents/sbel/offroad-control/benchmarking/results/mpc_tire_model_sweep_20260827_162718/raw/1047_tire_force_static_dirt_right_left_v5_b8_s102/20260827_220510_481685_dirt_right_left_acados_static_mlp/diag_dirt_right_left_acados_static_mlp.csv,,,1250,0.19042416118638253,0.818725,0.11129817082179132,4.477259279778393,5.08167,0.8954518559556787,6.27348,7.2202,128.74882704450468,38.697463,-31.627092,0,chrono_body_contact,0,,,,,,,,0
mpc_tire_model_sweep,tire_force_static,standard,nn,tire_force_static,dirt,right_left,5.0,8,103,/home/ksha/Documents/sbel/offroad-control/benchmarking/results/mpc_tire_model_sweep_20260827_162718/raw/1048_tire_force_static_dirt_right_left_v5_b8_s103,ok,0,19.486694812774658,15.0,0.99,/home/ksha/Documents/sbel/offroad-control/benchmarking/results/mpc_tire_model_sweep_20260827_162718/raw/1048_tire_force_static_dirt_right_left_v5_b8_s103/20260827_220529_986937_dirt_right_left_acados_static_mlp/diag_dirt_right_left_acados_static_mlp.csv,,,1250,0.1706397573621193,0.775033,0.10168396768236379,4.4522514312096035,5.01566,0.8904502862419207,6.267656,6.68,127.13726738000436,38.400748,-31.61159,0,chrono_body_contact,0,,,,,,,,0
mpc_tire_model_sweep,tire_force_static,standard,nn,tire_force_static,dirt,right_left,5.0,8,104,/home/ksha/Documents/sbel/offroad-control/benchmarking/results/mpc_tire_model_sweep_20260827_162718/raw/1049_tire_force_static_dirt_right_left_v5_b8_s104,ok,0,19.53339672088623,15.0,0.99,/home/ksha/Documents/sbel/offroad-control/benchmarking/results/mpc_tire_model_sweep_20260827_162718/raw/1049_tire_force_static_dirt_right_left_v5_b8_s104/20260827_220549_494876_dirt_right_left_acados_static_mlp/diag_dirt_right_left_acados_static_mlp.csv,,,1250,0.1621692472741359,0.731644,0.10035373314866113,4.406171375807941,5.02607,0.8812342751615881,6.138296,6.665299999999999,127.38283054991278,37.767071,-31.673448,0,chrono_body_contact,0,,,,,,,,0
mpc_tire_model_sweep,tire_force_static,standard,nn,tire_force_static,dirt,right_left,7.0,0,100,/home/ksha/Documents/sbel/offroad-control/benchmarking/results/mpc_tire_model_sweep_20260827_162718/raw/1050_tire_force_static_dirt_right_left_v7_b0_s100,ok,0,19.177639484405518,15.0,0.99,/home/ksha/Documents/sbel/offroad-control/benchmarking/results/mpc_tire_model_sweep_20260827_162718/raw/1050_tire_force_static_dirt_right_left_v7_b0_s100/20260827_220609_042879_dirt_right_left_acados_static_mlp/diag_dirt_right_left_acados_static_mlp.csv,,,1250,0.2689187929562237,0.951799,0.16860174884579868,5.092834441366574,5.99009,0.7275477773380821,8.321416000000001,8.9151,131.25023116561812,46.876024,-31.028624,0,chrono_body_contact,0,,,,,,,,0
mpc_tire_model_sweep,tire_force_static,standard,nn,tire_force_static,dirt,right_left,7.0,0,101,/home/ksha/Documents/sbel/offroad-control/benchmarking/results/mpc_tire_model_sweep_20260827_162718/raw/1051_tire_force_static_dirt_right_left_v7_b0_s101,ok,0,19.181028604507446,15.0,0.99,/home/ksha/Documents/sbel/offroad-control/benchmarking/results/mpc_tire_model_sweep_20260827_162718/raw/1051_tire_force_static_dirt_right_left_v7_b0_s101/20260827_220628_256007_dirt_right_left_acados_static_mlp/diag_dirt_right_left_acados_static_mlp.csv,,,1250,0.24901043931135716,0.88076,0.15834272576177286,5.073875253924284,6.0061199999999975,0.7248393219891834,7.126904000000001,8.8651,127.83646935170452,46.908716,-30.959901,0,chrono_body_contact,0,,,,,,,,0
mpc_tire_model_sweep,tire_force_static,standard,nn,tire_force_static,dirt,right_left,7.0,0,102,/home/ksha/Documents/sbel/offroad-control/benchmarking/results/mpc_tire_model_sweep_20260827_162718/raw/1052_tire_force_static_dirt_right_left_v7_b0_s102,ok,0,19.177886962890625,15.0,0.99,/home/ksha/Documents/sbel/offroad-control/benchmarking/results/mpc_tire_model_sweep_20260827_162718/raw/1052_tire_force_static_dirt_right_left_v7_b0_s102/20260827_220647_477170_dirt_right_left_acados_static_mlp/diag_dirt_right_left_acados_static_mlp.csv,,,1250,0.24395719790477657,0.881926,0.15931286703601108,5.124190581717451,6.040789999999998,0.7320272259596358,6.2208,6.79,132.81025979719556,47.516896,-30.91934,0,chrono_body_contact,0,,,,,,,,0
mpc_tire_model_sweep,tire_force_static,standard,nn,tire_force_static,dirt,right_left,7.0,0,103,/home/ksha/Documents/sbel/offroad-control/benchmarking/results/mpc_tire_model_sweep_20260827_162718/raw/1053_tire_force_static_dirt_right_left_v7_b0_s103,ok,0,19.225260019302368,15.0,0.99,/home/ksha/Documents/sbel/offroad-control/benchmarking/results/mpc_tire_model_sweep_20260827_162718/raw/1053_tire_force_static_dirt_right_left_v7_b0_s103/20260827_220706_688891_dirt_right_left_acados_static_mlp/diag_dirt_right_left_acados_static_mlp.csv,,,1250,0.25531999644472003,0.96059,0.16182175069252078,5.072545244690674,5.9614699999999985,0.7246493206700962,6.263432,7.2251,130.94623387925986,46.82091,-30.952871,0,chrono_body_contact,0,,,,,,,,0
mpc_tire_model_sweep,tire_force_static,standard,nn,tire_force_static,dirt,right_left,7.0,0,104,/home/ksha/Documents/sbel/offroad-control/benchmarking/results/mpc_tire_model_sweep_20260827_162718/raw/1054_tire_force_static_dirt_right_left_v7_b0_s104,ok,0,19.23109006881714,15.0,0.99,/home/ksha/Documents/sbel/offroad-control/benchmarking/results/mpc_tire_model_sweep_20260827_162718/raw/1054_tire_force_static_dirt_right_left_v7_b0_s104/20260827_220725_888045_dirt_right_left_acados_static_mlp/diag_dirt_right_left_acados_static_mlp.csv,,,1250,0.25191788249508595,0.908414,0.15975435734072024,5.140812003693444,6.090089999999997,0.7344017148133491,6.463896000000001,8.79,132.09636493828884,47.751619,-30.994995,0,chrono_body_contact,0,,,,,,,,0
mpc_tire_model_sweep,tire_force_static,standard,nn,tire_force_static,dirt,right_left,7.0,4,100,/home/ksha/Documents/sbel/offroad-control/benchmarking/results/mpc_tire_model_sweep_20260827_162718/raw/1055_tire_force_static_dirt_right_left_v7_b4_s100,ok,0,19.37960410118103,15.0,0.99,/home/ksha/Documents/sbel/offroad-control/benchmarking/results/mpc_tire_model_sweep_20260827_162718/raw/1055_tire_force_static_dirt_right_left_v7_b4_s100/20260827_220745_131974_dirt_right_left_acados_static_mlp/diag_dirt_right_left_acados_static_mlp.csv,,,1250,0.27026301037307165,0.950307,0.16876237488457985,5.081901200369345,6.017969999999999,0.7259858857670494,6.044592,6.36,131.20841631862493,46.851829,-31.039285,0,chrono_body_contact,0,,,,,,,,0
mpc_tire_model_sweep,tire_force_static,standard,nn,tire_force_static,dirt,right_left,7.0,4,101,/home/ksha/Documents/sbel/offroad-control/benchmarking/results/mpc_tire_model_sweep_20260827_162718/raw/1056_tire_force_static_dirt_right_left_v7_b4_s101,ok,0,19.42736291885376,15.0,0.99,/home/ksha/Documents/sbel/offroad-control/benchmarking/results/mpc_tire_model_sweep_20260827_162718/raw/1056_tire_force_static_dirt_right_left_v7_b4_s101/20260827_220804_532494_dirt_right_left_acados_static_mlp/diag_dirt_right_left_acados_static_mlp.csv,,,1250,0.2722045185027143,0.959798,0.16641206278855034,5.046597322253001,6.013149999999997,0.7209424746075717,6.016672,7.010999999999999,127.67737285721408,46.602591,-30.994696,0,chrono_body_contact,0,,,,,,,,0
mpc_tire_model_sweep,tire_force_static,standard,nn,tire_force_static,dirt,right_left,7.0,4,102,/home/ksha/Documents/sbel/offroad-control/benchmarking/results/mpc_tire_model_sweep_20260827_162718/raw/1057_tire_force_static_dirt_right_left_v7_b4_s102,ok,0,19.432029962539673,15.0,0.99,/home/ksha/Documents/sbel/offroad-control/benchmarking/results/mpc_tire_model_sweep_20260827_162718/raw/1057_tire_force_static_dirt_right_left_v7_b4_s102/20260827_220823_980882_dirt_right_left_acados_static_mlp/diag_dirt_right_left_acados_static_mlp.csv,,,1250,0.25416137984917125,0.918734,0.1637500923361034,5.143975900277009,6.11407,0.7348537000395726,6.112959999999999,6.37,132.93514688869777,47.843194,-30.921642,0,chrono_body_contact,0,,,,,,,,0
mpc_tire_model_sweep,tire_force_static,standard,nn,tire_force_static,dirt,right_left,7.0,4,103,/home/ksha/Documents/sbel/offroad-control/benchmarking/results/mpc_tire_model_sweep_20260827_162718/raw/1058_tire_force_static_dirt_right_left_v7_b4_s103,ok,0,19.381503343582153,15.0,0.99,/home/ksha/Documents/sbel/offroad-control/benchmarking/results/mpc_tire_model_sweep_20260827_162718/raw/1058_tire_force_static_dirt_right_left_v7_b4_s103/20260827_220843_431559_dirt_right_left_acados_static_mlp/diag_dirt_right_left_acados_static_mlp.csv,,,1250,0.2625660354878607,0.967815,0.1656182059095106,5.049685041551246,5.893879999999999,0.7213835773644638,6.258768,6.6350999999999996,130.82709469080663,46.493512,-30.96987,0,chrono_body_contact,0,,,,,,,,0
mpc_tire_model_sweep,tire_force_static,standard,nn,tire_force_static,dirt,right_left,7.0,4,104,/home/ksha/Documents/sbel/offroad-control/benchmarking/results/mpc_tire_model_sweep_20260827_162718/raw/1059_tire_force_static_dirt_right_left_v7_b4_s104,ok,0,19.43161964416504,15.0,0.99,/home/ksha/Documents/sbel/offroad-control/benchmarking/results/mpc_tire_model_sweep_20260827_162718/raw/1059_tire_force_static_dirt_right_left_v7_b4_s104/20260827_220902_822462_dirt_right_left_acados_static_mlp/diag_dirt_right_left_acados_static_mlp.csv,,,1250,0.25765397697804326,0.896434,0.1665458079409049,5.115794367497692,6.08828,0.7308277667853845,6.07272,6.836899999999998,131.96892436762698,47.576466,-31.005478,0,chrono_body_contact,0,,,,,,,,0
mpc_tire_model_sweep,tire_force_static,standard,nn,tire_force_static,dirt,right_left,7.0,8,100,/home/ksha/Documents/sbel/offroad-control/benchmarking/results/mpc_tire_model_sweep_20260827_162718/raw/1060_tire_force_static_dirt_right_left_v7_b8_s100,ok,0,19.527871131896973,15.0,0.99,/home/ksha/Documents/sbel/offroad-control/benchmarking/results/mpc_tire_model_sweep_20260827_162718/raw/1060_tire_force_static_dirt_right_left_v7_b8_s100/20260827_220922_287399_dirt_right_left_acados_static_mlp/diag_dirt_right_left_acados_static_mlp.csv,,,1250,0.31029107735147055,1.075037,0.1797793102493075,5.001757156048015,5.82771,0.7145367365782879,7.6928,8.46,130.59644966117858,45.344272,-31.167556,0,chrono_body_contact,0,,,,,,,,0
mpc_tire_model_sweep,tire_force_static,standard,nn,tire_force_static,dirt,right_left,7.0,8,101,/home/ksha/Documents/sbel/offroad-control/benchmarking/results/mpc_tire_model_sweep_20260827_162718/raw/1061_tire_force_static_dirt_right_left_v7_b8_s101,ok,0,19.528308153152466,15.0,0.99,/home/ksha/Documents/sbel/offroad-control/benchmarking/results/mpc_tire_model_sweep_20260827_162718/raw/1061_tire_force_static_dirt_right_left_v7_b8_s101/20260827_220941_836621_dirt_right_left_acados_static_mlp/diag_dirt_right_left_acados_static_mlp.csv,,,1250,0.31367606031181067,1.086084,0.18257912280701757,5.070933887349954,5.92708,0.7244191267642791,8.048144,8.52,127.67974455346378,46.574067,-31.047794,0,chrono_body_contact,0,,,,,,,,0
mpc_tire_model_sweep,tire_force_static,standard,nn,tire_force_static,dirt,right_left,7.0,8,102,/home/ksha/Documents/sbel/offroad-control/benchmarking/results/mpc_tire_model_sweep_20260827_162718/raw/1062_tire_force_static_dirt_right_left_v7_b8_s102,ok,0,19.578227043151855,15.0,0.99,/home/ksha/Documents/sbel/offroad-control/benchmarking/results/mpc_tire_model_sweep_20260827_162718/raw/1062_tire_force_static_dirt_right_left_v7_b8_s102/20260827_221001_387477_dirt_right_left_acados_static_mlp/diag_dirt_right_left_acados_static_mlp.csv,,,1250,0.28644160632121535,1.039487,0.17143980978762696,4.984019667590029,5.83685,0.7120028096557184,6.287856,7.240399999999999,131.82616142488342,45.228581,-31.065291,0,chrono_body_contact,0,,,,,,,,0
mpc_tire_model_sweep,tire_force_static,standard,nn,tire_force_static,dirt,right_left,7.0,8,103,/home/ksha/Documents/sbel/offroad-control/benchmarking/results/mpc_tire_model_sweep_20260827_162718/raw/1063_tire_force_static_dirt_right_left_v7_b8_s103,ok,0,19.488250970840454,15.0,0.99,/home/ksha/Documents/sbel/offroad-control/benchmarking/results/mpc_tire_model_sweep_20260827_162718/raw/1063_tire_force_static_dirt_right_left_v7_b8_s103/20260827_221020_983441_dirt_right_left_acados_static_mlp/diag_dirt_right_left_acados_static_mlp.csv,,,1250,0.32181833609057914,1.124938,0.1856541366574331,5.0638924284395195,5.90067,0.7234132040627885,6.294936,6.6,130.80848567610406,46.361879,-31.052716,0,chrono_body_contact,0,,,,,,,,0
mpc_tire_model_sweep,tire_force_static,standard,nn,tire_force_static,dirt,right_left,7.0,8,104,/home/ksha/Documents/sbel/offroad-control/benchmarking/results/mpc_tire_model_sweep_20260827_162718/raw/1064_tire_force_static_dirt_right_left_v7_b8_s104,ok,0,19.532912969589233,15.0,0.99,/home/ksha/Documents/sbel/offroad-control/benchmarking/results/mpc_tire_model_sweep_20260827_162718/raw/1064_tire_force_static_dirt_right_left_v7_b8_s104/20260827_221040_495230_dirt_right_left_acados_static_mlp/diag_dirt_right_left_acados_static_mlp.csv,,,1250,0.2758912540453529,1.012053,0.1637226675900277,4.97789889196676,5.8253,0.7111284131381085,6.314408,6.7451,130.9782943022135,45.21772,-31.119919,0,chrono_body_contact,0,,,,,,,,0
mpc_tire_model_sweep,tire_force_static,standard,nn,tire_force_static,dirt,right_left,9.0,0,100,/home/ksha/Documents/sbel/offroad-control/benchmarking/results/mpc_tire_model_sweep_20260827_162718/raw/1065_tire_force_static_dirt_right_left_v9_b0_s100,ok,0,19.18040895462036,15.0,0.99,/home/ksha/Documents/sbel/offroad-control/benchmarking/results/mpc_tire_model_sweep_20260827_162718/raw/1065_tire_force_static_dirt_right_left_v9_b0_s100/20260827_221100_050330_dirt_right_left_acados_static_mlp/diag_dirt_right_left_acados_static_mlp.csv,,,1250,0.2391198477243639,0.878996,0.15413388919667592,5.085263711911358,5.94762,0.5650293013234842,6.281568,7.1751,131.24325359951075,46.845777,-31.010088,0,chrono_body_contact,0,,,,,,,,0
mpc_tire_model_sweep,tire_force_static,standard,nn,tire_force_static,dirt,right_left,9.0,0,101,/home/ksha/Documents/sbel/offroad-control/benchmarking/results/mpc_tire_model_sweep_20260827_162718/raw/1066_tire_force_static_dirt_right_left_v9_b0_s101,ok,0,19.183522939682007,15.0,0.99,/home/ksha/Documents/sbel/offroad-control/benchmarking/results/mpc_tire_model_sweep_20260827_162718/raw/1066_tire_force_static_dirt_right_left_v9_b0_s101/20260827_221119_233928_dirt_right_left_acados_static_mlp/diag_dirt_right_left_acados_static_mlp.csv,,,1250,0.25024698291374675,0.910812,0.15786511172668513,5.18203268698061,6.1494,0.5757814096645122,6.293096,6.6701999999999995,128.5222644022664,48.522193,-30.924136,0,chrono_body_contact,0,,,,,,,,0
mpc_tire_model_sweep,tire_force_static,standard,nn,tire_force_static,dirt,right_left,9.0,0,102,/home/ksha/Documents/sbel/offroad-control/benchmarking/results/mpc_tire_model_sweep_20260827_162718/raw/1067_tire_force_static_dirt_right_left_v9_b0_s102,ok,0,19.233054876327515,15.0,0.99,/home/ksha/Documents/sbel/offroad-control/benchmarking/results/mpc_tire_model_sweep_20260827_162718/raw/1067_tire_force_static_dirt_right_left_v9_b0_s102/20260827_221138_442452_dirt_right_left_acados_static_mlp/diag_dirt_right_left_acados_static_mlp.csv,,,1250,0.22562219958768226,0.821405,0.1475344810710988,5.096895475530932,5.97363,0.5663217195034369,6.2763599999999995,6.8652999999999995,132.65405347256467,47.143358,-30.905001,0,chrono_body_contact,0,,,,,,,,0
mpc_tire_model_sweep,tire_force_static,standard,nn,tire_force_static,dirt,right_left,9.0,0,103,/home/ksha/Documents/sbel/offroad-control/benchmarking/results/mpc_tire_model_sweep_20260827_162718/raw/1068_tire_force_static_dirt_right_left_v9_b0_s103,ok,0,19.22749090194702,15.0,0.99,/home/ksha/Documents/sbel/offroad-control/benchmarking/results/mpc_tire_model_sweep_20260827_162718/raw/1068_tire_force_static_dirt_right_left_v9_b0_s103/20260827_221157_698846_dirt_right_left_acados_static_mlp/diag_dirt_right_left_acados_static_mlp.csv,,,1250,0.232468388247413,0.875335,0.15162555955678672,5.108262880886427,5.99813,0.5675847645429363,6.318511999999999,6.81,131.19879379634344,47.330348,-30.924789,0,chrono_body_contact,0,,,,,,,,0
mpc_tire_model_sweep,tire_force_static,standard,nn,tire_force_static,dirt,right_left,9.0,0,104,/home/ksha/Documents/sbel/offroad-control/benchmarking/results/mpc_tire_model_sweep_20260827_162718/raw/1069_tire_force_static_dirt_right_left_v9_b0_s104,ok,0,19.23264980316162,15.0,0.99,/home/ksha/Documents/sbel/offroad-control/benchmarking/results/mpc_tire_model_sweep_20260827_162718/raw/1069_tire_force_static_dirt_right_left_v9_b0_s104/20260827_221216_953906_dirt_right_left_acados_static_mlp/diag_dirt_right_left_acados_static_mlp.csv,,,1250,0.2442312653617268,0.884985,0.15633681994459833,5.117330470914127,6.059099999999999,0.5685922745460141,6.842184,8.5453,132.01054251753547,47.46864,-30.985241,0,chrono_body_contact,0,,,,,,,,0
mpc_tire_model_sweep,tire_force_static,standard,nn,tire_force_static,dirt,right_left,9.0,4,100,/home/ksha/Documents/sbel/offroad-control/benchmarking/results/mpc_tire_model_sweep_20260827_162718/raw/1070_tire_force_static_dirt_right_left_v9_b4_s100,ok,0,19.434919357299805,15.0,0.99,/home/ksha/Documents/sbel/offroad-control/benchmarking/results/mpc_tire_model_sweep_20260827_162718/raw/1070_tire_force_static_dirt_right_left_v9_b4_s100/20260827_221236_200610_dirt_right_left_acados_static_mlp/diag_dirt_right_left_acados_static_mlp.csv,,,1250,0.25881641650984794,0.939846,0.16303027331486614,5.0884795013850415,5.9610899999999996,0.5653866112650046,6.74764,8.475100000000001,131.28814230429836,46.929663,-31.017002,0,chrono_body_contact,0,,,,,,,,0
mpc_tire_model_sweep,tire_force_static,standard,nn,tire_force_static,dirt,right_left,9.0,4,101,/home/ksha/Documents/sbel/offroad-control/benchmarking/results/mpc_tire_model_sweep_20260827_162718/raw/1071_tire_force_static_dirt_right_left_v9_b4_s101,ok,0,19.38579750061035,15.0,0.99,/home/ksha/Documents/sbel/offroad-control/benchmarking/results/mpc_tire_model_sweep_20260827_162718/raw/1071_tire_force_static_dirt_right_left_v9_b4_s101/20260827_221255_670299_dirt_right_left_acados_static_mlp/diag_dirt_right_left_acados_static_mlp.csv,,,1250,0.25474393697822567,0.887236,0.1639498882733149,5.1596194829178215,6.146039999999999,0.5732910536575357,6.341848,6.69,128.41029374217788,48.237154,-30.929467,0,chrono_body_contact,0,,,,,,,,0
mpc_tire_model_sweep,tire_force_static,standard,nn,tire_force_static,dirt,right_left,9.0,4,102,/home/ksha/Documents/sbel/offroad-control/benchmarking/results/mpc_tire_model_sweep_20260827_162718/raw/1072_tire_force_static_dirt_right_left_v9_b4_s102,ok,0,19.479743480682373,15.0,0.99,/home/ksha/Documents/sbel/offroad-control/benchmarking/results/mpc_tire_model_sweep_20260827_162718/raw/1072_tire_force_static_dirt_right_left_v9_b4_s102/20260827_221315_077008_dirt_right_left_acados_static_mlp/diag_dirt_right_left_acados_static_mlp.csv,,,1250,0.2496358766346303,0.889131,0.16203281532779318,5.1234479224376726,6.061459999999999,0.5692719913819636,6.06956,6.46,132.85458363381196,47.589557,-30.911506,0,chrono_body_contact,0,,,,,,,,0
mpc_tire_model_sweep,tire_force_static,standard,nn,tire_force_static,dirt,right_left,9.0,4,103,/home/ksha/Documents/sbel/offroad-control/benchmarking/results/mpc_tire_model_sweep_20260827_162718/raw/1073_tire_force_static_dirt_right_left_v9_b4_s103,ok,0,19.386947870254517,15.0,0.99,/home/ksha/Documents/sbel/offroad-control/benchmarking/results/mpc_tire_model_sweep_20260827_162718/raw/1073_tire_force_static_dirt_right_left_v9_b4_s103/20260827_221334_545654_dirt_right_left_acados_static_mlp/diag_dirt_right_left_acados_static_mlp.csv,,,1250,0.2537479450127197,0.955283,0.1587693379501385,5.1015751615881815,5.9480699999999995,0.566841684620909,6.170872,6.4601999999999995,131.18227457614122,47.211238,-30.933387,0,chrono_body_contact,0,,,,,,,,0
mpc_tire_model_sweep,tire_force_static,standard,nn,tire_force_static,dirt,right_left,9.0,4,104,/home/ksha/Documents/sbel/offroad-control/benchmarking/results/mpc_tire_model_sweep_20260827_162718/raw/1074_tire_force_static_dirt_right_left_v9_b4_s104,ok,0,19.383824110031128,15.0,0.99,/home/ksha/Documents/sbel/offroad-control/benchmarking/results/mpc_tire_model_sweep_20260827_162718/raw/1074_tire_force_static_dirt_right_left_v9_b4_s104/20260827_221353_963343_dirt_right_left_acados_static_mlp/diag_dirt_right_left_acados_static_mlp.csv,,,1250,0.27233789384908097,0.980005,0.1711794385964912,5.147427885503231,6.104629999999999,0.5719364317225812,6.350224,6.840199999999999,132.21908456949444,47.920722,-30.985722,0,chrono_body_contact,0,,,,,,,,0
mpc_tire_model_sweep,tire_force_static,standard,nn,tire_force_static,dirt,right_left,9.0,8,100,/home/ksha/Documents/sbel/offroad-control/benchmarking/results/mpc_tire_model_sweep_20260827_162718/raw/1075_tire_force_static_dirt_right_left_v9_b8_s100,ok,0,19.533714771270752,15.0,0.99,/home/ksha/Documents/sbel/offroad-control/benchmarking/results/mpc_tire_model_sweep_20260827_162718/raw/1075_tire_force_static_dirt_right_left_v9_b8_s100/20260827_221413_390522_dirt_right_left_acados_static_mlp/diag_dirt_right_left_acados_static_mlp.csv,,,1250,0.2958885121729617,1.003441,0.173408756232687,5.030130193905817,5.85883,0.5589033548784241,6.454160000000001,7.2353,130.83513076451487,45.772228,-31.118734,0,chrono_body_contact,0,,,,,,,,0
mpc_tire_model_sweep,tire_force_static,standard,nn,tire_force_static,dirt,right_left,9.0,8,101,/home/ksha/Documents/sbel/offroad-control/benchmarking/results/mpc_tire_model_sweep_20260827_162718/raw/1076_tire_force_static_dirt_right_left_v9_b8_s101,ok,0,19.48254919052124,15.0,0.99,/home/ksha/Documents/sbel/offroad-control/benchmarking/results/mpc_tire_model_sweep_20260827_162718/raw/1076_tire_force_static_dirt_right_left_v9_b8_s101/20260827_221432_924994_dirt_right_left_acados_static_mlp/diag_dirt_right_left_acados_static_mlp.csv,,,1250,0.29175541938859817,1.011768,0.17118638781163434,5.01613730378578,5.86342,0.5573485893095311,6.081024,6.45,127.3378903783167,45.790318,-31.050491,0,chrono_body_contact,0,,,,,,,,0
mpc_tire_model_sweep,tire_force_static,standard,nn,tire_force_static,dirt,right_left,9.0,8,102,/home/ksha/Documents/sbel/offroad-control/benchmarking/results/mpc_tire_model_sweep_20260827_162718/raw/1077_tire_force_static_dirt_right_left_v9_b8_s102,ok,0,19.532283306121826,15.0,0.99,/home/ksha/Documents/sbel/offroad-control/benchmarking/results/mpc_tire_model_sweep_20260827_162718/raw/1077_tire_force_static_dirt_right_left_v9_b8_s102/20260827_221452_422638_dirt_right_left_acados_static_mlp/diag_dirt_right_left_acados_static_mlp.csv,,,1250,0.2981456505396823,1.044818,0.1765410433979686,5.0666656509695285,5.98265,0.5629628501077254,6.012552,6.16,132.34746441557667,46.400913,-30.997311,0,chrono_body_contact,0,,,,,,,,0
mpc_tire_model_sweep,tire_force_static,standard,nn,tire_force_static,dirt,right_left,9.0,8,103,/home/ksha/Documents/sbel/offroad-control/benchmarking/results/mpc_tire_model_sweep_20260827_162718/raw/1078_tire_force_static_dirt_right_left_v9_b8_s103,ok,0,19.524146556854248,15.0,0.99,/home/ksha/Documents/sbel/offroad-control/benchmarking/results/mpc_tire_model_sweep_20260827_162718/raw/1078_tire_force_static_dirt_right_left_v9_b8_s103/20260827_221512_007725_dirt_right_left_acados_static_mlp/diag_dirt_right_left_acados_static_mlp.csv,,,1250,0.28528124390277515,1.005799,0.166343431209603,4.991006463527239,5.82913,0.5545562737252488,6.954695999999999,8.4202,130.36338774428748,45.291829,-31.042091,0,chrono_body_contact,0,,,,,,,,0
mpc_tire_model_sweep,tire_force_static,standard,nn,tire_force_static,dirt,right_left,9.0,8,104,/home/ksha/Documents/sbel/offroad-control/benchmarking/results/mpc_tire_model_sweep_20260827_162718/raw/1079_tire_force_static_dirt_right_left_v9_b8_s104,ok,0,19.503047704696655,15.0,0.99,/home/ksha/Documents/sbel/offroad-control/benchmarking/results/mpc_tire_model_sweep_20260827_162718/raw/1079_tire_force_static_dirt_right_left_v9_b8_s104/20260827_221531_518195_dirt_right_left_acados_static_mlp/diag_dirt_right_left_acados_static_mlp.csv,,,1250,0.3006169789459643,1.050036,0.17698540720221606,5.0494620498614955,5.94855,0.5610513388734994,8.271552,8.4351,131.47166966321367,46.144692,-31.087152,0,chrono_body_contact,0,,,,,,,,0
mpc_tire_model_sweep,tire_force_static,standard,nn,tire_force_static,sand,sinusoidal,5.0,0,100,/home/ksha/Documents/sbel/offroad-control/benchmarking/results/mpc_tire_model_sweep_20260827_162718/raw/1080_tire_force_static_sand_sinusoidal_v5_b0_s100,ok,0,19.205520629882812,15.0,0.99,/home/ksha/Documents/sbel/offroad-control/benchmarking/results/mpc_tire_model_sweep_20260827_162718/raw/1080_tire_force_static_sand_sinusoidal_v5_b0_s100/20260827_221551_043180_sand_sinusoidal_acados_static_mlp/diag_sand_sinusoidal_acados_static_mlp.csv,,,1250,0.08403030697702905,0.404701,0.06057081625115421,3.612125300092336,5.1438999999999995,0.7224250600184672,6.211064,6.6350999999999996,123.73599743046063,48.265671,0.659408,0,chrono_body_contact,0,,,,,,,,0
mpc_tire_model_sweep,tire_force_static,standard,nn,tire_force_static,sand,sinusoidal,5.0,0,101,/home/ksha/Documents/sbel/offroad-control/benchmarking/results/mpc_tire_model_sweep_20260827_162718/raw/1081_tire_force_static_sand_sinusoidal_v5_b0_s101,ok,0,19.216142416000366,15.0,0.99,/home/ksha/Documents/sbel/offroad-control/benchmarking/results/mpc_tire_model_sweep_20260827_162718/raw/1081_tire_force_static_sand_sinusoidal_v5_b0_s101/20260827_221610_290035_sand_sinusoidal_acados_static_mlp/diag_sand_sinusoidal_acados_static_mlp.csv,,,1250,0.09807087526307283,0.501687,0.06802624284395199,3.610504709141274,5.22145,0.7221009418282548,6.456016,8.395100000000001,119.96292524013059,48.401106,0.740512,0,chrono_body_contact,0,,,,,,,,0
mpc_tire_model_sweep,tire_force_static,standard,nn,tire_force_static,sand,sinusoidal,5.0,0,102,/home/ksha/Documents/sbel/offroad-control/benchmarking/results/mpc_tire_model_sweep_20260827_162718/raw/1082_tire_force_static_sand_sinusoidal_v5_b0_s102,ok,0,19.226858139038086,15.0,0.99,/home/ksha/Documents/sbel/offroad-control/benchmarking/results/mpc_tire_model_sweep_20260827_162718/raw/1082_tire_force_static_sand_sinusoidal_v5_b0_s102/20260827_221629_516808_sand_sinusoidal_acados_static_mlp/diag_sand_sinusoidal_acados_static_mlp.csv,,,1250,0.09633941647253098,0.425618,0.06731280517082179,3.669212280701754,5.211709999999999,0.7338424561403508,6.008248,6.3751,125.12282294428479,49.000938,0.464029,0,chrono_body_contact,0,,,,,,,,0
mpc_tire_model_sweep,tire_force_static,standard,nn,tire_force_static,sand,sinusoidal,5.0,0,103,/home/ksha/Documents/sbel/offroad-control/benchmarking/results/mpc_tire_model_sweep_20260827_162718/raw/1083_tire_force_static_sand_sinusoidal_v5_b0_s103,ok,0,19.229708433151245,15.0,0.99,/home/ksha/Documents/sbel/offroad-control/benchmarking/results/mpc_tire_model_sweep_20260827_162718/raw/1083_tire_force_static_sand_sinusoidal_v5_b0_s103/20260827_221648_750155_sand_sinusoidal_acados_static_mlp/diag_sand_sinusoidal_acados_static_mlp.csv,,,1250,0.07458739111117245,0.269967,0.05831730840258541,3.8613697137580796,5.20566,0.7722739427516159,6.081664,6.4653,123.8071736805201,51.732191,-0.656957,0,chrono_body_contact,0,,,,,,,,0
mpc_tire_model_sweep,tire_force_static,standard,nn,tire_force_static,sand,sinusoidal,5.0,0,104,/home/ksha/Documents/sbel/offroad-control/benchmarking/results/mpc_tire_model_sweep_20260827_162718/raw/1084_tire_force_static_sand_sinusoidal_v5_b0_s104,ok,0,19.232935190200806,15.0,0.99,/home/ksha/Documents/sbel/offroad-control/benchmarking/results/mpc_tire_model_sweep_20260827_162718/raw/1084_tire_force_static_sand_sinusoidal_v5_b0_s104/20260827_221708_005966_sand_sinusoidal_acados_static_mlp/diag_sand_sinusoidal_acados_static_mlp.csv,,,1250,0.08674300374266557,0.36838,0.06347726038781164,3.6308902123730378,5.11945,0.7261780424746076,6.309304,6.8853,123.35806055928238,48.632675,0.561979,0,chrono_body_contact,0,,,,,,,,0
mpc_tire_model_sweep,tire_force_static,standard,nn,tire_force_static,sand,sinusoidal,5.0,4,100,/home/ksha/Documents/sbel/offroad-control/benchmarking/results/mpc_tire_model_sweep_20260827_162718/raw/1085_tire_force_static_sand_sinusoidal_v5_b4_s100,ok,0,19.428338527679443,15.0,0.99,/home/ksha/Documents/sbel/offroad-control/benchmarking/results/mpc_tire_model_sweep_20260827_162718/raw/1085_tire_force_static_sand_sinusoidal_v5_b4_s100/20260827_221727_254626_sand_sinusoidal_acados_static_mlp/diag_sand_sinusoidal_acados_static_mlp.csv,,,1250,0.08477237037062209,0.398402,0.061675042474607575,3.6247699907663895,5.15393,0.7249539981532779,6.231736,6.67,123.81973860232155,48.478376,0.571307,0,chrono_body_contact,0,,,,,,,,0
mpc_tire_model_sweep,tire_force_static,standard,nn,tire_force_static,sand,sinusoidal,5.0,4,101,/home/ksha/Documents/sbel/offroad-control/benchmarking/results/mpc_tire_model_sweep_20260827_162718/raw/1086_tire_force_static_sand_sinusoidal_v5_b4_s101,ok,0,19.430313110351562,15.0,0.99,/home/ksha/Documents/sbel/offroad-control/benchmarking/results/mpc_tire_model_sweep_20260827_162718/raw/1086_tire_force_static_sand_sinusoidal_v5_b4_s101/20260827_221746_704264_sand_sinusoidal_acados_static_mlp/diag_sand_sinusoidal_acados_static_mlp.csv,,,1250,0.08753798600930925,0.408773,0.06535840720221606,3.591099076638965,5.11153,0.718219815327793,6.072407999999999,6.4902,119.7831504985862,48.24563,0.801833,0,chrono_body_contact,0,,,,,,,,0
mpc_tire_model_sweep,tire_force_static,standard,nn,tire_force_static,sand,sinusoidal,5.0,4,102,/home/ksha/Documents/sbel/offroad-control/benchmarking/results/mpc_tire_model_sweep_20260827_162718/raw/1087_tire_force_static_sand_sinusoidal_v5_b4_s102,ok,0,19.43041682243347,15.0,0.99,/home/ksha/Documents/sbel/offroad-control/benchmarking/results/mpc_tire_model_sweep_20260827_162718/raw/1087_tire_force_static_sand_sinusoidal_v5_b4_s102/20260827_221806_133968_sand_sinusoidal_acados_static_mlp/diag_sand_sinusoidal_acados_static_mlp.csv,,,1250,0.08063470772654845,0.338338,0.06112301015697137,3.384225484764543,5.09278,0.6768450969529086,5.954544,7.047299999999998,123.84618099142713,45.475137,1.690518,0,chrono_body_contact,0,,,,,,,,0
mpc_tire_model_sweep,tire_force_static,standard,nn,tire_force_static,sand,sinusoidal,5.0,4,103,/home/ksha/Documents/sbel/offroad-control/benchmarking/results/mpc_tire_model_sweep_20260827_162718/raw/1088_tire_force_static_sand_sinusoidal_v5_b4_s103,ok,0,19.426955699920654,15.0,0.99,/home/ksha/Documents/sbel/offroad-control/benchmarking/results/mpc_tire_model_sweep_20260827_162718/raw/1088_tire_force_static_sand_sinusoidal_v5_b4_s103/20260827_221825_584604_sand_sinusoidal_acados_static_mlp/diag_sand_sinusoidal_acados_static_mlp.csv,,,1250,0.08586302896890304,0.395312,0.06389623176361957,3.468692797783934,5.10185,0.6937385595567868,5.973744,6.1551,122.31127566397012,46.512456,1.404507,0,chrono_body_contact,0,,,,,,,,0
mpc_tire_model_sweep,tire_force_static,standard,nn,tire_force_static,sand,sinusoidal,5.0,4,104,/home/ksha/Documents/sbel/offroad-control/benchmarking/results/mpc_tire_model_sweep_20260827_162718/raw/1089_tire_force_static_sand_sinusoidal_v5_b4_s104,ok,0,19.42833113670349,15.0,0.99,/home/ksha/Documents/sbel/offroad-control/benchmarking/results/mpc_tire_model_sweep_20260827_162718/raw/1089_tire_force_static_sand_sinusoidal_v5_b4_s104/20260827_221845_046208_sand_sinusoidal_acados_static_mlp/diag_sand_sinusoidal_acados_static_mlp.csv,,,1250,0.09238128312592161,0.400013,0.06562382733148661,3.621974792243767,5.11168,0.7243949584487533,6.083544,7.2302,123.3728716856754,48.572647,0.580074,0,chrono_body_contact,0,,,,,,,,0
mpc_tire_model_sweep,tire_force_static,standard,nn,tire_force_static,sand,sinusoidal,5.0,8,100,/home/ksha/Documents/sbel/offroad-control/benchmarking/results/mpc_tire_model_sweep_20260827_162718/raw/1090_tire_force_static_sand_sinusoidal_v5_b8_s100,ok,0,19.52917981147766,15.0,0.99,/home/ksha/Documents/sbel/offroad-control/benchmarking/results/mpc_tire_model_sweep_20260827_162718/raw/1090_tire_force_static_sand_sinusoidal_v5_b8_s100/20260827_221904_488454_sand_sinusoidal_acados_static_mlp/diag_sand_sinusoidal_acados_static_mlp.csv,,,1250,0.10542669943453262,0.480759,0.07408286334256695,3.5727710987996306,5.2300699999999996,0.7145542197599262,6.249744000000001,7.2253,123.53021639484571,47.623232,0.917543,0,chrono_body_contact,0,,,,,,,,0
mpc_tire_model_sweep,tire_force_static,standard,nn,tire_force_static,sand,sinusoidal,5.0,8,101,/home/ksha/Documents/sbel/offroad-control/benchmarking/results/mpc_tire_model_sweep_20260827_162718/raw/1091_tire_force_static_sand_sinusoidal_v5_b8_s101,ok,0,19.529661178588867,15.0,0.99,/home/ksha/Documents/sbel/offroad-control/benchmarking/results/mpc_tire_model_sweep_20260827_162718/raw/1091_tire_force_static_sand_sinusoidal_v5_b8_s101/20260827_221924_032295_sand_sinusoidal_acados_static_mlp/diag_sand_sinusoidal_acados_static_mlp.csv,,,1250,0.10914049209048188,0.513616,0.0766168568790397,3.5843442289935363,5.24684,0.7168688457987072,6.339136,6.65,119.75141124266776,48.110091,0.863742,0,chrono_body_contact,0,,,,,,,,0
mpc_tire_model_sweep,tire_force_static,standard,nn,tire_force_static,sand,sinusoidal,5.0,8,102,/home/ksha/Documents/sbel/offroad-control/benchmarking/results/mpc_tire_model_sweep_20260827_162718/raw/1092_tire_force_static_sand_sinusoidal_v5_b8_s102,ok,0,19.532158374786377,15.0,0.99,/home/ksha/Documents/sbel/offroad-control/benchmarking/results/mpc_tire_model_sweep_20260827_162718/raw/1092_tire_force_static_sand_sinusoidal_v5_b8_s102/20260827_221943_604571_sand_sinusoidal_acados_static_mlp/diag_sand_sinusoidal_acados_static_mlp.csv,,,1250,0.10860206657441049,0.496461,0.07629569344413666,3.490316435826408,5.17298,0.6980632871652815,6.316224000000001,6.7051,124.29241345992574,46.666462,1.343739,0,chrono_body_contact,0,,,,,,,,0
mpc_tire_model_sweep,tire_force_static,standard,nn,tire_force_static,sand,sinusoidal,5.0,8,103,/home/ksha/Documents/sbel/offroad-control/benchmarking/results/mpc_tire_model_sweep_20260827_162718/raw/1093_tire_force_static_sand_sinusoidal_v5_b8_s103,ok,0,19.574401140213013,15.0,0.99,/home/ksha/Documents/sbel/offroad-control/benchmarking/results/mpc_tire_model_sweep_20260827_162718/raw/1093_tire_force_static_sand_sinusoidal_v5_b8_s103/20260827_222003_138004_sand_sinusoidal_acados_static_mlp/diag_sand_sinusoidal_acados_static_mlp.csv,,,1250,0.10702218750667433,0.446106,0.07623571652816251,3.5526997229916892,5.1936,0.7105399445983378,6.217672,7.037299999999998,122.54482252764352,47.375705,1.119736,0,chrono_body_contact,0,,,,,,,,0
mpc_tire_model_sweep,tire_force_static,standard,nn,tire_force_static,sand,sinusoidal,5.0,8,104,/home/ksha/Documents/sbel/offroad-control/benchmarking/results/mpc_tire_model_sweep_20260827_162718/raw/1094_tire_force_static_sand_sinusoidal_v5_b8_s104,ok,0,19.52518939971924,15.0,0.99,/home/ksha/Documents/sbel/offroad-control/benchmarking/results/mpc_tire_model_sweep_20260827_162718/raw/1094_tire_force_static_sand_sinusoidal_v5_b8_s104/20260827_222022_723753_sand_sinusoidal_acados_static_mlp/diag_sand_sinusoidal_acados_static_mlp.csv,,,1250,0.11464686494607686,0.507647,0.07778521237303786,3.603146999076639,5.23459,0.7206293998153278,6.242703999999999,6.6953,123.24588594504868,48.124005,0.779963,0,chrono_body_contact,0,,,,,,,,0
mpc_tire_model_sweep,tire_force_static,standard,nn,tire_force_static,sand,sinusoidal,7.0,0,100,/home/ksha/Documents/sbel/offroad-control/benchmarking/results/mpc_tire_model_sweep_20260827_162718/raw/1095_tire_force_static_sand_sinusoidal_v7_b0_s100,ok,0,19.230725049972534,15.0,0.99,/home/ksha/Documents/sbel/offroad-control/benchmarking/results/mpc_tire_model_sweep_20260827_162718/raw/1095_tire_force_static_sand_sinusoidal_v7_b0_s100/20260827_222042_266307_sand_sinusoidal_acados_static_mlp/diag_sand_sinusoidal_acados_static_mlp.csv,,,1250,0.10215789650181674,0.394857,0.07933451246537396,4.015496768236381,5.60425,0.5736423954623401,6.291768000000001,6.8453,126.13524565287113,52.995008,-1.248134,0,chrono_body_contact,0,,,,,,,,0
mpc_tire_model_sweep,tire_force_static,standard,nn,tire_force_static,sand,sinusoidal,7.0,0,101,/home/ksha/Documents/sbel/offroad-control/benchmarking/results/mpc_tire_model_sweep_20260827_162718/raw/1096_tire_force_static_sand_sinusoidal_v7_b0_s101,ok,0,19.22988224029541,15.0,0.99,/home/ksha/Documents/sbel/offroad-control/benchmarking/results/mpc_tire_model_sweep_20260827_162718/raw/1096_tire_force_static_sand_sinusoidal_v7_b0_s101/20260827_222101_519296_sand_sinusoidal_acados_static_mlp/diag_sand_sinusoidal_acados_static_mlp.csv,,,1250,0.10376444885448384,0.382233,0.08154003047091413,3.9848002770083095,5.5803899999999995,0.5692571824297585,6.306584,6.6551,122.05837927914759,52.852329,-1.076796,0,chrono_body_contact,0,,,,,,,,0
mpc_tire_model_sweep,tire_force_static,standard,nn,tire_force_static,sand,sinusoidal,7.0,0,102,/home/ksha/Documents/sbel/offroad-control/benchmarking/results/mpc_tire_model_sweep_20260827_162718/raw/1097_tire_force_static_sand_sinusoidal_v7_b0_s102,ok,0,19.228885889053345,15.0,0.99,/home/ksha/Documents/sbel/offroad-control/benchmarking/results/mpc_tire_model_sweep_20260827_162718/raw/1097_tire_force_static_sand_sinusoidal_v7_b0_s102/20260827_222120_784510_sand_sinusoidal_acados_static_mlp/diag_sand_sinusoidal_acados_static_mlp.csv,,,1250,0.10505662871294705,0.365276,0.08279055771006463,3.9564786703601107,5.57485,0.5652112386228729,7.091608,8.4653,126.93310817156319,52.268234,-0.88528,0,chrono_body_contact,0,,,,,,,,0
mpc_tire_model_sweep,tire_force_static,standard,nn,tire_force_static,sand,sinusoidal,7.0,0,103,/home/ksha/Documents/sbel/offroad-control/benchmarking/results/mpc_tire_model_sweep_20260827_162718/raw/1098_tire_force_static_sand_sinusoidal_v7_b0_s103,ok,0,19.222009658813477,15.0,0.99,/home/ksha/Documents/sbel/offroad-control/benchmarking/results/mpc_tire_model_sweep_20260827_162718/raw/1098_tire_force_static_sand_sinusoidal_v7_b0_s103/20260827_222140_004177_sand_sinusoidal_acados_static_mlp/diag_sand_sinusoidal_acados_static_mlp.csv,,,1250,0.10682142520021952,0.392523,0.08214023638042474,3.981044228993537,5.59814,0.5687206041419338,6.0813440000000005,6.6502,125.15215239034018,52.697442,-1.054718,0,chrono_body_contact,0,,,,,,,,0
mpc_tire_model_sweep,tire_force_static,standard,nn,tire_force_static,sand,sinusoidal,7.0,0,104,/home/ksha/Documents/sbel/offroad-control/benchmarking/results/mpc_tire_model_sweep_20260827_162718/raw/1099_tire_force_static_sand_sinusoidal_v7_b0_s104,ok,0,19.23095679283142,15.0,0.99,/home/ksha/Documents/sbel/offroad-control/benchmarking/results/mpc_tire_model_sweep_20260827_162718/raw/1099_tire_force_static_sand_sinusoidal_v7_b0_s104/20260827_222159_244576_sand_sinusoidal_acados_static_mlp/diag_sand_sinusoidal_acados_static_mlp.csv,,,1250,0.10352349714051498,0.391819,0.07963928439519853,3.868327423822714,5.58698,0.5526182034032449,6.066488,6.7104,125.07712119792703,51.355778,-0.597296,0,chrono_body_contact,0,,,,,,,,0
mpc_tire_model_sweep,tire_force_static,standard,nn,tire_force_static,sand,sinusoidal,7.0,4,100,/home/ksha/Documents/sbel/offroad-control/benchmarking/results/mpc_tire_model_sweep_20260827_162718/raw/1100_tire_force_static_sand_sinusoidal_v7_b4_s100,ok,0,19.425861120224,15.0,0.99,/home/ksha/Documents/sbel/offroad-control/benchmarking/results/mpc_tire_model_sweep_20260827_162718/raw/1100_tire_force_static_sand_sinusoidal_v7_b4_s100/20260827_222218_496958_sand_sinusoidal_acados_static_mlp/diag_sand_sinusoidal_acados_static_mlp.csv,,,1250,0.100783824732297,0.388777,0.07898257340720222,3.918541643582641,5.5752,0.5597916633689487,6.22452,7.3202,125.70075126429168,51.844135,-0.84098,0,chrono_body_contact,0,,,,,,,,0
mpc_tire_model_sweep,tire_force_static,standard,nn,tire_force_static,sand,sinusoidal,7.0,4,101,/home/ksha/Documents/sbel/offroad-control/benchmarking/results/mpc_tire_model_sweep_20260827_162718/raw/1101_tire_force_static_sand_sinusoidal_v7_b4_s101,ok,0,19.427836656570435,15.0,0.99,/home/ksha/Documents/sbel/offroad-control/benchmarking/results/mpc_tire_model_sweep_20260827_162718/raw/1101_tire_force_static_sand_sinusoidal_v7_b4_s101/20260827_222237_937169_sand_sinusoidal_acados_static_mlp/diag_sand_sinusoidal_acados_static_mlp.csv,,,1250,0.10483809920193689,0.390978,0.0811038319482918,3.957805170821792,5.574179999999999,0.5654007386888275,6.326512,7.550199999999999,122.00499275048232,52.531827,-0.970397,0,chrono_body_contact,0,,,,,,,,0
mpc_tire_model_sweep,tire_force_static,standard,nn,tire_force_static,sand,sinusoidal,7.0,4,102,/home/ksha/Documents/sbel/offroad-control/benchmarking/results/mpc_tire_model_sweep_20260827_162718/raw/1102_tire_force_static_sand_sinusoidal_v7_b4_s102,ok,0,19.477946519851685,15.0,0.99,/home/ksha/Documents/sbel/offroad-control/benchmarking/results/mpc_tire_model_sweep_20260827_162718/raw/1102_tire_force_static_sand_sinusoidal_v7_b4_s102/20260827_222257_384581_sand_sinusoidal_acados_static_mlp/diag_sand_sinusoidal_acados_static_mlp.csv,,,1250,0.10738986419087868,0.377501,0.08398054201292707,4.036066666666667,5.58183,0.5765809523809524,6.336712,6.860399999999999,127.26671695590385,53.333557,-1.255679,0,chrono_body_contact,0,,,,,,,,0
mpc_tire_model_sweep,tire_force_static,standard,nn,tire_force_static,sand,sinusoidal,7.0,4,103,/home/ksha/Documents/sbel/offroad-control/benchmarking/results/mpc_tire_model_sweep_20260827_162718/raw/1103_tire_force_static_sand_sinusoidal_v7_b4_s103,ok,0,19.481647729873657,15.0,0.99,/home/ksha/Documents/sbel/offroad-control/benchmarking/results/mpc_tire_model_sweep_20260827_162718/raw/1103_tire_force_static_sand_sinusoidal_v7_b4_s103/20260827_222316_877477_sand_sinusoidal_acados_static_mlp/diag_sand_sinusoidal_acados_static_mlp.csv,,,1250,0.10718294559551408,0.446165,0.0818020027700831,3.9588315789473687,5.58098,0.5655473684210527,6.198968,7.380199999999999,125.09385269282996,52.451234,-0.972314,0,chrono_body_contact,0,,,,,,,,0
mpc_tire_model_sweep,tire_force_static,standard,nn,tire_force_static,sand,sinusoidal,7.0,4,104,/home/ksha/Documents/sbel/offroad-control/benchmarking/results/mpc_tire_model_sweep_20260827_162718/raw/1104_tire_force_static_sand_sinusoidal_v7_b4_s104,ok,0,19.42823553085327,15.0,0.99,/home/ksha/Documents/sbel/offroad-control/benchmarking/results/mpc_tire_model_sweep_20260827_162718/raw/1104_tire_force_static_sand_sinusoidal_v7_b4_s104/20260827_222336_410645_sand_sinusoidal_acados_static_mlp/diag_sand_sinusoidal_acados_static_mlp.csv,,,1250,0.10203444010760751,0.377901,0.08134565743305633,3.8109883656509695,5.55952,0.54442690937871,6.611808,8.84,124.79282094429969,50.673162,-0.303613,0,chrono_body_contact,0,,,,,,,,0
mpc_tire_model_sweep,tire_force_static,standard,nn,tire_force_static,sand,sinusoidal,7.0,8,100,/home/ksha/Documents/sbel/offroad-control/benchmarking/results/mpc_tire_model_sweep_20260827_162718/raw/1105_tire_force_static_sand_sinusoidal_v7_b8_s100,ok,0,19.528440952301025,15.0,0.99,/home/ksha/Documents/sbel/offroad-control/benchmarking/results/mpc_tire_model_sweep_20260827_162718/raw/1105_tire_force_static_sand_sinusoidal_v7_b8_s100/20260827_222355_830144_sand_sinusoidal_acados_static_mlp/diag_sand_sinusoidal_acados_static_mlp.csv,,,1250,0.11592103113978335,0.444198,0.08757939335180055,3.8731837488457983,5.43851,0.5533119641208283,6.15032,6.5651,125.32011384844975,51.261577,-0.610608,0,chrono_body_contact,0,,,,,,,,0
mpc_tire_model_sweep,tire_force_static,standard,nn,tire_force_static,sand,sinusoidal,7.0,8,101,/home/ksha/Documents/sbel/offroad-control/benchmarking/results/mpc_tire_model_sweep_20260827_162718/raw/1106_tire_force_static_sand_sinusoidal_v7_b8_s101,ok,0,19.478555917739868,15.0,0.99,/home/ksha/Documents/sbel/offroad-control/benchmarking/results/mpc_tire_model_sweep_20260827_162718/raw/1106_tire_force_static_sand_sinusoidal_v7_b8_s101/20260827_222415_363163_sand_sinusoidal_acados_static_mlp/diag_sand_sinusoidal_acados_static_mlp.csv,,,1250,0.1269490042520546,0.486798,0.09497389935364728,3.8263089566020314,5.45046,0.5466155652288617,6.352176,8.7051,121.26391312379646,50.785235,-0.246053,0,chrono_body_contact,0,,,,,,,,0
mpc_tire_model_sweep,tire_force_static,standard,nn,tire_force_static,sand,sinusoidal,7.0,8,102,/home/ksha/Documents/sbel/offroad-control/benchmarking/results/mpc_tire_model_sweep_20260827_162718/raw/1107_tire_force_static_sand_sinusoidal_v7_b8_s102,ok,0,19.52734088897705,15.0,0.99,/home/ksha/Documents/sbel/offroad-control/benchmarking/results/mpc_tire_model_sweep_20260827_162718/raw/1107_tire_force_static_sand_sinusoidal_v7_b8_s102/20260827_222434_885198_sand_sinusoidal_acados_static_mlp/diag_sand_sinusoidal_acados_static_mlp.csv,,,1250,0.12108721160610651,0.420909,0.09201418190212374,3.6857257617728534,5.44361,0.5265322516818361,6.080744,6.2,125.61100693508142,48.856285,0.593679,0,chrono_body_contact,0,,,,,,,,0
mpc_tire_model_sweep,tire_force_static,standard,nn,tire_force_static,sand,sinusoidal,7.0,8,103,/home/ksha/Documents/sbel/offroad-control/benchmarking/results/mpc_tire_model_sweep_20260827_162718/raw/1108_tire_force_static_sand_sinusoidal_v7_b8_s103,ok,0,19.53139019012451,15.0,0.99,/home/ksha/Documents/sbel/offroad-control/benchmarking/results/mpc_tire_model_sweep_20260827_162718/raw/1108_tire_force_static_sand_sinusoidal_v7_b8_s103/20260827_222454_418786_sand_sinusoidal_acados_static_mlp/diag_sand_sinusoidal_acados_static_mlp.csv,,,1250,0.11903716393549577,0.442809,0.09075376177285319,3.9188414589104332,5.45249,0.5598344941300619,6.061056,6.3151,124.55089008533753,51.817985,-0.738169,0,chrono_body_contact,0,,,,,,,,0
mpc_tire_model_sweep,tire_force_static,standard,nn,tire_force_static,sand,sinusoidal,7.0,8,104,/home/ksha/Documents/sbel/offroad-control/benchmarking/results/mpc_tire_model_sweep_20260827_162718/raw/1109_tire_force_static_sand_sinusoidal_v7_b8_s104,ok,0,19.529589653015137,15.0,0.99,/home/ksha/Documents/sbel/offroad-control/benchmarking/results/mpc_tire_model_sweep_20260827_162718/raw/1109_tire_force_static_sand_sinusoidal_v7_b8_s104/20260827_222513_971315_sand_sinusoidal_acados_static_mlp/diag_sand_sinusoidal_acados_static_mlp.csv,,,1250,0.11336791619387417,0.452074,0.08526813573407203,3.7187924284395204,5.4588399999999995,0.5312560612056457,6.2382,8.3202,124.21959466975265,49.454082,0.26512,0,chrono_body_contact,0,,,,,,,,0
mpc_tire_model_sweep,tire_force_static,standard,nn,tire_force_static,sand,sinusoidal,9.0,0,100,/home/ksha/Documents/sbel/offroad-control/benchmarking/results/mpc_tire_model_sweep_20260827_162718/raw/1110_tire_force_static_sand_sinusoidal_v9_b0_s100,ok,0,19.229945421218872,15.0,0.99,/home/ksha/Documents/sbel/offroad-control/benchmarking/results/mpc_tire_model_sweep_20260827_162718/raw/1110_tire_force_static_sand_sinusoidal_v9_b0_s100/20260827_222533_520562_sand_sinusoidal_acados_static_mlp/diag_sand_sinusoidal_acados_static_mlp.csv,,,1250,0.10410883221659993,0.445556,0.08221550784856879,4.103954755309326,5.6233,0.45599497281214735,6.285272,6.7351,126.54428269752158,54.455372,-1.659524,0,chrono_body_contact,0,,,,,,,,0
mpc_tire_model_sweep,tire_force_static,standard,nn,tire_force_static,sand,sinusoidal,9.0,0,101,/home/ksha/Documents/sbel/offroad-control/benchmarking/results/mpc_tire_model_sweep_20260827_162718/raw/1111_tire_force_static_sand_sinusoidal_v9_b0_s101,ok,0,19.231690645217896,15.0,0.99,/home/ksha/Documents/sbel/offroad-control/benchmarking/results/mpc_tire_model_sweep_20260827_162718/raw/1111_tire_force_static_sand_sinusoidal_v9_b0_s101/20260827_222552_763016_sand_sinusoidal_acados_static_mlp/diag_sand_sinusoidal_acados_static_mlp.csv,,,1250,0.10101210079102894,0.343798,0.08136934718374883,3.8055208679593724,5.58264,0.42283565199548584,6.141832000000001,6.7650999999999994,121.358373329848,50.670011,-0.210063,0,chrono_body_contact,0,,,,,,,,0
mpc_tire_model_sweep,tire_force_static,standard,nn,tire_force_static,sand,sinusoidal,9.0,0,102,/home/ksha/Documents/sbel/offroad-control/benchmarking/results/mpc_tire_model_sweep_20260827_162718/raw/1112_tire_force_static_sand_sinusoidal_v9_b0_s102,ok,0,19.182763814926147,15.0,0.99,/home/ksha/Documents/sbel/offroad-control/benchmarking/results/mpc_tire_model_sweep_20260827_162718/raw/1112_tire_force_static_sand_sinusoidal_v9_b0_s102/20260827_222612_022920_sand_sinusoidal_acados_static_mlp/diag_sand_sinusoidal_acados_static_mlp.csv,,,1250,0.11042409307032787,0.415494,0.08758718744228992,3.9866313019390573,5.57883,0.44295903354878413,8.283496,8.730599999999999,127.04854062464844,52.621717,-1.022127,0,chrono_body_contact,0,,,,,,,,0
mpc_tire_model_sweep,tire_force_static,standard,nn,tire_force_static,sand,sinusoidal,9.0,0,103,/home/ksha/Documents/sbel/offroad-control/benchmarking/results/mpc_tire_model_sweep_20260827_162718/raw/1113_tire_force_static_sand_sinusoidal_v9_b0_s103,ok,0,19.23239541053772,15.0,0.99,/home/ksha/Documents/sbel/offroad-control/benchmarking/results/mpc_tire_model_sweep_20260827_162718/raw/1113_tire_force_static_sand_sinusoidal_v9_b0_s103/20260827_222631_231302_sand_sinusoidal_acados_static_mlp/diag_sand_sinusoidal_acados_static_mlp.csv,,,1250,0.11422320565590502,0.420528,0.0865702539242844,4.084519944598338,5.6174599999999995,0.4538355493998153,6.265424,6.795299999999999,125.6626427004675,54.062559,-1.487857,0,chrono_body_contact,0,,,,,,,,0
mpc_tire_model_sweep,tire_force_static,standard,nn,tire_force_static,sand,sinusoidal,9.0,0,104,/home/ksha/Documents/sbel/offroad-control/benchmarking/results/mpc_tire_model_sweep_20260827_162718/raw/1114_tire_force_static_sand_sinusoidal_v9_b0_s104,ok,0,19.226330041885376,15.0,0.99,/home/ksha/Documents/sbel/offroad-control/benchmarking/results/mpc_tire_model_sweep_20260827_162718/raw/1114_tire_force_static_sand_sinusoidal_v9_b0_s104/20260827_222650_484828_sand_sinusoidal_acados_static_mlp/diag_sand_sinusoidal_acados_static_mlp.csv,,,1250,0.11483858102928224,0.439727,0.08738861588180978,4.076491874422899,5.61759,0.45294354160254435,6.228616000000001,6.9,126.10890672387161,53.902767,-1.487374,0,chrono_body_contact,0,,,,,,,,0
mpc_tire_model_sweep,tire_force_static,standard,nn,tire_force_static,sand,sinusoidal,9.0,4,100,/home/ksha/Documents/sbel/offroad-control/benchmarking/results/mpc_tire_model_sweep_20260827_162718/raw/1115_tire_force_static_sand_sinusoidal_v9_b4_s100,ok,0,19.42529296875,15.0,0.99,/home/ksha/Documents/sbel/offroad-control/benchmarking/results/mpc_tire_model_sweep_20260827_162718/raw/1115_tire_force_static_sand_sinusoidal_v9_b4_s100/20260827_222709_719850_sand_sinusoidal_acados_static_mlp/diag_sand_sinusoidal_acados_static_mlp.csv,,,1250,0.10655653857218565,0.376225,0.08433444690674054,4.014002031394275,5.58328,0.44600022571047504,6.446008,8.4,126.1333232675408,53.081935,-1.290119,0,chrono_body_contact,0,,,,,,,,0
mpc_tire_model_sweep,tire_force_static,standard,nn,tire_force_static,sand,sinusoidal,9.0,4,101,/home/ksha/Documents/sbel/offroad-control/benchmarking/results/mpc_tire_model_sweep_20260827_162718/raw/1116_tire_force_static_sand_sinusoidal_v9_b4_s101,ok,0,19.430556535720825,15.0,0.99,/home/ksha/Documents/sbel/offroad-control/benchmarking/results/mpc_tire_model_sweep_20260827_162718/raw/1116_tire_force_static_sand_sinusoidal_v9_b4_s101/20260827_222729_171235_sand_sinusoidal_acados_static_mlp/diag_sand_sinusoidal_acados_static_mlp.csv,,,1250,0.10083269962518905,0.337968,0.08179206371191136,4.0017990766389655,5.571470000000001,0.44464434184877394,6.208896,6.7002,122.13953297977322,53.117665,-1.18076,0,chrono_body_contact,0,,,,,,,,0
mpc_tire_model_sweep,tire_force_static,standard,nn,tire_force_static,sand,sinusoidal,9.0,4,102,/home/ksha/Documents/sbel/offroad-control/benchmarking/results/mpc_tire_model_sweep_20260827_162718/raw/1117_tire_force_static_sand_sinusoidal_v9_b4_s102,ok,0,19.4273464679718,15.0,0.99,/home/ksha/Documents/sbel/offroad-control/benchmarking/results/mpc_tire_model_sweep_20260827_162718/raw/1117_tire_force_static_sand_sinusoidal_v9_b4_s102/20260827_222748_630168_sand_sinusoidal_acados_static_mlp/diag_sand_sinusoidal_acados_static_mlp.csv,,,1250,0.10475875360513412,0.330244,0.08473595752539244,4.0020506925207755,5.57799,0.44467229916897505,6.425744,8.78,127.07215818910414,52.926781,-1.133831,0,chrono_body_contact,0,,,,,,,,0
mpc_tire_model_sweep,tire_force_static,standard,nn,tire_force_static,sand,sinusoidal,9.0,4,103,/home/ksha/Documents/sbel/offroad-control/benchmarking/results/mpc_tire_model_sweep_20260827_162718/raw/1118_tire_force_static_sand_sinusoidal_v9_b4_s103,ok,0,19.388030767440796,15.0,0.99,/home/ksha/Documents/sbel/offroad-control/benchmarking/results/mpc_tire_model_sweep_20260827_162718/raw/1118_tire_force_static_sand_sinusoidal_v9_b4_s103/20260827_222808_066208_sand_sinusoidal_acados_static_mlp/diag_sand_sinusoidal_acados_static_mlp.csv,,,1250,0.10764129843914808,0.395842,0.08260738319482919,3.8945736842105263,5.57703,0.43273040935672513,6.48528,8.35,124.83315047026501,51.754623,-0.710582,0,chrono_body_contact,0,,,,,,,,0
mpc_tire_model_sweep,tire_force_static,standard,nn,tire_force_static,sand,sinusoidal,9.0,4,104,/home/ksha/Documents/sbel/offroad-control/benchmarking/results/mpc_tire_model_sweep_20260827_162718/raw/1119_tire_force_static_sand_sinusoidal_v9_b4_s104,ok,0,19.386040210723877,15.0,0.99,/home/ksha/Documents/sbel/offroad-control/benchmarking/results/mpc_tire_model_sweep_20260827_162718/raw/1119_tire_force_static_sand_sinusoidal_v9_b4_s104/20260827_222827_478444_sand_sinusoidal_acados_static_mlp/diag_sand_sinusoidal_acados_static_mlp.csv,,,1250,0.1076540173812661,0.36317,0.08597460849492151,3.9621375807940904,5.5737,0.44023750897712116,6.313280000000001,6.936099999999999,125.47859071063125,52.473777,-1.0424,0,chrono_body_contact,0,,,,,,,,0
mpc_tire_model_sweep,tire_force_static,standard,nn,tire_force_static,sand,sinusoidal,9.0,8,100,/home/ksha/Documents/sbel/offroad-control/benchmarking/results/mpc_tire_model_sweep_20260827_162718/raw/1120_tire_force_static_sand_sinusoidal_v9_b8_s100,ok,0,19.487163066864014,15.0,0.99,/home/ksha/Documents/sbel/offroad-control/benchmarking/results/mpc_tire_model_sweep_20260827_162718/raw/1120_tire_force_static_sand_sinusoidal_v9_b8_s100/20260827_222846_880717_sand_sinusoidal_acados_static_mlp/diag_sand_sinusoidal_acados_static_mlp.csv,,,1250,0.11728928966381023,0.46107,0.08945587626962143,3.802953831948292,5.45566,0.42255042577203245,5.999680000000001,6.27,125.05590836085148,50.268646,-0.167252,0,chrono_body_contact,0,,,,,,,,0
mpc_tire_model_sweep,tire_force_static,standard,nn,tire_force_static,sand,sinusoidal,9.0,8,101,/home/ksha/Documents/sbel/offroad-control/benchmarking/results/mpc_tire_model_sweep_20260827_162718/raw/1121_tire_force_static_sand_sinusoidal_v9_b8_s101,ok,0,19.47944188117981,15.0,0.99,/home/ksha/Documents/sbel/offroad-control/benchmarking/results/mpc_tire_model_sweep_20260827_162718/raw/1121_tire_force_static_sand_sinusoidal_v9_b8_s101/20260827_222906_400704_sand_sinusoidal_acados_static_mlp/diag_sand_sinusoidal_acados_static_mlp.csv,,,1250,0.12126999652623763,0.46821,0.0923106722068329,3.6927610341643584,5.44276,0.4103067815738176,6.276464,7.5602,120.70606519104726,49.019586,0.557699,0,chrono_body_contact,0,,,,,,,,0
mpc_tire_model_sweep,tire_force_static,standard,nn,tire_force_static,sand,sinusoidal,9.0,8,102,/home/ksha/Documents/sbel/offroad-control/benchmarking/results/mpc_tire_model_sweep_20260827_162718/raw/1122_tire_force_static_sand_sinusoidal_v9_b8_s102,ok,0,19.48928666114807,15.0,0.99,/home/ksha/Documents/sbel/offroad-control/benchmarking/results/mpc_tire_model_sweep_20260827_162718/raw/1122_tire_force_static_sand_sinusoidal_v9_b8_s102/20260827_222925_891468_sand_sinusoidal_acados_static_mlp/diag_sand_sinusoidal_acados_static_mlp.csv,,,1250,0.12172747975717794,0.433028,0.09463042382271468,3.889601662049862,5.4297699999999995,0.43217796244998463,6.315175999999999,6.6851,126.34315200721679,51.395772,-0.557001,0,chrono_body_contact,0,,,,,,,,0
mpc_tire_model_sweep,tire_force_static,standard,nn,tire_force_static,sand,sinusoidal,9.0,8,103,/home/ksha/Documents/sbel/offroad-control/benchmarking/results/mpc_tire_model_sweep_20260827_162718/raw/1123_tire_force_static_sand_sinusoidal_v9_b8_s103,ok,0,19.48258090019226,15.0,0.99,/home/ksha/Documents/sbel/offroad-control/benchmarking/results/mpc_tire_model_sweep_20260827_162718/raw/1123_tire_force_static_sand_sinusoidal_v9_b8_s103/20260827_222945_404310_sand_sinusoidal_acados_static_mlp/diag_sand_sinusoidal_acados_static_mlp.csv,,,1250,0.11154624842817772,0.394717,0.08816000184672207,3.931709787626962,5.44369,0.43685664306966243,6.225688000000001,6.7951,124.56295703395094,52.058859,-0.841685,0,chrono_body_contact,0,,,,,,,,0
mpc_tire_model_sweep,tire_force_static,standard,nn,tire_force_static,sand,sinusoidal,9.0,8,104,/home/ksha/Documents/sbel/offroad-control/benchmarking/results/mpc_tire_model_sweep_20260827_162718/raw/1124_tire_force_static_sand_sinusoidal_v9_b8_s104,ok,0,19.529682874679565,15.0,0.99,/home/ksha/Documents/sbel/offroad-control/benchmarking/results/mpc_tire_model_sweep_20260827_162718/raw/1124_tire_force_static_sand_sinusoidal_v9_b8_s104/20260827_223004_911465_sand_sinusoidal_acados_static_mlp/diag_sand_sinusoidal_acados_static_mlp.csv,,,1250,0.11950012294786151,0.463644,0.09003277931671284,3.680787626962142,5.44057,0.4089764029957935,6.1547600000000005,7.1751,124.03151228366218,48.878784,0.523612,0,chrono_body_contact,0,,,,,,,,0
mpc_tire_model_sweep,tire_force_static,standard,nn,tire_force_static,sand,lane_change,5.0,0,100,/home/ksha/Documents/sbel/offroad-control/benchmarking/results/mpc_tire_model_sweep_20260827_162718/raw/1125_tire_force_static_sand_lane_change_v5_b0_s100,ok,0,19.230292320251465,15.0,0.99,/home/ksha/Documents/sbel/offroad-control/benchmarking/results/mpc_tire_model_sweep_20260827_162718/raw/1125_tire_force_static_sand_lane_change_v5_b0_s100/20260827_223024_449506_sand_lane_change_acados_static_mlp/diag_sand_lane_change_acados_static_mlp.csv,,,1250,0.05763328499518402,0.191398,0.045386543859649124,4.509033425669436,4.98745,0.9018066851338873,5.993856,6.1552999999999995,127.54638488989342,62.690756,2.977733,0,chrono_body_contact,0,,,,,,,,0
mpc_tire_model_sweep,tire_force_static,standard,nn,tire_force_static,sand,lane_change,5.0,0,101,/home/ksha/Documents/sbel/offroad-control/benchmarking/results/mpc_tire_model_sweep_20260827_162718/raw/1126_tire_force_static_sand_lane_change_v5_b0_s101,ok,0,19.22899580001831,15.0,0.99,/home/ksha/Documents/sbel/offroad-control/benchmarking/results/mpc_tire_model_sweep_20260827_162718/raw/1126_tire_force_static_sand_lane_change_v5_b0_s101/20260827_223043_699403_sand_lane_change_acados_static_mlp/diag_sand_lane_change_acados_static_mlp.csv,,,1250,0.0615071476646585,0.257808,0.048450503231763614,4.501335549399816,5.03177,0.9002671098799633,5.978752,6.0950999999999995,123.62941591612088,62.785909,3.049676,0,chrono_body_contact,0,,,,,,,,0
mpc_tire_model_sweep,tire_force_static,standard,nn,tire_force_static,sand,lane_change,5.0,0,102,/home/ksha/Documents/sbel/offroad-control/benchmarking/results/mpc_tire_model_sweep_20260827_162718/raw/1127_tire_force_static_sand_lane_change_v5_b0_s102,ok,0,19.1895112991333,15.0,0.99,/home/ksha/Documents/sbel/offroad-control/benchmarking/results/mpc_tire_model_sweep_20260827_162718/raw/1127_tire_force_static_sand_lane_change_v5_b0_s102/20260827_223102_959884_sand_lane_change_acados_static_mlp/diag_sand_lane_change_acados_static_mlp.csv,,,1250,0.06145857767312777,0.224814,0.048335301015697135,4.53884699907664,4.97976,0.9077693998153279,6.0398559999999994,6.26,128.63005158302332,63.116297,3.079158,0,chrono_body_contact,0,,,,,,,,0
mpc_tire_model_sweep,tire_force_static,standard,nn,tire_force_static,sand,lane_change,5.0,0,103,/home/ksha/Documents/sbel/offroad-control/benchmarking/results/mpc_tire_model_sweep_20260827_162718/raw/1128_tire_force_static_sand_lane_change_v5_b0_s103,ok,0,19.23140048980713,15.0,0.99,/home/ksha/Documents/sbel/offroad-control/benchmarking/results/mpc_tire_model_sweep_20260827_162718/raw/1128_tire_force_static_sand_lane_change_v5_b0_s103/20260827_223122_187682_sand_lane_change_acados_static_mlp/diag_sand_lane_change_acados_static_mlp.csv,,,1250,0.059439055381099504,0.201676,0.04705310895660203,4.504285964912281,5.08094,0.9008571929824563,6.158168,6.46,126.89975838382756,62.717195,3.050622,0,chrono_body_contact,0,,,,,,,,0
mpc_tire_model_sweep,tire_force_static,standard,nn,tire_force_static,sand,lane_change,5.0,0,104,/home/ksha/Documents/sbel/offroad-control/benchmarking/results/mpc_tire_model_sweep_20260827_162718/raw/1129_tire_force_static_sand_lane_change_v5_b0_s104,ok,0,19.23029923439026,15.0,0.99,/home/ksha/Documents/sbel/offroad-control/benchmarking/results/mpc_tire_model_sweep_20260827_162718/raw/1129_tire_force_static_sand_lane_change_v5_b0_s104/20260827_223141_431509_sand_lane_change_acados_static_mlp/diag_sand_lane_change_acados_static_mlp.csv,,,1250,0.05928722836138235,0.219384,0.0468314893813481,4.508797506925207,5.00373,0.9017595013850415,7.528272,8.82,127.28237455632893,62.795409,2.999965,0,chrono_body_contact,0,,,,,,,,0
mpc_tire_model_sweep,tire_force_static,standard,nn,tire_force_static,sand,lane_change,5.0,4,100,/home/ksha/Documents/sbel/offroad-control/benchmarking/results/mpc_tire_model_sweep_20260827_162718/raw/1130_tire_force_static_sand_lane_change_v5_b4_s100,ok,0,19.42891263961792,15.0,0.99,/home/ksha/Documents/sbel/offroad-control/benchmarking/results/mpc_tire_model_sweep_20260827_162718/raw/1130_tire_force_static_sand_lane_change_v5_b4_s100/20260827_223200_692239_sand_lane_change_acados_static_mlp/diag_sand_lane_change_acados_static_mlp.csv,,,1250,0.058311633304409215,0.204921,0.045780731301939055,4.494644783010157,5.03119,0.8989289566020314,8.288951999999998,8.7651,127.51280157143832,62.608505,2.977995,0,chrono_body_contact,0,,,,,,,,0
mpc_tire_model_sweep,tire_force_static,standard,nn,tire_force_static,sand,lane_change,5.0,4,101,/home/ksha/Documents/sbel/offroad-control/benchmarking/results/mpc_tire_model_sweep_20260827_162718/raw/1131_tire_force_static_sand_lane_change_v5_b4_s101,ok,0,19.439571380615234,15.0,0.99,/home/ksha/Documents/sbel/offroad-control/benchmarking/results/mpc_tire_model_sweep_20260827_162718/raw/1131_tire_force_static_sand_lane_change_v5_b4_s101/20260827_223220_127352_sand_lane_change_acados_static_mlp/diag_sand_lane_change_acados_static_mlp.csv,,,1250,0.06104829592735104,0.253549,0.04824240904893813,4.5734727608494925,5.06167,0.9146945521698985,7.544968000000001,9.0402,124.08858615640804,63.837748,3.053018,0,chrono_body_contact,0,,,,,,,,0
mpc_tire_model_sweep,tire_force_static,standard,nn,tire_force_static,sand,lane_change,5.0,4,102,/home/ksha/Documents/sbel/offroad-control/benchmarking/results/mpc_tire_model_sweep_20260827_162718/raw/1132_tire_force_static_sand_lane_change_v5_b4_s102,ok,0,19.432162523269653,15.0,0.99,/home/ksha/Documents/sbel/offroad-control/benchmarking/results/mpc_tire_model_sweep_20260827_162718/raw/1132_tire_force_static_sand_lane_change_v5_b4_s102/20260827_223239_590165_sand_lane_change_acados_static_mlp/diag_sand_lane_change_acados_static_mlp.csv,,,1250,0.06195015312339432,0.232126,0.04851189566020314,4.478747368421052,4.99159,0.8957494736842104,6.126175999999999,6.5851,128.29547408924918,62.451375,3.079508,0,chrono_body_contact,0,,,,,,,,0
mpc_tire_model_sweep,tire_force_static,standard,nn,tire_force_static,sand,lane_change,5.0,4,103,/home/ksha/Documents/sbel/offroad-control/benchmarking/results/mpc_tire_model_sweep_20260827_162718/raw/1133_tire_force_static_sand_lane_change_v5_b4_s103,ok,0,19.384735584259033,15.0,0.99,/home/ksha/Documents/sbel/offroad-control/benchmarking/results/mpc_tire_model_sweep_20260827_162718/raw/1133_tire_force_static_sand_lane_change_v5_b4_s103/20260827_223259_025013_sand_lane_change_acados_static_mlp/diag_sand_lane_change_acados_static_mlp.csv,,,1250,0.061342179921703384,0.214662,0.048225374884579876,4.517812557710065,5.04824,0.903562511542013,7.238712,8.38,126.99918289516728,63.009966,3.050368,0,chrono_body_contact,0,,,,,,,,0
mpc_tire_model_sweep,tire_force_static,standard,nn,tire_force_static,sand,lane_change,5.0,4,104,/home/ksha/Documents/sbel/offroad-control/benchmarking/results/mpc_tire_model_sweep_20260827_162718/raw/1134_tire_force_static_sand_lane_change_v5_b4_s104,ok,0,19.382115602493286,15.0,0.99,/home/ksha/Documents/sbel/offroad-control/benchmarking/results/mpc_tire_model_sweep_20260827_162718/raw/1134_tire_force_static_sand_lane_change_v5_b4_s104/20260827_223318_441776_sand_lane_change_acados_static_mlp/diag_sand_lane_change_acados_static_mlp.csv,,,1250,0.06296591579774238,0.261114,0.04848185503231764,4.5473115420129275,5.04545,0.9094623084025855,7.869304,8.8551,127.53019087835405,63.40268,2.998762,0,chrono_body_contact,0,,,,,,,,0
mpc_tire_model_sweep,tire_force_static,standard,nn,tire_force_static,sand,lane_change,5.0,8,100,/home/ksha/Documents/sbel/offroad-control/benchmarking/results/mpc_tire_model_sweep_20260827_162718/raw/1135_tire_force_static_sand_lane_change_v5_b8_s100,ok,0,19.53411102294922,15.0,0.99,/home/ksha/Documents/sbel/offroad-control/benchmarking/results/mpc_tire_model_sweep_20260827_162718/raw/1135_tire_force_static_sand_lane_change_v5_b8_s100/20260827_223337_849786_sand_lane_change_acados_static_mlp/diag_sand_lane_change_acados_static_mlp.csv,,,1250,0.05418844486535973,0.189063,0.04339909418282548,4.440067774699908,5.0442,0.8880135549399816,6.239632,6.7303999999999995,127.19181539188376,61.711189,2.991501,0,chrono_body_contact,0,,,,,,,,0
mpc_tire_model_sweep,tire_force_static,standard,nn,tire_force_static,sand,lane_change,5.0,8,101,/home/ksha/Documents/sbel/offroad-control/benchmarking/results/mpc_tire_model_sweep_20260827_162718/raw/1136_tire_force_static_sand_lane_change_v5_b8_s101,ok,0,19.53364849090576,15.0,0.99,/home/ksha/Documents/sbel/offroad-control/benchmarking/results/mpc_tire_model_sweep_20260827_162718/raw/1136_tire_force_static_sand_lane_change_v5_b8_s101/20260827_223357_411055_sand_lane_change_acados_static_mlp/diag_sand_lane_change_acados_static_mlp.csv,,,1250,0.05753658639787736,0.212092,0.046397808864265935,4.372967867036011,5.0148399999999995,0.8745935734072022,6.199144,6.630199999999999,122.93802063540575,61.035858,3.066111,0,chrono_body_contact,0,,,,,,,,0
mpc_tire_model_sweep,tire_force_static,standard,nn,tire_force_static,sand,lane_change,5.0,8,102,/home/ksha/Documents/sbel/offroad-control/benchmarking/results/mpc_tire_model_sweep_20260827_162718/raw/1137_tire_force_static_sand_lane_change_v5_b8_s102,ok,0,19.53383708000183,15.0,0.99,/home/ksha/Documents/sbel/offroad-control/benchmarking/results/mpc_tire_model_sweep_20260827_162718/raw/1137_tire_force_static_sand_lane_change_v5_b8_s102/20260827_223416_961425_sand_lane_change_acados_static_mlp/diag_sand_lane_change_acados_static_mlp.csv,,,1250,0.05734211974134902,0.19396,0.045910314866112654,4.416392243767313,5.0139700000000005,0.8832784487534626,6.087911999999999,7.23,127.92583712413176,61.448613,3.091284,0,chrono_body_contact,0,,,,,,,,0
mpc_tire_model_sweep,tire_force_static,standard,nn,tire_force_static,sand,lane_change,5.0,8,103,/home/ksha/Documents/sbel/offroad-control/benchmarking/results/mpc_tire_model_sweep_20260827_162718/raw/1138_tire_force_static_sand_lane_change_v5_b8_s103,ok,0,19.531686782836914,15.0,0.99,/home/ksha/Documents/sbel/offroad-control/benchmarking/results/mpc_tire_model_sweep_20260827_162718/raw/1138_tire_force_static_sand_lane_change_v5_b8_s103/20260827_223436_510474_sand_lane_change_acados_static_mlp/diag_sand_lane_change_acados_static_mlp.csv,,,1250,0.058061690820070885,0.206648,0.04594781440443213,4.378765650969529,4.96827,0.8757531301939059,6.137224000000001,6.52,126.18386280750562,61.018655,3.06776,0,chrono_body_contact,0,,,,,,,,0
mpc_tire_model_sweep,tire_force_static,standard,nn,tire_force_static,sand,lane_change,5.0,8,104,/home/ksha/Documents/sbel/offroad-control/benchmarking/results/mpc_tire_model_sweep_20260827_162718/raw/1139_tire_force_static_sand_lane_change_v5_b8_s104,ok,0,19.534401178359985,15.0,0.99,/home/ksha/Documents/sbel/offroad-control/benchmarking/results/mpc_tire_model_sweep_20260827_162718/raw/1139_tire_force_static_sand_lane_change_v5_b8_s104/20260827_223456_074453_sand_lane_change_acados_static_mlp/diag_sand_lane_change_acados_static_mlp.csv,,,1250,0.05831699175095442,0.200925,0.04665306001846722,4.421501846722069,5.03904,0.8843003693444137,8.233744,8.4702,126.82976310627716,61.571935,3.013614,0,chrono_body_contact,0,,,,,,,,0
mpc_tire_model_sweep,tire_force_static,standard,nn,tire_force_static,sand,lane_change,7.0,0,100,/home/ksha/Documents/sbel/offroad-control/benchmarking/results/mpc_tire_model_sweep_20260827_162718/raw/1140_tire_force_static_sand_lane_change_v7_b0_s100,ok,0,19.188325881958008,15.0,0.99,/home/ksha/Documents/sbel/offroad-control/benchmarking/results/mpc_tire_model_sweep_20260827_162718/raw/1140_tire_force_static_sand_lane_change_v7_b0_s100/20260827_223515_622196_sand_lane_change_acados_static_mlp/diag_sand_lane_change_acados_static_mlp.csv,,,1250,0.06077132302872836,0.202777,0.047790335180055404,5.796916343490305,6.6681099999999995,0.8281309062129008,6.283168,7.025899999999999,135.92211927057218,79.462631,2.983155,0,chrono_body_contact,0,,,,,,,,0
mpc_tire_model_sweep,tire_force_static,standard,nn,tire_force_static,sand,lane_change,7.0,0,101,/home/ksha/Documents/sbel/offroad-control/benchmarking/results/mpc_tire_model_sweep_20260827_162718/raw/1141_tire_force_static_sand_lane_change_v7_b0_s101,ok,0,19.184824466705322,15.0,0.99,/home/ksha/Documents/sbel/offroad-control/benchmarking/results/mpc_tire_model_sweep_20260827_162718/raw/1141_tire_force_static_sand_lane_change_v7_b0_s101/20260827_223534_833425_sand_lane_change_acados_static_mlp/diag_sand_lane_change_acados_static_mlp.csv,,,1250,0.06191836399725814,0.26349,0.048539838411819025,5.804736565096953,6.67598,0.8292480807281362,6.232448,6.65,132.26608706552778,79.769335,3.039576,0,chrono_body_contact,0,,,,,,,,0
mpc_tire_model_sweep,tire_force_static,standard,nn,tire_force_static,sand,lane_change,7.0,0,102,/home/ksha/Documents/sbel/offroad-control/benchmarking/results/mpc_tire_model_sweep_20260827_162718/raw/1142_tire_force_static_sand_lane_change_v7_b0_s102,ok,0,19.187708854675293,15.0,0.99,/home/ksha/Documents/sbel/offroad-control/benchmarking/results/mpc_tire_model_sweep_20260827_162718/raw/1142_tire_force_static_sand_lane_change_v7_b0_s102/20260827_223554_042478_sand_lane_change_acados_static_mlp/diag_sand_lane_change_acados_static_mlp.csv,,,1250,0.06469247088425267,0.2332,0.05068958818097876,5.800219298245614,6.67526,0.8286027568922306,6.233136,6.77,137.23961460253435,79.557021,3.076833,0,chrono_body_contact,0,,,,,,,,0
mpc_tire_model_sweep,tire_force_static,standard,nn,tire_force_static,sand,lane_change,7.0,0,103,/home/ksha/Documents/sbel/offroad-control/benchmarking/results/mpc_tire_model_sweep_20260827_162718/raw/1143_tire_force_static_sand_lane_change_v7_b0_s103,ok,0,19.234105348587036,15.0,0.99,/home/ksha/Documents/sbel/offroad-control/benchmarking/results/mpc_tire_model_sweep_20260827_162718/raw/1143_tire_force_static_sand_lane_change_v7_b0_s103/20260827_223613_272329_sand_lane_change_acados_static_mlp/diag_sand_lane_change_acados_static_mlp.csv,,,1250,0.06331625473915767,0.227834,0.049495139427516155,5.800980424746076,6.6683699999999995,0.8287114892494394,6.248448,7.2402,135.49223904023057,79.61603,3.041525,0,chrono_body_contact,0,,,,,,,,0
mpc_tire_model_sweep,tire_force_static,standard,nn,tire_force_static,sand,lane_change,7.0,0,104,/home/ksha/Documents/sbel/offroad-control/benchmarking/results/mpc_tire_model_sweep_20260827_162718/raw/1144_tire_force_static_sand_lane_change_v7_b0_s104,ok,0,19.185948133468628,15.0,0.99,/home/ksha/Documents/sbel/offroad-control/benchmarking/results/mpc_tire_model_sweep_20260827_162718/raw/1144_tire_force_static_sand_lane_change_v7_b0_s104/20260827_223632_513373_sand_lane_change_acados_static_mlp/diag_sand_lane_change_acados_static_mlp.csv,,,1250,0.06239571798059498,0.237454,0.04912463157894737,5.798009418282549,6.67477,0.8282870597546498,6.203368,6.6451,135.7088983685997,79.604294,3.000793,0,chrono_body_contact,0,,,,,,,,0
mpc_tire_model_sweep,tire_force_static,standard,nn,tire_force_static,sand,lane_change,7.0,4,100,/home/ksha/Documents/sbel/offroad-control/benchmarking/results/mpc_tire_model_sweep_20260827_162718/raw/1145_tire_force_static_sand_lane_change_v7_b4_s100,ok,0,19.434661149978638,15.0,0.99,/home/ksha/Documents/sbel/offroad-control/benchmarking/results/mpc_tire_model_sweep_20260827_162718/raw/1145_tire_force_static_sand_lane_change_v7_b4_s100/20260827_223651_714596_sand_lane_change_acados_static_mlp/diag_sand_lane_change_acados_static_mlp.csv,,,1250,0.06145909097103657,0.211209,0.048465039704524475,5.802019021237304,6.64728,0.8288598601767577,6.239592,6.7753,135.97265964510882,79.690156,2.989058,0,chrono_body_contact,0,,,,,,,,0
mpc_tire_model_sweep,tire_force_static,standard,nn,tire_force_static,sand,lane_change,7.0,4,101,/home/ksha/Documents/sbel/offroad-control/benchmarking/results/mpc_tire_model_sweep_20260827_162718/raw/1146_tire_force_static_sand_lane_change_v7_b4_s101,ok,0,19.385878086090088,15.0,0.99,/home/ksha/Documents/sbel/offroad-control/benchmarking/results/mpc_tire_model_sweep_20260827_162718/raw/1146_tire_force_static_sand_lane_change_v7_b4_s101/20260827_223711_173072_sand_lane_change_acados_static_mlp/diag_sand_lane_change_acados_static_mlp.csv,,,1250,0.0626526373836744,0.264836,0.04897794644506002,5.780554939981533,6.65196,0.8257935628545047,6.01092,6.881399999999998,132.12555530443018,79.610555,3.041476,0,chrono_body_contact,0,,,,,,,,0
mpc_tire_model_sweep,tire_force_static,standard,nn,tire_force_static,sand,lane_change,7.0,4,102,/home/ksha/Documents/sbel/offroad-control/benchmarking/results/mpc_tire_model_sweep_20260827_162718/raw/1147_tire_force_static_sand_lane_change_v7_b4_s102,ok,0,19.386955499649048,15.0,0.99,/home/ksha/Documents/sbel/offroad-control/benchmarking/results/mpc_tire_model_sweep_20260827_162718/raw/1147_tire_force_static_sand_lane_change_v7_b4_s102/20260827_223730_594353_sand_lane_change_acados_static_mlp/diag_sand_lane_change_acados_static_mlp.csv,,,1250,0.06487331303618507,0.242552,0.05046793998153279,5.788855401662049,6.65693,0.8269793430945784,6.0358160000000005,6.280399999999999,137.18740960581272,79.561152,3.06987,0,chrono_body_contact,0,,,,,,,,0
mpc_tire_model_sweep,tire_force_static,standard,nn,tire_force_static,sand,lane_change,7.0,4,103,/home/ksha/Documents/sbel/offroad-control/benchmarking/results/mpc_tire_model_sweep_20260827_162718/raw/1148_tire_force_static_sand_lane_change_v7_b4_s103,ok,0,19.39033269882202,15.0,0.99,/home/ksha/Documents/sbel/offroad-control/benchmarking/results/mpc_tire_model_sweep_20260827_162718/raw/1148_tire_force_static_sand_lane_change_v7_b4_s103/20260827_223749_979369_sand_lane_change_acados_static_mlp/diag_sand_lane_change_acados_static_mlp.csv,,,1250,0.06333533387066631,0.223216,0.049697978762696216,5.796047183748846,6.6625700000000005,0.8280067405355495,5.994336,6.1451,135.46884288991285,79.705494,3.050314,0,chrono_body_contact,0,,,,,,,,0
mpc_tire_model_sweep,tire_force_static,standard,nn,tire_force_static,sand,lane_change,7.0,4,104,/home/ksha/Documents/sbel/offroad-control/benchmarking/results/mpc_tire_model_sweep_20260827_162718/raw/1149_tire_force_static_sand_lane_change_v7_b4_s104,ok,0,19.384328365325928,15.0,0.99,/home/ksha/Documents/sbel/offroad-control/benchmarking/results/mpc_tire_model_sweep_20260827_162718/raw/1149_tire_force_static_sand_lane_change_v7_b4_s104/20260827_223809_390334_sand_lane_change_acados_static_mlp/diag_sand_lane_change_acados_static_mlp.csv,,,1250,0.0630223906034218,0.247724,0.049505521698984305,5.786490212373038,6.66794,0.826641458910434,7.419192,8.9855,135.65447841064196,79.606967,2.997336,0,chrono_body_contact,0,,,,,,,,0
mpc_tire_model_sweep,tire_force_static,standard,nn,tire_force_static,sand,lane_change,7.0,8,100,/home/ksha/Documents/sbel/offroad-control/benchmarking/results/mpc_tire_model_sweep_20260827_162718/raw/1150_tire_force_static_sand_lane_change_v7_b8_s100,ok,0,19.484777450561523,15.0,0.99,/home/ksha/Documents/sbel/offroad-control/benchmarking/results/mpc_tire_model_sweep_20260827_162718/raw/1150_tire_force_static_sand_lane_change_v7_b8_s100/20260827_223828_814105_sand_lane_change_acados_static_mlp/diag_sand_lane_change_acados_static_mlp.csv,,,1250,0.05811498104374364,0.205803,0.046701166204986155,5.60181163434903,6.258559999999999,0.8002588049070043,6.231840000000001,6.67,134.49193471087483,76.920797,2.96512,0,chrono_body_contact,0,,,,,,,,0
mpc_tire_model_sweep,tire_force_static,standard,nn,tire_force_static,sand,lane_change,7.0,8,101,/home/ksha/Documents/sbel/offroad-control/benchmarking/results/mpc_tire_model_sweep_20260827_162718/raw/1151_tire_force_static_sand_lane_change_v7_b8_s101,ok,0,19.48477029800415,15.0,0.99,/home/ksha/Documents/sbel/offroad-control/benchmarking/results/mpc_tire_model_sweep_20260827_162718/raw/1151_tire_force_static_sand_lane_change_v7_b8_s101/20260827_223848_301427_sand_lane_change_acados_static_mlp/diag_sand_lane_change_acados_static_mlp.csv,,,1250,0.05902977446109699,0.183202,0.04763816343490304,5.59196731301939,6.33006,0.7988524732884843,6.255904,6.79,130.67280635048462,76.99503,3.039818,0,chrono_body_contact,0,,,,,,,,0
mpc_tire_model_sweep,tire_force_static,standard,nn,tire_force_static,sand,lane_change,7.0,8,102,/home/ksha/Documents/sbel/offroad-control/benchmarking/results/mpc_tire_model_sweep_20260827_162718/raw/1152_tire_force_static_sand_lane_change_v7_b8_s102,ok,0,19.537988662719727,15.0,0.99,/home/ksha/Documents/sbel/offroad-control/benchmarking/results/mpc_tire_model_sweep_20260827_162718/raw/1152_tire_force_static_sand_lane_change_v7_b8_s102/20260827_223907_806915_sand_lane_change_acados_static_mlp/diag_sand_lane_change_acados_static_mlp.csv,,,1250,0.06040290787112128,0.201892,0.048428598337950136,5.605982179132041,6.31428,0.800854597018863,6.292592,6.930599999999999,135.7068795473919,77.017575,3.070897,0,chrono_body_contact,0,,,,,,,,0
mpc_tire_model_sweep,tire_force_static,standard,nn,tire_force_static,sand,lane_change,7.0,8,103,/home/ksha/Documents/sbel/offroad-control/benchmarking/results/mpc_tire_model_sweep_20260827_162718/raw/1153_tire_force_static_sand_lane_change_v7_b8_s103,ok,0,19.527939558029175,15.0,0.99,/home/ksha/Documents/sbel/offroad-control/benchmarking/results/mpc_tire_model_sweep_20260827_162718/raw/1153_tire_force_static_sand_lane_change_v7_b8_s103/20260827_223927_366335_sand_lane_change_acados_static_mlp/diag_sand_lane_change_acados_static_mlp.csv,,,1250,0.05947795800348295,0.174115,0.04740222899353647,5.615424653739612,6.28528,0.8022035219628016,7.367767999999999,8.8302,134.0885560933765,77.201817,3.036879,0,chrono_body_contact,0,,,,,,,,0
mpc_tire_model_sweep,tire_force_static,standard,nn,tire_force_static,sand,lane_change,7.0,8,104,/home/ksha/Documents/sbel/offroad-control/benchmarking/results/mpc_tire_model_sweep_20260827_162718/raw/1154_tire_force_static_sand_lane_change_v7_b8_s104,ok,0,19.488779544830322,15.0,0.99,/home/ksha/Documents/sbel/offroad-control/benchmarking/results/mpc_tire_model_sweep_20260827_162718/raw/1154_tire_force_static_sand_lane_change_v7_b8_s104/20260827_223946_909371_sand_lane_change_acados_static_mlp/diag_sand_lane_change_acados_static_mlp.csv,,,1250,0.05703658772797483,0.214442,0.04555974145891043,5.602190304709141,6.25633,0.8003129006727344,6.123984,6.4751,134.22879719451439,77.048638,2.990576,0,chrono_body_contact,0,,,,,,,,0
mpc_tire_model_sweep,tire_force_static,standard,nn,tire_force_static,sand,lane_change,9.0,0,100,/home/ksha/Documents/sbel/offroad-control/benchmarking/results/mpc_tire_model_sweep_20260827_162718/raw/1155_tire_force_static_sand_lane_change_v9_b0_s100,ok,0,19.229875802993774,15.0,0.99,/home/ksha/Documents/sbel/offroad-control/benchmarking/results/mpc_tire_model_sweep_20260827_162718/raw/1155_tire_force_static_sand_lane_change_v9_b0_s100/20260827_224006_445917_sand_lane_change_acados_static_mlp/diag_sand_lane_change_acados_static_mlp.csv,,,1250,0.062442375709412724,0.202508,0.0490492271468144,5.853230378578023,6.6918500000000005,0.6503589309531137,6.263039999999999,6.67,136.31321045400662,80.214361,2.988782,0,chrono_body_contact,0,,,,,,,,0
mpc_tire_model_sweep,tire_force_static,standard,nn,tire_force_static,sand,lane_change,9.0,0,101,/home/ksha/Documents/sbel/offroad-control/benchmarking/results/mpc_tire_model_sweep_20260827_162718/raw/1156_tire_force_static_sand_lane_change_v9_b0_s101,ok,0,19.185300588607788,15.0,0.99,/home/ksha/Documents/sbel/offroad-control/benchmarking/results/mpc_tire_model_sweep_20260827_162718/raw/1156_tire_force_static_sand_lane_change_v9_b0_s101/20260827_224025_707852_sand_lane_change_acados_static_mlp/diag_sand_lane_change_acados_static_mlp.csv,,,1250,0.06348790168068441,0.251073,0.050212019390581716,5.853094552169899,6.70796,0.6503438391299887,8.25436,8.5251,132.6377180911229,80.41988,3.04751,0,chrono_body_contact,0,,,,,,,,0
mpc_tire_model_sweep,tire_force_static,standard,nn,tire_force_static,sand,lane_change,9.0,0,102,/home/ksha/Documents/sbel/offroad-control/benchmarking/results/mpc_tire_model_sweep_20260827_162718/raw/1157_tire_force_static_sand_lane_change_v9_b0_s102,ok,0,19.184295177459717,15.0,0.99,/home/ksha/Documents/sbel/offroad-control/benchmarking/results/mpc_tire_model_sweep_20260827_162718/raw/1157_tire_force_static_sand_lane_change_v9_b0_s102/20260827_224044_879624_sand_lane_change_acados_static_mlp/diag_sand_lane_change_acados_static_mlp.csv,,,1250,0.0658738024854982,0.220666,0.0519027054478301,5.843269529085873,6.688549999999999,0.6492521698984304,6.187896,6.6902,137.57429458641863,80.123149,3.067673,0,chrono_body_contact,0,,,,,,,,0
mpc_tire_model_sweep,tire_force_static,standard,nn,tire_force_static,sand,lane_change,9.0,0,103,/home/ksha/Documents/sbel/offroad-control/benchmarking/results/mpc_tire_model_sweep_20260827_162718/raw/1158_tire_force_static_sand_lane_change_v9_b0_s103,ok,0,19.1883704662323,15.0,0.99,/home/ksha/Documents/sbel/offroad-control/benchmarking/results/mpc_tire_model_sweep_20260827_162718/raw/1158_tire_force_static_sand_lane_change_v9_b0_s103/20260827_224104_086048_sand_lane_change_acados_static_mlp/diag_sand_lane_change_acados_static_mlp.csv,,,1250,0.06371264621869324,0.212307,0.05052481255771006,5.866779039704524,6.70707,0.6518643377449471,6.311632,6.7650999999999994,135.9682465250006,80.499963,3.058502,0,chrono_body_contact,0,,,,,,,,0
mpc_tire_model_sweep,tire_force_static,standard,nn,tire_force_static,sand,lane_change,9.0,0,104,/home/ksha/Documents/sbel/offroad-control/benchmarking/results/mpc_tire_model_sweep_20260827_162718/raw/1159_tire_force_static_sand_lane_change_v9_b0_s104,ok,0,19.183001041412354,15.0,0.99,/home/ksha/Documents/sbel/offroad-control/benchmarking/results/mpc_tire_model_sweep_20260827_162718/raw/1159_tire_force_static_sand_lane_change_v9_b0_s104/20260827_224123_305915_sand_lane_change_acados_static_mlp/diag_sand_lane_change_acados_static_mlp.csv,,,1250,0.06363976078575373,0.225212,0.04964363619575254,5.857283841181902,6.70266,0.6508093156868779,8.395976000000001,8.84,136.153473943268,80.390261,2.988763,0,chrono_body_contact,0,,,,,,,,0
mpc_tire_model_sweep,tire_force_static,standard,nn,tire_force_static,sand,lane_change,9.0,4,100,/home/ksha/Documents/sbel/offroad-control/benchmarking/results/mpc_tire_model_sweep_20260827_162718/raw/1160_tire_force_static_sand_lane_change_v9_b4_s100,ok,0,19.38232159614563,15.0,0.99,/home/ksha/Documents/sbel/offroad-control/benchmarking/results/mpc_tire_model_sweep_20260827_162718/raw/1160_tire_force_static_sand_lane_change_v9_b4_s100/20260827_224142_502828_sand_lane_change_acados_static_mlp/diag_sand_lane_change_acados_static_mlp.csv,,,1250,0.0645792183912227,0.220363,0.05028503878116344,5.841369067405355,6.6575500000000005,0.6490410074894839,6.2234240000000005,6.72,136.25712559073816,80.224787,2.993606,0,chrono_body_contact,0,,,,,,,,0
mpc_tire_model_sweep,tire_force_static,standard,nn,tire_force_static,sand,lane_change,9.0,4,101,/home/ksha/Documents/sbel/offroad-control/benchmarking/results/mpc_tire_model_sweep_20260827_162718/raw/1161_tire_force_static_sand_lane_change_v9_b4_s101,ok,0,19.434311151504517,15.0,0.99,/home/ksha/Documents/sbel/offroad-control/benchmarking/results/mpc_tire_model_sweep_20260827_162718/raw/1161_tire_force_static_sand_lane_change_v9_b4_s101/20260827_224201_903075_sand_lane_change_acados_static_mlp/diag_sand_lane_change_acados_static_mlp.csv,,,1250,0.06550192508572068,0.265832,0.05134669990766389,5.839182179132041,6.67699,0.6487980199035601,6.246168,6.7951,132.5693640502916,80.398349,3.059757,0,chrono_body_contact,0,,,,,,,,0
mpc_tire_model_sweep,tire_force_static,standard,nn,tire_force_static,sand,lane_change,9.0,4,102,/home/ksha/Documents/sbel/offroad-control/benchmarking/results/mpc_tire_model_sweep_20260827_162718/raw/1162_tire_force_static_sand_lane_change_v9_b4_s102,ok,0,19.43399977684021,15.0,0.99,/home/ksha/Documents/sbel/offroad-control/benchmarking/results/mpc_tire_model_sweep_20260827_162718/raw/1162_tire_force_static_sand_lane_change_v9_b4_s102/20260827_224221_369993_sand_lane_change_acados_static_mlp/diag_sand_lane_change_acados_static_mlp.csv,,,1250,0.06813200117284955,0.265127,0.05304544228993536,5.836335641735919,6.6648,0.6484817379706577,6.24864,7.28,137.53785742104483,80.190677,3.0763,0,chrono_body_contact,0,,,,,,,,0
mpc_tire_model_sweep,tire_force_static,standard,nn,tire_force_static,sand,lane_change,9.0,4,103,/home/ksha/Documents/sbel/offroad-control/benchmarking/results/mpc_tire_model_sweep_20260827_162718/raw/1163_tire_force_static_sand_lane_change_v9_b4_s103,ok,0,19.38442349433899,15.0,0.99,/home/ksha/Documents/sbel/offroad-control/benchmarking/results/mpc_tire_model_sweep_20260827_162718/raw/1163_tire_force_static_sand_lane_change_v9_b4_s103/20260827_224240_815267_sand_lane_change_acados_static_mlp/diag_sand_lane_change_acados_static_mlp.csv,,,1250,0.06674157772841265,0.22628,0.05259788273314866,5.841358818097876,6.6882399999999995,0.6490398686775418,6.195808,6.66,135.79806110066676,80.317906,3.051447,0,chrono_body_contact,0,,,,,,,,0
mpc_tire_model_sweep,tire_force_static,standard,nn,tire_force_static,sand,lane_change,9.0,4,104,/home/ksha/Documents/sbel/offroad-control/benchmarking/results/mpc_tire_model_sweep_20260827_162718/raw/1164_tire_force_static_sand_lane_change_v9_b4_s104,ok,0,19.433297157287598,15.0,0.99,/home/ksha/Documents/sbel/offroad-control/benchmarking/results/mpc_tire_model_sweep_20260827_162718/raw/1164_tire_force_static_sand_lane_change_v9_b4_s104/20260827_224300_212838_sand_lane_change_acados_static_mlp/diag_sand_lane_change_acados_static_mlp.csv,,,1250,0.06654485754785741,0.253236,0.051599972299168975,5.839911542012927,6.67328,0.6488790602236585,6.257544,6.6902,136.0440567946552,80.324125,3.003047,0,chrono_body_contact,0,,,,,,,,0
mpc_tire_model_sweep,tire_force_static,standard,nn,tire_force_static,sand,lane_change,9.0,8,100,/home/ksha/Documents/sbel/offroad-control/benchmarking/results/mpc_tire_model_sweep_20260827_162718/raw/1165_tire_force_static_sand_lane_change_v9_b8_s100,ok,0,19.486875534057617,15.0,0.99,/home/ksha/Documents/sbel/offroad-control/benchmarking/results/mpc_tire_model_sweep_20260827_162718/raw/1165_tire_force_static_sand_lane_change_v9_b8_s100/20260827_224319_676378_sand_lane_change_acados_static_mlp/diag_sand_lane_change_acados_static_mlp.csv,,,1250,0.05914600425173661,0.214869,0.04698749122807017,5.649094367497692,6.268,0.6276771519441879,6.275512,7.17,134.82746676051,77.577433,2.965097,0,chrono_body_contact,0,,,,,,,,0
mpc_tire_model_sweep,tire_force_static,standard,nn,tire_force_static,sand,lane_change,9.0,8,101,/home/ksha/Documents/sbel/offroad-control/benchmarking/results/mpc_tire_model_sweep_20260827_162718/raw/1166_tire_force_static_sand_lane_change_v9_b8_s101,ok,0,19.483994483947754,15.0,0.99,/home/ksha/Documents/sbel/offroad-control/benchmarking/results/mpc_tire_model_sweep_20260827_162718/raw/1166_tire_force_static_sand_lane_change_v9_b8_s101/20260827_224339_193033_sand_lane_change_acados_static_mlp/diag_sand_lane_change_acados_static_mlp.csv,,,1250,0.06112698995761901,0.216776,0.049125506001846724,5.670405263157894,6.34306,0.630045029239766,6.221360000000001,6.7251,131.2473158912777,78.057635,3.029199,0,chrono_body_contact,0,,,,,,,,0
mpc_tire_model_sweep,tire_force_static,standard,nn,tire_force_static,sand,lane_change,9.0,8,102,/home/ksha/Documents/sbel/offroad-control/benchmarking/results/mpc_tire_model_sweep_20260827_162718/raw/1167_tire_force_static_sand_lane_change_v9_b8_s102,ok,0,19.485498189926147,15.0,0.99,/home/ksha/Documents/sbel/offroad-control/benchmarking/results/mpc_tire_model_sweep_20260827_162718/raw/1167_tire_force_static_sand_lane_change_v9_b8_s102/20260827_224358_685863_sand_lane_change_acados_static_mlp/diag_sand_lane_change_acados_static_mlp.csv,,,1250,0.06210590410331618,0.217112,0.04977597691597414,5.673791228070176,6.365600000000001,0.6304212475633528,6.195024,6.6552999999999995,136.1795332818539,77.937264,3.06985,0,chrono_body_contact,0,,,,,,,,0
mpc_tire_model_sweep,tire_force_static,standard,nn,tire_force_static,sand,lane_change,9.0,8,103,/home/ksha/Documents/sbel/offroad-control/benchmarking/results/mpc_tire_model_sweep_20260827_162718/raw/1168_tire_force_static_sand_lane_change_v9_b8_s103,ok,0,19.486364364624023,15.0,0.99,/home/ksha/Documents/sbel/offroad-control/benchmarking/results/mpc_tire_model_sweep_20260827_162718/raw/1168_tire_force_static_sand_lane_change_v9_b8_s103/20260827_224418_204581_sand_lane_change_acados_static_mlp/diag_sand_lane_change_acados_static_mlp.csv,,,1250,0.061348163483669345,0.20326,0.04880794552169898,5.659130655586334,6.27037,0.6287922950651482,6.28924,6.985899999999999,134.39643035065245,77.820655,3.037667,0,chrono_body_contact,0,,,,,,,,0
mpc_tire_model_sweep,tire_force_static,standard,nn,tire_force_static,sand,lane_change,9.0,8,104,/home/ksha/Documents/sbel/offroad-control/benchmarking/results/mpc_tire_model_sweep_20260827_162718/raw/1169_tire_force_static_sand_lane_change_v9_b8_s104,ok,0,19.583918571472168,15.0,0.99,/home/ksha/Documents/sbel/offroad-control/benchmarking/results/mpc_tire_model_sweep_20260827_162718/raw/1169_tire_force_static_sand_lane_change_v9_b8_s104/20260827_224437_706431_sand_lane_change_acados_static_mlp/diag_sand_lane_change_acados_static_mlp.csv,,,1250,0.05979783928660182,0.20884,0.04742482733148661,5.6502501385041555,6.28149,0.6278055709449062,8.247760000000001,8.4951,134.5827614985552,77.689807,2.987355,0,chrono_body_contact,0,,,,,,,,0
mpc_tire_model_sweep,tire_force_static,standard,nn,tire_force_static,sand,right_left,5.0,0,100,/home/ksha/Documents/sbel/offroad-control/benchmarking/results/mpc_tire_model_sweep_20260827_162718/raw/1170_tire_force_static_sand_right_left_v5_b0_s100,ok,0,19.228671550750732,15.0,0.99,/home/ksha/Documents/sbel/offroad-control/benchmarking/results/mpc_tire_model_sweep_20260827_162718/raw/1170_tire_force_static_sand_right_left_v5_b0_s100/20260827_224457_310787_sand_right_left_acados_static_mlp/diag_sand_right_left_acados_static_mlp.csv,,,1250,0.14677265427818406,0.602037,0.10108638596491228,4.4123632502308405,5.19717,0.8824726500461681,6.3372,6.8351,127.21964384630344,38.027277,-31.485543,0,chrono_body_contact,0,,,,,,,,0
mpc_tire_model_sweep,tire_force_static,standard,nn,tire_force_static,sand,right_left,5.0,0,101,/home/ksha/Documents/sbel/offroad-control/benchmarking/results/mpc_tire_model_sweep_20260827_162718/raw/1171_tire_force_static_sand_right_left_v5_b0_s101,ok,0,19.181644916534424,15.0,0.99,/home/ksha/Documents/sbel/offroad-control/benchmarking/results/mpc_tire_model_sweep_20260827_162718/raw/1171_tire_force_static_sand_right_left_v5_b0_s101/20260827_224516_580520_sand_right_left_acados_static_mlp/diag_sand_right_left_acados_static_mlp.csv,,,1250,0.11392951584906763,0.450815,0.08549858541089565,4.2891895660203145,4.89499,0.8578379132040629,6.288536,7.27,123.0919823835433,36.352733,-31.330626,0,chrono_body_contact,0,,,,,,,,0
mpc_tire_model_sweep,tire_force_static,standard,nn,tire_force_static,sand,right_left,5.0,0,102,/home/ksha/Documents/sbel/offroad-control/benchmarking/results/mpc_tire_model_sweep_20260827_162718/raw/1172_tire_force_static_sand_right_left_v5_b0_s102,ok,0,19.17685556411743,15.0,0.99,/home/ksha/Documents/sbel/offroad-control/benchmarking/results/mpc_tire_model_sweep_20260827_162718/raw/1172_tire_force_static_sand_right_left_v5_b0_s102/20260827_224535_758375_sand_right_left_acados_static_mlp/diag_sand_right_left_acados_static_mlp.csv,,,1250,0.1351970516763268,0.534783,0.09554372760849493,4.376887165281625,5.07029,0.875377433056325,7.8393440000000005,8.51,128.24489280163345,37.467246,-31.37877,0,chrono_body_contact,0,,,,,,,,0
mpc_tire_model_sweep,tire_force_static,standard,nn,tire_force_static,sand,right_left,5.0,0,103,/home/ksha/Documents/sbel/offroad-control/benchmarking/results/mpc_tire_model_sweep_20260827_162718/raw/1173_tire_force_static_sand_right_left_v5_b0_s103,ok,0,19.185545444488525,15.0,0.99,/home/ksha/Documents/sbel/offroad-control/benchmarking/results/mpc_tire_model_sweep_20260827_162718/raw/1173_tire_force_static_sand_right_left_v5_b0_s103/20260827_224554_954672_sand_right_left_acados_static_mlp/diag_sand_right_left_acados_static_mlp.csv,,,1250,0.13817391843813867,0.57236,0.09823589935364727,4.38630378578024,5.06377,0.877260757156048,7.360544,8.5751,126.8742467475115,37.62823,-31.413253,0,chrono_body_contact,0,,,,,,,,0
mpc_tire_model_sweep,tire_force_static,standard,nn,tire_force_static,sand,right_left,5.0,0,104,/home/ksha/Documents/sbel/offroad-control/benchmarking/results/mpc_tire_model_sweep_20260827_162718/raw/1174_tire_force_static_sand_right_left_v5_b0_s104,ok,0,19.18402409553528,15.0,0.99,/home/ksha/Documents/sbel/offroad-control/benchmarking/results/mpc_tire_model_sweep_20260827_162718/raw/1174_tire_force_static_sand_right_left_v5_b0_s104/20260827_224614_162817_sand_right_left_acados_static_mlp/diag_sand_right_left_acados_static_mlp.csv,,,1250,0.14694802420266317,0.605931,0.10157662511542014,4.421486888273315,5.16985,0.884297377654663,7.384303999999999,8.4853,127.57777918674836,38.211951,-31.455342,0,chrono_body_contact,0,,,,,,,,0
mpc_tire_model_sweep,tire_force_static,standard,nn,tire_force_static,sand,right_left,5.0,4,100,/home/ksha/Documents/sbel/offroad-control/benchmarking/results/mpc_tire_model_sweep_20260827_162718/raw/1175_tire_force_static_sand_right_left_v5_b4_s100,ok,0,19.43126153945923,15.0,0.99,/home/ksha/Documents/sbel/offroad-control/benchmarking/results/mpc_tire_model_sweep_20260827_162718/raw/1175_tire_force_static_sand_right_left_v5_b4_s100/20260827_224633_372831_sand_right_left_acados_static_mlp/diag_sand_right_left_acados_static_mlp.csv,,,1250,0.12298932450927758,0.520313,0.08884608679593722,4.320396398891966,4.96896,0.8640792797783933,6.201256,6.6402,126.72279038303743,36.701704,-31.449178,0,chrono_body_contact,0,,,,,,,,0
mpc_tire_model_sweep,tire_force_static,standard,nn,tire_force_static,sand,right_left,5.0,4,101,/home/ksha/Documents/sbel/offroad-control/benchmarking/results/mpc_tire_model_sweep_20260827_162718/raw/1176_tire_force_static_sand_right_left_v5_b4_s101,ok,0,19.38277769088745,15.0,0.99,/home/ksha/Documents/sbel/offroad-control/benchmarking/results/mpc_tire_model_sweep_20260827_162718/raw/1176_tire_force_static_sand_right_left_v5_b4_s101/20260827_224652_816476_sand_right_left_acados_static_mlp/diag_sand_right_left_acados_static_mlp.csv,,,1250,0.12380131281781914,0.519937,0.09161976823638043,4.311920498614959,4.99239,0.8623840997229918,6.242232,6.785499999999999,123.25781516927552,36.825762,-31.394379,0,chrono_body_contact,0,,,,,,,,0
mpc_tire_model_sweep,tire_force_static,standard,nn,tire_force_static,sand,right_left,5.0,4,102,/home/ksha/Documents/sbel/offroad-control/benchmarking/results/mpc_tire_model_sweep_20260827_162718/raw/1177_tire_force_static_sand_right_left_v5_b4_s102,ok,0,19.485157251358032,15.0,0.99,/home/ksha/Documents/sbel/offroad-control/benchmarking/results/mpc_tire_model_sweep_20260827_162718/raw/1177_tire_force_static_sand_right_left_v5_b4_s102/20260827_224712_239029_sand_right_left_acados_static_mlp/diag_sand_right_left_acados_static_mlp.csv,,,1250,0.1330378710656882,0.513322,0.09481779593721144,4.34544459833795,5.02753,0.86908891966759,6.372552000000001,7.1202,128.07405491275796,37.121562,-31.387113,0,chrono_body_contact,0,,,,,,,,0
mpc_tire_model_sweep,tire_force_static,standard,nn,tire_force_static,sand,right_left,5.0,4,103,/home/ksha/Documents/sbel/offroad-control/benchmarking/results/mpc_tire_model_sweep_20260827_162718/raw/1178_tire_force_static_sand_right_left_v5_b4_s103,ok,0,19.4335196018219,15.0,0.99,/home/ksha/Documents/sbel/offroad-control/benchmarking/results/mpc_tire_model_sweep_20260827_162718/raw/1178_tire_force_static_sand_right_left_v5_b4_s103/20260827_224731_718815_sand_right_left_acados_static_mlp/diag_sand_right_left_acados_static_mlp.csv,,,1250,0.12026550178540132,0.483032,0.08824275623268699,4.297057433056326,4.941459999999999,0.8594114866112651,6.2077279999999995,6.6502,126.36917841265742,36.519936,-31.376736,0,chrono_body_contact,0,,,,,,,,0
mpc_tire_model_sweep,tire_force_static,standard,nn,tire_force_static,sand,right_left,5.0,4,104,/home/ksha/Documents/sbel/offroad-control/benchmarking/results/mpc_tire_model_sweep_20260827_162718/raw/1179_tire_force_static_sand_right_left_v5_b4_s104,ok,0,19.383107900619507,15.0,0.99,/home/ksha/Documents/sbel/offroad-control/benchmarking/results/mpc_tire_model_sweep_20260827_162718/raw/1179_tire_force_static_sand_right_left_v5_b4_s104/20260827_224751_193761_sand_right_left_acados_static_mlp/diag_sand_right_left_acados_static_mlp.csv,,,1250,0.13853936139842454,0.55086,0.09637295844875346,4.370145706371191,5.07663,0.8740291412742381,7.735128,8.5902,127.31568404089037,37.508013,-31.483749,0,chrono_body_contact,0,,,,,,,,0
mpc_tire_model_sweep,tire_force_static,standard,nn,tire_force_static,sand,right_left,5.0,8,100,/home/ksha/Documents/sbel/offroad-control/benchmarking/results/mpc_tire_model_sweep_20260827_162718/raw/1180_tire_force_static_sand_right_left_v5_b8_s100,ok,0,19.52728796005249,15.0,0.99,/home/ksha/Documents/sbel/offroad-control/benchmarking/results/mpc_tire_model_sweep_20260827_162718/raw/1180_tire_force_static_sand_right_left_v5_b8_s100/20260827_224810_586848_sand_right_left_acados_static_mlp/diag_sand_right_left_acados_static_mlp.csv,,,1250,0.1209274602962908,0.59332,0.08349548568790398,4.302068698060942,5.0057,0.8604137396121884,6.067944000000001,6.4151,126.60762678116137,36.283353,-31.531984,0,chrono_body_contact,0,,,,,,,,0
mpc_tire_model_sweep,tire_force_static,standard,nn,tire_force_static,sand,right_left,5.0,8,101,/home/ksha/Documents/sbel/offroad-control/benchmarking/results/mpc_tire_model_sweep_20260827_162718/raw/1181_tire_force_static_sand_right_left_v5_b8_s101,ok,0,19.526382446289062,15.0,0.99,/home/ksha/Documents/sbel/offroad-control/benchmarking/results/mpc_tire_model_sweep_20260827_162718/raw/1181_tire_force_static_sand_right_left_v5_b8_s101/20260827_224830_133955_sand_right_left_acados_static_mlp/diag_sand_right_left_acados_static_mlp.csv,,,1250,0.11675505335929831,0.540834,0.08417406278855032,4.276228993536472,4.976439999999999,0.8552457987072944,6.099336,6.4151,123.03473262577457,36.133262,-31.42608,0,chrono_body_contact,0,,,,,,,,0
mpc_tire_model_sweep,tire_force_static,standard,nn,tire_force_static,sand,right_left,5.0,8,102,/home/ksha/Documents/sbel/offroad-control/benchmarking/results/mpc_tire_model_sweep_20260827_162718/raw/1182_tire_force_static_sand_right_left_v5_b8_s102,ok,0,19.579002618789673,15.0,0.99,/home/ksha/Documents/sbel/offroad-control/benchmarking/results/mpc_tire_model_sweep_20260827_162718/raw/1182_tire_force_static_sand_right_left_v5_b8_s102/20260827_224849_681945_sand_right_left_acados_static_mlp/diag_sand_right_left_acados_static_mlp.csv,,,1250,0.11903325765045263,0.471588,0.08487254108956603,4.256387072945523,4.92723,0.8512774145891046,8.268576000000001,8.565100000000001,127.50137640969633,35.618811,-31.361717,0,chrono_body_contact,0,,,,,,,,0
mpc_tire_model_sweep,tire_force_static,standard,nn,tire_force_static,sand,right_left,5.0,8,103,/home/ksha/Documents/sbel/offroad-control/benchmarking/results/mpc_tire_model_sweep_20260827_162718/raw/1183_tire_force_static_sand_right_left_v5_b8_s103,ok,0,19.537567615509033,15.0,0.99,/home/ksha/Documents/sbel/offroad-control/benchmarking/results/mpc_tire_model_sweep_20260827_162718/raw/1183_tire_force_static_sand_right_left_v5_b8_s103/20260827_224909_292677_sand_right_left_acados_static_mlp/diag_sand_right_left_acados_static_mlp.csv,,,1250,0.11980739151632692,0.544602,0.0834536509695291,4.292213204062788,5.06556,0.8584426408125576,6.300832,6.65,126.33054697529667,36.308131,-31.462521,0,chrono_body_contact,0,,,,,,,,0
mpc_tire_model_sweep,tire_force_static,standard,nn,tire_force_static,sand,right_left,5.0,8,104,/home/ksha/Documents/sbel/offroad-control/benchmarking/results/mpc_tire_model_sweep_20260827_162718/raw/1184_tire_force_static_sand_right_left_v5_b8_s104,ok,0,19.4804949760437,15.0,0.99,/home/ksha/Documents/sbel/offroad-control/benchmarking/results/mpc_tire_model_sweep_20260827_162718/raw/1184_tire_force_static_sand_right_left_v5_b8_s104/20260827_224928_840967_sand_right_left_acados_static_mlp/diag_sand_right_left_acados_static_mlp.csv,,,1250,0.11157077790900988,0.436274,0.08138072299168975,4.2450405355494,4.93855,0.84900810710988,6.279904,6.745299999999999,126.60771351197666,35.599757,-31.396413,0,chrono_body_contact,0,,,,,,,,0
mpc_tire_model_sweep,tire_force_static,standard,nn,tire_force_static,sand,right_left,7.0,0,100,/home/ksha/Documents/sbel/offroad-control/benchmarking/results/mpc_tire_model_sweep_20260827_162718/raw/1185_tire_force_static_sand_right_left_v7_b0_s100,ok,0,19.232300519943237,15.0,0.99,/home/ksha/Documents/sbel/offroad-control/benchmarking/results/mpc_tire_model_sweep_20260827_162718/raw/1185_tire_force_static_sand_right_left_v7_b0_s100/20260827_224948_342223_sand_right_left_acados_static_mlp/diag_sand_right_left_acados_static_mlp.csv,,,1250,0.18884090850021,0.666819,0.12942625577100647,4.740897599261311,5.38387,0.6772710856087587,6.790184,8.36,129.1055136787068,41.743279,-31.141551,0,chrono_body_contact,0,,,,,,,,0
mpc_tire_model_sweep,tire_force_static,standard,nn,tire_force_static,sand,right_left,7.0,0,101,/home/ksha/Documents/sbel/offroad-control/benchmarking/results/mpc_tire_model_sweep_20260827_162718/raw/1186_tire_force_static_sand_right_left_v7_b0_s101,ok,0,19.187735319137573,15.0,0.99,/home/ksha/Documents/sbel/offroad-control/benchmarking/results/mpc_tire_model_sweep_20260827_162718/raw/1186_tire_force_static_sand_right_left_v7_b0_s101/20260827_225007_579084_sand_right_left_acados_static_mlp/diag_sand_right_left_acados_static_mlp.csv,,,1250,0.18379492984432946,0.644143,0.12646252077562328,4.7215324099722995,5.372019999999999,0.6745046299960428,6.081975999999999,6.3351,125.58334298129328,41.741824,-31.078396,0,chrono_body_contact,0,,,,,,,,0
mpc_tire_model_sweep,tire_force_static,standard,nn,tire_force_static,sand,right_left,7.0,0,102,/home/ksha/Documents/sbel/offroad-control/benchmarking/results/mpc_tire_model_sweep_20260827_162718/raw/1187_tire_force_static_sand_right_left_v7_b0_s102,ok,0,19.18177318572998,15.0,0.99,/home/ksha/Documents/sbel/offroad-control/benchmarking/results/mpc_tire_model_sweep_20260827_162718/raw/1187_tire_force_static_sand_right_left_v7_b0_s102/20260827_225026_806506_sand_right_left_acados_static_mlp/diag_sand_right_left_acados_static_mlp.csv,,,1250,0.18712107817524293,0.700571,0.12957752631578948,4.742306555863342,5.370069999999999,0.6774723651233346,6.255944,6.91,130.40901125033952,41.789597,-31.04025,0,chrono_body_contact,0,,,,,,,,0
mpc_tire_model_sweep,tire_force_static,standard,nn,tire_force_static,sand,right_left,7.0,0,103,/home/ksha/Documents/sbel/offroad-control/benchmarking/results/mpc_tire_model_sweep_20260827_162718/raw/1188_tire_force_static_sand_right_left_v7_b0_s103,ok,0,19.23216676712036,15.0,0.99,/home/ksha/Documents/sbel/offroad-control/benchmarking/results/mpc_tire_model_sweep_20260827_162718/raw/1188_tire_force_static_sand_right_left_v7_b0_s103/20260827_225046_007868_sand_right_left_acados_static_mlp/diag_sand_right_left_acados_static_mlp.csv,,,1250,0.19992346665955116,0.699406,0.13327522253000923,4.746442289935365,5.38104,0.6780631842764807,8.040272,8.5751,128.90368173735072,41.918374,-31.067431,0,chrono_body_contact,0,,,,,,,,0
mpc_tire_model_sweep,tire_force_static,standard,nn,tire_force_static,sand,right_left,7.0,0,104,/home/ksha/Documents/sbel/offroad-control/benchmarking/results/mpc_tire_model_sweep_20260827_162718/raw/1189_tire_force_static_sand_right_left_v7_b0_s104,ok,0,19.186493158340454,15.0,0.99,/home/ksha/Documents/sbel/offroad-control/benchmarking/results/mpc_tire_model_sweep_20260827_162718/raw/1189_tire_force_static_sand_right_left_v7_b0_s104/20260827_225105_257110_sand_right_left_acados_static_mlp/diag_sand_right_left_acados_static_mlp.csv,,,1250,0.18988482398901413,0.65741,0.1295944783010157,4.743115235457063,5.38883,0.6775878907795805,6.263831999999999,6.6951,129.5728332529747,41.917314,-31.109891,0,chrono_body_contact,0,,,,,,,,0
mpc_tire_model_sweep,tire_force_static,standard,nn,tire_force_static,sand,right_left,7.0,4,100,/home/ksha/Documents/sbel/offroad-control/benchmarking/results/mpc_tire_model_sweep_20260827_162718/raw/1190_tire_force_static_sand_right_left_v7_b4_s100,ok,0,19.383458852767944,15.0,0.99,/home/ksha/Documents/sbel/offroad-control/benchmarking/results/mpc_tire_model_sweep_20260827_162718/raw/1190_tire_force_static_sand_right_left_v7_b4_s100/20260827_225124_459036_sand_right_left_acados_static_mlp/diag_sand_right_left_acados_static_mlp.csv,,,1233,0.21380631694487387,0.751058,0.14158435180055404,4.7274219759926135,5.355459999999999,0.6753459965703733,6.055896188158962,6.8336000000000015,127.79588752404717,41.558897,-31.186602,0,chrono_body_contact,0,,,,,,,,0
mpc_tire_model_sweep,tire_force_static,standard,nn,tire_force_static,sand,right_left,7.0,4,101,/home/ksha/Documents/sbel/offroad-control/benchmarking/results/mpc_tire_model_sweep_20260827_162718/raw/1191_tire_force_static_sand_right_left_v7_b4_s101,ok,0,19.385098218917847,15.0,0.99,/home/ksha/Documents/sbel/offroad-control/benchmarking/results/mpc_tire_model_sweep_20260827_162718/raw/1191_tire_force_static_sand_right_left_v7_b4_s101/20260827_225143_874072_sand_right_left_acados_static_mlp/diag_sand_right_left_acados_static_mlp.csv,,,1250,0.20310275312972373,0.702708,0.1375109399815328,4.733270452446907,5.32581,0.676181493206701,6.071432,6.47,125.6615937572085,41.869316,-31.09175,0,chrono_body_contact,0,,,,,,,,0
mpc_tire_model_sweep,tire_force_static,standard,nn,tire_force_static,sand,right_left,7.0,4,102,/home/ksha/Documents/sbel/offroad-control/benchmarking/results/mpc_tire_model_sweep_20260827_162718/raw/1192_tire_force_static_sand_right_left_v7_b4_s102,ok,0,19.381041526794434,15.0,0.99,/home/ksha/Documents/sbel/offroad-control/benchmarking/results/mpc_tire_model_sweep_20260827_162718/raw/1192_tire_force_static_sand_right_left_v7_b4_s102/20260827_225203_280738_sand_right_left_acados_static_mlp/diag_sand_right_left_acados_static_mlp.csv,,,1250,0.20403649194108212,0.750503,0.1383996435826408,4.755534072022161,5.3725499999999995,0.6793620102888801,6.370968,8.34,130.51160076770952,42.081489,-31.046023,0,chrono_body_contact,0,,,,,,,,0
mpc_tire_model_sweep,tire_force_static,standard,nn,tire_force_static,sand,right_left,7.0,4,103,/home/ksha/Documents/sbel/offroad-control/benchmarking/results/mpc_tire_model_sweep_20260827_162718/raw/1193_tire_force_static_sand_right_left_v7_b4_s103,ok,0,19.381697177886963,15.0,0.99,/home/ksha/Documents/sbel/offroad-control/benchmarking/results/mpc_tire_model_sweep_20260827_162718/raw/1193_tire_force_static_sand_right_left_v7_b4_s103/20260827_225222_695237_sand_right_left_acados_static_mlp/diag_sand_right_left_acados_static_mlp.csv,,,1250,0.20964151755119514,0.722041,0.1399305863342567,4.768318467220684,5.36167,0.6811883524600978,6.241328,6.9251,129.0462670376249,42.301309,-31.065262,0,chrono_body_contact,0,,,,,,,,0
mpc_tire_model_sweep,tire_force_static,standard,nn,tire_force_static,sand,right_left,7.0,4,104,/home/ksha/Documents/sbel/offroad-control/benchmarking/results/mpc_tire_model_sweep_20260827_162718/raw/1194_tire_force_static_sand_right_left_v7_b4_s104,ok,0,19.382691621780396,15.0,0.99,/home/ksha/Documents/sbel/offroad-control/benchmarking/results/mpc_tire_model_sweep_20260827_162718/raw/1194_tire_force_static_sand_right_left_v7_b4_s104/20260827_225242_085582_sand_right_left_acados_static_mlp/diag_sand_right_left_acados_static_mlp.csv,,,1250,0.2068882019460577,0.710106,0.13883388734995383,4.749995106186518,5.36719,0.6785707294552169,6.291632,6.760199999999999,129.64926989292763,42.038697,-31.126792,0,chrono_body_contact,0,,,,,,,,0
mpc_tire_model_sweep,tire_force_static,standard,nn,tire_force_static,sand,right_left,7.0,8,100,/home/ksha/Documents/sbel/offroad-control/benchmarking/results/mpc_tire_model_sweep_20260827_162718/raw/1195_tire_force_static_sand_right_left_v7_b8_s100,ok,0,19.53411316871643,15.0,0.99,/home/ksha/Documents/sbel/offroad-control/benchmarking/results/mpc_tire_model_sweep_20260827_162718/raw/1195_tire_force_static_sand_right_left_v7_b8_s100/20260827_225301_498940_sand_right_left_acados_static_mlp/diag_sand_right_left_acados_static_mlp.csv,,,1250,0.25536869431925546,0.891876,0.1591464376731302,4.693845983379501,5.21208,0.6705494261970716,6.300744,6.9807999999999995,128.83035395697152,40.891961,-31.314764,0,chrono_body_contact,0,,,,,,,,0
mpc_tire_model_sweep,tire_force_static,standard,nn,tire_force_static,sand,right_left,7.0,8,101,/home/ksha/Documents/sbel/offroad-control/benchmarking/results/mpc_tire_model_sweep_20260827_162718/raw/1196_tire_force_static_sand_right_left_v7_b8_s101,ok,0,19.529136657714844,15.0,0.99,/home/ksha/Documents/sbel/offroad-control/benchmarking/results/mpc_tire_model_sweep_20260827_162718/raw/1196_tire_force_static_sand_right_left_v7_b8_s101/20260827_225321_042585_sand_right_left_acados_static_mlp/diag_sand_right_left_acados_static_mlp.csv,,,1250,0.2467194341311492,0.871355,0.15371649492151432,4.680553370267775,5.210170000000001,0.668650481466825,7.535231999999999,8.9253,125.28801726992359,40.989986,-31.242449,0,chrono_body_contact,0,,,,,,,,0
mpc_tire_model_sweep,tire_force_static,standard,nn,tire_force_static,sand,right_left,7.0,8,102,/home/ksha/Documents/sbel/offroad-control/benchmarking/results/mpc_tire_model_sweep_20260827_162718/raw/1197_tire_force_static_sand_right_left_v7_b8_s102,ok,0,19.532668828964233,15.0,0.99,/home/ksha/Documents/sbel/offroad-control/benchmarking/results/mpc_tire_model_sweep_20260827_162718/raw/1197_tire_force_static_sand_right_left_v7_b8_s102/20260827_225340_591744_sand_right_left_acados_static_mlp/diag_sand_right_left_acados_static_mlp.csv,,,1250,0.2208019546084004,0.756299,0.1421533758079409,4.659668236380425,5.2180599999999995,0.6656668909114893,6.254256,6.870399999999999,129.84986214332378,40.624482,-31.173247,0,chrono_body_contact,0,,,,,,,,0
mpc_tire_model_sweep,tire_force_static,standard,nn,tire_force_static,sand,right_left,7.0,8,103,/home/ksha/Documents/sbel/offroad-control/benchmarking/results/mpc_tire_model_sweep_20260827_162718/raw/1198_tire_force_static_sand_right_left_v7_b8_s103,ok,0,19.535311222076416,15.0,0.99,/home/ksha/Documents/sbel/offroad-control/benchmarking/results/mpc_tire_model_sweep_20260827_162718/raw/1198_tire_force_static_sand_right_left_v7_b8_s103/20260827_225400_143635_sand_right_left_acados_static_mlp/diag_sand_right_left_acados_static_mlp.csv,,,1250,0.26804507205175215,0.929192,0.1651958790397045,4.677486611265006,5.193129999999999,0.668212373037858,6.207168000000001,6.7105999999999995,128.46476104975463,40.764691,-31.309668,0,chrono_body_contact,0,,,,,,,,0
mpc_tire_model_sweep,tire_force_static,standard,nn,tire_force_static,sand,right_left,7.0,8,104,/home/ksha/Documents/sbel/offroad-control/benchmarking/results/mpc_tire_model_sweep_20260827_162718/raw/1199_tire_force_static_sand_right_left_v7_b8_s104,ok,0,19.531882762908936,15.0,0.99,/home/ksha/Documents/sbel/offroad-control/benchmarking/results/mpc_tire_model_sweep_20260827_162718/raw/1199_tire_force_static_sand_right_left_v7_b8_s104/20260827_225419_697366_sand_right_left_acados_static_mlp/diag_sand_right_left_acados_static_mlp.csv,,,1250,0.22809321118304704,0.780827,0.1472324810710988,4.663879224376731,5.200819999999999,0.6662684606252472,8.280712,8.7951,129.07637166559283,40.614435,-31.253765,0,chrono_body_contact,0,,,,,,,,0
mpc_tire_model_sweep,tire_force_static,standard,nn,tire_force_static,sand,right_left,9.0,0,100,/home/ksha/Documents/sbel/offroad-control/benchmarking/results/mpc_tire_model_sweep_20260827_162718/raw/1200_tire_force_static_sand_right_left_v9_b0_s100,ok,0,19.186660289764404,15.0,0.99,/home/ksha/Documents/sbel/offroad-control/benchmarking/results/mpc_tire_model_sweep_20260827_162718/raw/1200_tire_force_static_sand_right_left_v9_b0_s100/20260827_225439_250548_sand_right_left_acados_static_mlp/diag_sand_right_left_acados_static_mlp.csv,,,1250,0.20347601478656618,0.689713,0.13839422068328716,4.768186611265004,5.370119999999999,0.5297985123627782,6.34592,6.8050999999999995,129.28152339506994,42.025878,-31.1123,0,chrono_body_contact,0,,,,,,,,0
mpc_tire_model_sweep,tire_force_static,standard,nn,tire_force_static,sand,right_left,9.0,0,101,/home/ksha/Documents/sbel/offroad-control/benchmarking/results/mpc_tire_model_sweep_20260827_162718/raw/1201_tire_force_static_sand_right_left_v9_b0_s101,ok,0,19.18225860595703,15.0,0.99,/home/ksha/Documents/sbel/offroad-control/benchmarking/results/mpc_tire_model_sweep_20260827_162718/raw/1201_tire_force_static_sand_right_left_v9_b0_s101/20260827_225458_470559_sand_right_left_acados_static_mlp/diag_sand_right_left_acados_static_mlp.csv,,,1250,0.1960716652221882,0.69096,0.13447339335180056,4.769382086795938,5.384999999999999,0.5299313429773265,6.503224,8.7951,125.87905501946942,42.287256,-31.047888,0,chrono_body_contact,0,,,,,,,,0
mpc_tire_model_sweep,tire_force_static,standard,nn,tire_force_static,sand,right_left,9.0,0,102,/home/ksha/Documents/sbel/offroad-control/benchmarking/results/mpc_tire_model_sweep_20260827_162718/raw/1202_tire_force_static_sand_right_left_v9_b0_s102,ok,0,19.186541080474854,15.0,0.99,/home/ksha/Documents/sbel/offroad-control/benchmarking/results/mpc_tire_model_sweep_20260827_162718/raw/1202_tire_force_static_sand_right_left_v9_b0_s102/20260827_225517_660019_sand_right_left_acados_static_mlp/diag_sand_right_left_acados_static_mlp.csv,,,1250,0.19020296506533843,0.694382,0.13207702031394275,4.7766616805170825,5.37698,0.5307401867241203,6.188984,6.775499999999999,130.6373528874135,42.228402,-31.004939,0,chrono_body_contact,0,,,,,,,,0
mpc_tire_model_sweep,tire_force_static,standard,nn,tire_force_static,sand,right_left,9.0,0,103,/home/ksha/Documents/sbel/offroad-control/benchmarking/results/mpc_tire_model_sweep_20260827_162718/raw/1203_tire_force_static_sand_right_left_v9_b0_s103,ok,0,19.182541131973267,15.0,0.99,/home/ksha/Documents/sbel/offroad-control/benchmarking/results/mpc_tire_model_sweep_20260827_162718/raw/1203_tire_force_static_sand_right_left_v9_b0_s103/20260827_225536_875817_sand_right_left_acados_static_mlp/diag_sand_right_left_acados_static_mlp.csv,,,1250,0.2096554535770891,0.712032,0.14147698614958448,4.769499076638966,5.386919999999999,0.529944341848774,6.137808000000001,6.630799999999999,129.0428015137574,42.138535,-31.043788,0,chrono_body_contact,0,,,,,,,,0
mpc_tire_model_sweep,tire_force_static,standard,nn,tire_force_static,sand,right_left,9.0,0,104,/home/ksha/Documents/sbel/offroad-control/benchmarking/results/mpc_tire_model_sweep_20260827_162718/raw/1204_tire_force_static_sand_right_left_v9_b0_s104,ok,0,19.18538212776184,15.0,0.99,/home/ksha/Documents/sbel/offroad-control/benchmarking/results/mpc_tire_model_sweep_20260827_162718/raw/1204_tire_force_static_sand_right_left_v9_b0_s104/20260827_225556_063966_sand_right_left_acados_static_mlp/diag_sand_right_left_acados_static_mlp.csv,,,1250,0.20099216092532138,0.685893,0.13682350046168051,4.771622530009234,5.39187,0.5301802811121371,6.113664,6.41,129.8115029374421,42.173259,-31.09032,0,chrono_body_contact,0,,,,,,,,0
mpc_tire_model_sweep,tire_force_static,standard,nn,tire_force_static,sand,right_left,9.0,4,100,/home/ksha/Documents/sbel/offroad-control/benchmarking/results/mpc_tire_model_sweep_20260827_162718/raw/1205_tire_force_static_sand_right_left_v9_b4_s100,ok,0,19.385374784469604,15.0,0.99,/home/ksha/Documents/sbel/offroad-control/benchmarking/results/mpc_tire_model_sweep_20260827_162718/raw/1205_tire_force_static_sand_right_left_v9_b4_s100/20260827_225615_292944_sand_right_left_acados_static_mlp/diag_sand_right_left_acados_static_mlp.csv,,,1250,0.2228360307680325,0.749204,0.15014981625115423,4.776456417359187,5.3629999999999995,0.5307173797065763,6.272016000000001,7.17,129.35008327310376,42.201661,-31.128709,0,chrono_body_contact,0,,,,,,,,0
mpc_tire_model_sweep,tire_force_static,standard,nn,tire_force_static,sand,right_left,9.0,4,101,/home/ksha/Documents/sbel/offroad-control/benchmarking/results/mpc_tire_model_sweep_20260827_162718/raw/1206_tire_force_static_sand_right_left_v9_b4_s101,ok,0,19.384846925735474,15.0,0.99,/home/ksha/Documents/sbel/offroad-control/benchmarking/results/mpc_tire_model_sweep_20260827_162718/raw/1206_tire_force_static_sand_right_left_v9_b4_s101/20260827_225634_700641_sand_right_left_acados_static_mlp/diag_sand_right_left_acados_static_mlp.csv,,,1250,0.21346761811518847,0.719609,0.14647609695290859,4.759793351800554,5.34796,0.5288659279778394,6.213928,6.6457,125.8345487533065,42.208025,-31.06179,0,chrono_body_contact,0,,,,,,,,0
mpc_tire_model_sweep,tire_force_static,standard,nn,tire_force_static,sand,right_left,9.0,4,102,/home/ksha/Documents/sbel/offroad-control/benchmarking/results/mpc_tire_model_sweep_20260827_162718/raw/1207_tire_force_static_sand_right_left_v9_b4_s102,ok,0,19.430382013320923,15.0,0.99,/home/ksha/Documents/sbel/offroad-control/benchmarking/results/mpc_tire_model_sweep_20260827_162718/raw/1207_tire_force_static_sand_right_left_v9_b4_s102/20260827_225654_086318_sand_right_left_acados_static_mlp/diag_sand_right_left_acados_static_mlp.csv,,,1250,0.21869646552737051,0.779585,0.14832749584487534,4.777980424746075,5.39258,0.530886713860675,8.246488000000001,8.5751,130.66563624464163,42.313207,-31.020991,0,chrono_body_contact,0,,,,,,,,0
mpc_tire_model_sweep,tire_force_static,standard,nn,tire_force_static,sand,right_left,9.0,4,103,/home/ksha/Documents/sbel/offroad-control/benchmarking/results/mpc_tire_model_sweep_20260827_162718/raw/1208_tire_force_static_sand_right_left_v9_b4_s103,ok,0,19.38566517829895,15.0,0.99,/home/ksha/Documents/sbel/offroad-control/benchmarking/results/mpc_tire_model_sweep_20260827_162718/raw/1208_tire_force_static_sand_right_left_v9_b4_s103/20260827_225713_542382_sand_right_left_acados_static_mlp/diag_sand_right_left_acados_static_mlp.csv,,,1250,0.21332548484294026,0.715481,0.14387096029547553,4.766287072945522,5.34111,0.5295874525495025,6.334967999999999,7.2357,129.0489647645994,42.184897,-31.044336,0,chrono_body_contact,0,,,,,,,,0
mpc_tire_model_sweep,tire_force_static,standard,nn,tire_force_static,sand,right_left,9.0,4,104,/home/ksha/Documents/sbel/offroad-control/benchmarking/results/mpc_tire_model_sweep_20260827_162718/raw/1209_tire_force_static_sand_right_left_v9_b4_s104,ok,0,19.414963483810425,15.0,0.99,/home/ksha/Documents/sbel/offroad-control/benchmarking/results/mpc_tire_model_sweep_20260827_162718/raw/1209_tire_force_static_sand_right_left_v9_b4_s104/20260827_225732_944177_sand_right_left_acados_static_mlp/diag_sand_right_left_acados_static_mlp.csv,,,1250,0.22269853738027753,0.743281,0.1503296398891967,4.762307848568791,5.364439999999999,0.5291453165076434,6.254464,6.7202,129.7679022178644,42.143431,-31.109604,0,chrono_body_contact,0,,,,,,,,0
mpc_tire_model_sweep,tire_force_static,standard,nn,tire_force_static,sand,right_left,9.0,8,100,/home/ksha/Documents/sbel/offroad-control/benchmarking/results/mpc_tire_model_sweep_20260827_162718/raw/1210_tire_force_static_sand_right_left_v9_b8_s100,ok,0,19.565197467803955,15.0,0.99,/home/ksha/Documents/sbel/offroad-control/benchmarking/results/mpc_tire_model_sweep_20260827_162718/raw/1210_tire_force_static_sand_right_left_v9_b8_s100/20260827_225752_386190_sand_right_left_acados_static_mlp/diag_sand_right_left_acados_static_mlp.csv,,,1250,0.24900127282696888,0.838745,0.16036593074792244,4.685990489381348,5.198689999999999,0.5206656099312609,6.389568,6.9951,128.80185875650886,40.790386,-31.25294,0,chrono_body_contact,0,,,,,,,,0
mpc_tire_model_sweep,tire_force_static,standard,nn,tire_force_static,sand,right_left,9.0,8,101,/home/ksha/Documents/sbel/offroad-control/benchmarking/results/mpc_tire_model_sweep_20260827_162718/raw/1211_tire_force_static_sand_right_left_v9_b8_s101,ok,0,19.52661943435669,15.0,0.99,/home/ksha/Documents/sbel/offroad-control/benchmarking/results/mpc_tire_model_sweep_20260827_162718/raw/1211_tire_force_static_sand_right_left_v9_b8_s101/20260827_225811_963611_sand_right_left_acados_static_mlp/diag_sand_right_left_acados_static_mlp.csv,,,1250,0.22941759319532484,0.759967,0.14968051431209606,4.69101486611265,5.20634,0.5212238740125167,6.252232,6.7151,125.35757146147213,41.130989,-31.132222,0,chrono_body_contact,0,,,,,,,,0
mpc_tire_model_sweep,tire_force_static,standard,nn,tire_force_static,sand,right_left,9.0,8,102,/home/ksha/Documents/sbel/offroad-control/benchmarking/results/mpc_tire_model_sweep_20260827_162718/raw/1212_tire_force_static_sand_right_left_v9_b8_s102,ok,0,19.583790063858032,15.0,0.99,/home/ksha/Documents/sbel/offroad-control/benchmarking/results/mpc_tire_model_sweep_20260827_162718/raw/1212_tire_force_static_sand_right_left_v9_b8_s102/20260827_225831_541542_sand_right_left_acados_static_mlp/diag_sand_right_left_acados_static_mlp.csv,,,1250,0.2547768348278825,0.873003,0.1628899593721145,4.7110920590951055,5.240879999999999,0.5234546732327895,6.337176,6.725499999999999,130.18066181721954,41.204807,-31.14044,0,chrono_body_contact,0,,,,,,,,0
mpc_tire_model_sweep,tire_force_static,standard,nn,tire_force_static,sand,right_left,9.0,8,103,/home/ksha/Documents/sbel/offroad-control/benchmarking/results/mpc_tire_model_sweep_20260827_162718/raw/1213_tire_force_static_sand_right_left_v9_b8_s103,ok,0,19.52787733078003,15.0,0.99,/home/ksha/Documents/sbel/offroad-control/benchmarking/results/mpc_tire_model_sweep_20260827_162718/raw/1213_tire_force_static_sand_right_left_v9_b8_s103/20260827_225851_111517_sand_right_left_acados_static_mlp/diag_sand_right_left_acados_static_mlp.csv,,,1250,0.2631604518798549,0.843943,0.16699928993536473,4.708509141274238,5.20267,0.5231676823638042,6.24216,6.705699999999999,128.66085505928083,41.142081,-31.165716,0,chrono_body_contact,0,,,,,,,,0
mpc_tire_model_sweep,tire_force_static,standard,nn,tire_force_static,sand,right_left,9.0,8,104,/home/ksha/Documents/sbel/offroad-control/benchmarking/results/mpc_tire_model_sweep_20260827_162718/raw/1214_tire_force_static_sand_right_left_v9_b8_s104,ok,0,19.57493782043457,15.0,0.99,/home/ksha/Documents/sbel/offroad-control/benchmarking/results/mpc_tire_model_sweep_20260827_162718/raw/1214_tire_force_static_sand_right_left_v9_b8_s104/20260827_225910_659612_sand_right_left_acados_static_mlp/diag_sand_right_left_acados_static_mlp.csv,,,1250,0.2739616820469708,0.864919,0.1728949953831948,4.7149530932594645,5.231529999999999,0.5238836770288294,8.266983999999999,8.66,129.45502779658764,41.273225,-31.247541,0,chrono_body_contact,0,,,,,,,,0
